scenario,lane,frame,bone,world_x_cm,world_y_cm,world_z_cm,expected_x_cm,expected_y_cm,expected_z_cm,error_cm
walk,source_source,0,foot_l,8.669864,-10.428730,17.312391,8.669864,-10.428730,17.312391,0.000000
walk,source_source,0,ball_l,10.194395,-1.552250,5.127953,10.194395,-1.552250,5.127953,0.000000
walk,source_source,0,foot_r,-12.618951,-7.458895,10.832526,-12.618951,-7.458895,10.832526,0.000000
walk,source_source,0,ball_r,-16.130209,4.566852,2.310257,-16.130209,4.566852,2.310257,0.000000
walk,source_source,1,foot_l,8.393753,-24.310297,19.546477,8.393753,-24.310297,19.546477,0.000000
walk,source_source,1,ball_l,8.513103,-17.328443,6.099691,8.513103,-17.328443,6.099691,0.000000
walk,source_source,1,foot_r,-12.897134,-7.718044,10.627505,-12.897134,-7.718044,10.627505,0.000000
walk,source_source,1,ball_r,-16.179262,4.501484,2.291597,-16.179262,4.501484,2.291597,0.000000
walk,source_source,2,foot_l,8.662940,-37.230566,21.164076,8.662940,-37.230566,21.164076,0.000000
walk,source_source,2,ball_l,7.315373,-31.959434,7.022795,7.315373,-31.959434,7.022795,0.000000
walk,source_source,2,foot_r,-12.898143,-7.931367,10.219294,-12.898143,-7.931367,10.219294,0.000000
walk,source_source,2,ball_r,-16.202158,4.467604,2.161649,-16.202158,4.467604,2.161649,0.000000
walk,source_source,3,foot_l,9.230722,-49.105352,21.799271,9.230722,-49.105352,21.799271,0.000000
walk,source_source,3,ball_l,6.897147,-45.246097,7.334237,6.897147,-45.246097,7.334237,0.000000
walk,source_source,3,foot_r,-12.667660,-8.027092,9.756551,-12.667660,-8.027092,9.756551,0.000000
walk,source_source,3,ball_r,-16.190477,4.491888,1.982138,-16.190477,4.491888,1.982138,0.000000
walk,source_source,4,foot_l,9.749105,-59.635505,21.170968,9.749105,-59.635505,21.170968,0.000000
walk,source_source,4,ball_l,6.978025,-56.755045,6.555884,6.978025,-56.755045,6.555884,0.000000
walk,source_source,4,foot_r,-12.446116,-8.010212,9.456304,-12.446116,-8.010212,9.456304,0.000000
walk,source_source,4,ball_r,-16.167527,4.556155,1.852733,-16.167527,4.556155,1.852733,0.000000
walk,source_source,5,foot_l,9.402876,-68.194202,19.003332,9.402876,-68.194202,19.003332,0.000000
walk,source_source,5,ball_l,7.284182,-64.102504,4.569145,7.284182,-64.102504,4.569145,0.000000
walk,source_source,5,foot_r,-12.430086,-8.022612,9.385843,-12.430086,-8.022612,9.385843,0.000000
walk,source_source,5,ball_r,-16.133390,4.624110,1.907694,-16.133390,4.624110,1.907694,0.000000
walk,source_source,6,foot_l,8.223415,-73.996964,15.830833,8.223415,-73.996964,15.830833,0.000000
walk,source_source,6,ball_l,7.298495,-66.078392,2.946062,7.298495,-66.078392,2.946062,0.000000
walk,source_source,6,foot_r,-12.754035,-8.423188,9.493601,-12.754035,-8.423188,9.493601,0.000000
walk,source_source,6,ball_r,-16.049756,4.680324,2.637009,-16.049756,4.680324,2.637009,0.000000
walk,source_source,7,foot_l,7.418634,-77.385345,13.135874,7.418634,-77.385345,13.135874,0.000000
walk,source_source,7,ball_l,7.242258,-66.669771,2.425040,7.242258,-66.669771,2.425040,0.000000
walk,source_source,7,foot_r,-13.475400,-10.208359,9.808704,-13.475400,-10.208359,9.808704,0.000000
walk,source_source,7,ball_r,-16.081099,4.084730,5.508169,-16.081099,4.084730,5.508169,0.000000
walk,source_source,8,foot_l,7.137309,-78.873935,11.488828,7.137309,-78.873935,11.488828,0.000000
walk,source_source,8,ball_l,7.336885,-66.913474,2.189144,7.336885,-66.913474,2.189144,0.000000
walk,source_source,8,foot_r,-14.078419,-14.088961,10.635309,-14.078419,-14.088961,10.635309,0.000000
walk,source_source,8,ball_r,-16.995139,0.739300,9.543552,-16.995139,0.739300,9.543552,0.000000
walk,source_source,9,foot_l,7.130115,-79.294676,10.998234,7.130115,-79.294676,10.998234,0.000000
walk,source_source,9,ball_l,7.397959,-67.036480,2.096463,7.397959,-67.036480,2.096463,0.000000
walk,source_source,9,foot_r,-13.649192,-21.799195,11.278975,-13.649192,-21.799195,11.278975,0.000000
walk,source_source,9,ball_r,-18.679093,-7.562980,10.011281,-18.679093,-7.562980,10.011281,0.000000
walk,source_source,10,foot_l,7.278409,-79.266021,11.151913,7.278409,-79.266021,11.151913,0.000000
walk,source_source,10,ball_l,7.390957,-67.082990,2.144267,7.390957,-67.082990,2.144267,0.000000
walk,source_source,10,foot_r,-12.696105,-33.585668,11.145408,-12.696105,-33.585668,11.145408,0.000000
walk,source_source,10,ball_r,-19.069222,-20.315018,7.560740,-19.069222,-20.315018,7.560740,0.000000
walk,source_source,11,foot_l,7.564308,-79.159634,11.383612,7.564308,-79.159634,11.383612,0.000000
walk,source_source,11,ball_l,7.405683,-67.082255,2.235478,7.405683,-67.082255,2.235478,0.000000
walk,source_source,11,foot_r,-11.713096,-48.557318,11.289538,-11.713096,-48.557318,11.289538,0.000000
walk,source_source,11,ball_r,-17.895932,-36.139081,5.195564,-17.895932,-36.139081,5.195564,0.000000
walk,source_source,12,foot_l,7.792150,-79.141361,11.471123,7.792150,-79.141361,11.471123,0.000000
walk,source_source,12,ball_l,7.429353,-67.092114,2.291763,7.429353,-67.092114,2.291763,0.000000
walk,source_source,12,foot_r,-11.057463,-64.648283,12.704670,-11.057463,-64.648283,12.704670,0.000000
walk,source_source,12,ball_r,-16.778523,-53.582606,4.079309,-16.778523,-53.582606,4.079309,0.000000
walk,source_source,13,foot_l,7.772294,-79.300606,11.300186,7.772294,-79.300606,11.300186,0.000000
walk,source_source,13,ball_l,7.425784,-67.122108,2.292372,7.425784,-67.122108,2.292372,0.000000
walk,source_source,13,foot_r,-10.809334,-80.658260,15.126190,-10.809334,-80.658260,15.126190,0.000000
walk,source_source,13,ball_r,-16.302316,-71.508231,4.370692,-16.302316,-71.508231,4.370692,0.000000
walk,source_source,14,foot_l,7.588742,-79.603686,10.897476,7.588742,-79.603686,10.897476,0.000000
walk,source_source,14,ball_l,7.427877,-67.175563,2.231884,7.427877,-67.175563,2.231884,0.000000
walk,source_source,14,foot_r,-10.962235,-95.990448,17.765461,-10.962235,-95.990448,17.765461,0.000000
walk,source_source,14,ball_r,-16.407934,-89.113554,5.411138,-16.407934,-89.113554,5.411138,0.000000
walk,source_source,15,foot_l,7.485776,-79.856093,10.507211,7.485776,-79.856093,10.507211,0.000000
walk,source_source,15,ball_l,7.479559,-67.219953,2.146317,7.479559,-67.219953,2.146317,0.000000
walk,source_source,15,foot_r,-11.505002,-110.270658,20.215859,-11.505002,-110.270658,20.215859,0.000000
walk,source_source,15,ball_r,-16.796774,-105.583578,6.814177,-16.796774,-105.583578,6.814177,0.000000
walk,source_source,16,foot_l,7.497536,-79.922649,10.314278,7.497536,-79.922649,10.314278,0.000000
walk,source_source,16,ball_l,7.532660,-67.210685,2.069198,7.532660,-67.210685,2.069198,0.000000
walk,source_source,16,foot_r,-12.388523,-123.533678,22.099717,-12.388523,-123.533678,22.099717,0.000000
walk,source_source,16,ball_r,-17.345947,-120.204628,8.174273,-17.345947,-120.204628,8.174273,0.000000
walk,source_source,17,foot_l,7.524381,-79.876651,10.241014,7.524381,-79.876651,10.241014,0.000000
walk,source_source,17,ball_l,7.562458,-67.159691,2.003653,7.562458,-67.159691,2.003653,0.000000
walk,source_source,17,foot_r,-13.683327,-135.446879,23.174354,-13.683327,-135.446879,23.174354,0.000000
walk,source_source,17,ball_r,-17.775783,-132.359126,8.916228,-17.775783,-132.359126,8.916228,0.000000
walk,source_source,18,foot_l,7.534958,-79.826519,10.173322,7.534958,-79.826519,10.173322,0.000000
walk,source_source,18,ball_l,7.588339,-67.092264,1.962811,7.588339,-67.092264,1.962811,0.000000
walk,source_source,18,foot_r,-15.117027,-145.953736,22.087380,-15.117027,-145.953736,22.087380,0.000000
walk,source_source,18,ball_r,-18.020636,-142.732659,7.569449,-18.020636,-142.732659,7.569449,0.000000
walk,source_source,19,foot_l,7.536414,-79.849583,10.117237,7.536414,-79.849583,10.117237,0.000000
walk,source_source,19,ball_l,7.579053,-67.038360,2.027285,7.579053,-67.038360,2.027285,0.000000
walk,source_source,19,foot_r,-16.092217,-154.342556,19.314213,-16.092217,-154.342556,19.314213,0.000000
walk,source_source,19,ball_r,-18.538029,-150.459206,4.874192,-18.538029,-150.459206,4.874192,0.000000
walk,source_source,20,foot_l,7.505571,-80.145332,10.202372,7.505571,-80.145332,10.202372,0.000000
walk,source_source,20,ball_l,7.315575,-67.047632,2.587203,7.315575,-67.047632,2.587203,0.000000
walk,source_source,20,foot_r,-16.179028,-160.424995,15.897076,-16.179028,-160.424995,15.897076,0.000000
walk,source_source,20,ball_r,-18.864657,-153.143287,2.883979,-18.864657,-153.143287,2.883979,0.000000
walk,source_source,21,foot_l,7.451451,-81.536105,10.794814,7.451451,-81.536105,10.794814,0.000000
walk,source_source,21,ball_l,6.631751,-67.449528,5.274575,6.631751,-67.449528,5.274575,0.000000
walk,source_source,21,foot_r,-15.493508,-164.262164,13.124938,-15.493508,-164.262164,13.124938,0.000000
walk,source_source,21,ball_r,-18.726663,-153.977847,2.478058,-18.726663,-153.977847,2.478058,0.000000
walk,source_source,22,foot_l,7.517713,-84.425175,11.854427,7.517713,-84.425175,11.854427,0.000000
walk,source_source,22,ball_l,5.943162,-69.493484,9.819224,5.943162,-69.493484,9.819224,0.000000
walk,source_source,22,foot_r,-14.654925,-165.935120,11.213175,-14.654925,-165.935120,11.213175,0.000000
walk,source_source,22,ball_r,-18.621656,-154.362309,2.273839,-18.621656,-154.362309,2.273839,0.000000
walk,source_source,23,foot_l,7.412802,-89.691293,12.940614,7.412802,-89.691293,12.940614,0.000000
walk,source_source,23,ball_l,6.580868,-74.580479,12.200528,6.580868,-74.580479,12.200528,0.000000
walk,source_source,23,foot_r,-14.303030,-166.448843,10.395036,-14.303030,-166.448843,10.395036,0.000000
walk,source_source,23,ball_r,-18.623330,-154.508847,2.127746,-18.623330,-154.508847,2.127746,0.000000
walk,source_source,24,foot_l,7.205749,-99.639836,12.781398,7.205749,-99.639836,12.781398,0.000000
walk,source_source,24,ball_l,7.811321,-84.627619,10.820978,7.811321,-84.627619,10.820978,0.000000
walk,source_source,24,foot_r,-14.383732,-166.487619,10.436723,-14.383732,-166.487619,10.436723,0.000000
walk,source_source,24,ball_r,-18.617697,-154.547806,2.124625,-18.617697,-154.547806,2.124625,0.000000
walk,source_source,25,foot_l,6.886616,-113.221827,12.318151,6.886616,-113.221827,12.318151,0.000000
walk,source_source,25,ball_l,8.375501,-98.795134,7.932901,8.375501,-98.795134,7.932901,0.000000
walk,source_source,25,foot_r,-14.582609,-166.377869,10.699746,-14.582609,-166.377869,10.699746,0.000000
walk,source_source,25,ball_r,-18.633541,-154.507872,2.198587,-18.633541,-154.507872,2.198587,0.000000
walk,source_source,26,foot_l,6.627716,-128.693485,12.745193,6.627716,-128.693485,12.745193,0.000000
walk,source_source,26,ball_l,7.973586,-115.296388,5.796594,7.973586,-115.296388,5.796594,0.000000
walk,source_source,26,foot_r,-14.861874,-166.320571,10.956213,-14.861874,-166.320571,10.956213,0.000000
walk,source_source,26,ball_r,-18.648541,-154.478277,2.296082,-18.648541,-154.478277,2.296082,0.000000
walk,source_source,27,foot_l,6.511101,-144.340422,14.318486,6.511101,-144.340422,14.318486,0.000000
walk,source_source,27,ball_l,7.592068,-132.437687,5.005428,7.592068,-132.437687,5.005428,0.000000
walk,source_source,27,foot_r,-15.232520,-166.390206,11.131389,-15.232520,-166.390206,11.131389,0.000000
walk,source_source,27,ball_r,-18.673487,-154.484261,2.414464,-18.673487,-154.484261,2.414464,0.000000
walk,source_source,28,foot_l,6.791282,-159.680810,16.411470,6.791282,-159.680810,16.411470,0.000000
walk,source_source,28,ball_l,7.413033,-149.454226,5.248719,7.413033,-149.454226,5.248719,0.000000
walk,source_source,28,foot_r,-15.643142,-166.619562,11.149807,-15.643142,-166.619562,11.149807,0.000000
walk,source_source,28,ball_r,-18.718560,-154.543287,2.531106,-18.718560,-154.543287,2.531106,0.000000
walk,source_source,29,foot_l,7.651627,-174.249847,18.527612,7.651627,-174.249847,18.527612,0.000000
walk,source_source,29,ball_l,7.395670,-165.889358,5.893796,7.395670,-165.889358,5.893796,0.000000
walk,source_source,29,foot_r,-16.082813,-167.002548,10.976085,-16.082813,-167.002548,10.976085,0.000000
walk,source_source,29,ball_r,-18.772689,-154.658888,2.610967,-18.772689,-154.658888,2.610967,0.000000
walk,source_source,30,foot_l,9.075164,-187.795071,20.318805,9.075164,-187.795071,20.318805,0.000000
walk,source_source,30,ball_l,7.491067,-181.407203,6.671007,7.491067,-181.407203,6.671007,0.000000
walk,source_source,30,foot_r,-16.441806,-167.424711,10.584024,-16.441806,-167.424711,10.584024,0.000000
walk,source_source,30,ball_r,-18.828389,-154.779026,2.586057,-18.828389,-154.779026,2.586057,0.000000
walk,source_source,31,foot_l,10.827141,-200.232139,21.450178,10.827141,-200.232139,21.450178,0.000000
walk,source_source,31,ball_l,7.735020,-195.604277,7.357688,7.735020,-195.604277,7.357688,0.000000
walk,source_source,31,foot_r,-16.461226,-167.698433,10.022494,-16.461226,-167.698433,10.022494,0.000000
walk,source_source,31,ball_r,-18.845853,-154.821548,2.401734,-18.845853,-154.821548,2.401734,0.000000
walk,source_source,32,foot_l,12.577483,-211.328387,21.587846,12.577483,-211.328387,21.587846,0.000000
walk,source_source,32,ball_l,8.131567,-208.257550,7.432267,8.131567,-208.257550,7.432267,0.000000
walk,source_source,32,foot_r,-16.140017,-167.765681,9.617442,-16.140017,-167.765681,9.617442,0.000000
walk,source_source,32,ball_r,-18.815488,-154.784623,2.275046,-18.815488,-154.784623,2.275046,0.000000
walk,source_source,33,foot_l,13.874520,-220.739976,20.421238,13.874520,-220.739976,20.421238,0.000000
walk,source_source,33,ball_l,8.486252,-218.449402,6.446388,8.486252,-218.449402,6.446388,0.000000
walk,source_source,33,foot_r,-15.957586,-167.744499,9.396824,-15.957586,-167.744499,9.396824,0.000000
walk,source_source,33,ball_r,-18.794192,-154.717460,2.197745,-18.794192,-154.717460,2.197745,0.000000
walk,source_source,34,foot_l,13.707687,-228.345165,17.506674,13.707687,-228.345165,17.506674,0.000000
walk,source_source,34,ball_l,8.808170,-223.466021,4.024639,8.808170,-223.466021,4.024639,0.000000
walk,source_source,34,foot_r,-16.146784,-167.874733,9.439492,-16.146784,-167.874733,9.439492,0.000000
walk,source_source,34,ball_r,-18.775092,-154.689306,2.452840,-18.775092,-154.689306,2.452840,0.000000
walk,source_source,35,foot_l,13.201740,-233.552206,14.268911,13.201740,-233.552206,14.268911,0.000000
walk,source_source,35,ball_l,8.816191,-224.659351,2.812004,8.816191,-224.659351,2.812004,0.000000
walk,source_source,35,foot_r,-16.778272,-168.740290,9.518218,-16.778272,-168.740290,9.518218,0.000000
walk,source_source,35,ball_r,-18.773220,-154.820704,3.875338,-18.773220,-154.820704,3.875338,0.000000
walk,source_source,36,foot_l,12.762801,-236.254653,12.002008,12.762801,-236.254653,12.002008,0.000000
walk,source_source,36,ball_l,8.932928,-225.172931,2.404920,8.932928,-225.172931,2.404920,0.000000
walk,source_source,36,foot_r,-17.477551,-170.922250,9.943867,-17.477551,-170.922250,9.943867,0.000000
walk,source_source,36,ball_r,-19.156225,-156.096473,7.306631,-19.156225,-156.096473,7.306631,0.000000
walk,source_source,37,foot_l,12.580410,-237.177852,10.949098,12.580410,-237.177852,10.949098,0.000000
walk,source_source,37,ball_l,9.045063,-225.333737,2.185832,9.045063,-225.333737,2.185832,0.000000
walk,source_source,37,foot_r,-17.046398,-175.868502,11.015884,-17.046398,-175.868502,11.015884,0.000000
walk,source_source,37,ball_r,-20.527884,-161.129165,10.559907,-20.527884,-161.129165,10.559907,0.000000
walk,source_source,38,foot_l,12.664860,-237.257114,10.893454,12.664860,-237.257114,10.893454,0.000000
walk,source_source,38,ball_l,9.085842,-225.413203,2.147654,9.085842,-225.413203,2.147654,0.000000
walk,source_source,38,foot_r,-15.687639,-184.693262,11.196452,-15.687639,-184.693262,11.196452,0.000000
walk,source_source,38,ball_r,-21.981905,-171.040404,9.310056,-21.981905,-171.040404,9.310056,0.000000
walk,source_source,39,foot_l,12.905499,-237.084949,11.135807,12.905499,-237.084949,11.135807,0.000000
walk,source_source,39,ball_l,9.097207,-225.437313,2.224798,9.097207,-225.437313,2.224798,0.000000
walk,source_source,39,foot_r,-13.964085,-197.283021,11.198004,-13.964085,-197.283021,11.198004,0.000000
walk,source_source,39,ball_r,-21.381301,-184.796512,6.879570,-21.381301,-184.796512,6.879570,0.000000
walk,source_source,40,foot_l,13.202693,-236.898185,11.378255,13.202693,-236.898185,11.378255,0.000000
walk,source_source,40,ball_l,9.108042,-225.438714,2.351020,9.108042,-225.438714,2.351020,0.000000
walk,source_source,40,foot_r,-12.358696,-212.016488,11.872117,-12.358696,-212.016488,11.872117,0.000000
walk,source_source,40,ball_r,-19.653569,-200.604583,5.080207,-19.653569,-200.604583,5.080207,0.000000
walk,source_source,41,foot_l,13.475826,-236.805464,11.523406,13.475826,-236.805464,11.523406,0.000000
walk,source_source,41,ball_l,9.128077,-225.451122,2.481693,9.128077,-225.451122,2.481693,0.000000
walk,source_source,41,foot_r,-11.120157,-227.069724,13.600644,-11.120157,-227.069724,13.600644,0.000000
walk,source_source,41,ball_r,-18.117298,-217.184919,4.495302,-18.117298,-217.184919,4.495302,0.000000
walk,source_source,42,foot_l,13.606897,-236.855055,11.492324,13.606897,-236.855055,11.492324,0.000000
walk,source_source,42,ball_l,9.158946,-225.476447,2.530204,9.158946,-225.476447,2.530204,0.000000
walk,source_source,42,foot_r,-10.403434,-241.965202,15.942699,-10.403434,-241.965202,15.942699,0.000000
walk,source_source,42,ball_r,-17.110157,-233.819754,5.068503,-17.110157,-233.819754,5.068503,0.000000
walk,source_source,43,foot_l,13.585228,-237.035514,11.262044,13.585228,-237.035514,11.262044,0.000000
walk,source_source,43,ball_l,9.194626,-225.499380,2.474733,9.194626,-225.499380,2.474733,0.000000
walk,source_source,43,foot_r,-10.334234,-256.322089,18.311928,-10.334234,-256.322089,18.311928,0.000000
walk,source_source,43,ball_r,-16.752200,-250.012685,6.122681,-16.752200,-250.012685,6.122681,0.000000
walk,source_source,44,foot_l,13.514283,-237.272382,10.889577,13.514283,-237.272382,10.889577,0.000000
walk,source_source,44,ball_l,9.233425,-225.501935,2.362712,9.233425,-225.501935,2.362712,0.000000
walk,source_source,44,foot_r,-10.824084,-269.896024,20.386024,-10.824084,-269.896024,20.386024,0.000000
walk,source_source,44,ball_r,-16.941425,-265.277295,7.316133,-16.941425,-265.277295,7.316133,0.000000
walk,source_source,45,foot_l,13.437766,-237.468460,10.478055,13.437766,-237.468460,10.478055,0.000000
walk,source_source,45,ball_l,9.274472,-225.473705,2.209475,9.274472,-225.473705,2.209475,0.000000
walk,source_source,45,foot_r,-11.677859,-282.684845,21.877833,-11.677859,-282.684845,21.877833,0.000000
walk,source_source,45,ball_r,-17.425610,-278.950918,8.364959,-17.425610,-278.950918,8.364959,0.000000
walk,source_source,46,foot_l,13.348623,-237.551455,10.154743,13.348623,-237.551455,10.154743,0.000000
walk,source_source,46,ball_l,9.310801,-225.408748,2.041345,9.310801,-225.408748,2.041345,0.000000
walk,source_source,46,foot_r,-12.873232,-294.329226,22.539826,-12.873232,-294.329226,22.539826,0.000000
walk,source_source,46,ball_r,-17.717783,-290.514344,8.699536,-17.717783,-290.514344,8.699536,0.000000
walk,source_source,47,foot_l,13.303161,-237.528926,9.969550,13.303161,-237.528926,9.969550,0.000000
walk,source_source,47,ball_l,9.345437,-225.312516,1.927635,9.345437,-225.312516,1.927635,0.000000
walk,source_source,47,foot_r,-13.947169,-304.729754,20.842829,-13.947169,-304.729754,20.842829,0.000000
walk,source_source,47,ball_r,-17.584771,-300.986961,6.618345,-17.584771,-300.986961,6.618345,0.000000
walk,source_source,48,foot_l,13.376307,-237.505430,9.902741,13.376307,-237.505430,9.902741,0.000000
walk,source_source,48,ball_l,9.366105,-225.231358,1.975441,9.366105,-225.231358,1.975441,0.000000
walk,source_source,48,foot_r,-14.206126,-312.845916,17.984626,-14.206126,-312.845916,17.984626,0.000000
walk,source_source,48,ball_r,-17.623179,-308.154076,3.988662,-17.623179,-308.154076,3.988662,0.000000
walk,source_source,49,foot_l,13.652290,-237.726885,9.989098,13.652290,-237.726885,9.989098,0.000000
walk,source_source,49,ball_l,9.135668,-225.297144,2.594622,9.135668,-225.297144,2.594622,0.000000
walk,source_source,49,foot_r,-13.307075,-318.166149,14.729355,-13.307075,-318.166149,14.729355,0.000000
walk,source_source,49,ball_r,-17.368525,-309.878138,2.713113,-17.368525,-309.878138,2.713113,0.000000
walk,source_source,50,foot_l,13.984559,-239.321008,10.663110,13.984559,-239.321008,10.663110,0.000000
walk,source_source,50,ball_l,8.478671,-226.168695,5.536859,8.478671,-226.168695,5.536859,0.000000
walk,source_source,50,foot_r,-11.826956,-320.799190,12.161516,-11.826956,-320.799190,12.161516,0.000000
walk,source_source,50,ball_r,-17.151722,-310.443428,2.467102,-17.151722,-310.443428,2.467102,0.000000
walk,source_source,51,foot_l,14.302559,-242.787686,11.882862,14.302559,-242.787686,11.882862,0.000000
walk,source_source,51,ball_l,8.111348,-229.088956,9.988053,8.111348,-229.088956,9.988053,0.000000
walk,source_source,51,foot_r,-10.962369,-321.695173,10.725845,-10.962369,-321.695173,10.725845,0.000000
walk,source_source,51,ball_r,-17.087495,-310.707164,2.280544,-17.087495,-310.707164,2.280544,0.000000
walk,source_source,52,foot_l,14.543179,-250.005990,12.794879,14.543179,-250.005990,12.794879,0.000000
walk,source_source,52,ball_l,10.104722,-235.593241,11.328783,10.104722,-235.593241,11.328783,0.000000
walk,source_source,52,foot_r,-10.972343,-322.019869,10.426722,-10.972343,-322.019869,10.426722,0.000000
walk,source_source,52,ball_r,-17.088775,-310.846202,2.222150,-17.088775,-310.846202,2.222150,0.000000
walk,source_source,53,foot_l,15.038428,-261.936727,12.747364,15.038428,-261.936727,12.747364,0.000000
walk,source_source,53,ball_l,12.583174,-247.380638,9.331428,12.583174,-247.380638,9.331428,0.000000
walk,source_source,53,foot_r,-11.118145,-322.062281,10.495128,-11.118145,-322.062281,10.495128,0.000000
walk,source_source,53,ball_r,-17.097138,-310.843699,2.250634,-17.097138,-310.843699,2.250634,0.000000
walk,source_source,54,foot_l,15.628879,-276.944426,13.173141,15.628879,-276.944426,13.173141,0.000000
walk,source_source,54,ball_l,14.116271,-263.241267,6.887277,14.116271,-263.241267,6.887277,0.000000
walk,source_source,54,foot_r,-11.249600,-322.114858,10.557124,-11.249600,-322.114858,10.557124,0.000000
walk,source_source,54,ball_r,-17.097481,-310.830469,2.308398,-17.097481,-310.830469,2.308398,0.000000
walk,source_source,55,foot_l,16.100293,-293.035030,14.750294,16.100293,-293.035030,14.750294,0.000000
walk,source_source,55,ball_l,14.572392,-281.068753,5.582400,14.572392,-281.068753,5.582400,0.000000
walk,source_source,55,foot_r,-11.370099,-322.265545,10.533071,-11.370099,-322.265545,10.533071,0.000000
walk,source_source,55,ball_r,-17.094415,-310.856830,2.369124,-17.094415,-310.856830,2.369124,0.000000
walk,source_source,56,foot_l,16.398060,-309.130476,17.238124,16.398060,-309.130476,17.238124,0.000000
walk,source_source,56,ball_l,14.911094,-299.380618,5.735698,14.911094,-299.380618,5.735698,0.000000
walk,source_source,56,foot_r,-11.460277,-322.479585,10.424827,-11.460277,-322.479585,10.424827,0.000000
walk,source_source,56,ball_r,-17.105998,-310.909471,2.435153,-17.105998,-310.909471,2.435153,0.000000
walk,source_source,57,foot_l,16.776478,-324.727666,20.020904,16.776478,-324.727666,20.020904,0.000000
walk,source_source,57,ball_l,15.199655,-317.515060,6.789556,15.199655,-317.515060,6.789556,0.000000
walk,source_source,57,foot_r,-11.550662,-322.766353,10.217372,-11.550662,-322.766353,10.217372,0.000000
walk,source_source,57,ball_r,-17.149386,-310.996645,2.490478,-17.149386,-310.996645,2.490478,0.000000
walk,source_source,58,foot_l,17.447774,-339.399482,22.651090,17.447774,-339.399482,22.651090,0.000000
walk,source_source,58,ball_l,15.314823,-335.026291,8.301792,15.314823,-335.026291,8.301792,0.000000
walk,source_source,58,foot_r,-11.630946,-323.059083,9.928252,-11.630946,-323.059083,9.928252,0.000000
walk,source_source,58,ball_r,-17.210947,-311.096655,2.489118,-17.210947,-311.096655,2.489118,0.000000
walk,source_source,59,foot_l,18.471135,-352.987456,24.780832,18.471135,-352.987456,24.780832,0.000000
walk,source_source,59,ball_l,15.252784,-351.525277,10.047168,15.252784,-351.525277,10.047168,0.000000
walk,source_source,59,foot_r,-11.636186,-323.177371,9.728684,-11.636186,-323.177371,9.728684,0.000000
walk,source_source,59,ball_r,-17.237855,-311.116530,2.466848,-17.237855,-311.116530,2.466848,0.000000
walk,source_source,60,foot_l,19.631104,-365.355504,26.024571,19.631104,-365.355504,26.024571,0.000000
walk,source_source,60,ball_l,15.305440,-366.366237,11.538590,15.305440,-366.366237,11.538590,0.000000
walk,source_source,60,foot_r,-11.596945,-323.138576,9.675352,-11.596945,-323.138576,9.675352,0.000000
walk,source_source,60,ball_r,-17.228040,-311.055017,2.474300,-17.228040,-311.055017,2.474300,0.000000
walk,source_source,61,foot_l,20.496756,-376.266307,25.830993,20.496756,-376.266307,25.830993,0.000000
walk,source_source,61,ball_l,15.633106,-379.175758,11.779067,15.633106,-379.175758,11.779067,0.000000
walk,source_source,61,foot_r,-11.603310,-323.133437,9.625842,-11.603310,-323.133437,9.625842,0.000000
walk,source_source,61,ball_r,-17.225252,-310.982452,2.531891,-17.225252,-310.982452,2.531891,0.000000
walk,source_source,62,foot_l,20.102148,-385.412264,23.483732,20.102148,-385.412264,23.483732,0.000000
walk,source_source,62,ball_l,16.097265,-387.504134,9.021311,16.097265,-387.504134,9.021311,0.000000
walk,source_source,62,foot_r,-11.716002,-323.371804,9.619778,-11.716002,-323.371804,9.619778,0.000000
walk,source_source,62,ball_r,-17.212231,-310.952038,2.902804,-17.212231,-310.952038,2.902804,0.000000
walk,source_source,63,foot_l,19.209996,-392.536950,19.783029,19.209996,-392.536950,19.783029,0.000000
walk,source_source,63,ball_l,16.025160,-389.370149,5.312204,16.025160,-389.370149,5.312204,0.000000
walk,source_source,63,foot_r,-11.910081,-324.293208,9.730970,-11.910081,-324.293208,9.730970,0.000000
walk,source_source,63,ball_r,-17.211685,-311.049393,4.624993,-17.211685,-311.049393,4.624993,0.000000
walk,source_source,64,foot_l,18.883115,-398.976550,15.275340,18.883115,-398.976550,15.275340,0.000000
walk,source_source,64,ball_l,15.796196,-390.148088,3.354527,15.796196,-390.148088,3.354527,0.000000
walk,source_source,64,foot_r,-12.100746,-326.734802,10.278293,-12.100746,-326.734802,10.278293,0.000000
walk,source_source,64,ball_r,-17.339823,-312.656823,8.293552,-17.339823,-312.656823,8.293552,0.000000
walk,source_source,65,foot_l,18.471955,-401.665449,12.555178,18.471955,-401.665449,12.555178,0.000000
walk,source_source,65,ball_l,15.915655,-390.569317,2.559287,15.915655,-390.569317,2.559287,0.000000
walk,source_source,65,foot_r,-11.834939,-331.248054,10.876475,-11.834939,-331.248054,10.876475,0.000000
walk,source_source,65,ball_r,-18.017359,-317.416570,11.087545,-18.017359,-317.416570,11.087545,0.000000
walk,source_source,66,foot_l,18.359494,-402.291188,11.789485,18.359494,-402.291188,11.789485,0.000000
walk,source_source,66,ball_l,16.042610,-390.639555,2.384798,16.042610,-390.639555,2.384798,0.000000
walk,source_source,66,foot_r,-10.483810,-339.679059,10.790457,-10.483810,-339.679059,10.790457,0.000000
walk,source_source,66,ball_r,-18.661949,-326.972646,9.676056,-18.661949,-326.972646,9.676056,0.000000
walk,source_source,67,foot_l,18.470947,-402.229542,11.947719,18.470947,-402.229542,11.947719,0.000000
walk,source_source,67,ball_l,16.045503,-390.688616,2.434523,16.045503,-390.688616,2.434523,0.000000
walk,source_source,67,foot_r,-8.475774,-351.416665,10.457181,-8.475774,-351.416665,10.457181,0.000000
walk,source_source,67,ball_r,-18.075249,-340.192550,7.073996,-18.075249,-340.192550,7.073996,0.000000
walk,source_source,68,foot_l,18.616179,-402.108893,12.141531,18.616179,-402.108893,12.141531,0.000000
walk,source_source,68,ball_l,16.016847,-390.688176,2.529700,16.016847,-390.688176,2.529700,0.000000
walk,source_source,68,foot_r,-6.495153,-364.560468,10.732923,-6.495153,-364.560468,10.732923,0.000000
walk,source_source,68,ball_r,-16.539259,-354.794888,4.960056,-16.539259,-354.794888,4.960056,0.000000
walk,source_source,69,foot_l,18.747963,-402.131760,12.167677,18.747963,-402.131760,12.167677,0.000000
walk,source_source,69,ball_l,16.002865,-390.701554,2.607791,16.002865,-390.701554,2.607791,0.000000
walk,source_source,69,foot_r,-5.068385,-377.943479,11.972693,-5.068385,-377.943479,11.972693,0.000000
walk,source_source,69,ball_r,-14.885400,-369.520064,4.082897,-14.885400,-369.520064,4.082897,0.000000
walk,source_source,70,foot_l,18.868218,-402.311780,12.029101,18.868218,-402.311780,12.029101,0.000000
walk,source_source,70,ball_l,16.032377,-390.738530,2.669907,16.032377,-390.738530,2.669907,0.000000
walk,source_source,70,foot_r,-4.304065,-391.503508,13.767704,-4.304065,-391.503508,13.767704,0.000000
walk,source_source,70,ball_r,-13.611265,-384.533501,4.053197,-13.611265,-384.533501,4.053197,0.000000
walk,source_source,71,foot_l,18.967347,-402.417481,11.913181,18.967347,-402.417481,11.913181,0.000000
walk,source_source,71,ball_l,16.040616,-390.773904,2.669915,16.040616,-390.773904,2.669915,0.000000
walk,source_source,71,foot_r,-3.222891,-406.661776,15.906264,-3.222891,-406.661776,15.906264,0.000000
walk,source_source,71,ball_r,-12.239864,-401.208819,5.018838,-12.239864,-401.208819,5.018838,0.000000
walk,source_cmc,0,foot_l,8.669864,-10.428730,17.312391,8.669864,-10.428730,17.312391,0.000000
walk,source_cmc,0,ball_l,10.194395,-1.552250,5.127953,10.194395,-1.552250,5.127953,0.000000
walk,source_cmc,0,foot_r,-12.618951,-7.458895,10.832526,-12.618951,-7.458895,10.832526,0.000000
walk,source_cmc,0,ball_r,-16.130209,4.566852,2.310257,-16.130209,4.566852,2.310257,0.000000
walk,source_cmc,1,foot_l,8.393753,-24.310309,19.546477,8.393753,-24.310309,19.546477,0.000000
walk,source_cmc,1,ball_l,8.513103,-17.328455,6.099691,8.513103,-17.328455,6.099691,0.000000
walk,source_cmc,1,foot_r,-12.897134,-7.718056,10.627505,-12.897134,-7.718056,10.627505,0.000000
walk,source_cmc,1,ball_r,-16.179262,4.501472,2.291597,-16.179262,4.501472,2.291597,0.000000
walk,source_cmc,2,foot_l,8.662940,-37.230578,21.164076,8.662940,-37.230578,21.164076,0.000000
walk,source_cmc,2,ball_l,7.315373,-31.959446,7.022795,7.315373,-31.959446,7.022795,0.000000
walk,source_cmc,2,foot_r,-12.898143,-7.931379,10.219294,-12.898143,-7.931379,10.219294,0.000000
walk,source_cmc,2,ball_r,-16.202158,4.467592,2.161649,-16.202158,4.467592,2.161649,0.000000
walk,source_cmc,3,foot_l,9.230722,-49.105364,21.799271,9.230722,-49.105364,21.799271,0.000000
walk,source_cmc,3,ball_l,6.897147,-45.246109,7.334237,6.897147,-45.246109,7.334237,0.000000
walk,source_cmc,3,foot_r,-12.667660,-8.027104,9.756551,-12.667660,-8.027104,9.756551,0.000000
walk,source_cmc,3,ball_r,-16.190477,4.491876,1.982138,-16.190477,4.491876,1.982138,0.000000
walk,source_cmc,4,foot_l,9.749105,-59.635517,21.170968,9.749105,-59.635517,21.170968,0.000000
walk,source_cmc,4,ball_l,6.978025,-56.755057,6.555884,6.978025,-56.755057,6.555884,0.000000
walk,source_cmc,4,foot_r,-12.446116,-8.010224,9.456304,-12.446116,-8.010224,9.456304,0.000000
walk,source_cmc,4,ball_r,-16.167527,4.556143,1.852733,-16.167527,4.556143,1.852733,0.000000
walk,source_cmc,5,foot_l,9.402876,-68.194202,19.003332,9.402876,-68.194202,19.003332,0.000000
walk,source_cmc,5,ball_l,7.284182,-64.102504,4.569145,7.284182,-64.102504,4.569145,0.000000
walk,source_cmc,5,foot_r,-12.430086,-8.022612,9.385843,-12.430086,-8.022612,9.385843,0.000000
walk,source_cmc,5,ball_r,-16.133390,4.624110,1.907694,-16.133390,4.624110,1.907694,0.000000
walk,source_cmc,6,foot_l,8.223415,-73.996976,15.830833,8.223415,-73.996976,15.830833,0.000000
walk,source_cmc,6,ball_l,7.298495,-66.078404,2.946062,7.298495,-66.078404,2.946062,0.000000
walk,source_cmc,6,foot_r,-12.754035,-8.423200,9.493601,-12.754035,-8.423200,9.493601,0.000000
walk,source_cmc,6,ball_r,-16.049756,4.680312,2.637009,-16.049756,4.680312,2.637009,0.000000
walk,source_cmc,7,foot_l,7.418634,-77.385345,13.135874,7.418634,-77.385345,13.135874,0.000000
walk,source_cmc,7,ball_l,7.242258,-66.669771,2.425040,7.242258,-66.669771,2.425040,0.000000
walk,source_cmc,7,foot_r,-13.475400,-10.208359,9.808704,-13.475400,-10.208359,9.808704,0.000000
walk,source_cmc,7,ball_r,-16.081099,4.084730,5.508169,-16.081099,4.084730,5.508169,0.000000
walk,source_cmc,8,foot_l,7.137309,-78.873947,11.488828,7.137309,-78.873947,11.488828,0.000000
walk,source_cmc,8,ball_l,7.336885,-66.913486,2.189144,7.336885,-66.913486,2.189144,0.000000
walk,source_cmc,8,foot_r,-14.078419,-14.088973,10.635309,-14.078419,-14.088973,10.635309,0.000000
walk,source_cmc,8,ball_r,-16.995139,0.739288,9.543552,-16.995139,0.739288,9.543552,0.000000
walk,source_cmc,9,foot_l,7.130115,-79.294676,10.998234,7.130115,-79.294676,10.998234,0.000000
walk,source_cmc,9,ball_l,7.397959,-67.036480,2.096463,7.397959,-67.036480,2.096463,0.000000
walk,source_cmc,9,foot_r,-13.649192,-21.799195,11.278975,-13.649192,-21.799195,11.278975,0.000000
walk,source_cmc,9,ball_r,-18.679093,-7.562980,10.011281,-18.679093,-7.562980,10.011281,0.000000
walk,source_cmc,10,foot_l,7.278409,-79.266033,11.151913,7.278409,-79.266033,11.151913,0.000000
walk,source_cmc,10,ball_l,7.390957,-67.083002,2.144267,7.390957,-67.083002,2.144267,0.000000
walk,source_cmc,10,foot_r,-12.696105,-33.585680,11.145408,-12.696105,-33.585680,11.145408,0.000000
walk,source_cmc,10,ball_r,-19.069222,-20.315030,7.560740,-19.069222,-20.315030,7.560740,0.000000
walk,source_cmc,11,foot_l,7.564308,-79.159646,11.383612,7.564308,-79.159646,11.383612,0.000000
walk,source_cmc,11,ball_l,7.405683,-67.082267,2.235478,7.405683,-67.082267,2.235478,0.000000
walk,source_cmc,11,foot_r,-11.713096,-48.557330,11.289538,-11.713096,-48.557330,11.289538,0.000000
walk,source_cmc,11,ball_r,-17.895932,-36.139093,5.195564,-17.895932,-36.139093,5.195564,0.000000
walk,source_cmc,12,foot_l,7.792150,-79.141372,11.471123,7.792150,-79.141372,11.471123,0.000000
walk,source_cmc,12,ball_l,7.429353,-67.092126,2.291763,7.429353,-67.092126,2.291763,0.000000
walk,source_cmc,12,foot_r,-11.057463,-64.648295,12.704670,-11.057463,-64.648295,12.704670,0.000000
walk,source_cmc,12,ball_r,-16.778523,-53.582618,4.079309,-16.778523,-53.582618,4.079309,0.000000
walk,source_cmc,13,foot_l,7.772294,-79.300606,11.300186,7.772294,-79.300606,11.300186,0.000000
walk,source_cmc,13,ball_l,7.425784,-67.122108,2.292372,7.425784,-67.122108,2.292372,0.000000
walk,source_cmc,13,foot_r,-10.809334,-80.658260,15.126190,-10.809334,-80.658260,15.126190,0.000000
walk,source_cmc,13,ball_r,-16.302316,-71.508231,4.370692,-16.302316,-71.508231,4.370692,0.000000
walk,source_cmc,14,foot_l,7.588742,-79.603710,10.897476,7.588742,-79.603710,10.897476,0.000000
walk,source_cmc,14,ball_l,7.427877,-67.175587,2.231884,7.427877,-67.175587,2.231884,0.000000
walk,source_cmc,14,foot_r,-10.962235,-95.990472,17.765461,-10.962235,-95.990472,17.765461,0.000000
walk,source_cmc,14,ball_r,-16.407934,-89.113578,5.411138,-16.407934,-89.113578,5.411138,0.000000
walk,source_cmc,15,foot_l,7.485776,-79.856117,10.507211,7.485776,-79.856117,10.507211,0.000000
walk,source_cmc,15,ball_l,7.479559,-67.219977,2.146317,7.479559,-67.219977,2.146317,0.000000
walk,source_cmc,15,foot_r,-11.505002,-110.270682,20.215859,-11.505002,-110.270682,20.215859,0.000000
walk,source_cmc,15,ball_r,-16.796774,-105.583602,6.814177,-16.796774,-105.583602,6.814177,0.000000
walk,source_cmc,16,foot_l,7.497536,-79.922649,10.314278,7.497536,-79.922649,10.314278,0.000000
walk,source_cmc,16,ball_l,7.532660,-67.210685,2.069198,7.532660,-67.210685,2.069198,0.000000
walk,source_cmc,16,foot_r,-12.388523,-123.533678,22.099717,-12.388523,-123.533678,22.099717,0.000000
walk,source_cmc,16,ball_r,-17.345947,-120.204628,8.174273,-17.345947,-120.204628,8.174273,0.000000
walk,source_cmc,17,foot_l,7.524381,-79.876651,10.241014,7.524381,-79.876651,10.241014,0.000000
walk,source_cmc,17,ball_l,7.562458,-67.159691,2.003653,7.562458,-67.159691,2.003653,0.000000
walk,source_cmc,17,foot_r,-13.683327,-135.446879,23.174354,-13.683327,-135.446879,23.174354,0.000000
walk,source_cmc,17,ball_r,-17.775783,-132.359126,8.916228,-17.775783,-132.359126,8.916228,0.000000
walk,source_cmc,18,foot_l,7.534958,-79.826543,10.173322,7.534958,-79.826543,10.173322,0.000000
walk,source_cmc,18,ball_l,7.588339,-67.092288,1.962811,7.588339,-67.092288,1.962811,0.000000
walk,source_cmc,18,foot_r,-15.117027,-145.953760,22.087380,-15.117027,-145.953760,22.087380,0.000000
walk,source_cmc,18,ball_r,-18.020636,-142.732683,7.569449,-18.020636,-142.732683,7.569449,0.000000
walk,source_cmc,19,foot_l,7.536414,-79.849583,10.117237,7.536414,-79.849583,10.117237,0.000000
walk,source_cmc,19,ball_l,7.579053,-67.038360,2.027285,7.579053,-67.038360,2.027285,0.000000
walk,source_cmc,19,foot_r,-16.092217,-154.342556,19.314213,-16.092217,-154.342556,19.314213,0.000000
walk,source_cmc,19,ball_r,-18.538029,-150.459206,4.874192,-18.538029,-150.459206,4.874192,0.000000
walk,source_cmc,20,foot_l,7.505571,-80.145332,10.202372,7.505571,-80.145332,10.202372,0.000000
walk,source_cmc,20,ball_l,7.315575,-67.047632,2.587203,7.315575,-67.047632,2.587203,0.000000
walk,source_cmc,20,foot_r,-16.179028,-160.424995,15.897076,-16.179028,-160.424995,15.897076,0.000000
walk,source_cmc,20,ball_r,-18.864657,-153.143287,2.883979,-18.864657,-153.143287,2.883979,0.000000
walk,source_cmc,21,foot_l,7.451451,-81.536129,10.794814,7.451451,-81.536129,10.794814,0.000000
walk,source_cmc,21,ball_l,6.631751,-67.449552,5.274575,6.631751,-67.449552,5.274575,0.000000
walk,source_cmc,21,foot_r,-15.493508,-164.262187,13.124938,-15.493508,-164.262187,13.124938,0.000000
walk,source_cmc,21,ball_r,-18.726663,-153.977871,2.478058,-18.726663,-153.977871,2.478058,0.000000
walk,source_cmc,22,foot_l,7.517713,-84.425199,11.854427,7.517713,-84.425199,11.854427,0.000000
walk,source_cmc,22,ball_l,5.943162,-69.493508,9.819224,5.943162,-69.493508,9.819224,0.000000
walk,source_cmc,22,foot_r,-14.654925,-165.935144,11.213175,-14.654925,-165.935144,11.213175,0.000000
walk,source_cmc,22,ball_r,-18.621656,-154.362333,2.273839,-18.621656,-154.362333,2.273839,0.000000
walk,source_cmc,23,foot_l,7.412802,-89.691293,12.940614,7.412802,-89.691293,12.940614,0.000000
walk,source_cmc,23,ball_l,6.580868,-74.580479,12.200528,6.580868,-74.580479,12.200528,0.000000
walk,source_cmc,23,foot_r,-14.303030,-166.448843,10.395036,-14.303030,-166.448843,10.395036,0.000000
walk,source_cmc,23,ball_r,-18.623330,-154.508847,2.127746,-18.623330,-154.508847,2.127746,0.000000
walk,source_cmc,24,foot_l,7.205749,-99.639836,12.781398,7.205749,-99.639836,12.781398,0.000000
walk,source_cmc,24,ball_l,7.811321,-84.627619,10.820978,7.811321,-84.627619,10.820978,0.000000
walk,source_cmc,24,foot_r,-14.383732,-166.487619,10.436723,-14.383732,-166.487619,10.436723,0.000000
walk,source_cmc,24,ball_r,-18.617697,-154.547806,2.124625,-18.617697,-154.547806,2.124625,0.000000
walk,source_cmc,25,foot_l,6.886616,-113.221851,12.318151,6.886616,-113.221851,12.318151,0.000000
walk,source_cmc,25,ball_l,8.375501,-98.795158,7.932901,8.375501,-98.795158,7.932901,0.000000
walk,source_cmc,25,foot_r,-14.582609,-166.377893,10.699746,-14.582609,-166.377893,10.699746,0.000000
walk,source_cmc,25,ball_r,-18.633541,-154.507896,2.198587,-18.633541,-154.507896,2.198587,0.000000
walk,source_cmc,26,foot_l,6.627716,-128.693509,12.745193,6.627716,-128.693509,12.745193,0.000000
walk,source_cmc,26,ball_l,7.973586,-115.296412,5.796594,7.973586,-115.296412,5.796594,0.000000
walk,source_cmc,26,foot_r,-14.861874,-166.320595,10.956213,-14.861874,-166.320595,10.956213,0.000000
walk,source_cmc,26,ball_r,-18.648541,-154.478301,2.296082,-18.648541,-154.478301,2.296082,0.000000
walk,source_cmc,27,foot_l,6.511101,-144.340422,14.318486,6.511101,-144.340422,14.318486,0.000000
walk,source_cmc,27,ball_l,7.592068,-132.437687,5.005428,7.592068,-132.437687,5.005428,0.000000
walk,source_cmc,27,foot_r,-15.232520,-166.390206,11.131389,-15.232520,-166.390206,11.131389,0.000000
walk,source_cmc,27,ball_r,-18.673487,-154.484261,2.414464,-18.673487,-154.484261,2.414464,0.000000
walk,source_cmc,28,foot_l,6.791282,-159.680834,16.411470,6.791282,-159.680834,16.411470,0.000000
walk,source_cmc,28,ball_l,7.413033,-149.454249,5.248719,7.413033,-149.454249,5.248719,0.000000
walk,source_cmc,28,foot_r,-15.643142,-166.619585,11.149807,-15.643142,-166.619585,11.149807,0.000000
walk,source_cmc,28,ball_r,-18.718560,-154.543311,2.531106,-18.718560,-154.543311,2.531106,0.000000
walk,source_cmc,29,foot_l,7.651627,-174.249871,18.527612,7.651627,-174.249871,18.527612,0.000000
walk,source_cmc,29,ball_l,7.395670,-165.889382,5.893796,7.395670,-165.889382,5.893796,0.000000
walk,source_cmc,29,foot_r,-16.082813,-167.002572,10.976085,-16.082813,-167.002572,10.976085,0.000000
walk,source_cmc,29,ball_r,-18.772689,-154.658912,2.610967,-18.772689,-154.658912,2.610967,0.000000
walk,source_cmc,30,foot_l,9.075164,-187.795095,20.318805,9.075164,-187.795095,20.318805,0.000000
walk,source_cmc,30,ball_l,7.491067,-181.407227,6.671007,7.491067,-181.407227,6.671007,0.000000
walk,source_cmc,30,foot_r,-16.441806,-167.424735,10.584024,-16.441806,-167.424735,10.584024,0.000000
walk,source_cmc,30,ball_r,-18.828389,-154.779050,2.586057,-18.828389,-154.779050,2.586057,0.000000
walk,source_cmc,31,foot_l,10.827141,-200.232139,21.450178,10.827141,-200.232139,21.450178,0.000000
walk,source_cmc,31,ball_l,7.735020,-195.604277,7.357688,7.735020,-195.604277,7.357688,0.000000
walk,source_cmc,31,foot_r,-16.461226,-167.698433,10.022494,-16.461226,-167.698433,10.022494,0.000000
walk,source_cmc,31,ball_r,-18.845853,-154.821548,2.401734,-18.845853,-154.821548,2.401734,0.000000
walk,source_cmc,32,foot_l,12.577483,-211.328411,21.587846,12.577483,-211.328411,21.587846,0.000000
walk,source_cmc,32,ball_l,8.131567,-208.257574,7.432267,8.131567,-208.257574,7.432267,0.000000
walk,source_cmc,32,foot_r,-16.140017,-167.765705,9.617442,-16.140017,-167.765705,9.617442,0.000000
walk,source_cmc,32,ball_r,-18.815488,-154.784647,2.275046,-18.815488,-154.784647,2.275046,0.000000
walk,source_cmc,33,foot_l,13.874520,-220.739999,20.421238,13.874520,-220.739999,20.421238,0.000000
walk,source_cmc,33,ball_l,8.486252,-218.449426,6.446388,8.486252,-218.449426,6.446388,0.000000
walk,source_cmc,33,foot_r,-15.957586,-167.744523,9.396824,-15.957586,-167.744523,9.396824,0.000000
walk,source_cmc,33,ball_r,-18.794192,-154.717484,2.197745,-18.794192,-154.717484,2.197745,0.000000
walk,source_cmc,34,foot_l,13.707687,-228.345165,17.506674,13.707687,-228.345165,17.506674,0.000000
walk,source_cmc,34,ball_l,8.808170,-223.466021,4.024639,8.808170,-223.466021,4.024639,0.000000
walk,source_cmc,34,foot_r,-16.146784,-167.874733,9.439492,-16.146784,-167.874733,9.439492,0.000000
walk,source_cmc,34,ball_r,-18.775092,-154.689306,2.452840,-18.775092,-154.689306,2.452840,0.000000
walk,source_cmc,35,foot_l,13.201740,-233.552229,14.268911,13.201740,-233.552229,14.268911,0.000000
walk,source_cmc,35,ball_l,8.816191,-224.659374,2.812004,8.816191,-224.659374,2.812004,0.000000
walk,source_cmc,35,foot_r,-16.778272,-168.740314,9.518218,-16.778272,-168.740314,9.518218,0.000000
walk,source_cmc,35,ball_r,-18.773220,-154.820728,3.875338,-18.773220,-154.820728,3.875338,0.000000
walk,source_cmc,36,foot_l,12.762801,-236.254677,12.002008,12.762801,-236.254677,12.002008,0.000000
walk,source_cmc,36,ball_l,8.932928,-225.172955,2.404920,8.932928,-225.172955,2.404920,0.000000
walk,source_cmc,36,foot_r,-17.477551,-170.922273,9.943867,-17.477551,-170.922273,9.943867,0.000000
walk,source_cmc,36,ball_r,-19.156225,-156.096497,7.306631,-19.156225,-156.096497,7.306631,0.000000
walk,source_cmc,37,foot_l,12.580410,-237.177876,10.949098,12.580410,-237.177876,10.949098,0.000000
walk,source_cmc,37,ball_l,9.045063,-225.333761,2.185832,9.045063,-225.333761,2.185832,0.000000
walk,source_cmc,37,foot_r,-17.046398,-175.868526,11.015884,-17.046398,-175.868526,11.015884,0.000000
walk,source_cmc,37,ball_r,-20.527884,-161.129189,10.559907,-20.527884,-161.129189,10.559907,0.000000
walk,source_cmc,38,foot_l,12.664860,-237.257114,10.893454,12.664860,-237.257114,10.893454,0.000000
walk,source_cmc,38,ball_l,9.085842,-225.413203,2.147654,9.085842,-225.413203,2.147654,0.000000
walk,source_cmc,38,foot_r,-15.687639,-184.693262,11.196452,-15.687639,-184.693262,11.196452,0.000000
walk,source_cmc,38,ball_r,-21.981905,-171.040404,9.310056,-21.981905,-171.040404,9.310056,0.000000
walk,source_cmc,39,foot_l,12.905499,-237.084973,11.135807,12.905499,-237.084973,11.135807,0.000000
walk,source_cmc,39,ball_l,9.097207,-225.437336,2.224798,9.097207,-225.437336,2.224798,0.000000
walk,source_cmc,39,foot_r,-13.964085,-197.283044,11.198004,-13.964085,-197.283044,11.198004,0.000000
walk,source_cmc,39,ball_r,-21.381301,-184.796536,6.879570,-21.381301,-184.796536,6.879570,0.000000
walk,source_cmc,40,foot_l,13.202693,-236.898209,11.378255,13.202693,-236.898209,11.378255,0.000000
walk,source_cmc,40,ball_l,9.108042,-225.438738,2.351020,9.108042,-225.438738,2.351020,0.000000
walk,source_cmc,40,foot_r,-12.358696,-212.016512,11.872117,-12.358696,-212.016512,11.872117,0.000000
walk,source_cmc,40,ball_r,-19.653569,-200.604607,5.080207,-19.653569,-200.604607,5.080207,0.000000
walk,source_cmc,41,foot_l,13.475826,-236.805488,11.523406,13.475826,-236.805488,11.523406,0.000000
walk,source_cmc,41,ball_l,9.128077,-225.451146,2.481693,9.128077,-225.451146,2.481693,0.000000
walk,source_cmc,41,foot_r,-11.120157,-227.069747,13.600644,-11.120157,-227.069747,13.600644,0.000000
walk,source_cmc,41,ball_r,-18.117298,-217.184943,4.495302,-18.117298,-217.184943,4.495302,0.000000
walk,source_cmc,42,foot_l,13.606897,-236.855055,11.492324,13.606897,-236.855055,11.492324,0.000000
walk,source_cmc,42,ball_l,9.158946,-225.476447,2.530204,9.158946,-225.476447,2.530204,0.000000
walk,source_cmc,42,foot_r,-10.403434,-241.965202,15.942699,-10.403434,-241.965202,15.942699,0.000000
walk,source_cmc,42,ball_r,-17.110157,-233.819754,5.068503,-17.110157,-233.819754,5.068503,0.000000
walk,source_cmc,43,foot_l,13.585228,-237.035538,11.262044,13.585228,-237.035538,11.262044,0.000000
walk,source_cmc,43,ball_l,9.194626,-225.499403,2.474733,9.194626,-225.499403,2.474733,0.000000
walk,source_cmc,43,foot_r,-10.334234,-256.322113,18.311928,-10.334234,-256.322113,18.311928,0.000000
walk,source_cmc,43,ball_r,-16.752200,-250.012709,6.122681,-16.752200,-250.012709,6.122681,0.000000
walk,source_cmc,44,foot_l,13.514283,-237.272406,10.889577,13.514283,-237.272406,10.889577,0.000000
walk,source_cmc,44,ball_l,9.233425,-225.501959,2.362712,9.233425,-225.501959,2.362712,0.000000
walk,source_cmc,44,foot_r,-10.824084,-269.896048,20.386024,-10.824084,-269.896048,20.386024,0.000000
walk,source_cmc,44,ball_r,-16.941425,-265.277319,7.316133,-16.941425,-265.277319,7.316133,0.000000
walk,source_cmc,45,foot_l,13.437766,-237.468484,10.478055,13.437766,-237.468484,10.478055,0.000000
walk,source_cmc,45,ball_l,9.274472,-225.473729,2.209475,9.274472,-225.473729,2.209475,0.000000
walk,source_cmc,45,foot_r,-11.677859,-282.684869,21.877833,-11.677859,-282.684869,21.877833,0.000000
walk,source_cmc,45,ball_r,-17.425610,-278.950942,8.364959,-17.425610,-278.950942,8.364959,0.000000
walk,source_cmc,46,foot_l,13.348623,-237.551479,10.154743,13.348623,-237.551479,10.154743,0.000000
walk,source_cmc,46,ball_l,9.310801,-225.408772,2.041345,9.310801,-225.408772,2.041345,0.000000
walk,source_cmc,46,foot_r,-12.873232,-294.329250,22.539826,-12.873232,-294.329250,22.539826,0.000000
walk,source_cmc,46,ball_r,-17.717783,-290.514368,8.699536,-17.717783,-290.514368,8.699536,0.000000
walk,source_cmc,47,foot_l,13.303161,-237.528950,9.969550,13.303161,-237.528950,9.969550,0.000000
walk,source_cmc,47,ball_l,9.345437,-225.312540,1.927635,9.345437,-225.312540,1.927635,0.000000
walk,source_cmc,47,foot_r,-13.947169,-304.729778,20.842829,-13.947169,-304.729778,20.842829,0.000000
walk,source_cmc,47,ball_r,-17.584771,-300.986984,6.618345,-17.584771,-300.986984,6.618345,0.000000
walk,source_cmc,48,foot_l,13.376307,-237.505454,9.902741,13.376307,-237.505454,9.902741,0.000000
walk,source_cmc,48,ball_l,9.366105,-225.231382,1.975441,9.366105,-225.231382,1.975441,0.000000
walk,source_cmc,48,foot_r,-14.206126,-312.845939,17.984626,-14.206126,-312.845939,17.984626,0.000000
walk,source_cmc,48,ball_r,-17.623179,-308.154100,3.988662,-17.623179,-308.154100,3.988662,0.000000
walk,source_cmc,49,foot_l,13.652290,-237.726933,9.989098,13.652290,-237.726933,9.989098,0.000000
walk,source_cmc,49,ball_l,9.135668,-225.297192,2.594622,9.135668,-225.297192,2.594622,0.000000
walk,source_cmc,49,foot_r,-13.307075,-318.166196,14.729355,-13.307075,-318.166196,14.729355,0.000000
walk,source_cmc,49,ball_r,-17.368525,-309.878185,2.713113,-17.368525,-309.878185,2.713113,0.000000
walk,source_cmc,50,foot_l,13.984559,-239.321008,10.663110,13.984559,-239.321008,10.663110,0.000000
walk,source_cmc,50,ball_l,8.478671,-226.168695,5.536859,8.478671,-226.168695,5.536859,0.000000
walk,source_cmc,50,foot_r,-11.826956,-320.799190,12.161516,-11.826956,-320.799190,12.161516,0.000000
walk,source_cmc,50,ball_r,-17.151722,-310.443428,2.467102,-17.151722,-310.443428,2.467102,0.000000
walk,source_cmc,51,foot_l,14.302559,-242.787686,11.882862,14.302559,-242.787686,11.882862,0.000000
walk,source_cmc,51,ball_l,8.111348,-229.088956,9.988053,8.111348,-229.088956,9.988053,0.000000
walk,source_cmc,51,foot_r,-10.962369,-321.695173,10.725845,-10.962369,-321.695173,10.725845,0.000000
walk,source_cmc,51,ball_r,-17.087495,-310.707164,2.280544,-17.087495,-310.707164,2.280544,0.000000
walk,source_cmc,52,foot_l,14.543179,-250.006038,12.794879,14.543179,-250.006038,12.794879,0.000000
walk,source_cmc,52,ball_l,10.104722,-235.593289,11.328783,10.104722,-235.593289,11.328783,0.000000
walk,source_cmc,52,foot_r,-10.972343,-322.019917,10.426722,-10.972343,-322.019917,10.426722,0.000000
walk,source_cmc,52,ball_r,-17.088775,-310.846250,2.222150,-17.088775,-310.846250,2.222150,0.000000
walk,source_cmc,53,foot_l,15.038428,-261.936727,12.747364,15.038428,-261.936727,12.747364,0.000000
walk,source_cmc,53,ball_l,12.583174,-247.380638,9.331428,12.583174,-247.380638,9.331428,0.000000
walk,source_cmc,53,foot_r,-11.118145,-322.062281,10.495128,-11.118145,-322.062281,10.495128,0.000000
walk,source_cmc,53,ball_r,-17.097138,-310.843699,2.250634,-17.097138,-310.843699,2.250634,0.000000
walk,source_cmc,54,foot_l,15.628879,-276.944473,13.173141,15.628879,-276.944473,13.173141,0.000000
walk,source_cmc,54,ball_l,14.116271,-263.241315,6.887277,14.116271,-263.241315,6.887277,0.000000
walk,source_cmc,54,foot_r,-11.249600,-322.114906,10.557124,-11.249600,-322.114906,10.557124,0.000000
walk,source_cmc,54,ball_r,-17.097481,-310.830517,2.308398,-17.097481,-310.830517,2.308398,0.000000
walk,source_cmc,55,foot_l,16.100293,-293.035078,14.750294,16.100293,-293.035078,14.750294,0.000000
walk,source_cmc,55,ball_l,14.572392,-281.068800,5.582400,14.572392,-281.068800,5.582400,0.000000
walk,source_cmc,55,foot_r,-11.370099,-322.265592,10.533071,-11.370099,-322.265592,10.533071,0.000000
walk,source_cmc,55,ball_r,-17.094415,-310.856877,2.369124,-17.094415,-310.856877,2.369124,0.000000
walk,source_cmc,56,foot_l,16.398060,-309.130476,17.238124,16.398060,-309.130476,17.238124,0.000000
walk,source_cmc,56,ball_l,14.911094,-299.380618,5.735698,14.911094,-299.380618,5.735698,0.000000
walk,source_cmc,56,foot_r,-11.460277,-322.479585,10.424827,-11.460277,-322.479585,10.424827,0.000000
walk,source_cmc,56,ball_r,-17.105998,-310.909471,2.435153,-17.105998,-310.909471,2.435153,0.000000
walk,source_cmc,57,foot_l,16.776478,-324.727713,20.020904,16.776478,-324.727713,20.020904,0.000000
walk,source_cmc,57,ball_l,15.199655,-317.515107,6.789556,15.199655,-317.515107,6.789556,0.000000
walk,source_cmc,57,foot_r,-11.550662,-322.766401,10.217372,-11.550662,-322.766401,10.217372,0.000000
walk,source_cmc,57,ball_r,-17.149386,-310.996693,2.490478,-17.149386,-310.996693,2.490478,0.000000
walk,source_cmc,58,foot_l,17.447774,-339.399482,22.651090,17.447774,-339.399482,22.651090,0.000000
walk,source_cmc,58,ball_l,15.314823,-335.026291,8.301792,15.314823,-335.026291,8.301792,0.000000
walk,source_cmc,58,foot_r,-11.630946,-323.059083,9.928252,-11.630946,-323.059083,9.928252,0.000000
walk,source_cmc,58,ball_r,-17.210947,-311.096655,2.489118,-17.210947,-311.096655,2.489118,0.000000
walk,source_cmc,59,foot_l,18.471135,-352.987456,24.780832,18.471135,-352.987456,24.780832,0.000000
walk,source_cmc,59,ball_l,15.252784,-351.525277,10.047168,15.252784,-351.525277,10.047168,0.000000
walk,source_cmc,59,foot_r,-11.636186,-323.177371,9.728684,-11.636186,-323.177371,9.728684,0.000000
walk,source_cmc,59,ball_r,-17.237855,-311.116530,2.466848,-17.237855,-311.116530,2.466848,0.000000
walk,source_cmc,60,foot_l,19.631104,-365.355551,26.024571,19.631104,-365.355551,26.024571,0.000000
walk,source_cmc,60,ball_l,15.305440,-366.366285,11.538590,15.305440,-366.366285,11.538590,0.000000
walk,source_cmc,60,foot_r,-11.596945,-323.138624,9.675352,-11.596945,-323.138624,9.675352,0.000000
walk,source_cmc,60,ball_r,-17.228040,-311.055064,2.474300,-17.228040,-311.055064,2.474300,0.000000
walk,source_cmc,61,foot_l,20.496756,-376.266307,25.830993,20.496756,-376.266307,25.830993,0.000000
walk,source_cmc,61,ball_l,15.633106,-379.175758,11.779067,15.633106,-379.175758,11.779067,0.000000
walk,source_cmc,61,foot_r,-11.603310,-323.133437,9.625842,-11.603310,-323.133437,9.625842,0.000000
walk,source_cmc,61,ball_r,-17.225252,-310.982452,2.531891,-17.225252,-310.982452,2.531891,0.000000
walk,source_cmc,62,foot_l,20.102148,-385.412264,23.483732,20.102148,-385.412264,23.483732,0.000000
walk,source_cmc,62,ball_l,16.097265,-387.504134,9.021311,16.097265,-387.504134,9.021311,0.000000
walk,source_cmc,62,foot_r,-11.716002,-323.371804,9.619778,-11.716002,-323.371804,9.619778,0.000000
walk,source_cmc,62,ball_r,-17.212231,-310.952038,2.902804,-17.212231,-310.952038,2.902804,0.000000
walk,source_cmc,63,foot_l,19.209996,-392.536998,19.783029,19.209996,-392.536998,19.783029,0.000000
walk,source_cmc,63,ball_l,16.025160,-389.370197,5.312204,16.025160,-389.370197,5.312204,0.000000
walk,source_cmc,63,foot_r,-11.910081,-324.293256,9.730970,-11.910081,-324.293256,9.730970,0.000000
walk,source_cmc,63,ball_r,-17.211685,-311.049441,4.624993,-17.211685,-311.049441,4.624993,0.000000
walk,source_cmc,64,foot_l,18.883115,-398.976550,15.275340,18.883115,-398.976550,15.275340,0.000000
walk,source_cmc,64,ball_l,15.796196,-390.148088,3.354527,15.796196,-390.148088,3.354527,0.000000
walk,source_cmc,64,foot_r,-12.100746,-326.734802,10.278293,-12.100746,-326.734802,10.278293,0.000000
walk,source_cmc,64,ball_r,-17.339823,-312.656823,8.293552,-17.339823,-312.656823,8.293552,0.000000
walk,source_cmc,65,foot_l,18.471955,-401.665497,12.555178,18.471955,-401.665497,12.555178,0.000000
walk,source_cmc,65,ball_l,15.915655,-390.569365,2.559287,15.915655,-390.569365,2.559287,0.000000
walk,source_cmc,65,foot_r,-11.834939,-331.248102,10.876475,-11.834939,-331.248102,10.876475,0.000000
walk,source_cmc,65,ball_r,-18.017359,-317.416617,11.087545,-18.017359,-317.416617,11.087545,0.000000
walk,source_cmc,66,foot_l,18.359494,-402.291235,11.789485,18.359494,-402.291235,11.789485,0.000000
walk,source_cmc,66,ball_l,16.042610,-390.639603,2.384798,16.042610,-390.639603,2.384798,0.000000
walk,source_cmc,66,foot_r,-10.483810,-339.679107,10.790457,-10.483810,-339.679107,10.790457,0.000000
walk,source_cmc,66,ball_r,-18.661949,-326.972693,9.676056,-18.661949,-326.972693,9.676056,0.000000
walk,source_cmc,67,foot_l,18.470947,-402.229542,11.947719,18.470947,-402.229542,11.947719,0.000000
walk,source_cmc,67,ball_l,16.045503,-390.688616,2.434523,16.045503,-390.688616,2.434523,0.000000
walk,source_cmc,67,foot_r,-8.475774,-351.416665,10.457181,-8.475774,-351.416665,10.457181,0.000000
walk,source_cmc,67,ball_r,-18.075249,-340.192550,7.073996,-18.075249,-340.192550,7.073996,0.000000
walk,source_cmc,68,foot_l,18.616179,-402.108940,12.141531,18.616179,-402.108940,12.141531,0.000000
walk,source_cmc,68,ball_l,16.016847,-390.688224,2.529700,16.016847,-390.688224,2.529700,0.000000
walk,source_cmc,68,foot_r,-6.495153,-364.560515,10.732923,-6.495153,-364.560515,10.732923,0.000000
walk,source_cmc,68,ball_r,-16.539259,-354.794936,4.960056,-16.539259,-354.794936,4.960056,0.000000
walk,source_cmc,69,foot_l,18.747963,-402.131808,12.167677,18.747963,-402.131808,12.167677,0.000000
walk,source_cmc,69,ball_l,16.002865,-390.701602,2.607791,16.002865,-390.701602,2.607791,0.000000
walk,source_cmc,69,foot_r,-5.068385,-377.943527,11.972693,-5.068385,-377.943527,11.972693,0.000000
walk,source_cmc,69,ball_r,-14.885400,-369.520111,4.082897,-14.885400,-369.520111,4.082897,0.000000
walk,source_cmc,70,foot_l,18.868218,-402.311780,12.029101,18.868218,-402.311780,12.029101,0.000000
walk,source_cmc,70,ball_l,16.032377,-390.738530,2.669907,16.032377,-390.738530,2.669907,0.000000
walk,source_cmc,70,foot_r,-4.304065,-391.503508,13.767704,-4.304065,-391.503508,13.767704,0.000000
walk,source_cmc,70,ball_r,-13.611265,-384.533501,4.053197,-13.611265,-384.533501,4.053197,0.000000
walk,source_cmc,71,foot_l,18.967347,-402.417529,11.913181,18.967347,-402.417529,11.913181,0.000000
walk,source_cmc,71,ball_l,16.040616,-390.773951,2.669915,16.040616,-390.773951,2.669915,0.000000
walk,source_cmc,71,foot_r,-3.222891,-406.661823,15.906264,-3.222891,-406.661823,15.906264,0.000000
walk,source_cmc,71,ball_r,-12.239864,-401.208867,5.018838,-12.239864,-401.208867,5.018838,0.000000
walk,model_plan,0,foot_l,10.601606,-10.523891,17.328119,10.601606,-10.523891,17.328119,0.000000
walk,model_plan,0,ball_l,10.467348,-1.041532,7.312154,10.467348,-1.041532,7.312154,0.000000
walk,model_plan,0,foot_r,-12.046793,-9.744986,11.148047,-12.046793,-9.744986,11.148047,0.000000
walk,model_plan,0,ball_r,-15.768041,1.415930,2.946069,-15.768041,1.415930,2.946069,0.000000
walk,model_plan,1,foot_l,10.975531,-24.118373,19.152771,10.975531,-24.118373,19.152771,0.000000
walk,model_plan,1,ball_l,10.450927,-16.183611,7.665975,10.450927,-16.183611,7.665975,0.000000
walk,model_plan,1,foot_r,-11.922488,-10.124407,10.166587,-11.922488,-10.124407,10.166587,0.000000
walk,model_plan,1,ball_r,-15.527666,1.326278,2.226550,-15.527666,1.326278,2.226550,0.000000
walk,model_plan,2,foot_l,12.045475,-36.780375,20.410582,12.045475,-36.780375,20.410582,0.000000
walk,model_plan,2,ball_l,11.023454,-30.148891,7.825655,11.023454,-30.148891,7.825655,0.000000
walk,model_plan,2,foot_r,-12.678809,-9.640413,9.507983,-12.678809,-9.640413,9.507983,0.000000
walk,model_plan,2,ball_r,-16.328436,1.965229,2.092487,-16.328436,1.965229,2.092487,0.000000
walk,model_plan,3,foot_l,12.706962,-49.264002,20.912875,12.706962,-49.264002,20.912875,0.000000
walk,model_plan,3,ball_l,10.970086,-43.457052,7.694723,10.970086,-43.457052,7.694723,0.000000
walk,model_plan,3,foot_r,-12.983383,-8.969019,9.662058,-12.983383,-8.969019,9.662058,0.000000
walk,model_plan,3,ball_r,-16.649112,2.458911,2.717526,-16.649112,2.458911,2.717526,0.000000
walk,model_plan,4,foot_l,12.630410,-58.370954,20.220806,12.630410,-58.370954,20.220806,0.000000
walk,model_plan,4,ball_l,10.361469,-52.498662,7.030467,10.361469,-52.498662,7.030467,0.000000
walk,model_plan,4,foot_r,-12.701304,-10.082003,10.034314,-12.701304,-10.082003,10.034314,0.000000
walk,model_plan,4,ball_r,-16.288503,1.178865,3.434509,-16.288503,1.178865,3.434509,0.000000
walk,model_plan,5,foot_l,12.060974,-65.089762,18.582705,12.060974,-65.089762,18.582705,0.000000
walk,model_plan,5,ball_l,9.579471,-58.232340,5.886774,9.579471,-58.232340,5.886774,0.000000
walk,model_plan,5,foot_r,-12.078886,-11.432931,10.371094,-12.078886,-11.432931,10.371094,0.000000
walk,model_plan,5,ball_r,-15.629724,-0.218248,4.496360,-15.629724,-0.218248,4.496360,0.000000
walk,model_plan,6,foot_l,11.678790,-70.463747,16.627209,11.678790,-70.463747,16.627209,0.000000
walk,model_plan,6,ball_l,9.138630,-62.347659,4.592349,9.138630,-62.347659,4.592349,0.000000
walk,model_plan,6,foot_r,-11.766680,-13.924995,10.936287,-11.766680,-13.924995,10.936287,0.000000
walk,model_plan,6,ball_r,-15.469189,-2.813563,5.711921,-15.469189,-2.813563,5.711921,0.000000
walk,model_plan,7,foot_l,11.325162,-74.578828,14.827359,11.325162,-74.578828,14.827359,0.000000
walk,model_plan,7,ball_l,8.800304,-65.126610,3.612473,8.800304,-65.126610,3.612473,0.000000
walk,model_plan,7,foot_r,-11.817712,-17.362872,11.254436,-11.817712,-17.362872,11.254436,0.000000
walk,model_plan,7,ball_r,-15.791726,-6.176236,6.609024,-15.791726,-6.176236,6.609024,0.000000
walk,model_plan,8,foot_l,11.064047,-77.241552,13.157457,11.064047,-77.241552,13.157457,0.000000
walk,model_plan,8,ball_l,8.703122,-66.318336,3.024951,8.703122,-66.318336,3.024951,0.000000
walk,model_plan,8,foot_r,-11.788578,-21.957302,11.514144,-11.788578,-21.957302,11.514144,0.000000
walk,model_plan,8,ball_r,-16.074970,-10.562453,7.254656,-16.074970,-10.562453,7.254656,0.000000
walk,model_plan,9,foot_l,10.639866,-78.741345,11.866507,10.639866,-78.741345,11.866507,0.000000
walk,model_plan,9,ball_l,8.370951,-66.743380,2.835429,8.370951,-66.743380,2.835429,0.000000
walk,model_plan,9,foot_r,-11.369021,-28.670633,11.855370,-11.369021,-28.670633,11.855370,0.000000
walk,model_plan,9,ball_r,-16.035496,-17.275304,7.523057,-16.035496,-17.275304,7.523057,0.000000
walk,model_plan,10,foot_l,10.777807,-79.468308,11.769938,10.777807,-79.468308,11.769938,0.000000
walk,model_plan,10,ball_l,8.598355,-67.327847,3.416257,8.598355,-67.327847,3.416257,0.000000
walk,model_plan,10,foot_r,-11.344099,-38.648888,12.135670,-11.344099,-38.648888,12.135670,0.000000
walk,model_plan,10,ball_r,-16.399550,-27.356365,7.033774,-16.399550,-27.356365,7.033774,0.000000
walk,model_plan,11,foot_l,10.886997,-79.413915,11.950694,10.886997,-79.413915,11.950694,0.000000
walk,model_plan,11,ball_l,8.798769,-67.424352,3.889742,8.798769,-67.424352,3.889742,0.000000
walk,model_plan,11,foot_r,-11.089616,-51.305542,13.027005,-11.089616,-51.305542,13.027005,0.000000
walk,model_plan,11,ball_r,-16.566375,-40.536749,6.507042,-16.566375,-40.536749,6.507042,0.000000
walk,model_plan,12,foot_l,11.148716,-79.593617,11.847369,11.148716,-79.593617,11.847369,0.000000
walk,model_plan,12,ball_l,8.872379,-67.833293,3.974481,8.872379,-67.833293,3.974481,0.000000
walk,model_plan,12,foot_r,-10.784454,-65.345581,14.844592,-10.784454,-65.345581,14.844592,0.000000
walk,model_plan,12,ball_r,-16.106908,-55.775312,6.473363,-16.106908,-55.775312,6.473363,0.000000
walk,model_plan,13,foot_l,11.226132,-81.011610,11.565443,11.226132,-81.011610,11.565443,0.000000
walk,model_plan,13,ball_l,9.026177,-69.403424,3.720304,9.026177,-69.403424,3.720304,0.000000
walk,model_plan,13,foot_r,-10.445253,-78.607091,17.086622,-10.445253,-78.607091,17.086622,0.000000
walk,model_plan,13,ball_r,-15.939523,-70.685178,7.072693,-15.939523,-70.685178,7.072693,0.000000
walk,model_plan,14,foot_l,10.876258,-81.768469,11.429273,10.876258,-81.768469,11.429273,0.000000
walk,model_plan,14,ball_l,8.545123,-70.409988,3.579426,8.545123,-70.409988,3.579426,0.000000
walk,model_plan,14,foot_r,-9.695251,-92.343192,18.558927,-9.695251,-92.343192,18.558927,0.000000
walk,model_plan,14,ball_r,-14.848216,-85.603975,7.187133,-14.848216,-85.603975,7.187133,0.000000
walk,model_plan,15,foot_l,10.663819,-81.930499,11.420638,10.663819,-81.930499,11.420638,0.000000
walk,model_plan,15,ball_l,8.251567,-70.834205,3.430967,8.251567,-70.834205,3.430967,0.000000
walk,model_plan,15,foot_r,-9.119291,-106.126511,19.422451,-9.119291,-106.126511,19.422451,0.000000
walk,model_plan,15,ball_r,-13.903710,-100.219958,7.039081,-13.903710,-100.219958,7.039081,0.000000
walk,model_plan,16,foot_l,10.302753,-80.934392,11.474428,10.302753,-80.934392,11.474428,0.000000
walk,model_plan,16,ball_l,7.923093,-69.999471,3.540884,7.923093,-69.999471,3.540884,0.000000
walk,model_plan,16,foot_r,-8.867150,-119.893679,19.787320,-8.867150,-119.893679,19.787320,0.000000
walk,model_plan,16,ball_r,-13.231666,-114.475685,6.823068,-13.231666,-114.475685,6.823068,0.000000
walk,model_plan,17,foot_l,10.801097,-79.227614,11.451946,10.801097,-79.227614,11.451946,0.000000
walk,model_plan,17,ball_l,8.445689,-68.138662,4.006087,8.445689,-68.138662,4.006087,0.000000
walk,model_plan,17,foot_r,-9.571511,-132.288969,19.210334,-9.571511,-132.288969,19.210334,0.000000
walk,model_plan,17,ball_r,-13.677749,-126.645461,6.216366,-13.677749,-126.645461,6.216366,0.000000
walk,model_plan,18,foot_l,10.706034,-78.353199,11.185963,10.706034,-78.353199,11.185963,0.000000
walk,model_plan,18,ball_l,8.342221,-66.947272,4.681611,8.342221,-66.947272,4.681611,0.000000
walk,model_plan,18,foot_r,-10.209090,-141.918147,18.111654,-10.209090,-141.918147,18.111654,0.000000
walk,model_plan,18,ball_r,-14.324477,-135.611206,5.455922,-14.324477,-135.611206,5.455922,0.000000
walk,model_plan,19,foot_l,10.568769,-78.809217,11.287867,10.568769,-78.809217,11.287867,0.000000
walk,model_plan,19,ball_l,8.222515,-67.089665,5.875368,8.222515,-67.089665,5.875368,0.000000
walk,model_plan,19,foot_r,-10.600651,-148.040619,15.928960,-10.600651,-148.040619,15.928960,0.000000
walk,model_plan,19,ball_r,-14.854467,-140.232494,4.344026,-14.854467,-140.232494,4.344026,0.000000
walk,model_plan,20,foot_l,10.394782,-81.281883,11.544141,10.394782,-81.281883,11.544141,0.000000
walk,model_plan,20,ball_l,8.121005,-69.211659,7.018995,8.121005,-69.211659,7.018995,0.000000
walk,model_plan,20,foot_r,-10.672167,-152.112794,13.611095,-10.672167,-152.112794,13.611095,0.000000
walk,model_plan,20,ball_r,-15.291819,-142.727146,3.177280,-15.291819,-142.727146,3.177280,0.000000
walk,model_plan,21,foot_l,10.546971,-85.389584,12.047940,10.546971,-85.389584,12.047940,0.000000
walk,model_plan,21,ball_l,8.434390,-73.147947,8.137426,8.434390,-73.147947,8.137426,0.000000
walk,model_plan,21,foot_r,-10.573554,-155.493417,11.674640,-10.573554,-155.493417,11.674640,0.000000
walk,model_plan,21,ball_r,-15.397736,-144.857591,2.183428,-15.397736,-144.857591,2.183428,0.000000
walk,model_plan,22,foot_l,10.693142,-91.222915,12.399727,10.693142,-91.222915,12.399727,0.000000
walk,model_plan,22,ball_l,8.802409,-78.832498,8.672852,8.802409,-78.832498,8.672852,0.000000
walk,model_plan,22,foot_r,-10.684352,-157.980806,10.411532,-10.684352,-157.980806,10.411532,0.000000
walk,model_plan,22,ball_r,-15.715207,-146.571979,1.535073,-15.715207,-146.571979,1.535073,0.000000
walk,model_plan,23,foot_l,10.234971,-97.046047,12.765180,10.234971,-97.046047,12.765180,0.000000
walk,model_plan,23,ball_l,8.451875,-84.468380,8.986700,8.451875,-84.468380,8.986700,0.000000
walk,model_plan,23,foot_r,-10.687205,-161.826122,10.149731,-10.687205,-161.826122,10.149731,0.000000
walk,model_plan,23,ball_r,-15.841670,-150.038633,1.531905,-15.841670,-150.038633,1.531905,0.000000
walk,model_plan,24,foot_l,13.396162,-105.694047,11.580914,13.396162,-105.694047,11.580914,0.000000
walk,model_plan,24,ball_l,12.505418,-92.863321,7.267027,12.505418,-92.863321,7.267027,0.000000
walk,model_plan,24,foot_r,-14.732748,-167.309195,12.026278,-14.732748,-167.309195,12.026278,0.000000
walk,model_plan,24,ball_r,-18.731713,-156.936634,2.986553,-18.731713,-156.936634,2.986553,0.000000
walk,model_plan,25,foot_l,13.417104,-116.508743,12.541503,13.417104,-116.508743,12.541503,0.000000
walk,model_plan,25,ball_l,12.855321,-104.001608,7.256187,12.855321,-104.001608,7.256187,0.000000
walk,model_plan,25,foot_r,-15.130997,-167.645985,11.719724,-15.130997,-167.645985,11.719724,0.000000
walk,model_plan,25,ball_r,-19.421214,-156.925634,2.994647,-19.421214,-156.925634,2.994647,0.000000
walk,model_plan,26,foot_l,13.044474,-129.086812,13.804846,13.044474,-129.086812,13.804846,0.000000
walk,model_plan,26,ball_l,12.793092,-117.288768,7.281513,12.793092,-117.288768,7.281513,0.000000
walk,model_plan,26,foot_r,-14.538203,-167.179897,11.396901,-14.538203,-167.179897,11.396901,0.000000
walk,model_plan,26,ball_r,-18.818089,-156.115420,2.922126,-18.818089,-156.115420,2.922126,0.000000
walk,model_plan,27,foot_l,12.231581,-143.598410,15.511410,12.231581,-143.598410,15.511410,0.000000
walk,model_plan,27,ball_l,12.190316,-132.988375,7.297112,12.190316,-132.988375,7.297112,0.000000
walk,model_plan,27,foot_r,-13.577457,-166.702658,11.035870,-13.577457,-166.702658,11.035870,0.000000
walk,model_plan,27,ball_r,-17.650816,-155.427867,2.757268,-17.650816,-155.427867,2.757268,0.000000
walk,model_plan,28,foot_l,11.759900,-158.354015,17.479955,11.759900,-158.354015,17.479955,0.000000
walk,model_plan,28,ball_l,11.703517,-149.131263,7.469546,11.703517,-149.131263,7.469546,0.000000
walk,model_plan,28,foot_r,-12.454060,-166.105417,10.590050,-12.454060,-166.105417,10.590050,0.000000
walk,model_plan,28,ball_r,-16.162787,-154.659199,2.617250,-16.162787,-154.659199,2.617250,0.000000
walk,model_plan,29,foot_l,11.290052,-172.680479,19.334562,11.290052,-172.680479,19.334562,0.000000
walk,model_plan,29,ball_l,11.081675,-164.980748,7.541908,11.081675,-164.980748,7.541908,0.000000
walk,model_plan,29,foot_r,-11.177369,-166.201803,10.312614,-11.177369,-166.201803,10.312614,0.000000
walk,model_plan,29,ball_r,-14.612417,-154.861416,2.502761,-14.612417,-154.861416,2.502761,0.000000
walk,model_plan,30,foot_l,11.106639,-186.200465,20.775314,11.106639,-186.200465,20.775314,0.000000
walk,model_plan,30,ball_l,10.382674,-179.970522,7.805721,10.382674,-179.970522,7.805721,0.000000
walk,model_plan,30,foot_r,-10.593437,-165.612237,9.796695,-10.593437,-165.612237,9.796695,0.000000
walk,model_plan,30,ball_r,-13.852929,-154.170886,2.389155,-13.852929,-154.170886,2.389155,0.000000
walk,model_plan,31,foot_l,11.255059,-199.889022,21.321569,11.255059,-199.889022,21.321569,0.000000
walk,model_plan,31,ball_l,9.729454,-194.592556,7.749906,9.729454,-194.592556,7.749906,0.000000
walk,model_plan,31,foot_r,-10.846309,-163.748685,9.758493,-10.846309,-163.748685,9.758493,0.000000
walk,model_plan,31,ball_r,-13.944606,-152.420023,2.959855,-13.944606,-152.420023,2.959855,0.000000
walk,model_plan,32,foot_l,10.955655,-212.096751,21.003269,10.955655,-212.096751,21.003269,0.000000
walk,model_plan,32,ball_l,8.485585,-207.061139,7.340826,8.485585,-207.061139,7.340826,0.000000
walk,model_plan,32,foot_r,-10.581943,-162.214035,9.819053,-10.581943,-162.214035,9.819053,0.000000
walk,model_plan,32,ball_r,-13.497312,-151.008154,3.753112,-13.497312,-151.008154,3.753112,0.000000
walk,model_plan,33,foot_l,10.804907,-220.337772,19.643533,10.804907,-220.337772,19.643533,0.000000
walk,model_plan,33,ball_l,7.737302,-214.619237,6.332201,7.737302,-214.619237,6.332201,0.000000
walk,model_plan,33,foot_r,-10.300919,-162.353632,10.230097,-10.300919,-162.353632,10.230097,0.000000
walk,model_plan,33,ball_r,-13.266097,-151.154977,5.121187,-13.266097,-151.154977,5.121187,0.000000
walk,model_plan,34,foot_l,10.505835,-225.729758,17.339827,10.505835,-225.729758,17.339827,0.000000
walk,model_plan,34,ball_l,7.222689,-218.441397,4.894399,7.222689,-218.441397,4.894399,0.000000
walk,model_plan,34,foot_r,-9.814437,-163.976425,10.744514,-9.814437,-163.976425,10.744514,0.000000
walk,model_plan,34,ball_r,-12.942879,-152.693170,6.617286,-12.942879,-152.693170,6.617286,0.000000
walk,model_plan,35,foot_l,10.120749,-229.944161,15.468539,10.120749,-229.944161,15.468539,0.000000
walk,model_plan,35,ball_l,6.871311,-221.316651,3.841835,6.871311,-221.316651,3.841835,0.000000
walk,model_plan,35,foot_r,-9.301499,-167.568198,11.235279,-9.301499,-167.568198,11.235279,0.000000
walk,model_plan,35,ball_r,-12.614477,-156.271419,7.673497,-12.614477,-156.271419,7.673497,0.000000
walk,model_plan,36,foot_l,9.884978,-233.899364,13.854602,9.884978,-233.899364,13.854602,0.000000
walk,model_plan,36,ball_l,6.734055,-224.099901,2.951708,6.734055,-224.099901,2.951708,0.000000
walk,model_plan,36,foot_r,-8.939683,-171.446410,11.466347,-8.939683,-171.446410,11.466347,0.000000
walk,model_plan,36,ball_r,-12.229533,-159.938845,8.292092,-12.229533,-159.938845,8.292092,0.000000
walk,model_plan,37,foot_l,9.675206,-234.542334,11.877343,9.675206,-234.542334,11.877343,0.000000
walk,model_plan,37,ball_l,7.102109,-222.912294,2.436354,7.102109,-222.912294,2.436354,0.000000
walk,model_plan,37,foot_r,-7.993706,-177.330497,11.796347,-7.993706,-177.330497,11.796347,0.000000
walk,model_plan,37,ball_r,-11.912258,-165.611643,8.711350,-11.912258,-165.611643,8.711350,0.000000
walk,model_plan,38,foot_l,9.687962,-236.910355,11.782436,9.687962,-236.910355,11.782436,0.000000
walk,model_plan,38,ball_l,7.294516,-225.104274,2.911569,7.294516,-225.104274,2.911569,0.000000
walk,model_plan,38,foot_r,-7.971952,-185.714599,11.607743,-7.971952,-185.714599,11.607743,0.000000
walk,model_plan,38,ball_r,-12.175565,-173.848480,7.960378,-12.175565,-173.848480,7.960378,0.000000
walk,model_plan,39,foot_l,9.898400,-237.162279,12.307121,9.898400,-237.162279,12.307121,0.000000
walk,model_plan,39,ball_l,7.630764,-225.618932,3.782731,7.630764,-225.618932,3.782731,0.000000
walk,model_plan,39,foot_r,-7.919157,-198.307776,11.866585,-7.919157,-198.307776,11.866585,0.000000
walk,model_plan,39,ball_r,-12.374297,-186.640811,6.730680,-12.374297,-186.640811,6.730680,0.000000
walk,model_plan,40,foot_l,10.224532,-236.716886,12.568589,10.224532,-236.716886,12.568589,0.000000
walk,model_plan,40,ball_l,8.203334,-225.459961,4.284219,8.203334,-225.459961,4.284219,0.000000
walk,model_plan,40,foot_r,-8.172621,-212.886009,13.090323,-8.172621,-212.886009,13.090323,0.000000
walk,model_plan,40,ball_r,-12.856700,-202.026691,6.026006,-12.856700,-202.026691,6.026006,0.000000
walk,model_plan,41,foot_l,10.683088,-237.568300,12.449472,10.683088,-237.568300,12.449472,0.000000
walk,model_plan,41,ball_l,8.763845,-226.493848,4.332872,8.763845,-226.493848,4.332872,0.000000
walk,model_plan,41,foot_r,-8.550657,-226.702435,14.973484,-8.550657,-226.702435,14.973484,0.000000
walk,model_plan,41,ball_r,-13.268054,-217.134984,6.114737,-13.268054,-217.134984,6.114737,0.000000
walk,model_plan,42,foot_l,11.053123,-237.069026,12.025796,11.053123,-237.069026,12.025796,0.000000
walk,model_plan,42,ball_l,9.161308,-226.139574,4.066994,9.161308,-226.139574,4.066994,0.000000
walk,model_plan,42,foot_r,-8.752615,-241.731780,16.948591,-8.752615,-241.731780,16.948591,0.000000
walk,model_plan,42,ball_r,-13.278911,-233.611762,6.418612,-13.278911,-233.611762,6.418612,0.000000
walk,model_plan,43,foot_l,10.915521,-235.958816,11.694698,10.915521,-235.958816,11.694698,0.000000
walk,model_plan,43,ball_l,9.084083,-225.200229,3.827874,9.084083,-225.200229,3.827874,0.000000
walk,model_plan,43,foot_r,-8.757194,-257.347628,18.463464,-8.757194,-257.347628,18.463464,0.000000
walk,model_plan,43,ball_r,-12.871243,-250.439665,6.626748,-12.871243,-250.439665,6.626748,0.000000
walk,model_plan,44,foot_l,10.785875,-234.671083,11.255108,10.785875,-234.671083,11.255108,0.000000
walk,model_plan,44,ball_l,8.980899,-223.811299,3.549287,8.980899,-223.811299,3.549287,0.000000
walk,model_plan,44,foot_r,-9.391347,-271.837601,19.220059,-9.391347,-271.837601,19.220059,0.000000
walk,model_plan,44,ball_r,-13.247919,-265.655719,6.569995,-13.247919,-265.655719,6.569995,0.000000
walk,model_plan,45,foot_l,11.295206,-233.942036,11.139985,11.295206,-233.942036,11.139985,0.000000
walk,model_plan,45,ball_l,9.518144,-222.927262,3.847075,9.518144,-222.927262,3.847075,0.000000
walk,model_plan,45,foot_r,-9.928259,-283.601785,18.973313,-9.928259,-283.601785,18.973313,0.000000
walk,model_plan,45,ball_r,-13.603114,-277.490515,6.108589,-13.603114,-277.490515,6.108589,0.000000
walk,model_plan,46,foot_l,12.160698,-235.062526,11.028691,12.160698,-235.062526,11.028691,0.000000
walk,model_plan,46,ball_l,10.379014,-223.730806,4.496418,10.379014,-223.730806,4.496418,0.000000
walk,model_plan,46,foot_r,-10.648099,-291.360447,18.034165,-10.648099,-291.360447,18.034165,0.000000
walk,model_plan,46,ball_r,-14.320931,-284.720162,5.517289,-14.320931,-284.720162,5.517289,0.000000
walk,model_plan,47,foot_l,12.475022,-236.672387,11.026389,12.475022,-236.672387,11.026389,0.000000
walk,model_plan,47,ball_l,10.725274,-224.980065,5.227931,10.725274,-224.980065,5.227931,0.000000
walk,model_plan,47,foot_r,-11.290687,-298.247570,16.902827,-11.290687,-298.247570,16.902827,0.000000
walk,model_plan,47,ball_r,-15.099820,-290.611443,4.923994,-15.099820,-290.611443,4.923994,0.000000
walk,model_plan,48,foot_l,11.933722,-240.108365,9.399664,11.933722,-240.108365,9.399664,0.000000
walk,model_plan,48,ball_l,10.602738,-227.455610,4.524983,10.602738,-227.455610,4.524983,0.000000
walk,model_plan,48,foot_r,-14.287062,-307.444194,17.627086,-14.287062,-307.444194,17.627086,0.000000
walk,model_plan,48,ball_r,-17.889476,-300.440890,5.841611,-17.889476,-300.440890,5.841611,0.000000
walk,model_plan,49,foot_l,12.349472,-243.184540,10.009941,12.349472,-243.184540,10.009941,0.000000
walk,model_plan,49,ball_l,11.093068,-230.509499,5.643525,11.093068,-230.509499,5.643525,0.000000
walk,model_plan,49,foot_r,-14.811908,-312.518960,16.156009,-14.811908,-312.518960,16.156009,0.000000
walk,model_plan,49,ball_r,-18.542579,-304.536879,4.987304,-18.542579,-304.536879,4.987304,0.000000
walk,model_plan,50,foot_l,12.680747,-247.355109,10.487039,12.680747,-247.355109,10.487039,0.000000
walk,model_plan,50,ball_l,11.584024,-234.576839,6.420909,11.584024,-234.576839,6.420909,0.000000
walk,model_plan,50,foot_r,-15.244205,-316.446745,14.776418,-15.244205,-316.446745,14.776418,0.000000
walk,model_plan,50,ball_r,-19.109052,-307.485476,4.259306,-19.109052,-307.485476,4.259306,0.000000
walk,model_plan,51,foot_l,12.482099,-252.528006,10.954739,12.482099,-252.528006,10.954739,0.000000
walk,model_plan,51,ball_l,11.600480,-239.610413,6.959005,11.600480,-239.610413,6.959005,0.000000
walk,model_plan,51,foot_r,-15.257683,-319.006577,13.554054,-15.257683,-319.006577,13.554054,0.000000
walk,model_plan,51,ball_r,-19.266367,-309.034130,3.694647,-19.266367,-309.034130,3.694647,0.000000
walk,model_plan,52,foot_l,12.130390,-259.364924,11.643253,12.130390,-259.364924,11.643253,0.000000
walk,model_plan,52,ball_l,11.633431,-246.366248,7.542381,11.633431,-246.366248,7.542381,0.000000
walk,model_plan,52,foot_r,-15.375885,-320.096269,12.064663,-15.375885,-320.096269,12.064663,0.000000
walk,model_plan,52,ball_r,-19.524649,-308.883914,3.050028,-19.524649,-308.883914,3.050028,0.000000
walk,model_plan,53,foot_l,11.505672,-268.131673,12.508124,11.505672,-268.131673,12.508124,0.000000
walk,model_plan,53,ball_l,11.350925,-255.426109,7.795744,11.350925,-255.426109,7.795744,0.000000
walk,model_plan,53,foot_r,-14.433771,-320.728499,11.182529,-14.433771,-320.728499,11.182529,0.000000
walk,model_plan,53,ball_r,-18.378733,-308.691999,2.860582,-18.378733,-308.691999,2.860582,0.000000
walk,model_plan,54,foot_l,10.682780,-279.715718,13.419706,10.682780,-279.715718,13.419706,0.000000
walk,model_plan,54,ball_l,10.754903,-267.568386,7.522426,10.754903,-267.568386,7.522426,0.000000
walk,model_plan,54,foot_r,-13.478765,-321.111280,10.846144,-13.478765,-321.111280,10.846144,0.000000
walk,model_plan,54,ball_r,-17.301279,-308.765087,3.000435,-17.301279,-308.765087,3.000435,0.000000
walk,model_plan,55,foot_l,9.801116,-293.541563,14.655133,9.801116,-293.541563,14.655133,0.000000
walk,model_plan,55,ball_l,9.986921,-282.330243,7.081972,9.986921,-282.330243,7.081972,0.000000
walk,model_plan,55,foot_r,-12.776341,-321.404952,10.491490,-12.776341,-321.404952,10.491490,0.000000
walk,model_plan,55,ball_r,-16.342300,-308.952332,2.928994,-16.342300,-308.952332,2.928994,0.000000
walk,model_plan,56,foot_l,9.719045,-308.233488,16.621542,9.719045,-308.233488,16.621542,0.000000
walk,model_plan,56,ball_l,9.983949,-298.455946,7.161149,9.983949,-298.455946,7.161149,0.000000
walk,model_plan,56,foot_r,-12.402087,-321.465296,10.044120,-12.402087,-321.465296,10.044120,0.000000
walk,model_plan,56,ball_r,-15.753824,-309.003695,2.749795,-15.753824,-309.003695,2.749795,0.000000
walk,model_plan,57,foot_l,9.709398,-323.116599,18.596610,9.709398,-323.116599,18.596610,0.000000
walk,model_plan,57,ball_l,9.906627,-314.915365,7.314192,9.906627,-314.915365,7.314192,0.000000
walk,model_plan,57,foot_r,-11.451049,-321.569384,9.717032,-11.451049,-321.569384,9.717032,0.000000
walk,model_plan,57,ball_r,-14.684616,-309.279406,2.530355,-14.684616,-309.279406,2.530355,0.000000
walk,model_plan,58,foot_l,10.096817,-336.924630,19.992565,10.096817,-336.924630,19.992565,0.000000
walk,model_plan,58,ball_l,9.898882,-330.168731,7.424918,9.898882,-330.168731,7.424918,0.000000
walk,model_plan,58,foot_r,-11.026385,-322.272406,9.558862,-11.026385,-322.272406,9.558862,0.000000
walk,model_plan,58,ball_r,-14.148639,-310.291629,2.394949,-14.148639,-310.291629,2.394949,0.000000
walk,model_plan,59,foot_l,10.183406,-347.749312,20.595247,10.183406,-347.749312,20.595247,0.000000
walk,model_plan,59,ball_l,9.540692,-341.827157,7.561722,9.540692,-341.827157,7.561722,0.000000
walk,model_plan,59,foot_r,-11.329488,-323.882154,9.376556,-11.329488,-323.882154,9.376556,0.000000
walk,model_plan,59,ball_r,-14.379776,-311.889505,2.346931,-14.379776,-311.889505,2.346931,0.000000
walk,model_plan,60,foot_l,9.970760,-359.733957,20.645604,9.970760,-359.733957,20.645604,0.000000
walk,model_plan,60,ball_l,8.485243,-354.306775,7.348009,8.485243,-354.306775,7.348009,0.000000
walk,model_plan,60,foot_r,-11.907884,-323.543131,9.440059,-11.907884,-323.543131,9.440059,0.000000
walk,model_plan,60,ball_r,-14.665189,-311.612420,2.707959,-14.665189,-311.612420,2.707959,0.000000
walk,model_plan,61,foot_l,9.647800,-370.365617,20.423439,9.647800,-370.365617,20.423439,0.000000
walk,model_plan,61,ball_l,7.484525,-365.130249,7.237974,7.484525,-365.130249,7.237974,0.000000
walk,model_plan,61,foot_r,-11.237426,-323.481438,9.279520,-11.237426,-323.481438,9.279520,0.000000
walk,model_plan,61,ball_r,-13.972735,-311.678915,3.190590,-13.972735,-311.678915,3.190590,0.000000
walk,model_plan,62,foot_l,9.082385,-378.403288,19.357795,9.082385,-378.403288,19.357795,0.000000
walk,model_plan,62,ball_l,6.412626,-372.676831,6.549914,6.412626,-372.676831,6.549914,0.000000
walk,model_plan,62,foot_r,-11.164309,-324.583352,9.632029,-11.164309,-324.583352,9.632029,0.000000
walk,model_plan,62,ball_r,-13.927378,-312.813732,4.086560,-13.927378,-312.813732,4.086560,0.000000
walk,model_plan,63,foot_l,8.475147,-384.008345,17.541741,8.475147,-384.008345,17.541741,0.000000
walk,model_plan,63,ball_l,5.593747,-377.072480,5.372591,5.593747,-377.072480,5.372591,0.000000
walk,model_plan,63,foot_r,-10.546772,-327.128524,10.225179,-10.546772,-327.128524,10.225179,0.000000
walk,model_plan,63,ball_r,-13.404490,-315.428388,5.238513,-13.404490,-315.428388,5.238513,0.000000
walk,model_plan,64,foot_l,8.116513,-388.072589,15.472901,8.116513,-388.072589,15.472901,0.000000
walk,model_plan,64,ball_l,5.435283,-379.553419,4.175669,5.435283,-379.553419,4.175669,0.000000
walk,model_plan,64,foot_r,-9.801058,-330.588931,10.724024,-9.801058,-330.588931,10.724024,0.000000
walk,model_plan,64,ball_r,-12.836273,-318.827122,6.305213,-12.836273,-318.827122,6.305213,0.000000
walk,model_plan,65,foot_l,8.139236,-390.806100,13.962370,8.139236,-390.806100,13.962370,0.000000
walk,model_plan,65,ball_l,5.933375,-380.862376,3.577915,5.933375,-380.862376,3.577915,0.000000
walk,model_plan,65,foot_r,-9.159773,-335.587096,10.938166,-9.159773,-335.587096,10.938166,0.000000
walk,model_plan,65,ball_r,-12.403053,-323.628616,6.770718,-12.403053,-323.628616,6.770718,0.000000
walk,model_plan,66,foot_l,8.598720,-392.290926,12.916939,8.598720,-392.290926,12.916939,0.000000
walk,model_plan,66,ball_l,6.802411,-381.268144,3.541030,6.802411,-381.268144,3.541030,0.000000
walk,model_plan,66,foot_r,-8.755606,-342.418277,11.039881,-8.755606,-342.418277,11.039881,0.000000
walk,model_plan,66,ball_r,-12.250906,-330.318913,6.802599,-12.250906,-330.318913,6.802599,0.000000
walk,model_plan,67,foot_l,9.239687,-394.265401,12.257414,9.239687,-394.265401,12.257414,0.000000
walk,model_plan,67,ball_l,7.743245,-382.689662,3.593106,7.743245,-382.689662,3.593106,0.000000
walk,model_plan,67,foot_r,-9.038868,-350.954834,11.437714,-9.038868,-350.954834,11.437714,0.000000
walk,model_plan,67,ball_r,-12.766877,-338.988000,6.536225,-12.766877,-338.988000,6.536225,0.000000
walk,model_plan,68,foot_l,10.023609,-396.147768,12.017202,10.023609,-396.147768,12.017202,0.000000
walk,model_plan,68,ball_l,8.744577,-384.440014,3.790632,8.744577,-384.440014,3.790632,0.000000
walk,model_plan,68,foot_r,-9.978688,-361.612446,12.228388,-9.978688,-361.612446,12.228388,0.000000
walk,model_plan,68,ball_r,-14.025600,-350.038983,6.171794,-14.025600,-350.038983,6.171794,0.000000
walk,model_plan,69,foot_l,10.582906,-396.718724,11.774033,10.582906,-396.718724,11.774033,0.000000
walk,model_plan,69,ball_l,9.488869,-384.983815,3.831284,9.488869,-384.983815,3.831284,0.000000
walk,model_plan,69,foot_r,-10.274491,-374.747828,13.471651,-10.274491,-374.747828,13.471651,0.000000
walk,model_plan,69,ball_r,-14.528361,-363.981420,5.961662,-14.528361,-363.981420,5.961662,0.000000
walk,model_plan,70,foot_l,11.046056,-396.062218,11.529487,11.046056,-396.062218,11.529487,0.000000
walk,model_plan,70,ball_l,9.992161,-384.614066,3.670263,9.992161,-384.614066,3.670263,0.000000
walk,model_plan,70,foot_r,-10.549530,-390.165674,15.162417,-10.549530,-390.165674,15.162417,0.000000
walk,model_plan,70,ball_r,-14.800304,-380.617819,5.809690,-14.800304,-380.617819,5.809690,0.000000
walk,model_plan,71,foot_l,11.280618,-393.794541,11.554611,11.280618,-393.794541,11.554611,0.000000
walk,model_plan,71,ball_l,10.315041,-382.634132,3.649745,10.315041,-382.634132,3.649745,0.000000
walk,model_plan,71,foot_r,-10.833204,-407.105392,16.593398,-10.833204,-407.105392,16.593398,0.000000
walk,model_plan,71,ball_r,-14.984125,-398.665436,5.674274,-14.984125,-398.665436,5.674274,0.000000
walk,model_cmc,0,foot_l,10.601606,-10.523891,17.328119,10.601606,-10.523891,17.328119,0.000000
walk,model_cmc,0,ball_l,10.467348,-1.041532,7.312154,10.467348,-1.041532,7.312154,0.000000
walk,model_cmc,0,foot_r,-12.046793,-9.744986,11.148047,-12.046793,-9.744986,11.148047,0.000000
walk,model_cmc,0,ball_r,-15.768041,1.415930,2.946069,-15.768041,1.415930,2.946069,0.000000
walk,model_cmc,1,foot_l,10.975531,-24.118373,19.152771,10.975531,-24.118373,19.152771,0.000000
walk,model_cmc,1,ball_l,10.450927,-16.183611,7.665975,10.450927,-16.183611,7.665975,0.000000
walk,model_cmc,1,foot_r,-11.922488,-10.124407,10.166587,-11.922488,-10.124407,10.166587,0.000000
walk,model_cmc,1,ball_r,-15.527666,1.326278,2.226550,-15.527666,1.326278,2.226550,0.000000
walk,model_cmc,2,foot_l,12.045475,-36.780375,20.410582,12.045475,-36.780375,20.410582,0.000000
walk,model_cmc,2,ball_l,11.023454,-30.148891,7.825655,11.023454,-30.148891,7.825655,0.000000
walk,model_cmc,2,foot_r,-12.678809,-9.640413,9.507983,-12.678809,-9.640413,9.507983,0.000000
walk,model_cmc,2,ball_r,-16.328436,1.965229,2.092487,-16.328436,1.965229,2.092487,0.000000
walk,model_cmc,3,foot_l,12.706962,-49.264014,20.912875,12.706962,-49.264014,20.912875,0.000000
walk,model_cmc,3,ball_l,10.970086,-43.457064,7.694723,10.970086,-43.457064,7.694723,0.000000
walk,model_cmc,3,foot_r,-12.983383,-8.969031,9.662058,-12.983383,-8.969031,9.662058,0.000000
walk,model_cmc,3,ball_r,-16.649112,2.458899,2.717526,-16.649112,2.458899,2.717526,0.000000
walk,model_cmc,4,foot_l,12.630410,-58.370954,20.220806,12.630410,-58.370954,20.220806,0.000000
walk,model_cmc,4,ball_l,10.361469,-52.498662,7.030467,10.361469,-52.498662,7.030467,0.000000
walk,model_cmc,4,foot_r,-12.701304,-10.082003,10.034314,-12.701304,-10.082003,10.034314,0.000000
walk,model_cmc,4,ball_r,-16.288503,1.178865,3.434509,-16.288503,1.178865,3.434509,0.000000
walk,model_cmc,5,foot_l,12.060974,-65.089762,18.582705,12.060974,-65.089762,18.582705,0.000000
walk,model_cmc,5,ball_l,9.579471,-58.232340,5.886774,9.579471,-58.232340,5.886774,0.000000
walk,model_cmc,5,foot_r,-12.078886,-11.432931,10.371094,-12.078886,-11.432931,10.371094,0.000000
walk,model_cmc,5,ball_r,-15.629724,-0.218248,4.496360,-15.629724,-0.218248,4.496360,0.000000
walk,model_cmc,6,foot_l,11.678790,-70.463747,16.627209,11.678790,-70.463747,16.627209,0.000000
walk,model_cmc,6,ball_l,9.138630,-62.347659,4.592349,9.138630,-62.347659,4.592349,0.000000
walk,model_cmc,6,foot_r,-11.766680,-13.924995,10.936287,-11.766680,-13.924995,10.936287,0.000000
walk,model_cmc,6,ball_r,-15.469189,-2.813563,5.711921,-15.469189,-2.813563,5.711921,0.000000
walk,model_cmc,7,foot_l,11.325162,-74.578828,14.827359,11.325162,-74.578828,14.827359,0.000000
walk,model_cmc,7,ball_l,8.800304,-65.126610,3.612473,8.800304,-65.126610,3.612473,0.000000
walk,model_cmc,7,foot_r,-11.817712,-17.362872,11.254436,-11.817712,-17.362872,11.254436,0.000000
walk,model_cmc,7,ball_r,-15.791726,-6.176236,6.609024,-15.791726,-6.176236,6.609024,0.000000
walk,model_cmc,8,foot_l,11.064047,-77.241552,13.157457,11.064047,-77.241552,13.157457,0.000000
walk,model_cmc,8,ball_l,8.703122,-66.318336,3.024951,8.703122,-66.318336,3.024951,0.000000
walk,model_cmc,8,foot_r,-11.788578,-21.957302,11.514144,-11.788578,-21.957302,11.514144,0.000000
walk,model_cmc,8,ball_r,-16.074970,-10.562453,7.254656,-16.074970,-10.562453,7.254656,0.000000
walk,model_cmc,9,foot_l,10.639866,-78.741345,11.866507,10.639866,-78.741345,11.866507,0.000000
walk,model_cmc,9,ball_l,8.370951,-66.743380,2.835429,8.370951,-66.743380,2.835429,0.000000
walk,model_cmc,9,foot_r,-11.369021,-28.670633,11.855370,-11.369021,-28.670633,11.855370,0.000000
walk,model_cmc,9,ball_r,-16.035496,-17.275304,7.523057,-16.035496,-17.275304,7.523057,0.000000
walk,model_cmc,10,foot_l,10.777807,-79.468308,11.769938,10.777807,-79.468308,11.769938,0.000000
walk,model_cmc,10,ball_l,8.598355,-67.327847,3.416257,8.598355,-67.327847,3.416257,0.000000
walk,model_cmc,10,foot_r,-11.344099,-38.648888,12.135670,-11.344099,-38.648888,12.135670,0.000000
walk,model_cmc,10,ball_r,-16.399550,-27.356365,7.033774,-16.399550,-27.356365,7.033774,0.000000
walk,model_cmc,11,foot_l,10.886997,-79.413915,11.950694,10.886997,-79.413915,11.950694,0.000000
walk,model_cmc,11,ball_l,8.798769,-67.424352,3.889742,8.798769,-67.424352,3.889742,0.000000
walk,model_cmc,11,foot_r,-11.089616,-51.305542,13.027005,-11.089616,-51.305542,13.027005,0.000000
walk,model_cmc,11,ball_r,-16.566375,-40.536749,6.507042,-16.566375,-40.536749,6.507042,0.000000
walk,model_cmc,12,foot_l,11.148716,-79.593629,11.847369,11.148716,-79.593629,11.847369,0.000000
walk,model_cmc,12,ball_l,8.872379,-67.833305,3.974481,8.872379,-67.833305,3.974481,0.000000
walk,model_cmc,12,foot_r,-10.784454,-65.345593,14.844592,-10.784454,-65.345593,14.844592,0.000000
walk,model_cmc,12,ball_r,-16.106908,-55.775324,6.473363,-16.106908,-55.775324,6.473363,0.000000
walk,model_cmc,13,foot_l,11.226132,-81.011610,11.565443,11.226132,-81.011610,11.565443,0.000000
walk,model_cmc,13,ball_l,9.026177,-69.403424,3.720304,9.026177,-69.403424,3.720304,0.000000
walk,model_cmc,13,foot_r,-10.445253,-78.607091,17.086622,-10.445253,-78.607091,17.086622,0.000000
walk,model_cmc,13,ball_r,-15.939523,-70.685178,7.072693,-15.939523,-70.685178,7.072693,0.000000
walk,model_cmc,14,foot_l,10.876258,-81.768469,11.429273,10.876258,-81.768469,11.429273,0.000000
walk,model_cmc,14,ball_l,8.545123,-70.409988,3.579426,8.545123,-70.409988,3.579426,0.000000
walk,model_cmc,14,foot_r,-9.695251,-92.343192,18.558927,-9.695251,-92.343192,18.558927,0.000000
walk,model_cmc,14,ball_r,-14.848216,-85.603975,7.187133,-14.848216,-85.603975,7.187133,0.000000
walk,model_cmc,15,foot_l,10.663819,-81.930523,11.420638,10.663819,-81.930523,11.420638,0.000000
walk,model_cmc,15,ball_l,8.251567,-70.834228,3.430967,8.251567,-70.834228,3.430967,0.000000
walk,model_cmc,15,foot_r,-9.119291,-106.126535,19.422451,-9.119291,-106.126535,19.422451,0.000000
walk,model_cmc,15,ball_r,-13.903710,-100.219981,7.039081,-13.903710,-100.219981,7.039081,0.000000
walk,model_cmc,16,foot_l,10.302753,-80.934392,11.474428,10.302753,-80.934392,11.474428,0.000000
walk,model_cmc,16,ball_l,7.923093,-69.999471,3.540884,7.923093,-69.999471,3.540884,0.000000
walk,model_cmc,16,foot_r,-8.867150,-119.893679,19.787320,-8.867150,-119.893679,19.787320,0.000000
walk,model_cmc,16,ball_r,-13.231666,-114.475685,6.823068,-13.231666,-114.475685,6.823068,0.000000
walk,model_cmc,17,foot_l,10.801097,-79.227614,11.451946,10.801097,-79.227614,11.451946,0.000000
walk,model_cmc,17,ball_l,8.445689,-68.138662,4.006087,8.445689,-68.138662,4.006087,0.000000
walk,model_cmc,17,foot_r,-9.571511,-132.288969,19.210334,-9.571511,-132.288969,19.210334,0.000000
walk,model_cmc,17,ball_r,-13.677749,-126.645461,6.216366,-13.677749,-126.645461,6.216366,0.000000
walk,model_cmc,18,foot_l,10.706034,-78.353199,11.185963,10.706034,-78.353199,11.185963,0.000000
walk,model_cmc,18,ball_l,8.342221,-66.947272,4.681611,8.342221,-66.947272,4.681611,0.000000
walk,model_cmc,18,foot_r,-10.209090,-141.918147,18.111654,-10.209090,-141.918147,18.111654,0.000000
walk,model_cmc,18,ball_r,-14.324477,-135.611206,5.455922,-14.324477,-135.611206,5.455922,0.000000
walk,model_cmc,19,foot_l,10.568769,-78.809217,11.287867,10.568769,-78.809217,11.287867,0.000000
walk,model_cmc,19,ball_l,8.222515,-67.089665,5.875368,8.222515,-67.089665,5.875368,0.000000
walk,model_cmc,19,foot_r,-10.600651,-148.040619,15.928960,-10.600651,-148.040619,15.928960,0.000000
walk,model_cmc,19,ball_r,-14.854467,-140.232494,4.344026,-14.854467,-140.232494,4.344026,0.000000
walk,model_cmc,20,foot_l,10.394782,-81.281883,11.544141,10.394782,-81.281883,11.544141,0.000000
walk,model_cmc,20,ball_l,8.121005,-69.211659,7.018995,8.121005,-69.211659,7.018995,0.000000
walk,model_cmc,20,foot_r,-10.672167,-152.112794,13.611095,-10.672167,-152.112794,13.611095,0.000000
walk,model_cmc,20,ball_r,-15.291819,-142.727146,3.177280,-15.291819,-142.727146,3.177280,0.000000
walk,model_cmc,21,foot_l,10.546971,-85.389584,12.047940,10.546971,-85.389584,12.047940,0.000000
walk,model_cmc,21,ball_l,8.434390,-73.147947,8.137426,8.434390,-73.147947,8.137426,0.000000
walk,model_cmc,21,foot_r,-10.573554,-155.493417,11.674640,-10.573554,-155.493417,11.674640,0.000000
walk,model_cmc,21,ball_r,-15.397736,-144.857591,2.183428,-15.397736,-144.857591,2.183428,0.000000
walk,model_cmc,22,foot_l,10.693142,-91.222939,12.399727,10.693142,-91.222939,12.399727,0.000000
walk,model_cmc,22,ball_l,8.802409,-78.832522,8.672852,8.802409,-78.832522,8.672852,0.000000
walk,model_cmc,22,foot_r,-10.684352,-157.980829,10.411532,-10.684352,-157.980829,10.411532,0.000000
walk,model_cmc,22,ball_r,-15.715207,-146.572003,1.535073,-15.715207,-146.572003,1.535073,0.000000
walk,model_cmc,23,foot_l,10.234971,-97.046047,12.765180,10.234971,-97.046047,12.765180,0.000000
walk,model_cmc,23,ball_l,8.451875,-84.468380,8.986700,8.451875,-84.468380,8.986700,0.000000
walk,model_cmc,23,foot_r,-10.687205,-161.826122,10.149731,-10.687205,-161.826122,10.149731,0.000000
walk,model_cmc,23,ball_r,-15.841670,-150.038633,1.531905,-15.841670,-150.038633,1.531905,0.000000
walk,model_cmc,24,foot_l,13.396162,-105.694047,11.580914,13.396162,-105.694047,11.580914,0.000000
walk,model_cmc,24,ball_l,12.505418,-92.863321,7.267027,12.505418,-92.863321,7.267027,0.000000
walk,model_cmc,24,foot_r,-14.732748,-167.309195,12.026278,-14.732748,-167.309195,12.026278,0.000000
walk,model_cmc,24,ball_r,-18.731713,-156.936634,2.986553,-18.731713,-156.936634,2.986553,0.000000
walk,model_cmc,25,foot_l,13.417104,-116.508743,12.541503,13.417104,-116.508743,12.541503,0.000000
walk,model_cmc,25,ball_l,12.855321,-104.001608,7.256187,12.855321,-104.001608,7.256187,0.000000
walk,model_cmc,25,foot_r,-15.130997,-167.645985,11.719724,-15.130997,-167.645985,11.719724,0.000000
walk,model_cmc,25,ball_r,-19.421214,-156.925634,2.994647,-19.421214,-156.925634,2.994647,0.000000
walk,model_cmc,26,foot_l,13.044474,-129.086812,13.804846,13.044474,-129.086812,13.804846,0.000000
walk,model_cmc,26,ball_l,12.793092,-117.288768,7.281513,12.793092,-117.288768,7.281513,0.000000
walk,model_cmc,26,foot_r,-14.538203,-167.179897,11.396901,-14.538203,-167.179897,11.396901,0.000000
walk,model_cmc,26,ball_r,-18.818089,-156.115420,2.922126,-18.818089,-156.115420,2.922126,0.000000
walk,model_cmc,27,foot_l,12.231581,-143.598410,15.511410,12.231581,-143.598410,15.511410,0.000000
walk,model_cmc,27,ball_l,12.190316,-132.988375,7.297112,12.190316,-132.988375,7.297112,0.000000
walk,model_cmc,27,foot_r,-13.577457,-166.702658,11.035870,-13.577457,-166.702658,11.035870,0.000000
walk,model_cmc,27,ball_r,-17.650816,-155.427867,2.757268,-17.650816,-155.427867,2.757268,0.000000
walk,model_cmc,28,foot_l,11.759900,-158.354015,17.479955,11.759900,-158.354015,17.479955,0.000000
walk,model_cmc,28,ball_l,11.703517,-149.131263,7.469546,11.703517,-149.131263,7.469546,0.000000
walk,model_cmc,28,foot_r,-12.454060,-166.105417,10.590050,-12.454060,-166.105417,10.590050,0.000000
walk,model_cmc,28,ball_r,-16.162787,-154.659199,2.617250,-16.162787,-154.659199,2.617250,0.000000
walk,model_cmc,29,foot_l,11.290052,-172.680479,19.334562,11.290052,-172.680479,19.334562,0.000000
walk,model_cmc,29,ball_l,11.081675,-164.980748,7.541908,11.081675,-164.980748,7.541908,0.000000
walk,model_cmc,29,foot_r,-11.177369,-166.201803,10.312614,-11.177369,-166.201803,10.312614,0.000000
walk,model_cmc,29,ball_r,-14.612417,-154.861416,2.502761,-14.612417,-154.861416,2.502761,0.000000
walk,model_cmc,30,foot_l,11.106639,-186.200489,20.775314,11.106639,-186.200489,20.775314,0.000000
walk,model_cmc,30,ball_l,10.382674,-179.970546,7.805721,10.382674,-179.970546,7.805721,0.000000
walk,model_cmc,30,foot_r,-10.593437,-165.612261,9.796695,-10.593437,-165.612261,9.796695,0.000000
walk,model_cmc,30,ball_r,-13.852929,-154.170910,2.389155,-13.852929,-154.170910,2.389155,0.000000
walk,model_cmc,31,foot_l,11.255059,-199.889022,21.321569,11.255059,-199.889022,21.321569,0.000000
walk,model_cmc,31,ball_l,9.729454,-194.592556,7.749906,9.729454,-194.592556,7.749906,0.000000
walk,model_cmc,31,foot_r,-10.846309,-163.748685,9.758493,-10.846309,-163.748685,9.758493,0.000000
walk,model_cmc,31,ball_r,-13.944606,-152.420023,2.959855,-13.944606,-152.420023,2.959855,0.000000
walk,model_cmc,32,foot_l,10.955655,-212.096751,21.003269,10.955655,-212.096751,21.003269,0.000000
walk,model_cmc,32,ball_l,8.485585,-207.061139,7.340826,8.485585,-207.061139,7.340826,0.000000
walk,model_cmc,32,foot_r,-10.581943,-162.214035,9.819053,-10.581943,-162.214035,9.819053,0.000000
walk,model_cmc,32,ball_r,-13.497312,-151.008154,3.753112,-13.497312,-151.008154,3.753112,0.000000
walk,model_cmc,33,foot_l,10.804907,-220.337772,19.643533,10.804907,-220.337772,19.643533,0.000000
walk,model_cmc,33,ball_l,7.737302,-214.619237,6.332201,7.737302,-214.619237,6.332201,0.000000
walk,model_cmc,33,foot_r,-10.300919,-162.353632,10.230097,-10.300919,-162.353632,10.230097,0.000000
walk,model_cmc,33,ball_r,-13.266097,-151.154977,5.121187,-13.266097,-151.154977,5.121187,0.000000
walk,model_cmc,34,foot_l,10.505835,-225.729758,17.339827,10.505835,-225.729758,17.339827,0.000000
walk,model_cmc,34,ball_l,7.222689,-218.441397,4.894399,7.222689,-218.441397,4.894399,0.000000
walk,model_cmc,34,foot_r,-9.814437,-163.976425,10.744514,-9.814437,-163.976425,10.744514,0.000000
walk,model_cmc,34,ball_r,-12.942879,-152.693170,6.617286,-12.942879,-152.693170,6.617286,0.000000
walk,model_cmc,35,foot_l,10.120749,-229.944161,15.468539,10.120749,-229.944161,15.468539,0.000000
walk,model_cmc,35,ball_l,6.871311,-221.316651,3.841835,6.871311,-221.316651,3.841835,0.000000
walk,model_cmc,35,foot_r,-9.301499,-167.568198,11.235279,-9.301499,-167.568198,11.235279,0.000000
walk,model_cmc,35,ball_r,-12.614477,-156.271419,7.673497,-12.614477,-156.271419,7.673497,0.000000
walk,model_cmc,36,foot_l,9.884978,-233.899364,13.854602,9.884978,-233.899364,13.854602,0.000000
walk,model_cmc,36,ball_l,6.734055,-224.099901,2.951708,6.734055,-224.099901,2.951708,0.000000
walk,model_cmc,36,foot_r,-8.939683,-171.446410,11.466347,-8.939683,-171.446410,11.466347,0.000000
walk,model_cmc,36,ball_r,-12.229533,-159.938845,8.292092,-12.229533,-159.938845,8.292092,0.000000
walk,model_cmc,37,foot_l,9.675206,-234.542358,11.877343,9.675206,-234.542358,11.877343,0.000000
walk,model_cmc,37,ball_l,7.102109,-222.912318,2.436354,7.102109,-222.912318,2.436354,0.000000
walk,model_cmc,37,foot_r,-7.993706,-177.330521,11.796347,-7.993706,-177.330521,11.796347,0.000000
walk,model_cmc,37,ball_r,-11.912258,-165.611666,8.711350,-11.912258,-165.611666,8.711350,0.000000
walk,model_cmc,38,foot_l,9.687962,-236.910355,11.782436,9.687962,-236.910355,11.782436,0.000000
walk,model_cmc,38,ball_l,7.294516,-225.104274,2.911569,7.294516,-225.104274,2.911569,0.000000
walk,model_cmc,38,foot_r,-7.971952,-185.714599,11.607743,-7.971952,-185.714599,11.607743,0.000000
walk,model_cmc,38,ball_r,-12.175565,-173.848480,7.960378,-12.175565,-173.848480,7.960378,0.000000
walk,model_cmc,39,foot_l,9.898400,-237.162279,12.307121,9.898400,-237.162279,12.307121,0.000000
walk,model_cmc,39,ball_l,7.630764,-225.618932,3.782731,7.630764,-225.618932,3.782731,0.000000
walk,model_cmc,39,foot_r,-7.919157,-198.307776,11.866585,-7.919157,-198.307776,11.866585,0.000000
walk,model_cmc,39,ball_r,-12.374297,-186.640811,6.730680,-12.374297,-186.640811,6.730680,0.000000
walk,model_cmc,40,foot_l,10.224532,-236.716886,12.568589,10.224532,-236.716886,12.568589,0.000000
walk,model_cmc,40,ball_l,8.203334,-225.459961,4.284219,8.203334,-225.459961,4.284219,0.000000
walk,model_cmc,40,foot_r,-8.172621,-212.886009,13.090323,-8.172621,-212.886009,13.090323,0.000000
walk,model_cmc,40,ball_r,-12.856700,-202.026691,6.026006,-12.856700,-202.026691,6.026006,0.000000
walk,model_cmc,41,foot_l,10.683088,-237.568324,12.449472,10.683088,-237.568324,12.449472,0.000000
walk,model_cmc,41,ball_l,8.763845,-226.493872,4.332872,8.763845,-226.493872,4.332872,0.000000
walk,model_cmc,41,foot_r,-8.550657,-226.702458,14.973484,-8.550657,-226.702458,14.973484,0.000000
walk,model_cmc,41,ball_r,-13.268054,-217.135008,6.114737,-13.268054,-217.135008,6.114737,0.000000
walk,model_cmc,42,foot_l,11.053123,-237.069026,12.025796,11.053123,-237.069026,12.025796,0.000000
walk,model_cmc,42,ball_l,9.161308,-226.139574,4.066994,9.161308,-226.139574,4.066994,0.000000
walk,model_cmc,42,foot_r,-8.752615,-241.731780,16.948591,-8.752615,-241.731780,16.948591,0.000000
walk,model_cmc,42,ball_r,-13.278911,-233.611762,6.418612,-13.278911,-233.611762,6.418612,0.000000
walk,model_cmc,43,foot_l,10.915521,-235.958816,11.694698,10.915521,-235.958816,11.694698,0.000000
walk,model_cmc,43,ball_l,9.084083,-225.200229,3.827874,9.084083,-225.200229,3.827874,0.000000
walk,model_cmc,43,foot_r,-8.757194,-257.347628,18.463464,-8.757194,-257.347628,18.463464,0.000000
walk,model_cmc,43,ball_r,-12.871243,-250.439665,6.626748,-12.871243,-250.439665,6.626748,0.000000
walk,model_cmc,44,foot_l,10.785875,-234.671083,11.255108,10.785875,-234.671083,11.255108,0.000000
walk,model_cmc,44,ball_l,8.980899,-223.811299,3.549287,8.980899,-223.811299,3.549287,0.000000
walk,model_cmc,44,foot_r,-9.391347,-271.837601,19.220059,-9.391347,-271.837601,19.220059,0.000000
walk,model_cmc,44,ball_r,-13.247919,-265.655719,6.569995,-13.247919,-265.655719,6.569995,0.000000
walk,model_cmc,45,foot_l,11.295206,-233.942060,11.139985,11.295206,-233.942060,11.139985,0.000000
walk,model_cmc,45,ball_l,9.518144,-222.927286,3.847075,9.518144,-222.927286,3.847075,0.000000
walk,model_cmc,45,foot_r,-9.928259,-283.601809,18.973313,-9.928259,-283.601809,18.973313,0.000000
walk,model_cmc,45,ball_r,-13.603114,-277.490538,6.108589,-13.603114,-277.490538,6.108589,0.000000
walk,model_cmc,46,foot_l,12.160698,-235.062526,11.028691,12.160698,-235.062526,11.028691,0.000000
walk,model_cmc,46,ball_l,10.379014,-223.730806,4.496418,10.379014,-223.730806,4.496418,0.000000
walk,model_cmc,46,foot_r,-10.648099,-291.360447,18.034165,-10.648099,-291.360447,18.034165,0.000000
walk,model_cmc,46,ball_r,-14.320931,-284.720162,5.517289,-14.320931,-284.720162,5.517289,0.000000
walk,model_cmc,47,foot_l,12.475022,-236.672387,11.026389,12.475022,-236.672387,11.026389,0.000000
walk,model_cmc,47,ball_l,10.725274,-224.980065,5.227931,10.725274,-224.980065,5.227931,0.000000
walk,model_cmc,47,foot_r,-11.290687,-298.247570,16.902827,-11.290687,-298.247570,16.902827,0.000000
walk,model_cmc,47,ball_r,-15.099820,-290.611443,4.923994,-15.099820,-290.611443,4.923994,0.000000
walk,model_cmc,48,foot_l,11.933722,-240.108365,9.399664,11.933722,-240.108365,9.399664,0.000000
walk,model_cmc,48,ball_l,10.602738,-227.455610,4.524983,10.602738,-227.455610,4.524983,0.000000
walk,model_cmc,48,foot_r,-14.287062,-307.444194,17.627086,-14.287062,-307.444194,17.627086,0.000000
walk,model_cmc,48,ball_r,-17.889476,-300.440890,5.841611,-17.889476,-300.440890,5.841611,0.000000
walk,model_cmc,49,foot_l,12.349472,-243.184540,10.009941,12.349472,-243.184540,10.009941,0.000000
walk,model_cmc,49,ball_l,11.093068,-230.509499,5.643525,11.093068,-230.509499,5.643525,0.000000
walk,model_cmc,49,foot_r,-14.811908,-312.518960,16.156009,-14.811908,-312.518960,16.156009,0.000000
walk,model_cmc,49,ball_r,-18.542579,-304.536879,4.987304,-18.542579,-304.536879,4.987304,0.000000
walk,model_cmc,50,foot_l,12.680747,-247.355109,10.487039,12.680747,-247.355109,10.487039,0.000000
walk,model_cmc,50,ball_l,11.584024,-234.576839,6.420909,11.584024,-234.576839,6.420909,0.000000
walk,model_cmc,50,foot_r,-15.244205,-316.446745,14.776418,-15.244205,-316.446745,14.776418,0.000000
walk,model_cmc,50,ball_r,-19.109052,-307.485476,4.259306,-19.109052,-307.485476,4.259306,0.000000
walk,model_cmc,51,foot_l,12.482099,-252.528006,10.954739,12.482099,-252.528006,10.954739,0.000000
walk,model_cmc,51,ball_l,11.600480,-239.610413,6.959005,11.600480,-239.610413,6.959005,0.000000
walk,model_cmc,51,foot_r,-15.257683,-319.006577,13.554054,-15.257683,-319.006577,13.554054,0.000000
walk,model_cmc,51,ball_r,-19.266367,-309.034130,3.694647,-19.266367,-309.034130,3.694647,0.000000
walk,model_cmc,52,foot_l,12.130390,-259.364924,11.643253,12.130390,-259.364924,11.643253,0.000000
walk,model_cmc,52,ball_l,11.633431,-246.366248,7.542381,11.633431,-246.366248,7.542381,0.000000
walk,model_cmc,52,foot_r,-15.375885,-320.096269,12.064663,-15.375885,-320.096269,12.064663,0.000000
walk,model_cmc,52,ball_r,-19.524649,-308.883914,3.050028,-19.524649,-308.883914,3.050028,0.000000
walk,model_cmc,53,foot_l,11.505672,-268.131673,12.508124,11.505672,-268.131673,12.508124,0.000000
walk,model_cmc,53,ball_l,11.350925,-255.426109,7.795744,11.350925,-255.426109,7.795744,0.000000
walk,model_cmc,53,foot_r,-14.433771,-320.728499,11.182529,-14.433771,-320.728499,11.182529,0.000000
walk,model_cmc,53,ball_r,-18.378733,-308.691999,2.860582,-18.378733,-308.691999,2.860582,0.000000
walk,model_cmc,54,foot_l,10.682780,-279.715718,13.419706,10.682780,-279.715718,13.419706,0.000000
walk,model_cmc,54,ball_l,10.754903,-267.568386,7.522426,10.754903,-267.568386,7.522426,0.000000
walk,model_cmc,54,foot_r,-13.478765,-321.111280,10.846144,-13.478765,-321.111280,10.846144,0.000000
walk,model_cmc,54,ball_r,-17.301279,-308.765087,3.000435,-17.301279,-308.765087,3.000435,0.000000
walk,model_cmc,55,foot_l,9.801116,-293.541563,14.655133,9.801116,-293.541563,14.655133,0.000000
walk,model_cmc,55,ball_l,9.986921,-282.330243,7.081972,9.986921,-282.330243,7.081972,0.000000
walk,model_cmc,55,foot_r,-12.776341,-321.404952,10.491490,-12.776341,-321.404952,10.491490,0.000000
walk,model_cmc,55,ball_r,-16.342300,-308.952332,2.928994,-16.342300,-308.952332,2.928994,0.000000
walk,model_cmc,56,foot_l,9.719045,-308.233488,16.621542,9.719045,-308.233488,16.621542,0.000000
walk,model_cmc,56,ball_l,9.983949,-298.455946,7.161149,9.983949,-298.455946,7.161149,0.000000
walk,model_cmc,56,foot_r,-12.402087,-321.465296,10.044120,-12.402087,-321.465296,10.044120,0.000000
walk,model_cmc,56,ball_r,-15.753824,-309.003695,2.749795,-15.753824,-309.003695,2.749795,0.000000
walk,model_cmc,57,foot_l,9.709398,-323.116599,18.596610,9.709398,-323.116599,18.596610,0.000000
walk,model_cmc,57,ball_l,9.906627,-314.915365,7.314192,9.906627,-314.915365,7.314192,0.000000
walk,model_cmc,57,foot_r,-11.451049,-321.569384,9.717032,-11.451049,-321.569384,9.717032,0.000000
walk,model_cmc,57,ball_r,-14.684616,-309.279406,2.530355,-14.684616,-309.279406,2.530355,0.000000
walk,model_cmc,58,foot_l,10.096817,-336.924630,19.992565,10.096817,-336.924630,19.992565,0.000000
walk,model_cmc,58,ball_l,9.898882,-330.168731,7.424918,9.898882,-330.168731,7.424918,0.000000
walk,model_cmc,58,foot_r,-11.026385,-322.272406,9.558862,-11.026385,-322.272406,9.558862,0.000000
walk,model_cmc,58,ball_r,-14.148639,-310.291629,2.394949,-14.148639,-310.291629,2.394949,0.000000
walk,model_cmc,59,foot_l,10.183406,-347.749312,20.595247,10.183406,-347.749312,20.595247,0.000000
walk,model_cmc,59,ball_l,9.540692,-341.827157,7.561722,9.540692,-341.827157,7.561722,0.000000
walk,model_cmc,59,foot_r,-11.329488,-323.882154,9.376556,-11.329488,-323.882154,9.376556,0.000000
walk,model_cmc,59,ball_r,-14.379776,-311.889505,2.346931,-14.379776,-311.889505,2.346931,0.000000
walk,model_cmc,60,foot_l,9.970760,-359.733957,20.645604,9.970760,-359.733957,20.645604,0.000000
walk,model_cmc,60,ball_l,8.485243,-354.306775,7.348009,8.485243,-354.306775,7.348009,0.000000
walk,model_cmc,60,foot_r,-11.907884,-323.543131,9.440059,-11.907884,-323.543131,9.440059,0.000000
walk,model_cmc,60,ball_r,-14.665189,-311.612420,2.707959,-14.665189,-311.612420,2.707959,0.000000
walk,model_cmc,61,foot_l,9.647800,-370.365617,20.423439,9.647800,-370.365617,20.423439,0.000000
walk,model_cmc,61,ball_l,7.484525,-365.130249,7.237974,7.484525,-365.130249,7.237974,0.000000
walk,model_cmc,61,foot_r,-11.237426,-323.481438,9.279520,-11.237426,-323.481438,9.279520,0.000000
walk,model_cmc,61,ball_r,-13.972735,-311.678915,3.190590,-13.972735,-311.678915,3.190590,0.000000
walk,model_cmc,62,foot_l,9.082385,-378.403288,19.357795,9.082385,-378.403288,19.357795,0.000000
walk,model_cmc,62,ball_l,6.412626,-372.676831,6.549914,6.412626,-372.676831,6.549914,0.000000
walk,model_cmc,62,foot_r,-11.164309,-324.583352,9.632029,-11.164309,-324.583352,9.632029,0.000000
walk,model_cmc,62,ball_r,-13.927378,-312.813732,4.086560,-13.927378,-312.813732,4.086560,0.000000
walk,model_cmc,63,foot_l,8.475147,-384.008345,17.541741,8.475147,-384.008345,17.541741,0.000000
walk,model_cmc,63,ball_l,5.593747,-377.072480,5.372591,5.593747,-377.072480,5.372591,0.000000
walk,model_cmc,63,foot_r,-10.546772,-327.128524,10.225179,-10.546772,-327.128524,10.225179,0.000000
walk,model_cmc,63,ball_r,-13.404490,-315.428388,5.238513,-13.404490,-315.428388,5.238513,0.000000
walk,model_cmc,64,foot_l,8.116513,-388.072589,15.472901,8.116513,-388.072589,15.472901,0.000000
walk,model_cmc,64,ball_l,5.435283,-379.553419,4.175669,5.435283,-379.553419,4.175669,0.000000
walk,model_cmc,64,foot_r,-9.801058,-330.588931,10.724024,-9.801058,-330.588931,10.724024,0.000000
walk,model_cmc,64,ball_r,-12.836273,-318.827122,6.305213,-12.836273,-318.827122,6.305213,0.000000
walk,model_cmc,65,foot_l,8.139236,-390.806147,13.962370,8.139236,-390.806147,13.962370,0.000000
walk,model_cmc,65,ball_l,5.933375,-380.862424,3.577915,5.933375,-380.862424,3.577915,0.000000
walk,model_cmc,65,foot_r,-9.159773,-335.587144,10.938166,-9.159773,-335.587144,10.938166,0.000000
walk,model_cmc,65,ball_r,-12.403053,-323.628664,6.770718,-12.403053,-323.628664,6.770718,0.000000
walk,model_cmc,66,foot_l,8.598720,-392.290926,12.916939,8.598720,-392.290926,12.916939,0.000000
walk,model_cmc,66,ball_l,6.802411,-381.268144,3.541030,6.802411,-381.268144,3.541030,0.000000
walk,model_cmc,66,foot_r,-8.755606,-342.418277,11.039881,-8.755606,-342.418277,11.039881,0.000000
walk,model_cmc,66,ball_r,-12.250906,-330.318913,6.802599,-12.250906,-330.318913,6.802599,0.000000
walk,model_cmc,67,foot_l,9.239687,-394.265401,12.257414,9.239687,-394.265401,12.257414,0.000000
walk,model_cmc,67,ball_l,7.743245,-382.689662,3.593106,7.743245,-382.689662,3.593106,0.000000
walk,model_cmc,67,foot_r,-9.038868,-350.954834,11.437714,-9.038868,-350.954834,11.437714,0.000000
walk,model_cmc,67,ball_r,-12.766877,-338.988000,6.536225,-12.766877,-338.988000,6.536225,0.000000
walk,model_cmc,68,foot_l,10.023609,-396.147768,12.017202,10.023609,-396.147768,12.017202,0.000000
walk,model_cmc,68,ball_l,8.744577,-384.440014,3.790632,8.744577,-384.440014,3.790632,0.000000
walk,model_cmc,68,foot_r,-9.978688,-361.612446,12.228388,-9.978688,-361.612446,12.228388,0.000000
walk,model_cmc,68,ball_r,-14.025600,-350.038983,6.171794,-14.025600,-350.038983,6.171794,0.000000
walk,model_cmc,69,foot_l,10.582906,-396.718724,11.774033,10.582906,-396.718724,11.774033,0.000000
walk,model_cmc,69,ball_l,9.488869,-384.983815,3.831284,9.488869,-384.983815,3.831284,0.000000
walk,model_cmc,69,foot_r,-10.274491,-374.747828,13.471651,-10.274491,-374.747828,13.471651,0.000000
walk,model_cmc,69,ball_r,-14.528361,-363.981420,5.961662,-14.528361,-363.981420,5.961662,0.000000
walk,model_cmc,70,foot_l,11.046056,-396.062218,11.529487,11.046056,-396.062218,11.529487,0.000000
walk,model_cmc,70,ball_l,9.992161,-384.614066,3.670263,9.992161,-384.614066,3.670263,0.000000
walk,model_cmc,70,foot_r,-10.549530,-390.165674,15.162417,-10.549530,-390.165674,15.162417,0.000000
walk,model_cmc,70,ball_r,-14.800304,-380.617819,5.809690,-14.800304,-380.617819,5.809690,0.000000
walk,model_cmc,71,foot_l,11.280618,-393.794541,11.554611,11.280618,-393.794541,11.554611,0.000000
walk,model_cmc,71,ball_l,10.315041,-382.634132,3.649745,10.315041,-382.634132,3.649745,0.000000
walk,model_cmc,71,foot_r,-10.833204,-407.105392,16.593398,-10.833204,-407.105392,16.593398,0.000000
walk,model_cmc,71,ball_r,-14.984125,-398.665436,5.674274,-14.984125,-398.665436,5.674274,0.000000
run,source_source,0,foot_l,-38.550085,-24.028216,35.982493,-38.550085,-24.028216,35.982493,0.000000
run,source_source,0,ball_l,-41.453356,-25.865972,21.225452,-41.453356,-25.865972,21.225452,0.000000
run,source_source,0,foot_r,-17.604721,-7.323687,10.814089,-17.604721,-7.323687,10.814089,0.000000
run,source_source,0,ball_r,-8.128621,1.446309,2.885197,-8.128621,1.446309,2.885197,0.000000
run,source_source,1,foot_l,-16.461200,-23.938240,34.164646,-16.461200,-23.938240,34.164646,0.000000
run,source_source,1,ball_l,-15.935043,-25.860605,19.144516,-15.935043,-25.860605,19.144516,0.000000
run,source_source,1,foot_r,-17.126018,-7.165106,11.304788,-17.126018,-7.165106,11.304788,0.000000
run,source_source,1,ball_r,-8.203995,1.609413,2.761839,-8.203995,1.609413,2.761839,0.000000
run,source_source,2,foot_l,8.730130,-22.504406,30.686191,8.730130,-22.504406,30.686191,0.000000
run,source_source,2,ball_l,13.930306,-24.395418,16.580911,13.930306,-24.395418,16.580911,0.000000
run,source_source,2,foot_r,-16.479313,-6.555853,12.409295,-16.479313,-6.555853,12.409295,0.000000
run,source_source,2,ball_r,-8.309951,1.761467,2.731467,-8.309951,1.761467,2.731467,0.000000
run,source_source,3,foot_l,37.275552,-19.075090,25.964469,37.275552,-19.075090,25.964469,0.000000
run,source_source,3,ball_l,47.083831,-20.830059,14.549816,47.083831,-20.830059,14.549816,0.000000
run,source_source,3,foot_r,-12.457621,-6.824557,14.327756,-12.457621,-6.824557,14.327756,0.000000
run,source_source,3,ball_r,-7.126665,2.148600,3.344132,-7.126665,2.148600,3.344132,0.000000
run,source_source,4,foot_l,67.666155,-13.887548,20.663780,67.666155,-13.887548,20.663780,0.000000
run,source_source,4,ball_l,80.393350,-14.607835,12.473764,80.393350,-14.607835,12.473764,0.000000
run,source_source,4,foot_r,-3.869927,-5.653091,17.130795,-3.869927,-5.653091,17.130795,0.000000
run,source_source,4,ball_r,-4.205716,2.558261,4.401398,-4.205716,2.558261,4.401398,0.000000
run,source_source,5,foot_l,96.638808,-8.437943,15.825112,96.638808,-8.437943,15.825112,0.000000
run,source_source,5,ball_l,110.305020,-6.963878,9.450290,110.305020,-6.963878,9.450290,0.000000
run,source_source,5,foot_r,3.806698,-2.173079,17.417857,3.806698,-2.173079,17.417857,0.000000
run,source_source,5,ball_r,-1.479316,3.917347,4.590491,-1.479316,3.917347,4.590491,0.000000
run,source_source,6,foot_l,120.959890,-4.827669,12.250619,120.959890,-4.827669,12.250619,0.000000
run,source_source,6,ball_l,133.887494,-0.231108,5.822141,133.887494,-0.231108,5.822141,0.000000
run,source_source,6,foot_r,7.823312,1.078006,17.123361,7.823312,1.078006,17.123361,0.000000
run,source_source,6,ball_r,0.719994,5.636361,4.540004,0.719994,5.636361,4.540004,0.000000
run,source_source,7,foot_l,137.097651,-4.860601,10.405327,137.097651,-4.860601,10.405327,0.000000
run,source_source,7,ball_l,146.838033,3.719918,2.590191,146.838033,3.719918,2.590191,0.000000
run,source_source,7,foot_r,21.784747,3.675310,16.261883,21.784747,3.675310,16.261883,0.000000
run,source_source,7,ball_r,12.405217,9.448452,5.856513,12.405217,9.448452,5.856513,0.000000
run,source_source,8,foot_l,137.661076,-5.554577,10.194336,137.661076,-5.554577,10.194336,0.000000
run,source_source,8,ball_l,147.023109,3.488953,2.439110,147.023109,3.488953,2.439110,0.000000
run,source_source,8,foot_r,40.439713,4.915664,18.102026,40.439713,4.915664,18.102026,0.000000
run,source_source,8,ball_r,31.028038,11.356789,8.126618,31.028038,11.356789,8.126618,0.000000
run,source_source,9,foot_l,137.815079,-5.089900,10.831886,137.815079,-5.089900,10.831886,0.000000
run,source_source,9,ball_l,146.985823,3.581547,2.448559,146.985823,3.581547,2.448559,0.000000
run,source_source,9,foot_r,62.831706,4.668681,20.860554,62.831706,4.668681,20.860554,0.000000
run,source_source,9,ball_r,55.177265,11.315584,9.599789,55.177265,11.315584,9.599789,0.000000
run,source_source,10,foot_l,139.372082,-4.032934,13.506216,139.372082,-4.032934,13.506216,0.000000
run,source_source,10,ball_l,146.907821,3.696366,2.873851,146.907821,3.696366,2.873851,0.000000
run,source_source,10,foot_r,86.654738,3.866481,22.658433,86.654738,3.866481,22.658433,0.000000
run,source_source,10,ball_r,82.324919,10.711299,9.853054,82.324919,10.711299,9.853054,0.000000
run,source_source,11,foot_l,146.386711,-2.791037,17.909764,146.386711,-2.791037,17.909764,0.000000
run,source_source,11,ball_l,148.109618,3.596381,4.278583,148.109618,3.596381,4.278583,0.000000
run,source_source,11,foot_r,110.583302,2.775105,22.156094,110.583302,2.775105,22.156094,0.000000
run,source_source,11,ball_r,109.894407,10.645126,9.226871,109.894407,10.645126,9.226871,0.000000
run,source_source,12,foot_l,160.162429,-2.321255,20.319593,160.162429,-2.321255,20.319593,0.000000
run,source_source,12,ball_l,154.447593,3.290779,7.457931,154.447593,3.290779,7.457931,0.000000
run,source_source,12,foot_r,134.806672,1.797049,19.824564,134.806672,1.797049,19.824564,0.000000
run,source_source,12,ball_r,136.490867,11.340337,8.177000,136.490867,11.340337,8.177000,0.000000
run,source_source,13,foot_l,176.894233,-1.349081,21.019351,176.894233,-1.349081,21.019351,0.000000
run,source_source,13,ball_l,174.641062,4.418296,7.190498,174.641062,4.418296,7.190498,0.000000
run,source_source,13,foot_r,159.102718,1.328626,17.025076,159.102718,1.328626,17.025076,0.000000
run,source_source,13,ball_r,161.549564,12.290742,6.855436,161.549564,12.290742,6.855436,0.000000
run,source_source,14,foot_l,197.501005,0.827240,20.186937,197.501005,0.827240,20.186937,0.000000
run,source_source,14,ball_l,201.729906,7.433563,7.223546,201.729906,7.433563,7.223546,0.000000
run,source_source,14,foot_r,181.925397,0.991932,14.401770,181.925397,0.991932,14.401770,0.000000
run,source_source,14,ball_r,183.580688,12.606150,4.812892,183.580688,12.606150,4.812892,0.000000
run,source_source,15,foot_l,220.711809,4.023480,18.871494,220.711809,4.023480,18.871494,0.000000
run,source_source,15,ball_l,227.978969,11.797217,8.085670,227.978969,11.797217,8.085670,0.000000
run,source_source,15,foot_r,192.449677,0.606286,10.555354,192.449677,0.606286,10.555354,0.000000
run,source_source,15,ball_r,186.915853,12.286109,2.647435,186.915853,12.286109,2.647435,0.000000
run,source_source,16,foot_l,243.810540,8.094662,17.879425,243.810540,8.094662,17.879425,0.000000
run,source_source,16,ball_l,252.047777,17.094633,8.894714,252.047777,17.094633,8.894714,0.000000
run,source_source,16,foot_r,193.459640,0.376900,9.233732,193.459640,0.376900,9.233732,0.000000
run,source_source,16,ball_r,186.816117,12.156360,2.401126,186.816117,12.156360,2.401126,0.000000
run,source_source,17,foot_l,264.799047,12.160784,17.719139,264.799047,12.160784,17.719139,0.000000
run,source_source,17,ball_l,272.576714,22.269316,9.539767,272.576714,22.269316,9.539767,0.000000
run,source_source,17,foot_r,193.392153,0.537520,9.377138,193.392153,0.537520,9.377138,0.000000
run,source_source,17,ball_r,186.707926,12.205659,2.394854,186.707926,12.205659,2.394854,0.000000
run,source_source,18,foot_l,281.031978,15.270129,17.524537,281.031978,15.270129,17.524537,0.000000
run,source_source,18,ball_l,287.231433,25.361589,8.074365,287.231433,25.361589,8.074365,0.000000
run,source_source,18,foot_r,193.061358,0.464419,9.451674,193.061358,0.464419,9.451674,0.000000
run,source_source,18,ball_r,186.519900,12.197872,2.443677,186.519900,12.197872,2.443677,0.000000
run,source_source,19,foot_l,290.884501,16.553907,15.633468,290.884501,16.553907,15.633468,0.000000
run,source_source,19,ball_l,295.522314,25.800937,4.562798,295.522314,25.800937,4.562798,0.000000
run,source_source,19,foot_r,193.613252,0.691736,10.312349,193.613252,0.691736,10.312349,0.000000
run,source_source,19,ball_r,186.685812,12.208338,3.315571,186.685812,12.208338,3.315571,0.000000
run,source_source,20,foot_l,296.708798,14.746372,13.262141,296.708798,14.746372,13.262141,0.000000
run,source_source,20,ball_l,297.746527,25.464022,2.602323,297.746527,25.464022,2.602323,0.000000
run,source_source,20,foot_r,200.887388,-1.039145,12.405950,200.887388,-1.039145,12.405950,0.000000
run,source_source,20,ball_r,192.536062,10.220748,6.657319,192.536062,10.220748,6.657319,0.000000
run,source_source,21,foot_l,298.475707,12.749456,10.646105,298.475707,12.749456,10.646105,0.000000
run,source_source,21,ball_l,298.165441,25.168547,1.971630,298.165441,25.168547,1.971630,0.000000
run,source_source,21,foot_r,218.209586,-8.297469,12.838764,218.209586,-8.297469,12.838764,0.000000
run,source_source,21,ball_r,209.191585,1.522877,5.640635,209.191585,1.522877,5.640635,0.000000
run,source_source,22,foot_l,298.768555,12.264669,9.907980,298.768555,12.264669,9.907980,0.000000
run,source_source,22,ball_l,298.171997,25.091383,1.864589,298.171997,25.091383,1.864589,0.000000
run,source_source,22,foot_r,244.673437,-16.620877,14.463039,244.673437,-16.620877,14.463039,0.000000
run,source_source,22,ball_r,233.783615,-10.583648,5.829372,233.783615,-10.583648,5.829372,0.000000
run,source_source,23,foot_l,299.008983,12.407577,10.088837,299.008983,12.407577,10.088837,0.000000
run,source_source,23,ball_l,298.066858,25.120315,1.898886,298.066858,25.120315,1.898886,0.000000
run,source_source,23,foot_r,275.137719,-21.887599,18.397690,275.137719,-21.887599,18.397690,0.000000
run,source_source,23,ball_r,264.882317,-19.457896,7.511926,264.882317,-19.457896,7.511926,0.000000
run,source_source,24,foot_l,299.831144,12.715927,10.632230,299.831144,12.715927,10.632230,0.000000
run,source_source,24,ball_l,297.989056,25.086769,2.079710,297.989056,25.086769,2.079710,0.000000
run,source_source,24,foot_r,304.818684,-24.089605,22.691071,304.818684,-24.089605,22.691071,0.000000
run,source_source,24,ball_r,300.065801,-21.532626,8.533085,300.065801,-21.532626,8.533085,0.000000
run,source_source,25,foot_l,301.500638,14.386284,12.689653,301.500638,14.386284,12.689653,0.000000
run,source_source,25,ball_l,298.048642,25.211057,2.665450,298.048642,25.211057,2.665450,0.000000
run,source_source,25,foot_r,331.977391,-23.348755,24.412051,331.977391,-23.348755,24.412051,0.000000
run,source_source,25,ball_r,331.909832,-17.596242,10.394896,331.909832,-17.596242,10.394896,0.000000
run,source_source,26,foot_l,307.434352,17.627236,14.756003,307.434352,17.627236,14.756003,0.000000
run,source_source,26,ball_l,299.412635,25.682691,4.739101,299.412635,25.682691,4.739101,0.000000
run,source_source,26,foot_r,354.835463,-20.647401,22.900566,354.835463,-20.647401,22.900566,0.000000
run,source_source,26,ball_r,355.419964,-12.190977,10.341750,355.419964,-12.190977,10.341750,0.000000
run,source_source,27,foot_l,320.266585,19.849762,15.090114,320.266585,19.849762,15.090114,0.000000
run,source_source,27,ball_l,308.461773,26.443908,8.253427,308.461773,26.443908,8.253427,0.000000
run,source_source,27,foot_r,370.421779,-17.961176,19.335027,370.421779,-17.961176,19.335027,0.000000
run,source_source,27,ball_r,370.804685,-8.080377,7.854617,370.804685,-8.080377,7.854617,0.000000
run,source_source,28,foot_l,338.092865,18.695199,15.408340,338.092865,18.695199,15.408340,0.000000
run,source_source,28,ball_l,327.143738,26.439229,8.356871,327.143738,26.439229,8.356871,0.000000
run,source_source,28,foot_r,381.203642,-15.371315,15.536205,381.203642,-15.371315,15.536205,0.000000
run,source_source,28,ball_r,379.773408,-4.978482,4.603682,379.773408,-4.978482,4.603682,0.000000
run,source_source,29,foot_l,360.886055,16.601214,15.588541,360.886055,16.601214,15.588541,0.000000
run,source_source,29,ball_l,352.091236,25.070143,6.616087,352.091236,25.070143,6.616087,0.000000
run,source_source,29,foot_r,387.967777,-14.494617,12.756234,387.967777,-14.494617,12.756234,0.000000
run,source_source,29,ball_r,381.555089,-4.950107,2.889301,381.555089,-4.950107,2.889301,0.000000
run,source_source,30,foot_l,385.967881,14.199977,16.465946,385.967881,14.199977,16.465946,0.000000
run,source_source,30,ball_l,381.381672,23.664105,5.558445,381.381672,23.664105,5.558445,0.000000
run,source_source,30,foot_r,389.809570,-14.451987,11.040873,389.809570,-14.451987,11.040873,0.000000
run,source_source,30,ball_r,381.649069,-4.961488,2.501945,381.649069,-4.961488,2.501945,0.000000
run,source_source,31,foot_l,411.192340,12.356114,17.925248,411.192340,12.356114,17.925248,0.000000
run,source_source,31,ball_l,412.198563,22.395508,6.621502,412.198563,22.395508,6.621502,0.000000
run,source_source,31,foot_r,390.513329,-14.333674,10.093987,390.513329,-14.333674,10.093987,0.000000
run,source_source,31,ball_r,381.442400,-5.046739,2.280686,381.442400,-5.046739,2.280686,0.000000
run,source_source,32,foot_l,435.808429,11.605139,19.259048,435.808429,11.605139,19.259048,0.000000
run,source_source,32,ball_l,441.397792,21.428274,9.167383,441.397792,21.428274,9.167383,0.000000
run,source_source,32,foot_r,390.747595,-14.662027,9.497717,390.747595,-14.662027,9.497717,0.000000
run,source_source,32,ball_r,381.379707,-5.196944,2.270582,381.379707,-5.196944,2.270582,0.000000
run,source_source,33,foot_l,458.807099,11.988211,20.229088,458.807099,11.988211,20.229088,0.000000
run,source_source,33,ball_l,466.441882,22.110547,11.933006,466.441882,22.110547,11.933006,0.000000
run,source_source,33,foot_r,390.504019,-14.805631,9.607430,390.504019,-14.805631,9.607430,0.000000
run,source_source,33,ball_r,381.286427,-5.201024,2.371124,381.286427,-5.201024,2.371124,0.000000
run,source_source,34,foot_l,478.209490,13.344607,20.906237,478.209490,13.344607,20.906237,0.000000
run,source_source,34,ball_l,484.386110,24.223292,12.357542,484.386110,24.223292,12.357542,0.000000
run,source_source,34,foot_r,389.995086,-14.718746,10.197996,389.995086,-14.718746,10.197996,0.000000
run,source_source,34,ball_r,381.135124,-5.117488,2.523768,381.135124,-5.117488,2.523768,0.000000
run,source_source,35,foot_l,492.475837,14.870463,20.236637,492.475837,14.870463,20.236637,0.000000
run,source_source,35,ball_l,495.933133,24.604246,9.151639,495.933133,24.604246,9.151639,0.000000
run,source_source,35,foot_r,394.935054,-14.217225,12.642281,394.935054,-14.217225,12.642281,0.000000
run,source_source,35,ball_r,385.627753,-4.985091,5.045018,385.627753,-4.985091,5.045018,0.000000
run,source_source,36,foot_l,501.154643,14.899687,17.636180,501.154643,14.899687,17.636180,0.000000
run,source_source,36,ball_l,503.639179,23.140605,5.166578,503.639179,23.140605,5.166578,0.000000
run,source_source,36,foot_r,409.197587,-16.400550,14.727195,409.197587,-16.400550,14.727195,0.000000
run,source_source,36,ball_r,399.567932,-7.461651,7.181171,399.567932,-7.461651,7.181171,0.000000
run,source_source,37,foot_l,506.461447,12.549244,14.550300,506.461447,12.549244,14.550300,0.000000
run,source_source,37,ball_l,505.838844,22.404467,3.058408,505.838844,22.404467,3.058408,0.000000
run,source_source,37,foot_r,429.065263,-21.315356,15.919127,429.065263,-21.315356,15.919127,0.000000
run,source_source,37,ball_r,419.118169,-14.644247,6.638596,419.118169,-14.644247,6.638596,0.000000
run,source_source,38,foot_l,508.960977,10.088862,11.096999,508.960977,10.088862,11.096999,0.000000
run,source_source,38,ball_l,506.445384,22.027200,2.112318,506.445384,22.027200,2.112318,0.000000
run,source_source,38,foot_r,454.865409,-24.895167,19.342752,454.865409,-24.895167,19.342752,0.000000
run,source_source,38,ball_r,444.362479,-23.023507,8.583479,444.362479,-23.023507,8.583479,0.000000
run,source_source,39,foot_l,510.075372,9.352106,9.657695,510.075372,9.352106,9.657695,0.000000
run,source_source,39,ball_l,506.720558,21.924774,1.895617,506.720558,21.924774,1.895617,0.000000
run,source_source,39,foot_r,482.418034,-25.434780,24.035017,482.418034,-25.434780,24.035017,0.000000
run,source_source,39,ball_r,473.729315,-27.586877,11.809992,473.729315,-27.586877,11.809992,0.000000
run,source_source,40,foot_l,510.065731,9.984261,10.503413,510.065731,9.984261,10.503413,0.000000
run,source_source,40,ball_l,506.489730,22.018325,2.019891,506.489730,22.018325,2.019891,0.000000
run,source_source,40,foot_r,508.712438,-24.590385,28.498569,508.712438,-24.590385,28.498569,0.000000
run,source_source,40,ball_r,505.178583,-26.604268,13.902929,505.178583,-26.604268,13.902929,0.000000
run,source_source,41,foot_l,510.988861,10.922989,11.519891,510.988861,10.922989,11.519891,0.000000
run,source_source,41,ball_l,506.495653,22.079208,2.304338,506.495653,22.079208,2.304338,0.000000
run,source_source,41,foot_r,533.044609,-22.979881,30.202940,533.044609,-22.979881,30.202940,0.000000
run,source_source,41,ball_r,534.954381,-20.877874,15.319695,534.954381,-20.877874,15.319695,0.000000
run,source_source,42,foot_l,513.451143,13.378264,13.484554,513.451143,13.378264,13.484554,0.000000
run,source_source,42,ball_l,506.797290,22.340478,3.238504,506.797290,22.340478,3.238504,0.000000
run,source_source,42,foot_r,555.082533,-20.355095,28.017509,555.082533,-20.355095,28.017509,0.000000
run,source_source,42,ball_r,557.950121,-13.783778,14.669427,557.950121,-13.783778,14.669427,0.000000
run,source_source,43,foot_l,522.269742,17.392457,14.694268,522.269742,17.392457,14.694268,0.000000
run,source_source,43,ball_l,510.784736,23.179083,6.682639,510.784736,23.179083,6.682639,0.000000
run,source_source,43,foot_r,571.705174,-17.744155,23.651312,571.705174,-17.744155,23.651312,0.000000
run,source_source,43,ball_r,573.537377,-9.540609,11.044906,573.537377,-9.540609,11.044906,0.000000
run,source_source,44,foot_l,537.510252,17.539226,15.289825,537.510252,17.539226,15.289825,0.000000
run,source_source,44,ball_l,525.221741,23.348193,8.594672,525.221741,23.348193,8.594672,0.000000
run,source_source,44,foot_r,583.100784,-15.822519,18.709469,583.100784,-15.822519,18.709469,0.000000
run,source_source,44,ball_r,583.027941,-7.648048,5.952144,583.027941,-7.648048,5.952144,0.000000
run,source_source,45,foot_l,559.191266,15.151997,15.728098,559.191266,15.151997,15.728098,0.000000
run,source_source,45,ball_l,547.980326,21.377957,7.657854,547.980326,21.377957,7.657854,0.000000
run,source_source,45,foot_r,592.095917,-15.443175,14.960298,592.095917,-15.443175,14.960298,0.000000
run,source_source,45,ball_r,586.586165,-7.685997,3.168544,586.586165,-7.685997,3.168544,0.000000
run,source_source,46,foot_l,584.168148,12.182374,17.127319,584.168148,12.182374,17.127319,0.000000
run,source_source,46,ball_l,575.734740,18.929005,6.500127,575.734740,18.929005,6.500127,0.000000
run,source_source,46,foot_r,595.971283,-16.323777,11.811129,595.971283,-16.323777,11.811129,0.000000
run,source_source,46,ball_r,587.194402,-8.026683,2.662295,587.194402,-8.026683,2.662295,0.000000
run,source_source,47,foot_l,609.397919,9.257904,19.291455,609.397919,9.257904,19.291455,0.000000
run,source_source,47,ball_l,605.320841,17.367433,7.159285,605.320841,17.367433,7.159285,0.000000
run,source_source,47,foot_r,597.015336,-15.925403,10.633877,597.015336,-15.925403,10.633877,0.000000
run,source_source,47,ball_r,587.068422,-8.098105,2.305077,587.068422,-8.098105,2.305077,0.000000
run,source_source,48,foot_l,632.439125,6.746016,21.135949,632.439125,6.746016,21.135949,0.000000
run,source_source,48,ball_l,632.907307,16.154040,9.268072,632.907307,16.154040,9.268072,0.000000
run,source_source,48,foot_r,597.461468,-15.765016,9.933571,597.461468,-15.765016,9.933571,0.000000
run,source_source,48,ball_r,586.908861,-8.150568,2.172175,586.908861,-8.150568,2.172175,0.000000
run,source_source,49,foot_l,649.894065,7.094997,21.143524,649.894065,7.094997,21.143524,0.000000
run,source_source,49,ball_l,650.844723,16.265279,9.119432,650.844723,16.265279,9.119432,0.000000
run,source_source,49,foot_r,597.124478,-15.504175,10.861920,597.124478,-15.504175,10.861920,0.000000
run,source_source,49,ball_r,586.971804,-7.947396,2.531558,586.971804,-7.947396,2.531558,0.000000
run,source_source,50,foot_l,667.017764,7.310110,20.843500,667.017764,7.310110,20.843500,0.000000
run,source_source,50,ball_l,666.935930,15.713517,8.235857,666.935930,15.713517,8.235857,0.000000
run,source_source,50,foot_r,598.565844,-14.938460,13.130186,598.565844,-14.938460,13.130186,0.000000
run,source_source,50,ball_r,588.881537,-7.180853,4.434766,588.881537,-7.180853,4.434766,0.000000
run,source_source,51,foot_l,682.754594,7.500394,19.997793,682.754594,7.500394,19.997793,0.000000
run,source_source,51,ball_l,681.978270,14.797404,6.741565,681.978270,14.797404,6.741565,0.000000
run,source_source,51,foot_r,608.647847,-15.378197,15.401728,608.647847,-15.378197,15.401728,0.000000
run,source_source,51,ball_r,600.032556,-5.754469,7.481048,600.032556,-5.754469,7.481048,0.000000
run,source_source,52,foot_l,696.458775,7.414500,18.354574,696.458775,7.414500,18.354574,0.000000
run,source_source,52,ball_l,695.530137,14.194545,4.836244,695.530137,14.194545,4.836244,0.000000
run,source_source,52,foot_r,623.222107,-17.145738,16.724333,623.222107,-17.145738,16.724333,0.000000
run,source_source,52,ball_r,614.291114,-7.594516,9.070043,614.291114,-7.594516,9.070043,0.000000
run,source_source,53,foot_l,708.724719,7.205735,15.377745,708.724719,7.205735,15.377745,0.000000
run,source_source,53,ball_l,703.834489,14.132735,2.820717,703.834489,14.132735,2.820717,0.000000
run,source_source,53,foot_r,641.837226,-18.908563,17.584573,641.837226,-18.908563,17.584573,0.000000
run,source_source,53,ball_r,631.489751,-12.005031,8.933123,631.489751,-12.005031,8.933123,0.000000
run,source_source,54,foot_l,716.882145,6.934381,12.387268,716.882145,6.934381,12.387268,0.000000
run,source_source,54,ball_l,708.052957,13.970459,2.282036,708.052957,13.970459,2.282036,0.000000
run,source_source,54,foot_r,663.234487,-19.700165,19.209045,663.234487,-19.700165,19.209045,0.000000
run,source_source,54,ball_r,652.554154,-16.593160,8.920526,652.554154,-16.593160,8.920526,0.000000
run,source_source,55,foot_l,719.305950,6.297739,10.837431,719.305950,6.297739,10.837431,0.000000
run,source_source,55,ball_l,709.601296,14.049363,2.159377,709.601296,14.049363,2.159377,0.000000
run,source_source,55,foot_r,685.469714,-19.140649,21.446444,685.469714,-19.140649,21.446444,0.000000
run,source_source,55,ball_r,676.665062,-18.616660,9.126535,676.665062,-18.616660,9.126535,0.000000
run,source_source,56,foot_l,719.397719,6.155756,10.703807,719.397719,6.155756,10.703807,0.000000
run,source_source,56,ball_l,709.544410,13.959992,2.243144,709.544410,13.959992,2.243144,0.000000
run,source_source,56,foot_r,707.397045,-17.783384,23.932649,707.397045,-17.783384,23.932649,0.000000
run,source_source,56,ball_r,702.027615,-18.048647,9.766652,702.027615,-18.048647,9.766652,0.000000
run,source_source,57,foot_l,719.523181,6.597883,11.176761,719.523181,6.597883,11.176761,0.000000
run,source_source,57,ball_l,709.450158,13.848795,2.485669,709.450158,13.848795,2.485669,0.000000
run,source_source,57,foot_r,728.310756,-15.982747,25.882360,728.310756,-15.982747,25.882360,0.000000
run,source_source,57,ball_r,727.343783,-15.039104,10.790936,727.343783,-15.039104,10.790936,0.000000
run,source_source,58,foot_l,719.812715,7.939804,12.124904,719.812715,7.939804,12.124904,0.000000
run,source_source,58,ball_l,709.313700,13.957912,3.007356,709.313700,13.957912,3.007356,0.000000
run,source_source,58,foot_r,748.077205,-13.943562,26.587123,748.077205,-13.943562,26.587123,0.000000
run,source_source,58,ball_r,750.345054,-10.855524,11.927741,750.345054,-10.855524,11.927741,0.000000
run,source_source,59,foot_l,722.647004,10.501844,13.555582,722.647004,10.501844,13.555582,0.000000
run,source_source,59,ball_l,710.688066,14.713868,5.259845,710.688066,14.713868,5.259845,0.000000
run,source_source,59,foot_r,766.729417,-11.663363,26.214114,766.729417,-11.663363,26.214114,0.000000
run,source_source,59,ball_r,769.523475,-6.571360,12.219780,769.523475,-6.571360,12.219780,0.000000
run,source_source,60,foot_l,732.214527,12.269962,14.904663,732.214527,12.269962,14.904663,0.000000
run,source_source,60,ball_l,719.271043,16.565219,8.302113,719.271043,16.565219,8.302113,0.000000
run,source_source,60,foot_r,783.308014,-9.296393,24.437626,783.308014,-9.296393,24.437626,0.000000
run,source_source,60,ball_r,785.429731,-3.237233,10.713139,785.429731,-3.237233,10.713139,0.000000
run,source_source,61,foot_l,747.184478,12.165155,15.757728,747.184478,12.165155,15.757728,0.000000
run,source_source,61,ball_l,734.610611,18.118249,9.754796,734.610611,18.118249,9.754796,0.000000
run,source_source,61,foot_r,797.228420,-7.943581,21.445648,797.228420,-7.943581,21.445648,0.000000
run,source_source,61,ball_r,798.290160,-1.717422,7.673057,798.290160,-1.717422,7.673057,0.000000
run,source_source,62,foot_l,765.674947,11.630554,16.016650,765.674947,11.630554,16.016650,0.000000
run,source_source,62,ball_l,754.588571,18.970558,8.750756,754.588571,18.970558,8.750756,0.000000
run,source_source,62,foot_r,810.133827,-7.506715,17.833404,810.133827,-7.506715,17.833404,0.000000
run,source_source,62,ball_r,806.883067,-1.639414,4.247236,806.883067,-1.639414,4.247236,0.000000
run,source_source,63,foot_l,785.522276,11.347847,15.895088,785.522276,11.347847,15.895088,0.000000
run,source_source,63,ball_l,776.679932,19.706903,6.866483,776.679932,19.706903,6.866483,0.000000
run,source_source,63,foot_r,821.513209,-7.568369,14.176802,821.513209,-7.568369,14.176802,0.000000
run,source_source,63,ball_r,813.194525,-1.596981,3.009053,813.194525,-1.596981,3.009053,0.000000
run,source_source,64,foot_l,805.652569,11.493596,15.841684,805.652569,11.493596,15.841684,0.000000
run,source_source,64,ball_l,799.613290,20.757782,5.484148,799.613290,20.757782,5.484148,0.000000
run,source_source,64,foot_r,831.869939,-7.512023,11.364463,831.869939,-7.512023,11.364463,0.000000
run,source_source,64,ball_r,820.836818,-1.677794,2.773268,820.836818,-1.677794,2.773268,0.000000
run,source_source,65,foot_l,825.785370,11.985141,16.325533,825.785370,11.985141,16.325533,0.000000
run,source_source,65,ball_l,822.758613,22.180904,5.533788,822.758613,22.180904,5.533788,0.000000
run,source_source,65,foot_r,837.202439,-7.530554,10.439157,837.202439,-7.530554,10.439157,0.000000
run,source_source,65,ball_r,825.590378,-1.769297,2.594117,825.590378,-1.769297,2.594117,0.000000
run,source_source,66,foot_l,845.672694,12.611724,17.108236,845.672694,12.611724,17.108236,0.000000
run,source_source,66,ball_l,845.013140,23.643261,6.742582,845.013140,23.643261,6.742582,0.000000
run,source_source,66,foot_r,837.016200,-7.663425,10.510335,837.016200,-7.663425,10.510335,0.000000
run,source_source,66,ball_r,825.488150,-1.852142,2.578776,825.488150,-1.852142,2.578776,0.000000
run,source_source,67,foot_l,864.901480,13.143535,18.037140,864.901480,13.143535,18.037140,0.000000
run,source_source,67,ball_l,865.836063,24.620651,8.189352,865.836063,24.620651,8.189352,0.000000
run,source_source,67,foot_r,836.800244,-7.846292,10.536426,836.800244,-7.846292,10.536426,0.000000
run,source_source,67,ball_r,825.345594,-1.890704,2.605564,825.345594,-1.890704,2.605564,0.000000
run,source_source,68,foot_l,883.035451,13.457413,18.825530,883.035451,13.457413,18.825530,0.000000
run,source_source,68,ball_l,885.046250,24.908163,9.108862,885.046250,24.908163,9.108862,0.000000
run,source_source,68,foot_r,836.501147,-7.696972,11.057487,836.501147,-7.696972,11.057487,0.000000
run,source_source,68,ball_r,825.292632,-1.809641,2.733717,825.292632,-1.809641,2.733717,0.000000
run,source_source,69,foot_l,900.064278,13.343851,19.557358,900.064278,13.343851,19.557358,0.000000
run,source_source,69,ball_l,901.364863,23.998451,8.863219,901.364863,23.998451,8.863219,0.000000
run,source_source,69,foot_r,836.996394,-6.923987,13.024086,836.996394,-6.923987,13.024086,0.000000
run,source_source,69,ball_r,826.337454,-1.385899,3.788657,826.337454,-1.385899,3.788657,0.000000
run,source_source,70,foot_l,915.698594,12.848949,19.640279,915.698594,12.848949,19.640279,0.000000
run,source_source,70,ball_l,915.339628,21.870933,7.472634,915.339628,21.870933,7.472634,0.000000
run,source_source,70,foot_r,844.835457,-6.484994,15.790313,844.835457,-6.484994,15.790313,0.000000
run,source_source,70,ball_r,835.040358,-0.184244,6.098401,835.040358,-0.184244,6.098401,0.000000
run,source_source,71,foot_l,929.349154,12.081942,18.663089,929.349154,12.081942,18.663089,0.000000
run,source_source,71,ball_l,927.984411,19.485264,5.513757,927.984411,19.485264,5.513757,0.000000
run,source_source,71,foot_r,858.075899,-7.741813,17.302288,858.075899,-7.741813,17.302288,0.000000
run,source_source,71,ball_r,847.970176,-1.316751,8.019532,847.970176,-1.316751,8.019532,0.000000
run,source_cmc,0,foot_l,-38.550085,-24.028216,35.982493,-38.550085,-24.028216,35.982493,0.000000
run,source_cmc,0,ball_l,-41.453356,-25.865972,21.225452,-41.453356,-25.865972,21.225452,0.000000
run,source_cmc,0,foot_r,-17.604721,-7.323687,10.814089,-17.604721,-7.323687,10.814089,0.000000
run,source_cmc,0,ball_r,-8.128621,1.446309,2.885197,-8.128621,1.446309,2.885197,0.000000
run,source_cmc,1,foot_l,-16.461198,-23.938240,34.164646,-16.461198,-23.938240,34.164646,0.000000
run,source_cmc,1,ball_l,-15.935041,-25.860605,19.144516,-15.935041,-25.860605,19.144516,0.000000
run,source_cmc,1,foot_r,-17.126016,-7.165106,11.304788,-17.126016,-7.165106,11.304788,0.000000
run,source_cmc,1,ball_r,-8.203994,1.609413,2.761839,-8.203994,1.609413,2.761839,0.000000
run,source_cmc,2,foot_l,8.730132,-22.504406,30.686191,8.730132,-22.504406,30.686191,0.000000
run,source_cmc,2,ball_l,13.930308,-24.395418,16.580911,13.930308,-24.395418,16.580911,0.000000
run,source_cmc,2,foot_r,-16.479311,-6.555853,12.409295,-16.479311,-6.555853,12.409295,0.000000
run,source_cmc,2,ball_r,-8.309949,1.761467,2.731467,-8.309949,1.761467,2.731467,0.000000
run,source_cmc,3,foot_l,37.275555,-19.075090,25.964469,37.275555,-19.075090,25.964469,0.000000
run,source_cmc,3,ball_l,47.083834,-20.830059,14.549816,47.083834,-20.830059,14.549816,0.000000
run,source_cmc,3,foot_r,-12.457618,-6.824557,14.327756,-12.457618,-6.824557,14.327756,0.000000
run,source_cmc,3,ball_r,-7.126662,2.148600,3.344132,-7.126662,2.148600,3.344132,0.000000
run,source_cmc,4,foot_l,67.666158,-13.887548,20.663780,67.666158,-13.887548,20.663780,0.000000
run,source_cmc,4,ball_l,80.393353,-14.607835,12.473764,80.393353,-14.607835,12.473764,0.000000
run,source_cmc,4,foot_r,-3.869924,-5.653091,17.130795,-3.869924,-5.653091,17.130795,0.000000
run,source_cmc,4,ball_r,-4.205713,2.558261,4.401398,-4.205713,2.558261,4.401398,0.000000
run,source_cmc,5,foot_l,96.638811,-8.437943,15.825112,96.638811,-8.437943,15.825112,0.000000
run,source_cmc,5,ball_l,110.305023,-6.963878,9.450290,110.305023,-6.963878,9.450290,0.000000
run,source_cmc,5,foot_r,3.806701,-2.173079,17.417857,3.806701,-2.173079,17.417857,0.000000
run,source_cmc,5,ball_r,-1.479313,3.917347,4.590491,-1.479313,3.917347,4.590491,0.000000
run,source_cmc,6,foot_l,120.959893,-4.827669,12.250619,120.959893,-4.827669,12.250619,0.000000
run,source_cmc,6,ball_l,133.887497,-0.231108,5.822141,133.887497,-0.231108,5.822141,0.000000
run,source_cmc,6,foot_r,7.823315,1.078006,17.123361,7.823315,1.078006,17.123361,0.000000
run,source_cmc,6,ball_r,0.719997,5.636361,4.540004,0.719997,5.636361,4.540004,0.000000
run,source_cmc,7,foot_l,137.097654,-4.860601,10.405327,137.097654,-4.860601,10.405327,0.000000
run,source_cmc,7,ball_l,146.838036,3.719918,2.590191,146.838036,3.719918,2.590191,0.000000
run,source_cmc,7,foot_r,21.784750,3.675310,16.261883,21.784750,3.675310,16.261883,0.000000
run,source_cmc,7,ball_r,12.405220,9.448452,5.856513,12.405220,9.448452,5.856513,0.000000
run,source_cmc,8,foot_l,137.661085,-5.554577,10.194336,137.661085,-5.554577,10.194336,0.000000
run,source_cmc,8,ball_l,147.023118,3.488953,2.439110,147.023118,3.488953,2.439110,0.000000
run,source_cmc,8,foot_r,40.439722,4.915664,18.102026,40.439722,4.915664,18.102026,0.000000
run,source_cmc,8,ball_r,31.028047,11.356789,8.126618,31.028047,11.356789,8.126618,0.000000
run,source_cmc,9,foot_l,137.815088,-5.089900,10.831886,137.815088,-5.089900,10.831886,0.000000
run,source_cmc,9,ball_l,146.985832,3.581547,2.448559,146.985832,3.581547,2.448559,0.000000
run,source_cmc,9,foot_r,62.831715,4.668681,20.860554,62.831715,4.668681,20.860554,0.000000
run,source_cmc,9,ball_r,55.177274,11.315584,9.599789,55.177274,11.315584,9.599789,0.000000
run,source_cmc,10,foot_l,139.372091,-4.032934,13.506216,139.372091,-4.032934,13.506216,0.000000
run,source_cmc,10,ball_l,146.907830,3.696366,2.873851,146.907830,3.696366,2.873851,0.000000
run,source_cmc,10,foot_r,86.654747,3.866481,22.658433,86.654747,3.866481,22.658433,0.000000
run,source_cmc,10,ball_r,82.324928,10.711299,9.853054,82.324928,10.711299,9.853054,0.000000
run,source_cmc,11,foot_l,146.386720,-2.791037,17.909764,146.386720,-2.791037,17.909764,0.000000
run,source_cmc,11,ball_l,148.109627,3.596381,4.278583,148.109627,3.596381,4.278583,0.000000
run,source_cmc,11,foot_r,110.583311,2.775105,22.156094,110.583311,2.775105,22.156094,0.000000
run,source_cmc,11,ball_r,109.894416,10.645126,9.226871,109.894416,10.645126,9.226871,0.000000
run,source_cmc,12,foot_l,160.162438,-2.321255,20.319593,160.162438,-2.321255,20.319593,0.000000
run,source_cmc,12,ball_l,154.447602,3.290779,7.457931,154.447602,3.290779,7.457931,0.000000
run,source_cmc,12,foot_r,134.806681,1.797049,19.824564,134.806681,1.797049,19.824564,0.000000
run,source_cmc,12,ball_r,136.490875,11.340337,8.177000,136.490875,11.340337,8.177000,0.000000
run,source_cmc,13,foot_l,176.894242,-1.349081,21.019351,176.894242,-1.349081,21.019351,0.000000
run,source_cmc,13,ball_l,174.641071,4.418296,7.190498,174.641071,4.418296,7.190498,0.000000
run,source_cmc,13,foot_r,159.102727,1.328626,17.025076,159.102727,1.328626,17.025076,0.000000
run,source_cmc,13,ball_r,161.549573,12.290742,6.855436,161.549573,12.290742,6.855436,0.000000
run,source_cmc,14,foot_l,197.501014,0.827240,20.186937,197.501014,0.827240,20.186937,0.000000
run,source_cmc,14,ball_l,201.729915,7.433563,7.223546,201.729915,7.433563,7.223546,0.000000
run,source_cmc,14,foot_r,181.925406,0.991932,14.401770,181.925406,0.991932,14.401770,0.000000
run,source_cmc,14,ball_r,183.580697,12.606150,4.812892,183.580697,12.606150,4.812892,0.000000
run,source_cmc,15,foot_l,220.711818,4.023480,18.871494,220.711818,4.023480,18.871494,0.000000
run,source_cmc,15,ball_l,227.978978,11.797217,8.085670,227.978978,11.797217,8.085670,0.000000
run,source_cmc,15,foot_r,192.449686,0.606286,10.555354,192.449686,0.606286,10.555354,0.000000
run,source_cmc,15,ball_r,186.915862,12.286109,2.647435,186.915862,12.286109,2.647435,0.000000
run,source_cmc,16,foot_l,243.810549,8.094662,17.879425,243.810549,8.094662,17.879425,0.000000
run,source_cmc,16,ball_l,252.047786,17.094633,8.894714,252.047786,17.094633,8.894714,0.000000
run,source_cmc,16,foot_r,193.459649,0.376900,9.233732,193.459649,0.376900,9.233732,0.000000
run,source_cmc,16,ball_r,186.816126,12.156360,2.401126,186.816126,12.156360,2.401126,0.000000
run,source_cmc,17,foot_l,264.799055,12.160784,17.719139,264.799055,12.160784,17.719139,0.000000
run,source_cmc,17,ball_l,272.576723,22.269316,9.539767,272.576723,22.269316,9.539767,0.000000
run,source_cmc,17,foot_r,193.392162,0.537520,9.377138,193.392162,0.537520,9.377138,0.000000
run,source_cmc,17,ball_r,186.707935,12.205659,2.394854,186.707935,12.205659,2.394854,0.000000
run,source_cmc,18,foot_l,281.031987,15.270129,17.524537,281.031987,15.270129,17.524537,0.000000
run,source_cmc,18,ball_l,287.231442,25.361589,8.074365,287.231442,25.361589,8.074365,0.000000
run,source_cmc,18,foot_r,193.061367,0.464419,9.451674,193.061367,0.464419,9.451674,0.000000
run,source_cmc,18,ball_r,186.519909,12.197872,2.443677,186.519909,12.197872,2.443677,0.000000
run,source_cmc,19,foot_l,290.884510,16.553907,15.633468,290.884510,16.553907,15.633468,0.000000
run,source_cmc,19,ball_l,295.522323,25.800937,4.562798,295.522323,25.800937,4.562798,0.000000
run,source_cmc,19,foot_r,193.613261,0.691736,10.312349,193.613261,0.691736,10.312349,0.000000
run,source_cmc,19,ball_r,186.685821,12.208338,3.315571,186.685821,12.208338,3.315571,0.000000
run,source_cmc,20,foot_l,296.708807,14.746372,13.262141,296.708807,14.746372,13.262141,0.000000
run,source_cmc,20,ball_l,297.746536,25.464022,2.602323,297.746536,25.464022,2.602323,0.000000
run,source_cmc,20,foot_r,200.887397,-1.039145,12.405950,200.887397,-1.039145,12.405950,0.000000
run,source_cmc,20,ball_r,192.536071,10.220748,6.657319,192.536071,10.220748,6.657319,0.000000
run,source_cmc,21,foot_l,298.475716,12.749456,10.646105,298.475716,12.749456,10.646105,0.000000
run,source_cmc,21,ball_l,298.165450,25.168547,1.971630,298.165450,25.168547,1.971630,0.000000
run,source_cmc,21,foot_r,218.209594,-8.297469,12.838764,218.209594,-8.297469,12.838764,0.000000
run,source_cmc,21,ball_r,209.191594,1.522877,5.640635,209.191594,1.522877,5.640635,0.000000
run,source_cmc,22,foot_l,298.768564,12.264669,9.907980,298.768564,12.264669,9.907980,0.000000
run,source_cmc,22,ball_l,298.172006,25.091383,1.864589,298.172006,25.091383,1.864589,0.000000
run,source_cmc,22,foot_r,244.673446,-16.620877,14.463039,244.673446,-16.620877,14.463039,0.000000
run,source_cmc,22,ball_r,233.783624,-10.583648,5.829372,233.783624,-10.583648,5.829372,0.000000
run,source_cmc,23,foot_l,299.008992,12.407577,10.088837,299.008992,12.407577,10.088837,0.000000
run,source_cmc,23,ball_l,298.066867,25.120315,1.898886,298.066867,25.120315,1.898886,0.000000
run,source_cmc,23,foot_r,275.137728,-21.887599,18.397690,275.137728,-21.887599,18.397690,0.000000
run,source_cmc,23,ball_r,264.882326,-19.457896,7.511926,264.882326,-19.457896,7.511926,0.000000
run,source_cmc,24,foot_l,299.831153,12.715927,10.632230,299.831153,12.715927,10.632230,0.000000
run,source_cmc,24,ball_l,297.989064,25.086769,2.079710,297.989064,25.086769,2.079710,0.000000
run,source_cmc,24,foot_r,304.818693,-24.089605,22.691071,304.818693,-24.089605,22.691071,0.000000
run,source_cmc,24,ball_r,300.065810,-21.532626,8.533085,300.065810,-21.532626,8.533085,0.000000
run,source_cmc,25,foot_l,301.500647,14.386284,12.689653,301.500647,14.386284,12.689653,0.000000
run,source_cmc,25,ball_l,298.048651,25.211057,2.665450,298.048651,25.211057,2.665450,0.000000
run,source_cmc,25,foot_r,331.977400,-23.348755,24.412051,331.977400,-23.348755,24.412051,0.000000
run,source_cmc,25,ball_r,331.909841,-17.596242,10.394896,331.909841,-17.596242,10.394896,0.000000
run,source_cmc,26,foot_l,307.434361,17.627236,14.756003,307.434361,17.627236,14.756003,0.000000
run,source_cmc,26,ball_l,299.412644,25.682691,4.739101,299.412644,25.682691,4.739101,0.000000
run,source_cmc,26,foot_r,354.835472,-20.647401,22.900566,354.835472,-20.647401,22.900566,0.000000
run,source_cmc,26,ball_r,355.419973,-12.190977,10.341750,355.419973,-12.190977,10.341750,0.000000
run,source_cmc,27,foot_l,320.266594,19.849762,15.090114,320.266594,19.849762,15.090114,0.000000
run,source_cmc,27,ball_l,308.461782,26.443908,8.253427,308.461782,26.443908,8.253427,0.000000
run,source_cmc,27,foot_r,370.421788,-17.961176,19.335027,370.421788,-17.961176,19.335027,0.000000
run,source_cmc,27,ball_r,370.804694,-8.080377,7.854617,370.804694,-8.080377,7.854617,0.000000
run,source_cmc,28,foot_l,338.092874,18.695199,15.408340,338.092874,18.695199,15.408340,0.000000
run,source_cmc,28,ball_l,327.143747,26.439229,8.356871,327.143747,26.439229,8.356871,0.000000
run,source_cmc,28,foot_r,381.203651,-15.371315,15.536205,381.203651,-15.371315,15.536205,0.000000
run,source_cmc,28,ball_r,379.773417,-4.978482,4.603682,379.773417,-4.978482,4.603682,0.000000
run,source_cmc,29,foot_l,360.886064,16.601214,15.588541,360.886064,16.601214,15.588541,0.000000
run,source_cmc,29,ball_l,352.091245,25.070143,6.616087,352.091245,25.070143,6.616087,0.000000
run,source_cmc,29,foot_r,387.967786,-14.494617,12.756234,387.967786,-14.494617,12.756234,0.000000
run,source_cmc,29,ball_r,381.555098,-4.950107,2.889301,381.555098,-4.950107,2.889301,0.000000
run,source_cmc,30,foot_l,385.967890,14.199977,16.465946,385.967890,14.199977,16.465946,0.000000
run,source_cmc,30,ball_l,381.381681,23.664105,5.558445,381.381681,23.664105,5.558445,0.000000
run,source_cmc,30,foot_r,389.809579,-14.451987,11.040873,389.809579,-14.451987,11.040873,0.000000
run,source_cmc,30,ball_r,381.649078,-4.961488,2.501945,381.649078,-4.961488,2.501945,0.000000
run,source_cmc,31,foot_l,411.192372,12.356114,17.925248,411.192372,12.356114,17.925248,0.000000
run,source_cmc,31,ball_l,412.198596,22.395508,6.621502,412.198596,22.395508,6.621502,0.000000
run,source_cmc,31,foot_r,390.513362,-14.333674,10.093987,390.513362,-14.333674,10.093987,0.000000
run,source_cmc,31,ball_r,381.442432,-5.046739,2.280686,381.442432,-5.046739,2.280686,0.000000
run,source_cmc,32,foot_l,435.808462,11.605139,19.259048,435.808462,11.605139,19.259048,0.000000
run,source_cmc,32,ball_l,441.397825,21.428274,9.167383,441.397825,21.428274,9.167383,0.000000
run,source_cmc,32,foot_r,390.747628,-14.662027,9.497717,390.747628,-14.662027,9.497717,0.000000
run,source_cmc,32,ball_r,381.379740,-5.196944,2.270582,381.379740,-5.196944,2.270582,0.000000
run,source_cmc,33,foot_l,458.807132,11.988211,20.229088,458.807132,11.988211,20.229088,0.000000
run,source_cmc,33,ball_l,466.441914,22.110547,11.933006,466.441914,22.110547,11.933006,0.000000
run,source_cmc,33,foot_r,390.504052,-14.805631,9.607430,390.504052,-14.805631,9.607430,0.000000
run,source_cmc,33,ball_r,381.286460,-5.201024,2.371124,381.286460,-5.201024,2.371124,0.000000
run,source_cmc,34,foot_l,478.209522,13.344607,20.906237,478.209522,13.344607,20.906237,0.000000
run,source_cmc,34,ball_l,484.386143,24.223292,12.357542,484.386143,24.223292,12.357542,0.000000
run,source_cmc,34,foot_r,389.995119,-14.718746,10.197996,389.995119,-14.718746,10.197996,0.000000
run,source_cmc,34,ball_r,381.135157,-5.117488,2.523768,381.135157,-5.117488,2.523768,0.000000
run,source_cmc,35,foot_l,492.475870,14.870463,20.236637,492.475870,14.870463,20.236637,0.000000
run,source_cmc,35,ball_l,495.933166,24.604246,9.151639,495.933166,24.604246,9.151639,0.000000
run,source_cmc,35,foot_r,394.935086,-14.217225,12.642281,394.935086,-14.217225,12.642281,0.000000
run,source_cmc,35,ball_r,385.627785,-4.985091,5.045018,385.627785,-4.985091,5.045018,0.000000
run,source_cmc,36,foot_l,501.154676,14.899687,17.636180,501.154676,14.899687,17.636180,0.000000
run,source_cmc,36,ball_l,503.639212,23.140605,5.166578,503.639212,23.140605,5.166578,0.000000
run,source_cmc,36,foot_r,409.197620,-16.400550,14.727195,409.197620,-16.400550,14.727195,0.000000
run,source_cmc,36,ball_r,399.567965,-7.461651,7.181171,399.567965,-7.461651,7.181171,0.000000
run,source_cmc,37,foot_l,506.461480,12.549244,14.550300,506.461480,12.549244,14.550300,0.000000
run,source_cmc,37,ball_l,505.838877,22.404467,3.058408,505.838877,22.404467,3.058408,0.000000
run,source_cmc,37,foot_r,429.065296,-21.315356,15.919127,429.065296,-21.315356,15.919127,0.000000
run,source_cmc,37,ball_r,419.118202,-14.644247,6.638596,419.118202,-14.644247,6.638596,0.000000
run,source_cmc,38,foot_l,508.961010,10.088862,11.096999,508.961010,10.088862,11.096999,0.000000
run,source_cmc,38,ball_l,506.445417,22.027200,2.112318,506.445417,22.027200,2.112318,0.000000
run,source_cmc,38,foot_r,454.865442,-24.895167,19.342752,454.865442,-24.895167,19.342752,0.000000
run,source_cmc,38,ball_r,444.362512,-23.023507,8.583479,444.362512,-23.023507,8.583479,0.000000
run,source_cmc,39,foot_l,510.075405,9.352106,9.657695,510.075405,9.352106,9.657695,0.000000
run,source_cmc,39,ball_l,506.720591,21.924774,1.895617,506.720591,21.924774,1.895617,0.000000
run,source_cmc,39,foot_r,482.418067,-25.434780,24.035017,482.418067,-25.434780,24.035017,0.000000
run,source_cmc,39,ball_r,473.729348,-27.586877,11.809992,473.729348,-27.586877,11.809992,0.000000
run,source_cmc,40,foot_l,510.065763,9.984261,10.503413,510.065763,9.984261,10.503413,0.000000
run,source_cmc,40,ball_l,506.489763,22.018325,2.019891,506.489763,22.018325,2.019891,0.000000
run,source_cmc,40,foot_r,508.712471,-24.590385,28.498569,508.712471,-24.590385,28.498569,0.000000
run,source_cmc,40,ball_r,505.178616,-26.604268,13.902929,505.178616,-26.604268,13.902929,0.000000
run,source_cmc,41,foot_l,510.988894,10.922989,11.519891,510.988894,10.922989,11.519891,0.000000
run,source_cmc,41,ball_l,506.495686,22.079208,2.304338,506.495686,22.079208,2.304338,0.000000
run,source_cmc,41,foot_r,533.044642,-22.979881,30.202940,533.044642,-22.979881,30.202940,0.000000
run,source_cmc,41,ball_r,534.954414,-20.877874,15.319695,534.954414,-20.877874,15.319695,0.000000
run,source_cmc,42,foot_l,513.451175,13.378264,13.484554,513.451175,13.378264,13.484554,0.000000
run,source_cmc,42,ball_l,506.797323,22.340478,3.238504,506.797323,22.340478,3.238504,0.000000
run,source_cmc,42,foot_r,555.082566,-20.355095,28.017509,555.082566,-20.355095,28.017509,0.000000
run,source_cmc,42,ball_r,557.950154,-13.783778,14.669427,557.950154,-13.783778,14.669427,0.000000
run,source_cmc,43,foot_l,522.269775,17.392457,14.694268,522.269775,17.392457,14.694268,0.000000
run,source_cmc,43,ball_l,510.784769,23.179083,6.682639,510.784769,23.179083,6.682639,0.000000
run,source_cmc,43,foot_r,571.705207,-17.744155,23.651312,571.705207,-17.744155,23.651312,0.000000
run,source_cmc,43,ball_r,573.537409,-9.540609,11.044906,573.537409,-9.540609,11.044906,0.000000
run,source_cmc,44,foot_l,537.510285,17.539226,15.289825,537.510285,17.539226,15.289825,0.000000
run,source_cmc,44,ball_l,525.221774,23.348193,8.594672,525.221774,23.348193,8.594672,0.000000
run,source_cmc,44,foot_r,583.100817,-15.822519,18.709469,583.100817,-15.822519,18.709469,0.000000
run,source_cmc,44,ball_r,583.027974,-7.648048,5.952144,583.027974,-7.648048,5.952144,0.000000
run,source_cmc,45,foot_l,559.191298,15.151997,15.728098,559.191298,15.151997,15.728098,0.000000
run,source_cmc,45,ball_l,547.980359,21.377957,7.657854,547.980359,21.377957,7.657854,0.000000
run,source_cmc,45,foot_r,592.095950,-15.443175,14.960298,592.095950,-15.443175,14.960298,0.000000
run,source_cmc,45,ball_r,586.586198,-7.685997,3.168544,586.586198,-7.685997,3.168544,0.000000
run,source_cmc,46,foot_l,584.168181,12.182374,17.127319,584.168181,12.182374,17.127319,0.000000
run,source_cmc,46,ball_l,575.734773,18.929005,6.500127,575.734773,18.929005,6.500127,0.000000
run,source_cmc,46,foot_r,595.971316,-16.323777,11.811129,595.971316,-16.323777,11.811129,0.000000
run,source_cmc,46,ball_r,587.194435,-8.026683,2.662295,587.194435,-8.026683,2.662295,0.000000
run,source_cmc,47,foot_l,609.397952,9.257904,19.291455,609.397952,9.257904,19.291455,0.000000
run,source_cmc,47,ball_l,605.320874,17.367433,7.159285,605.320874,17.367433,7.159285,0.000000
run,source_cmc,47,foot_r,597.015369,-15.925403,10.633877,597.015369,-15.925403,10.633877,0.000000
run,source_cmc,47,ball_r,587.068455,-8.098105,2.305077,587.068455,-8.098105,2.305077,0.000000
run,source_cmc,48,foot_l,632.439157,6.746016,21.135949,632.439157,6.746016,21.135949,0.000000
run,source_cmc,48,ball_l,632.907340,16.154040,9.268072,632.907340,16.154040,9.268072,0.000000
run,source_cmc,48,foot_r,597.461501,-15.765016,9.933571,597.461501,-15.765016,9.933571,0.000000
run,source_cmc,48,ball_r,586.908893,-8.150568,2.172175,586.908893,-8.150568,2.172175,0.000000
run,source_cmc,49,foot_l,649.894097,7.094997,21.143524,649.894097,7.094997,21.143524,0.000000
run,source_cmc,49,ball_l,650.844756,16.265279,9.119432,650.844756,16.265279,9.119432,0.000000
run,source_cmc,49,foot_r,597.124511,-15.504175,10.861920,597.124511,-15.504175,10.861920,0.000000
run,source_cmc,49,ball_r,586.971837,-7.947396,2.531558,586.971837,-7.947396,2.531558,0.000000
run,source_cmc,50,foot_l,667.017797,7.310110,20.843500,667.017797,7.310110,20.843500,0.000000
run,source_cmc,50,ball_l,666.935962,15.713517,8.235857,666.935962,15.713517,8.235857,0.000000
run,source_cmc,50,foot_r,598.565876,-14.938460,13.130186,598.565876,-14.938460,13.130186,0.000000
run,source_cmc,50,ball_r,588.881570,-7.180853,4.434766,588.881570,-7.180853,4.434766,0.000000
run,source_cmc,51,foot_l,682.754627,7.500394,19.997793,682.754627,7.500394,19.997793,0.000000
run,source_cmc,51,ball_l,681.978303,14.797404,6.741565,681.978303,14.797404,6.741565,0.000000
run,source_cmc,51,foot_r,608.647880,-15.378197,15.401728,608.647880,-15.378197,15.401728,0.000000
run,source_cmc,51,ball_r,600.032589,-5.754469,7.481048,600.032589,-5.754469,7.481048,0.000000
run,source_cmc,52,foot_l,696.458808,7.414500,18.354574,696.458808,7.414500,18.354574,0.000000
run,source_cmc,52,ball_l,695.530170,14.194545,4.836244,695.530170,14.194545,4.836244,0.000000
run,source_cmc,52,foot_r,623.222139,-17.145738,16.724333,623.222139,-17.145738,16.724333,0.000000
run,source_cmc,52,ball_r,614.291146,-7.594516,9.070043,614.291146,-7.594516,9.070043,0.000000
run,source_cmc,53,foot_l,708.724752,7.205735,15.377745,708.724752,7.205735,15.377745,0.000000
run,source_cmc,53,ball_l,703.834522,14.132735,2.820717,703.834522,14.132735,2.820717,0.000000
run,source_cmc,53,foot_r,641.837259,-18.908563,17.584573,641.837259,-18.908563,17.584573,0.000000
run,source_cmc,53,ball_r,631.489784,-12.005031,8.933123,631.489784,-12.005031,8.933123,0.000000
run,source_cmc,54,foot_l,716.882178,6.934381,12.387268,716.882178,6.934381,12.387268,0.000000
run,source_cmc,54,ball_l,708.052990,13.970459,2.282036,708.052990,13.970459,2.282036,0.000000
run,source_cmc,54,foot_r,663.234520,-19.700165,19.209045,663.234520,-19.700165,19.209045,0.000000
run,source_cmc,54,ball_r,652.554187,-16.593160,8.920526,652.554187,-16.593160,8.920526,0.000000
run,source_cmc,55,foot_l,719.305983,6.297739,10.837431,719.305983,6.297739,10.837431,0.000000
run,source_cmc,55,ball_l,709.601329,14.049363,2.159377,709.601329,14.049363,2.159377,0.000000
run,source_cmc,55,foot_r,685.469747,-19.140649,21.446444,685.469747,-19.140649,21.446444,0.000000
run,source_cmc,55,ball_r,676.665095,-18.616660,9.126535,676.665095,-18.616660,9.126535,0.000000
run,source_cmc,56,foot_l,719.397752,6.155756,10.703807,719.397752,6.155756,10.703807,0.000000
run,source_cmc,56,ball_l,709.544443,13.959992,2.243144,709.544443,13.959992,2.243144,0.000000
run,source_cmc,56,foot_r,707.397078,-17.783384,23.932649,707.397078,-17.783384,23.932649,0.000000
run,source_cmc,56,ball_r,702.027648,-18.048647,9.766652,702.027648,-18.048647,9.766652,0.000000
run,source_cmc,57,foot_l,719.523214,6.597883,11.176761,719.523214,6.597883,11.176761,0.000000
run,source_cmc,57,ball_l,709.450191,13.848795,2.485669,709.450191,13.848795,2.485669,0.000000
run,source_cmc,57,foot_r,728.310789,-15.982747,25.882360,728.310789,-15.982747,25.882360,0.000000
run,source_cmc,57,ball_r,727.343816,-15.039104,10.790936,727.343816,-15.039104,10.790936,0.000000
run,source_cmc,58,foot_l,719.812748,7.939804,12.124904,719.812748,7.939804,12.124904,0.000000
run,source_cmc,58,ball_l,709.313732,13.957912,3.007356,709.313732,13.957912,3.007356,0.000000
run,source_cmc,58,foot_r,748.077238,-13.943562,26.587123,748.077238,-13.943562,26.587123,0.000000
run,source_cmc,58,ball_r,750.345087,-10.855524,11.927741,750.345087,-10.855524,11.927741,0.000000
run,source_cmc,59,foot_l,722.647037,10.501844,13.555582,722.647037,10.501844,13.555582,0.000000
run,source_cmc,59,ball_l,710.688099,14.713868,5.259845,710.688099,14.713868,5.259845,0.000000
run,source_cmc,59,foot_r,766.729450,-11.663363,26.214114,766.729450,-11.663363,26.214114,0.000000
run,source_cmc,59,ball_r,769.523507,-6.571360,12.219780,769.523507,-6.571360,12.219780,0.000000
run,source_cmc,60,foot_l,732.214560,12.269962,14.904663,732.214560,12.269962,14.904663,0.000000
run,source_cmc,60,ball_l,719.271076,16.565219,8.302113,719.271076,16.565219,8.302113,0.000000
run,source_cmc,60,foot_r,783.308047,-9.296393,24.437626,783.308047,-9.296393,24.437626,0.000000
run,source_cmc,60,ball_r,785.429764,-3.237233,10.713139,785.429764,-3.237233,10.713139,0.000000
run,source_cmc,61,foot_l,747.184511,12.165155,15.757728,747.184511,12.165155,15.757728,0.000000
run,source_cmc,61,ball_l,734.610644,18.118249,9.754796,734.610644,18.118249,9.754796,0.000000
run,source_cmc,61,foot_r,797.228453,-7.943581,21.445648,797.228453,-7.943581,21.445648,0.000000
run,source_cmc,61,ball_r,798.290193,-1.717422,7.673057,798.290193,-1.717422,7.673057,0.000000
run,source_cmc,62,foot_l,765.674980,11.630554,16.016650,765.674980,11.630554,16.016650,0.000000
run,source_cmc,62,ball_l,754.588604,18.970558,8.750756,754.588604,18.970558,8.750756,0.000000
run,source_cmc,62,foot_r,810.133860,-7.506715,17.833404,810.133860,-7.506715,17.833404,0.000000
run,source_cmc,62,ball_r,806.883100,-1.639414,4.247236,806.883100,-1.639414,4.247236,0.000000
run,source_cmc,63,foot_l,785.522309,11.347847,15.895088,785.522309,11.347847,15.895088,0.000000
run,source_cmc,63,ball_l,776.679964,19.706903,6.866483,776.679964,19.706903,6.866483,0.000000
run,source_cmc,63,foot_r,821.513242,-7.568369,14.176802,821.513242,-7.568369,14.176802,0.000000
run,source_cmc,63,ball_r,813.194558,-1.596981,3.009053,813.194558,-1.596981,3.009053,0.000000
run,source_cmc,64,foot_l,805.652602,11.493596,15.841684,805.652602,11.493596,15.841684,0.000000
run,source_cmc,64,ball_l,799.613322,20.757782,5.484148,799.613322,20.757782,5.484148,0.000000
run,source_cmc,64,foot_r,831.869972,-7.512023,11.364463,831.869972,-7.512023,11.364463,0.000000
run,source_cmc,64,ball_r,820.836851,-1.677794,2.773268,820.836851,-1.677794,2.773268,0.000000
run,source_cmc,65,foot_l,825.785403,11.985141,16.325533,825.785403,11.985141,16.325533,0.000000
run,source_cmc,65,ball_l,822.758646,22.180904,5.533788,822.758646,22.180904,5.533788,0.000000
run,source_cmc,65,foot_r,837.202471,-7.530554,10.439157,837.202471,-7.530554,10.439157,0.000000
run,source_cmc,65,ball_r,825.590411,-1.769297,2.594117,825.590411,-1.769297,2.594117,0.000000
run,source_cmc,66,foot_l,845.672774,12.611724,17.108236,845.672774,12.611724,17.108236,0.000000
run,source_cmc,66,ball_l,845.013221,23.643261,6.742582,845.013221,23.643261,6.742582,0.000000
run,source_cmc,66,foot_r,837.016280,-7.663425,10.510335,837.016280,-7.663425,10.510335,0.000000
run,source_cmc,66,ball_r,825.488231,-1.852142,2.578776,825.488231,-1.852142,2.578776,0.000000
run,source_cmc,67,foot_l,864.901561,13.143535,18.037140,864.901561,13.143535,18.037140,0.000000
run,source_cmc,67,ball_l,865.836143,24.620651,8.189352,865.836143,24.620651,8.189352,0.000000
run,source_cmc,67,foot_r,836.800325,-7.846292,10.536426,836.800325,-7.846292,10.536426,0.000000
run,source_cmc,67,ball_r,825.345675,-1.890704,2.605564,825.345675,-1.890704,2.605564,0.000000
run,source_cmc,68,foot_l,883.035532,13.457413,18.825530,883.035532,13.457413,18.825530,0.000000
run,source_cmc,68,ball_l,885.046330,24.908163,9.108862,885.046330,24.908163,9.108862,0.000000
run,source_cmc,68,foot_r,836.501227,-7.696972,11.057487,836.501227,-7.696972,11.057487,0.000000
run,source_cmc,68,ball_r,825.292712,-1.809641,2.733717,825.292712,-1.809641,2.733717,0.000000
run,source_cmc,69,foot_l,900.064358,13.343851,19.557358,900.064358,13.343851,19.557358,0.000000
run,source_cmc,69,ball_l,901.364943,23.998451,8.863219,901.364943,23.998451,8.863219,0.000000
run,source_cmc,69,foot_r,836.996475,-6.923987,13.024086,836.996475,-6.923987,13.024086,0.000000
run,source_cmc,69,ball_r,826.337534,-1.385899,3.788657,826.337534,-1.385899,3.788657,0.000000
run,source_cmc,70,foot_l,915.698674,12.848949,19.640279,915.698674,12.848949,19.640279,0.000000
run,source_cmc,70,ball_l,915.339708,21.870933,7.472634,915.339708,21.870933,7.472634,0.000000
run,source_cmc,70,foot_r,844.835538,-6.484994,15.790313,844.835538,-6.484994,15.790313,0.000000
run,source_cmc,70,ball_r,835.040438,-0.184244,6.098401,835.040438,-0.184244,6.098401,0.000000
run,source_cmc,71,foot_l,929.349235,12.081942,18.663089,929.349235,12.081942,18.663089,0.000000
run,source_cmc,71,ball_l,927.984491,19.485264,5.513757,927.984491,19.485264,5.513757,0.000000
run,source_cmc,71,foot_r,858.075979,-7.741813,17.302288,858.075979,-7.741813,17.302288,0.000000
run,source_cmc,71,ball_r,847.970256,-1.316751,8.019532,847.970256,-1.316751,8.019532,0.000000
run,model_plan,0,foot_l,-35.250819,-27.473795,30.582386,-35.250819,-27.473795,30.582386,0.000000
run,model_plan,0,ball_l,-34.120059,-27.637222,17.381424,-34.120059,-27.637222,17.381424,0.000000
run,model_plan,0,foot_r,-14.571881,-3.655192,12.460195,-14.571881,-3.655192,12.460195,0.000000
run,model_plan,0,ball_r,-7.267343,3.724334,5.067869,-7.267343,3.724334,5.067869,0.000000
run,model_plan,1,foot_l,-13.257116,-24.507438,28.322947,-13.257116,-24.507438,28.322947,0.000000
run,model_plan,1,ball_l,-10.712230,-23.534679,15.502277,-10.712230,-23.534679,15.502277,0.000000
run,model_plan,1,foot_r,-14.671516,-4.586512,14.097098,-14.671516,-4.586512,14.097098,0.000000
run,model_plan,1,ball_r,-8.787259,1.884637,5.402704,-8.787259,1.884637,5.402704,0.000000
run,model_plan,2,foot_l,11.952044,-21.768115,23.973837,11.952044,-21.768115,23.973837,0.000000
run,model_plan,2,ball_l,16.875625,-18.931726,11.915030,16.875625,-18.931726,11.915030,0.000000
run,model_plan,2,foot_r,-16.435909,-4.402291,16.997413,-16.435909,-4.402291,16.997413,0.000000
run,model_plan,2,ball_r,-12.147725,0.738968,6.705331,-12.147725,0.738968,6.705331,0.000000
run,model_plan,3,foot_l,32.969743,-19.116412,20.609847,32.969743,-19.116412,20.609847,0.000000
run,model_plan,3,ball_l,39.366039,-14.848076,9.573226,39.366039,-14.848076,9.573226,0.000000
run,model_plan,3,foot_r,-12.874722,-5.199403,20.470497,-12.874722,-5.199403,20.470497,0.000000
run,model_plan,3,ball_r,-9.777179,-1.525446,8.756144,-9.777179,-1.525446,8.756144,0.000000
run,model_plan,4,foot_l,51.190580,-16.474336,18.295434,51.190580,-16.474336,18.295434,0.000000
run,model_plan,4,ball_l,58.733834,-11.135726,8.345059,58.733834,-11.135726,8.345059,0.000000
run,model_plan,4,foot_r,-6.111944,-6.202738,24.100177,-6.111944,-6.202738,24.100177,0.000000
run,model_plan,4,ball_r,-4.028153,-3.900878,11.725280,-4.028153,-3.900878,11.725280,0.000000
run,model_plan,5,foot_l,68.551381,-13.960768,16.634016,68.551381,-13.960768,16.634016,0.000000
run,model_plan,5,ball_l,77.017957,-8.015072,7.702437,77.017957,-8.015072,7.702437,0.000000
run,model_plan,5,foot_r,1.542377,-7.499003,27.276188,1.542377,-7.499003,27.276188,0.000000
run,model_plan,5,ball_r,2.368289,-6.277186,14.684066,2.368289,-6.277186,14.684066,0.000000
run,model_plan,6,foot_l,82.512523,-11.913346,15.245211,82.512523,-11.913346,15.245211,0.000000
run,model_plan,6,ball_l,91.482502,-5.574951,7.127646,91.482502,-5.574951,7.127646,0.000000
run,model_plan,6,foot_r,12.200895,-7.523372,30.118194,12.200895,-7.523372,30.118194,0.000000
run,model_plan,6,ball_r,11.769673,-7.145646,17.806579,11.769673,-7.145646,17.806579,0.000000
run,model_plan,7,foot_l,93.668957,-11.711608,14.130391,93.668957,-11.711608,14.130391,0.000000
run,model_plan,7,ball_l,102.978665,-4.975435,6.511427,102.978665,-4.975435,6.511427,0.000000
run,model_plan,7,foot_r,25.517991,-5.412342,32.151139,25.517991,-5.412342,32.151139,0.000000
run,model_plan,7,ball_r,23.798737,-5.326595,20.456865,23.798737,-5.326595,20.456865,0.000000
run,model_plan,8,foot_l,102.093777,-12.865268,13.465223,102.093777,-12.865268,13.465223,0.000000
run,model_plan,8,ball_l,111.463209,-5.804304,5.825235,111.463209,-5.804304,5.825235,0.000000
run,model_plan,8,foot_r,42.466906,-3.985205,32.718807,42.466906,-3.985205,32.718807,0.000000
run,model_plan,8,ball_r,39.926502,-3.658421,21.630099,39.926502,-3.658421,21.630099,0.000000
run,model_plan,9,foot_l,108.523360,-15.558983,14.054202,108.523360,-15.558983,14.054202,0.000000
run,model_plan,9,ball_l,117.659904,-8.494825,5.767358,117.659904,-8.494825,5.767358,0.000000
run,model_plan,9,foot_r,61.182407,-2.798966,31.318957,61.182407,-2.798966,31.318957,0.000000
run,model_plan,9,ball_r,58.682749,-1.411626,20.540281,58.682749,-1.411626,20.540281,0.000000
run,model_plan,10,foot_l,114.945060,-17.659840,15.236893,114.945060,-17.659840,15.236893,0.000000
run,model_plan,10,ball_l,123.376520,-10.517945,6.135519,123.376520,-10.517945,6.135519,0.000000
run,model_plan,10,foot_r,81.020835,-3.019416,29.811978,81.020835,-3.019416,29.811978,0.000000
run,model_plan,10,ball_r,79.219669,-0.538637,19.289151,79.219669,-0.538637,19.289151,0.000000
run,model_plan,11,foot_l,121.297364,-18.346800,16.324298,121.297364,-18.346800,16.324298,0.000000
run,model_plan,11,ball_l,128.298146,-11.165687,6.347069,128.298146,-11.165687,6.347069,0.000000
run,model_plan,11,foot_r,101.027432,-4.009932,28.107303,101.027432,-4.009932,28.107303,0.000000
run,model_plan,11,ball_r,100.314635,-0.425509,18.018854,100.314635,-0.425509,18.018854,0.000000
run,model_plan,12,foot_l,123.194978,-18.389374,18.259577,123.194978,-18.389374,18.259577,0.000000
run,model_plan,12,ball_l,128.503257,-11.895204,7.113574,128.503257,-11.895204,7.113574,0.000000
run,model_plan,12,foot_r,124.903050,-3.882149,25.836185,124.903050,-3.882149,25.836185,0.000000
run,model_plan,12,ball_r,126.646745,0.580302,16.076463,126.646745,0.580302,16.076463,0.000000
run,model_plan,13,foot_l,132.597217,-18.445040,19.131674,132.597217,-18.445040,19.131674,0.000000
run,model_plan,13,ball_l,136.482847,-12.383919,7.316642,136.482847,-12.383919,7.316642,0.000000
run,model_plan,13,foot_r,143.260324,-3.115850,23.689073,143.260324,-3.115850,23.689073,0.000000
run,model_plan,13,ball_r,146.119678,1.835753,14.244539,146.119678,1.835753,14.244539,0.000000
run,model_plan,14,foot_l,139.859429,-19.424537,21.192771,139.859429,-19.424537,21.192771,0.000000
run,model_plan,14,ball_l,142.185360,-14.370005,8.520646,142.185360,-14.370005,8.520646,0.000000
run,model_plan,14,foot_r,164.614786,-1.349485,21.471481,164.614786,-1.349485,21.471481,0.000000
run,model_plan,14,ball_r,169.391257,4.317633,12.863147,169.391257,4.317633,12.863147,0.000000
run,model_plan,15,foot_l,148.990819,-20.791107,23.674808,148.990819,-20.791107,23.674808,0.000000
run,model_plan,15,ball_l,150.078851,-16.825666,10.384575,150.078851,-16.825666,10.384575,0.000000
run,model_plan,15,foot_r,183.780789,0.072165,19.220008,183.780789,0.072165,19.220008,0.000000
run,model_plan,15,ball_r,190.216924,6.536493,11.484879,190.216924,6.536493,11.484879,0.000000
run,model_plan,16,foot_l,159.907612,-22.295265,26.233685,159.907612,-22.295265,26.233685,0.000000
run,model_plan,16,ball_l,160.175315,-19.352220,12.635051,160.175315,-19.352220,12.635051,0.000000
run,model_plan,16,foot_r,200.078644,1.240285,17.196584,200.078644,1.240285,17.196584,0.000000
run,model_plan,16,ball_r,207.742328,8.301139,10.298930,207.742328,8.301139,10.298930,0.000000
run,model_plan,17,foot_l,172.564760,-24.235062,30.056071,172.564760,-24.235062,30.056071,0.000000
run,model_plan,17,ball_l,171.854529,-22.639628,16.474608,171.854529,-22.639628,16.474608,0.000000
run,model_plan,17,foot_r,213.818591,1.319315,15.685570,213.818591,1.319315,15.685570,0.000000
run,model_plan,17,ball_r,222.328278,8.607107,9.590296,222.328278,8.607107,9.590296,0.000000
run,model_plan,18,foot_l,187.303659,-24.424952,33.123833,187.303659,-24.424952,33.123833,0.000000
run,model_plan,18,ball_l,186.112139,-23.754540,19.667947,186.112139,-23.754540,19.667947,0.000000
run,model_plan,18,foot_r,224.796618,-0.704753,14.293469,224.796618,-0.704753,14.293469,0.000000
run,model_plan,18,ball_r,233.525058,6.551974,8.300663,233.525058,6.551974,8.300663,0.000000
run,model_plan,19,foot_l,203.969368,-22.792505,33.981955,203.969368,-22.792505,33.981955,0.000000
run,model_plan,19,ball_l,202.701503,-22.053573,21.209186,202.701503,-22.053573,21.209186,0.000000
run,model_plan,19,foot_r,233.120858,-4.526416,14.383267,233.120858,-4.526416,14.383267,0.000000
run,model_plan,19,ball_r,241.217726,2.225041,7.789698,241.217726,2.225041,7.789698,0.000000
run,model_plan,20,foot_l,221.132174,-21.068163,33.620381,221.132174,-21.068163,33.620381,0.000000
run,model_plan,20,ball_l,220.022383,-20.152847,21.637371,220.022383,-20.152847,21.637371,0.000000
run,model_plan,20,foot_r,239.231554,-8.481807,14.973828,239.231554,-8.481807,14.973828,0.000000
run,model_plan,20,ball_r,246.275008,-2.188503,7.435461,246.275008,-2.188503,7.435461,0.000000
run,model_plan,21,foot_l,239.383049,-19.745217,31.557864,239.383049,-19.745217,31.557864,0.000000
run,model_plan,21,ball_l,239.139399,-18.173692,20.128572,239.139399,-18.173692,20.128572,0.000000
run,model_plan,21,foot_r,244.206539,-9.668995,16.081020,244.206539,-9.668995,16.081020,0.000000
run,model_plan,21,ball_r,250.325268,-4.044349,7.307028,250.325268,-4.044349,7.307028,0.000000
run,model_plan,22,foot_l,258.928849,-19.402629,28.261173,258.928849,-19.402629,28.261173,0.000000
run,model_plan,22,ball_l,260.578355,-17.095478,17.007422,260.578355,-17.095478,17.007422,0.000000
run,model_plan,22,foot_r,247.543505,-6.338488,17.245193,247.543505,-6.338488,17.245193,0.000000
run,model_plan,22,ball_r,252.697028,-1.476888,7.178183,252.697028,-1.476888,7.178183,0.000000
run,model_plan,23,foot_l,276.085059,-19.146600,27.572030,276.085059,-19.146600,27.572030,0.000000
run,model_plan,23,ball_l,278.855355,-16.419896,16.340581,278.855355,-16.419896,16.340581,0.000000
run,model_plan,23,foot_r,255.648005,-4.330068,18.381074,255.648005,-4.330068,18.381074,0.000000
run,model_plan,23,ball_r,259.785047,0.327806,7.874516,259.785047,0.327806,7.874516,0.000000
run,model_plan,24,foot_l,296.079002,-18.488410,21.050051,296.079002,-18.488410,21.050051,0.000000
run,model_plan,24,ball_l,301.971442,-13.673414,9.632401,301.971442,-13.673414,9.632401,0.000000
run,model_plan,24,foot_r,261.958480,-3.056216,17.152542,261.958480,-3.056216,17.152542,0.000000
run,model_plan,24,ball_r,266.195184,2.643641,6.395119,266.195184,2.643641,6.395119,0.000000
run,model_plan,25,foot_l,317.379668,-14.271849,18.680473,317.379668,-14.271849,18.680473,0.000000
run,model_plan,25,ball_l,324.586503,-8.215921,8.540545,324.586503,-8.215921,8.540545,0.000000
run,model_plan,25,foot_r,265.030390,-4.464471,20.939463,265.030390,-4.464471,20.939463,0.000000
run,model_plan,25,ball_r,267.979079,-0.340041,8.941110,267.979079,-0.340041,8.941110,0.000000
run,model_plan,26,foot_l,335.362986,-11.975036,16.874498,335.362986,-11.975036,16.874498,0.000000
run,model_plan,26,ball_l,343.556069,-5.204024,7.749001,343.556069,-5.204024,7.749001,0.000000
run,model_plan,26,foot_r,271.235594,-5.326577,24.554348,271.235594,-5.326577,24.554348,0.000000
run,model_plan,26,ball_r,273.101804,-2.713167,11.861019,273.101804,-2.713167,11.861019,0.000000
run,model_plan,27,foot_l,349.331002,-11.100131,15.918070,349.331002,-11.100131,15.918070,0.000000
run,model_plan,27,ball_l,357.933776,-4.144785,7.277086,357.933776,-4.144785,7.277086,0.000000
run,model_plan,27,foot_r,280.799791,-4.760031,26.535821,280.799791,-4.760031,26.535821,0.000000
run,model_plan,27,ball_r,281.914702,-2.840534,13.843937,281.914702,-2.840534,13.843937,0.000000
run,model_plan,28,foot_l,361.484525,-10.063848,15.248123,361.484525,-10.063848,15.248123,0.000000
run,model_plan,28,ball_l,370.305359,-2.677338,7.104357,370.305359,-2.677338,7.104357,0.000000
run,model_plan,28,foot_r,292.185441,-4.569287,28.370285,292.185441,-4.569287,28.370285,0.000000
run,model_plan,28,ball_r,292.456511,-2.943518,16.083902,292.456511,-2.943518,16.083902,0.000000
run,model_plan,29,foot_l,371.118952,-9.874780,14.521575,371.118952,-9.874780,14.521575,0.000000
run,model_plan,29,ball_l,379.989389,-2.107899,6.616888,379.989389,-2.107899,6.616888,0.000000
run,model_plan,29,foot_r,305.738899,-4.680625,30.077985,305.738899,-4.680625,30.077985,0.000000
run,model_plan,29,ball_r,304.949114,-3.269891,18.291217,304.949114,-3.269891,18.291217,0.000000
run,model_plan,30,foot_l,376.512951,-12.729761,14.507318,376.512951,-12.729761,14.507318,0.000000
run,model_plan,30,ball_l,385.350859,-5.050529,5.916833,385.350859,-5.050529,5.916833,0.000000
run,model_plan,30,foot_r,323.346207,-3.519034,29.464644,323.346207,-3.519034,29.464644,0.000000
run,model_plan,30,ball_r,321.957132,-1.521659,18.166637,321.957132,-1.521659,18.166637,0.000000
run,model_plan,31,foot_l,380.980802,-15.360421,15.153427,380.980802,-15.360421,15.153427,0.000000
run,model_plan,31,ball_l,389.154178,-7.788598,5.568099,389.154178,-7.788598,5.568099,0.000000
run,model_plan,31,foot_r,343.657702,-2.801192,27.454150,343.657702,-2.801192,27.454150,0.000000
run,model_plan,31,ball_r,342.471206,0.465482,16.661188,342.471206,0.465482,16.661188,0.000000
run,model_plan,32,foot_l,387.501259,-15.744159,16.193046,387.501259,-15.744159,16.193046,0.000000
run,model_plan,32,ball_l,394.602670,-8.291025,5.927544,394.602670,-8.291025,5.927544,0.000000
run,model_plan,32,foot_r,364.038509,-2.771041,25.276041,364.038509,-2.771041,25.276041,0.000000
run,model_plan,32,ball_r,363.522261,1.616775,14.855146,363.522261,1.616775,14.855146,0.000000
run,model_plan,33,foot_l,396.095856,-15.809643,17.095791,396.095856,-15.809643,17.095791,0.000000
run,model_plan,33,ball_l,402.264361,-8.550457,6.339829,402.264361,-8.550457,6.339829,0.000000
run,model_plan,33,foot_r,382.957223,-1.903509,22.715592,382.957223,-1.903509,22.715592,0.000000
run,model_plan,33,ball_r,383.501217,3.529436,12.556022,383.501217,3.529436,12.556022,0.000000
run,model_plan,34,foot_l,405.145602,-15.617906,18.054686,405.145602,-15.617906,18.054686,0.000000
run,model_plan,34,ball_l,410.383892,-8.613677,6.848859,410.383892,-8.613677,6.848859,0.000000
run,model_plan,34,foot_r,400.351702,-1.806295,21.076250,400.351702,-1.806295,21.076250,0.000000
run,model_plan,34,ball_r,401.812828,4.123810,11.110204,401.812828,4.123810,11.110204,0.000000
run,model_plan,35,foot_l,413.205771,-14.981896,19.199401,413.205771,-14.981896,19.199401,0.000000
run,model_plan,35,ball_l,417.211968,-8.394348,7.550551,417.211968,-8.394348,7.550551,0.000000
run,model_plan,35,foot_r,418.627709,-1.302259,19.749209,418.627709,-1.302259,19.749209,0.000000
run,model_plan,35,ball_r,421.372055,4.978226,10.257705,421.372055,4.978226,10.257705,0.000000
run,model_plan,36,foot_l,417.537835,-15.689015,21.532249,417.537835,-15.689015,21.532249,0.000000
run,model_plan,36,ball_l,420.169553,-10.120587,9.078362,420.169553,-10.120587,9.078362,0.000000
run,model_plan,36,foot_r,439.768477,-0.257245,18.676244,439.768477,-0.257245,18.676244,0.000000
run,model_plan,36,ball_r,444.583017,6.198172,9.952921,444.583017,6.198172,9.952921,0.000000
run,model_plan,37,foot_l,428.855094,-15.007859,23.130260,428.855094,-15.007859,23.130260,0.000000
run,model_plan,37,ball_l,430.404729,-10.062019,10.162023,430.404729,-10.062019,10.162023,0.000000
run,model_plan,37,foot_r,456.370254,0.763012,16.852753,456.370254,0.763012,16.852753,0.000000
run,model_plan,37,ball_r,461.999230,7.550421,8.869044,461.999230,7.550421,8.869044,0.000000
run,model_plan,38,foot_l,438.645241,-16.552323,24.921557,438.645241,-16.552323,24.921557,0.000000
run,model_plan,38,ball_l,439.207014,-12.401741,11.477256,439.207014,-12.401741,11.477256,0.000000
run,model_plan,38,foot_r,473.399489,2.085594,16.029675,473.399489,2.085594,16.029675,0.000000
run,model_plan,38,ball_r,480.167035,9.084785,8.748738,480.167035,9.084785,8.748738,0.000000
run,model_plan,39,foot_l,449.941799,-18.378580,26.541108,449.941799,-18.378580,26.541108,0.000000
run,model_plan,39,ball_l,449.812305,-14.954340,12.741534,449.812305,-14.954340,12.741534,0.000000
run,model_plan,39,foot_r,488.081145,3.151640,15.427835,488.081145,3.151640,15.427835,0.000000
run,model_plan,39,ball_r,495.819057,10.194790,8.765802,495.819057,10.194790,8.765802,0.000000
run,model_plan,40,foot_l,464.341602,-18.952627,28.078684,464.341602,-18.952627,28.078684,0.000000
run,model_plan,40,ball_l,463.942903,-16.078570,14.380726,463.942903,-16.078570,14.380726,0.000000
run,model_plan,40,foot_r,499.030831,1.728906,14.854302,499.030831,1.728906,14.854302,0.000000
run,model_plan,40,ball_r,507.025561,8.569153,8.112083,507.025561,8.569153,8.112083,0.000000
run,model_plan,41,foot_l,481.289229,-19.145802,28.295952,481.289229,-19.145802,28.295952,0.000000
run,model_plan,41,ball_l,481.064531,-16.241568,14.786318,481.064531,-16.241568,14.786318,0.000000
run,model_plan,41,foot_r,506.714869,-1.273398,14.812911,506.714869,-1.273398,14.812911,0.000000
run,model_plan,41,ball_r,514.364289,5.169542,7.384907,514.364289,5.169542,7.384907,0.000000
run,model_plan,42,foot_l,500.234966,-19.307126,27.948505,500.234966,-19.307126,27.948505,0.000000
run,model_plan,42,ball_l,500.400007,-16.213028,14.875951,500.400007,-16.213028,14.875951,0.000000
run,model_plan,42,foot_r,512.390690,-3.304691,15.668356,512.390690,-3.304691,15.668356,0.000000
run,model_plan,42,ball_r,519.234002,2.707706,7.561487,519.234002,2.707706,7.561487,0.000000
run,model_plan,43,foot_l,518.461768,-19.823684,27.050108,518.461768,-19.823684,27.050108,0.000000
run,model_plan,43,ball_l,519.235611,-16.576792,14.186972,519.235611,-16.576792,14.186972,0.000000
run,model_plan,43,foot_r,517.868662,-4.114856,16.147822,517.868662,-4.114856,16.147822,0.000000
run,model_plan,43,ball_r,523.954210,1.690232,7.359549,523.954210,1.690232,7.359549,0.000000
run,model_plan,44,foot_l,536.723623,-20.069720,25.719810,536.723623,-20.069720,25.719810,0.000000
run,model_plan,44,ball_l,538.661517,-16.501944,13.113570,538.661517,-16.501944,13.113570,0.000000
run,model_plan,44,foot_r,522.927263,-3.430697,16.962361,522.927263,-3.430697,16.962361,0.000000
run,model_plan,44,ball_r,528.434342,1.872246,7.230116,528.434342,1.872246,7.230116,0.000000
run,model_plan,45,foot_l,555.656996,-18.562788,22.851498,555.656996,-18.562788,22.851498,0.000000
run,model_plan,45,ball_l,559.263241,-14.030476,11.008391,559.263241,-14.030476,11.008391,0.000000
run,model_plan,45,foot_r,527.912655,-2.405130,18.981004,527.912655,-2.405130,18.981004,0.000000
run,model_plan,45,ball_r,532.459956,1.969142,8.084570,532.459956,1.969142,8.084570,0.000000
run,model_plan,46,foot_l,573.935042,-16.422690,19.938573,573.935042,-16.422690,19.938573,0.000000
run,model_plan,46,ball_l,579.101053,-11.127121,9.088191,579.101053,-11.127121,9.088191,0.000000
run,model_plan,46,foot_r,533.888328,-0.619057,21.543010,533.888328,-0.619057,21.543010,0.000000
run,model_plan,46,ball_r,537.244967,2.720939,9.560271,537.244967,2.720939,9.560271,0.000000
run,model_plan,47,foot_l,589.182000,-14.448835,18.609108,589.182000,-14.448835,18.609108,0.000000
run,model_plan,47,ball_l,595.026758,-8.319231,8.426250,595.026758,-8.319231,8.426250,0.000000
run,model_plan,47,foot_r,543.834314,-0.213735,24.151053,543.834314,-0.213735,24.151053,0.000000
run,model_plan,47,ball_r,546.019113,2.502543,11.778146,546.019113,2.502543,11.778146,0.000000
run,model_plan,48,foot_l,610.226876,-12.973300,15.643243,610.226876,-12.973300,15.643243,0.000000
run,model_plan,48,ball_l,618.596229,-6.248429,6.421474,618.596229,-6.248429,6.421474,0.000000
run,model_plan,48,foot_r,545.950964,0.532319,23.731661,545.950964,0.532319,23.731661,0.000000
run,model_plan,48,ball_r,548.045626,4.113909,11.382361,548.045626,4.113909,11.382361,0.000000
run,model_plan,49,foot_l,622.431814,-11.854272,15.416640,622.431814,-11.854272,15.416640,0.000000
run,model_plan,49,ball_l,630.751857,-5.056596,6.345207,630.751857,-5.056596,6.345207,0.000000
run,model_plan,49,foot_r,558.284041,0.295460,24.555767,558.284041,0.295460,24.555767,0.000000
run,model_plan,49,ball_r,559.790561,3.546635,12.179872,559.790561,3.546635,12.179872,0.000000
run,model_plan,50,foot_l,632.327773,-11.810382,15.252349,632.327773,-11.810382,15.252349,0.000000
run,model_plan,50,ball_l,640.359917,-4.893925,6.151018,640.359917,-4.893925,6.151018,0.000000
run,model_plan,50,foot_r,572.882101,0.796761,24.911067,572.882101,0.796761,24.911067,0.000000
run,model_plan,50,ball_r,574.034110,4.053734,12.874910,574.034110,4.053734,12.874910,0.000000
run,model_plan,51,foot_l,642.354099,-11.312699,15.247005,642.354099,-11.312699,15.247005,0.000000
run,model_plan,51,ball_l,650.207154,-4.179399,6.060126,650.207154,-4.179399,6.060126,0.000000
run,model_plan,51,foot_r,587.663606,-0.333060,25.784618,587.663606,-0.333060,25.784618,0.000000
run,model_plan,51,ball_r,588.291100,2.828651,14.025800,588.291100,2.828651,14.025800,0.000000
run,model_plan,52,foot_l,649.938136,-12.147070,15.744369,649.938136,-12.147070,15.744369,0.000000
run,model_plan,52,ball_l,657.461707,-4.980686,6.070437,657.461707,-4.980686,6.070437,0.000000
run,model_plan,52,foot_r,604.554862,-1.402789,25.949693,604.554862,-1.402789,25.949693,0.000000
run,model_plan,52,ball_r,604.847375,1.933627,14.611129,604.847375,1.933627,14.611129,0.000000
run,model_plan,53,foot_l,654.212405,-14.287731,16.929471,654.212405,-14.287731,16.929471,0.000000
run,model_plan,53,ball_l,660.838361,-7.284478,6.220334,660.838361,-7.284478,6.220334,0.000000
run,model_plan,53,foot_r,625.345835,-1.579167,24.293479,625.345835,-1.579167,24.293479,0.000000
run,model_plan,53,ball_r,625.936788,2.687404,13.677147,625.936788,2.687404,13.677147,0.000000
run,model_plan,54,foot_l,658.267240,-14.724277,18.449701,658.267240,-14.724277,18.449701,0.000000
run,model_plan,54,ball_l,663.533521,-7.867950,7.030994,663.533521,-7.867950,7.030994,0.000000
run,model_plan,54,foot_r,647.549993,-2.079611,22.052863,647.549993,-2.079611,22.052863,0.000000
run,model_plan,54,ball_r,649.050429,3.199537,12.019297,649.050429,3.199537,12.019297,0.000000
run,model_plan,55,foot_l,664.754210,-14.065684,19.963978,664.754210,-14.065684,19.963978,0.000000
run,model_plan,55,ball_l,668.836170,-7.525416,8.249493,668.836170,-7.525416,8.249493,0.000000
run,model_plan,55,foot_r,667.495558,-1.665338,20.228902,667.495558,-1.665338,20.228902,0.000000
run,model_plan,55,ball_r,670.219415,4.267299,10.617870,670.219415,4.267299,10.617870,0.000000
run,model_plan,56,foot_l,672.441438,-13.617763,21.427338,672.441438,-13.617763,21.427338,0.000000
run,model_plan,56,ball_l,675.513807,-7.505072,9.421727,675.513807,-7.505072,9.421727,0.000000
run,model_plan,56,foot_r,686.075400,-1.246513,18.659116,686.075400,-1.246513,18.659116,0.000000
run,model_plan,56,ball_r,689.897782,5.268558,9.490862,689.897782,5.268558,9.490862,0.000000
run,model_plan,57,foot_l,682.660767,-13.169804,22.535706,682.660767,-13.169804,22.535706,0.000000
run,model_plan,57,ball_l,685.012427,-7.506107,10.289802,685.012427,-7.506107,10.289802,0.000000
run,model_plan,57,foot_r,703.017002,-1.125944,17.438187,703.017002,-1.125944,17.438187,0.000000
run,model_plan,57,ball_r,707.623285,5.753675,8.661662,707.623285,5.753675,8.661662,0.000000
run,model_plan,58,foot_l,694.683096,-12.297416,23.193893,694.683096,-12.297416,23.193893,0.000000
run,model_plan,58,ball_l,696.546596,-6.802611,10.838996,696.546596,-6.802611,10.838996,0.000000
run,model_plan,58,foot_r,717.185215,-1.292164,17.017080,717.185215,-1.292164,17.017080,0.000000
run,model_plan,58,ball_r,722.238196,5.594825,8.631367,722.238196,5.594825,8.631367,0.000000
run,model_plan,59,foot_l,707.378271,-11.690679,23.520985,707.378271,-11.690679,23.520985,0.000000
run,model_plan,59,ball_l,708.968318,-6.285091,11.092731,708.968318,-6.285091,11.092731,0.000000
run,model_plan,59,foot_r,730.016882,-1.612513,16.954334,730.016882,-1.612513,16.954334,0.000000
run,model_plan,59,ball_r,735.184103,5.163778,8.675427,735.184103,5.163778,8.675427,0.000000
run,model_plan,60,foot_l,720.737293,-12.585005,25.144267,720.737293,-12.585005,25.144267,0.000000
run,model_plan,60,ball_l,721.988818,-7.865116,12.397766,721.988818,-7.865116,12.397766,0.000000
run,model_plan,60,foot_r,741.809249,-2.441452,16.687933,741.809249,-2.441452,16.687933,0.000000
run,model_plan,60,ball_r,747.667150,4.148608,8.599482,747.667150,4.148608,8.599482,0.000000
run,model_plan,61,foot_l,733.733234,-12.510903,25.450170,733.733234,-12.510903,25.450170,0.000000
run,model_plan,61,ball_l,734.648007,-7.951427,12.542419,734.648007,-7.951427,12.542419,0.000000
run,model_plan,61,foot_r,753.850164,-2.409034,16.417134,753.850164,-2.409034,16.417134,0.000000
run,model_plan,61,ball_r,759.688199,3.935452,8.462036,759.688199,3.935452,8.462036,0.000000
run,model_plan,62,foot_l,748.800823,-13.549624,26.733869,748.800823,-13.549624,26.733869,0.000000
run,model_plan,62,ball_l,749.318147,-9.501448,13.824494,749.318147,-9.501448,13.824494,0.000000
run,model_plan,62,foot_r,763.481525,-3.238990,15.841420,763.481525,-3.238990,15.841420,0.000000
run,model_plan,62,ball_r,769.452338,3.038308,7.799135,769.452338,3.038308,7.799135,0.000000
run,model_plan,63,foot_l,766.041334,-14.724818,26.842874,766.041334,-14.724818,26.842874,0.000000
run,model_plan,63,ball_l,766.529304,-10.763756,14.055972,766.529304,-10.763756,14.055972,0.000000
run,model_plan,63,foot_r,770.506415,-3.561598,16.077140,770.506415,-3.561598,16.077140,0.000000
run,model_plan,63,ball_r,776.091627,2.503674,7.508244,776.091627,2.503674,7.508244,0.000000
run,model_plan,64,foot_l,785.302208,-16.641092,25.213197,785.302208,-16.641092,25.213197,0.000000
run,model_plan,64,ball_l,786.460344,-12.432770,12.849413,786.460344,-12.432770,12.849413,0.000000
run,model_plan,64,foot_r,775.092530,-3.427223,16.953069,775.092530,-3.427223,16.953069,0.000000
run,model_plan,64,ball_r,779.867563,2.294482,7.473879,779.867563,2.294482,7.473879,0.000000
run,model_plan,65,foot_l,804.723193,-17.265958,23.161434,804.723193,-17.265958,23.161434,0.000000
run,model_plan,65,ball_l,807.095054,-12.662512,11.388646,807.095054,-12.662512,11.388646,0.000000
run,model_plan,65,foot_r,780.075577,-3.050773,18.828887,780.075577,-3.050773,18.828887,0.000000
run,model_plan,65,ball_r,784.267062,1.956468,8.245389,784.267062,1.956468,8.245389,0.000000
run,model_plan,66,foot_l,822.560968,-16.549030,21.726038,822.560968,-16.549030,21.726038,0.000000
run,model_plan,66,ball_l,826.011009,-11.702692,10.415579,826.011009,-11.702692,10.415579,0.000000
run,model_plan,66,foot_r,787.315169,-2.042100,20.232716,787.315169,-2.042100,20.232716,0.000000
run,model_plan,66,ball_r,791.096893,2.365363,8.917148,791.096893,2.365363,8.917148,0.000000
run,model_plan,67,foot_l,839.789573,-15.619969,20.309210,839.789573,-15.619969,20.309210,0.000000
run,model_plan,67,ball_l,844.455675,-10.458380,9.415044,844.455675,-10.458380,9.415044,0.000000
run,model_plan,67,foot_r,795.376086,-1.281536,21.617752,795.376086,-1.281536,21.617752,0.000000
run,model_plan,67,ball_r,798.654795,2.492819,9.635475,798.654795,2.492819,9.635475,0.000000
run,model_plan,68,foot_l,854.626427,-14.354742,19.262907,854.626427,-14.354742,19.262907,0.000000
run,model_plan,68,ball_l,860.273518,-8.811995,8.915380,860.273518,-8.811995,8.915380,0.000000
run,model_plan,68,foot_r,805.074611,-0.407716,22.770667,805.074611,-0.407716,22.770667,0.000000
run,model_plan,68,ball_r,807.753554,2.840463,10.343206,807.753554,2.840463,10.343206,0.000000
run,model_plan,69,foot_l,868.313882,-13.419172,18.353069,868.313882,-13.419172,18.353069,0.000000
run,model_plan,69,ball_l,874.776517,-7.426098,8.713075,874.776517,-7.426098,8.713075,0.000000
run,model_plan,69,foot_r,816.155517,0.542132,24.663028,816.155517,0.542132,24.663028,0.000000
run,model_plan,69,ball_r,818.285492,3.188413,12.097916,818.285492,3.188413,12.097916,0.000000
run,model_plan,70,foot_l,880.226647,-12.168382,17.153829,880.226647,-12.168382,17.153829,0.000000
run,model_plan,70,ball_l,887.024187,-5.572316,8.168068,887.024187,-5.572316,8.168068,0.000000
run,model_plan,70,foot_r,829.635108,1.227897,26.339257,829.635108,1.227897,26.339257,0.000000
run,model_plan,70,ball_r,831.287235,3.449086,13.797858,831.287235,3.449086,13.797858,0.000000
run,model_plan,71,foot_l,889.195816,-11.355254,17.409414,889.195816,-11.355254,17.409414,0.000000
run,model_plan,71,ball_l,895.555951,-4.347216,8.223643,895.555951,-4.347216,8.223643,0.000000
run,model_plan,71,foot_r,845.481265,1.233556,26.614255,845.481265,1.233556,26.614255,0.000000
run,model_plan,71,ball_r,846.676880,3.838375,14.419609,846.676880,3.838375,14.419609,0.000000
run,model_cmc,0,foot_l,-35.250819,-27.473795,30.582386,-35.250819,-27.473795,30.582386,0.000000
run,model_cmc,0,ball_l,-34.120059,-27.637222,17.381424,-34.120059,-27.637222,17.381424,0.000000
run,model_cmc,0,foot_r,-14.571881,-3.655192,12.460195,-14.571881,-3.655192,12.460195,0.000000
run,model_cmc,0,ball_r,-7.267343,3.724334,5.067869,-7.267343,3.724334,5.067869,0.000000
run,model_cmc,1,foot_l,-13.257115,-24.507438,28.322947,-13.257115,-24.507438,28.322947,0.000000
run,model_cmc,1,ball_l,-10.712229,-23.534679,15.502277,-10.712229,-23.534679,15.502277,0.000000
run,model_cmc,1,foot_r,-14.671515,-4.586512,14.097098,-14.671515,-4.586512,14.097098,0.000000
run,model_cmc,1,ball_r,-8.787258,1.884637,5.402704,-8.787258,1.884637,5.402704,0.000000
run,model_cmc,2,foot_l,11.952046,-21.768115,23.973837,11.952046,-21.768115,23.973837,0.000000
run,model_cmc,2,ball_l,16.875627,-18.931726,11.915030,16.875627,-18.931726,11.915030,0.000000
run,model_cmc,2,foot_r,-16.435907,-4.402291,16.997413,-16.435907,-4.402291,16.997413,0.000000
run,model_cmc,2,ball_r,-12.147723,0.738968,6.705331,-12.147723,0.738968,6.705331,0.000000
run,model_cmc,3,foot_l,32.969746,-19.116412,20.609847,32.969746,-19.116412,20.609847,0.000000
run,model_cmc,3,ball_l,39.366042,-14.848076,9.573226,39.366042,-14.848076,9.573226,0.000000
run,model_cmc,3,foot_r,-12.874720,-5.199403,20.470497,-12.874720,-5.199403,20.470497,0.000000
run,model_cmc,3,ball_r,-9.777176,-1.525446,8.756144,-9.777176,-1.525446,8.756144,0.000000
run,model_cmc,4,foot_l,51.190583,-16.474336,18.295434,51.190583,-16.474336,18.295434,0.000000
run,model_cmc,4,ball_l,58.733837,-11.135726,8.345059,58.733837,-11.135726,8.345059,0.000000
run,model_cmc,4,foot_r,-6.111941,-6.202738,24.100177,-6.111941,-6.202738,24.100177,0.000000
run,model_cmc,4,ball_r,-4.028150,-3.900878,11.725280,-4.028150,-3.900878,11.725280,0.000000
run,model_cmc,5,foot_l,68.551384,-13.960768,16.634016,68.551384,-13.960768,16.634016,0.000000
run,model_cmc,5,ball_l,77.017960,-8.015072,7.702437,77.017960,-8.015072,7.702437,0.000000
run,model_cmc,5,foot_r,1.542380,-7.499003,27.276188,1.542380,-7.499003,27.276188,0.000000
run,model_cmc,5,ball_r,2.368292,-6.277186,14.684066,2.368292,-6.277186,14.684066,0.000000
run,model_cmc,6,foot_l,82.512523,-11.913346,15.245211,82.512523,-11.913346,15.245211,0.000000
run,model_cmc,6,ball_l,91.482502,-5.574951,7.127646,91.482502,-5.574951,7.127646,0.000000
run,model_cmc,6,foot_r,12.200895,-7.523372,30.118194,12.200895,-7.523372,30.118194,0.000000
run,model_cmc,6,ball_r,11.769673,-7.145646,17.806579,11.769673,-7.145646,17.806579,0.000000
run,model_cmc,7,foot_l,93.668957,-11.711608,14.130391,93.668957,-11.711608,14.130391,0.000000
run,model_cmc,7,ball_l,102.978665,-4.975435,6.511427,102.978665,-4.975435,6.511427,0.000000
run,model_cmc,7,foot_r,25.517991,-5.412342,32.151139,25.517991,-5.412342,32.151139,0.000000
run,model_cmc,7,ball_r,23.798737,-5.326595,20.456865,23.798737,-5.326595,20.456865,0.000000
run,model_cmc,8,foot_l,102.093783,-12.865268,13.465223,102.093783,-12.865268,13.465223,0.000000
run,model_cmc,8,ball_l,111.463215,-5.804304,5.825235,111.463215,-5.804304,5.825235,0.000000
run,model_cmc,8,foot_r,42.466912,-3.985205,32.718807,42.466912,-3.985205,32.718807,0.000000
run,model_cmc,8,ball_r,39.926508,-3.658421,21.630099,39.926508,-3.658421,21.630099,0.000000
run,model_cmc,9,foot_l,108.523366,-15.558983,14.054202,108.523366,-15.558983,14.054202,0.000000
run,model_cmc,9,ball_l,117.659910,-8.494825,5.767358,117.659910,-8.494825,5.767358,0.000000
run,model_cmc,9,foot_r,61.182413,-2.798966,31.318957,61.182413,-2.798966,31.318957,0.000000
run,model_cmc,9,ball_r,58.682755,-1.411626,20.540281,58.682755,-1.411626,20.540281,0.000000
run,model_cmc,10,foot_l,114.945072,-17.659840,15.236893,114.945072,-17.659840,15.236893,0.000000
run,model_cmc,10,ball_l,123.376532,-10.517945,6.135519,123.376532,-10.517945,6.135519,0.000000
run,model_cmc,10,foot_r,81.020847,-3.019416,29.811978,81.020847,-3.019416,29.811978,0.000000
run,model_cmc,10,ball_r,79.219681,-0.538637,19.289151,79.219681,-0.538637,19.289151,0.000000
run,model_cmc,11,foot_l,121.297376,-18.346800,16.324298,121.297376,-18.346800,16.324298,0.000000
run,model_cmc,11,ball_l,128.298157,-11.165687,6.347069,128.298157,-11.165687,6.347069,0.000000
run,model_cmc,11,foot_r,101.027444,-4.009932,28.107303,101.027444,-4.009932,28.107303,0.000000
run,model_cmc,11,ball_r,100.314647,-0.425509,18.018854,100.314647,-0.425509,18.018854,0.000000
run,model_cmc,12,foot_l,123.194990,-18.389374,18.259577,123.194990,-18.389374,18.259577,0.000000
run,model_cmc,12,ball_l,128.503269,-11.895204,7.113574,128.503269,-11.895204,7.113574,0.000000
run,model_cmc,12,foot_r,124.903062,-3.882149,25.836185,124.903062,-3.882149,25.836185,0.000000
run,model_cmc,12,ball_r,126.646757,0.580302,16.076463,126.646757,0.580302,16.076463,0.000000
run,model_cmc,13,foot_l,132.597229,-18.445040,19.131674,132.597229,-18.445040,19.131674,0.000000
run,model_cmc,13,ball_l,136.482859,-12.383919,7.316642,136.482859,-12.383919,7.316642,0.000000
run,model_cmc,13,foot_r,143.260336,-3.115850,23.689073,143.260336,-3.115850,23.689073,0.000000
run,model_cmc,13,ball_r,146.119690,1.835753,14.244539,146.119690,1.835753,14.244539,0.000000
run,model_cmc,14,foot_l,139.859441,-19.424537,21.192771,139.859441,-19.424537,21.192771,0.000000
run,model_cmc,14,ball_l,142.185372,-14.370005,8.520646,142.185372,-14.370005,8.520646,0.000000
run,model_cmc,14,foot_r,164.614798,-1.349485,21.471481,164.614798,-1.349485,21.471481,0.000000
run,model_cmc,14,ball_r,169.391268,4.317633,12.863147,169.391268,4.317633,12.863147,0.000000
run,model_cmc,15,foot_l,148.990831,-20.791107,23.674808,148.990831,-20.791107,23.674808,0.000000
run,model_cmc,15,ball_l,150.078863,-16.825666,10.384575,150.078863,-16.825666,10.384575,0.000000
run,model_cmc,15,foot_r,183.780801,0.072165,19.220008,183.780801,0.072165,19.220008,0.000000
run,model_cmc,15,ball_r,190.216935,6.536493,11.484879,190.216935,6.536493,11.484879,0.000000
run,model_cmc,16,foot_l,159.907624,-22.295265,26.233685,159.907624,-22.295265,26.233685,0.000000
run,model_cmc,16,ball_l,160.175326,-19.352220,12.635051,160.175326,-19.352220,12.635051,0.000000
run,model_cmc,16,foot_r,200.078656,1.240285,17.196584,200.078656,1.240285,17.196584,0.000000
run,model_cmc,16,ball_r,207.742340,8.301139,10.298930,207.742340,8.301139,10.298930,0.000000
run,model_cmc,17,foot_l,172.564772,-24.235062,30.056071,172.564772,-24.235062,30.056071,0.000000
run,model_cmc,17,ball_l,171.854541,-22.639628,16.474608,171.854541,-22.639628,16.474608,0.000000
run,model_cmc,17,foot_r,213.818603,1.319315,15.685570,213.818603,1.319315,15.685570,0.000000
run,model_cmc,17,ball_r,222.328290,8.607107,9.590296,222.328290,8.607107,9.590296,0.000000
run,model_cmc,18,foot_l,187.303659,-24.424952,33.123833,187.303659,-24.424952,33.123833,0.000000
run,model_cmc,18,ball_l,186.112139,-23.754540,19.667947,186.112139,-23.754540,19.667947,0.000000
run,model_cmc,18,foot_r,224.796618,-0.704753,14.293469,224.796618,-0.704753,14.293469,0.000000
run,model_cmc,18,ball_r,233.525058,6.551974,8.300663,233.525058,6.551974,8.300663,0.000000
run,model_cmc,19,foot_l,203.969368,-22.792505,33.981955,203.969368,-22.792505,33.981955,0.000000
run,model_cmc,19,ball_l,202.701503,-22.053573,21.209186,202.701503,-22.053573,21.209186,0.000000
run,model_cmc,19,foot_r,233.120858,-4.526416,14.383267,233.120858,-4.526416,14.383267,0.000000
run,model_cmc,19,ball_r,241.217726,2.225041,7.789698,241.217726,2.225041,7.789698,0.000000
run,model_cmc,20,foot_l,221.132174,-21.068163,33.620381,221.132174,-21.068163,33.620381,0.000000
run,model_cmc,20,ball_l,220.022383,-20.152847,21.637371,220.022383,-20.152847,21.637371,0.000000
run,model_cmc,20,foot_r,239.231554,-8.481807,14.973828,239.231554,-8.481807,14.973828,0.000000
run,model_cmc,20,ball_r,246.275008,-2.188503,7.435461,246.275008,-2.188503,7.435461,0.000000
run,model_cmc,21,foot_l,239.383049,-19.745217,31.557864,239.383049,-19.745217,31.557864,0.000000
run,model_cmc,21,ball_l,239.139399,-18.173692,20.128572,239.139399,-18.173692,20.128572,0.000000
run,model_cmc,21,foot_r,244.206539,-9.668995,16.081020,244.206539,-9.668995,16.081020,0.000000
run,model_cmc,21,ball_r,250.325268,-4.044349,7.307028,250.325268,-4.044349,7.307028,0.000000
run,model_cmc,22,foot_l,258.928849,-19.402629,28.261173,258.928849,-19.402629,28.261173,0.000000
run,model_cmc,22,ball_l,260.578355,-17.095478,17.007422,260.578355,-17.095478,17.007422,0.000000
run,model_cmc,22,foot_r,247.543505,-6.338488,17.245193,247.543505,-6.338488,17.245193,0.000000
run,model_cmc,22,ball_r,252.697028,-1.476888,7.178183,252.697028,-1.476888,7.178183,0.000000
run,model_cmc,23,foot_l,276.085059,-19.146600,27.572030,276.085059,-19.146600,27.572030,0.000000
run,model_cmc,23,ball_l,278.855355,-16.419896,16.340581,278.855355,-16.419896,16.340581,0.000000
run,model_cmc,23,foot_r,255.648005,-4.330068,18.381074,255.648005,-4.330068,18.381074,0.000000
run,model_cmc,23,ball_r,259.785047,0.327806,7.874516,259.785047,0.327806,7.874516,0.000000
run,model_cmc,24,foot_l,296.079002,-18.488410,21.050051,296.079002,-18.488410,21.050051,0.000000
run,model_cmc,24,ball_l,301.971442,-13.673414,9.632401,301.971442,-13.673414,9.632401,0.000000
run,model_cmc,24,foot_r,261.958480,-3.056216,17.152542,261.958480,-3.056216,17.152542,0.000000
run,model_cmc,24,ball_r,266.195184,2.643641,6.395119,266.195184,2.643641,6.395119,0.000000
run,model_cmc,25,foot_l,317.379668,-14.271849,18.680473,317.379668,-14.271849,18.680473,0.000000
run,model_cmc,25,ball_l,324.586503,-8.215921,8.540545,324.586503,-8.215921,8.540545,0.000000
run,model_cmc,25,foot_r,265.030390,-4.464471,20.939463,265.030390,-4.464471,20.939463,0.000000
run,model_cmc,25,ball_r,267.979079,-0.340041,8.941110,267.979079,-0.340041,8.941110,0.000000
run,model_cmc,26,foot_l,335.362986,-11.975036,16.874498,335.362986,-11.975036,16.874498,0.000000
run,model_cmc,26,ball_l,343.556069,-5.204024,7.749001,343.556069,-5.204024,7.749001,0.000000
run,model_cmc,26,foot_r,271.235594,-5.326577,24.554348,271.235594,-5.326577,24.554348,0.000000
run,model_cmc,26,ball_r,273.101804,-2.713167,11.861019,273.101804,-2.713167,11.861019,0.000000
run,model_cmc,27,foot_l,349.331002,-11.100131,15.918070,349.331002,-11.100131,15.918070,0.000000
run,model_cmc,27,ball_l,357.933776,-4.144785,7.277086,357.933776,-4.144785,7.277086,0.000000
run,model_cmc,27,foot_r,280.799791,-4.760031,26.535821,280.799791,-4.760031,26.535821,0.000000
run,model_cmc,27,ball_r,281.914702,-2.840534,13.843937,281.914702,-2.840534,13.843937,0.000000
run,model_cmc,28,foot_l,361.484525,-10.063848,15.248123,361.484525,-10.063848,15.248123,0.000000
run,model_cmc,28,ball_l,370.305359,-2.677338,7.104357,370.305359,-2.677338,7.104357,0.000000
run,model_cmc,28,foot_r,292.185441,-4.569287,28.370285,292.185441,-4.569287,28.370285,0.000000
run,model_cmc,28,ball_r,292.456511,-2.943518,16.083902,292.456511,-2.943518,16.083902,0.000000
run,model_cmc,29,foot_l,371.118952,-9.874780,14.521575,371.118952,-9.874780,14.521575,0.000000
run,model_cmc,29,ball_l,379.989389,-2.107899,6.616888,379.989389,-2.107899,6.616888,0.000000
run,model_cmc,29,foot_r,305.738899,-4.680625,30.077985,305.738899,-4.680625,30.077985,0.000000
run,model_cmc,29,ball_r,304.949114,-3.269891,18.291217,304.949114,-3.269891,18.291217,0.000000
run,model_cmc,30,foot_l,376.512951,-12.729761,14.507318,376.512951,-12.729761,14.507318,0.000000
run,model_cmc,30,ball_l,385.350859,-5.050529,5.916833,385.350859,-5.050529,5.916833,0.000000
run,model_cmc,30,foot_r,323.346207,-3.519034,29.464644,323.346207,-3.519034,29.464644,0.000000
run,model_cmc,30,ball_r,321.957132,-1.521659,18.166637,321.957132,-1.521659,18.166637,0.000000
run,model_cmc,31,foot_l,380.980825,-15.360421,15.153427,380.980825,-15.360421,15.153427,0.000000
run,model_cmc,31,ball_l,389.154202,-7.788598,5.568099,389.154202,-7.788598,5.568099,0.000000
run,model_cmc,31,foot_r,343.657726,-2.801192,27.454150,343.657726,-2.801192,27.454150,0.000000
run,model_cmc,31,ball_r,342.471230,0.465482,16.661188,342.471230,0.465482,16.661188,0.000000
run,model_cmc,32,foot_l,387.501283,-15.744159,16.193046,387.501283,-15.744159,16.193046,0.000000
run,model_cmc,32,ball_l,394.602694,-8.291025,5.927544,394.602694,-8.291025,5.927544,0.000000
run,model_cmc,32,foot_r,364.038533,-2.771041,25.276041,364.038533,-2.771041,25.276041,0.000000
run,model_cmc,32,ball_r,363.522285,1.616775,14.855146,363.522285,1.616775,14.855146,0.000000
run,model_cmc,33,foot_l,396.095879,-15.809643,17.095791,396.095879,-15.809643,17.095791,0.000000
run,model_cmc,33,ball_l,402.264385,-8.550457,6.339829,402.264385,-8.550457,6.339829,0.000000
run,model_cmc,33,foot_r,382.957247,-1.903509,22.715592,382.957247,-1.903509,22.715592,0.000000
run,model_cmc,33,ball_r,383.501241,3.529436,12.556022,383.501241,3.529436,12.556022,0.000000
run,model_cmc,34,foot_l,405.145602,-15.617906,18.054686,405.145602,-15.617906,18.054686,0.000000
run,model_cmc,34,ball_l,410.383892,-8.613677,6.848859,410.383892,-8.613677,6.848859,0.000000
run,model_cmc,34,foot_r,400.351702,-1.806295,21.076250,400.351702,-1.806295,21.076250,0.000000
run,model_cmc,34,ball_r,401.812828,4.123810,11.110204,401.812828,4.123810,11.110204,0.000000
run,model_cmc,35,foot_l,413.205771,-14.981896,19.199401,413.205771,-14.981896,19.199401,0.000000
run,model_cmc,35,ball_l,417.211968,-8.394348,7.550551,417.211968,-8.394348,7.550551,0.000000
run,model_cmc,35,foot_r,418.627709,-1.302259,19.749209,418.627709,-1.302259,19.749209,0.000000
run,model_cmc,35,ball_r,421.372055,4.978226,10.257705,421.372055,4.978226,10.257705,0.000000
run,model_cmc,36,foot_l,417.537835,-15.689015,21.532249,417.537835,-15.689015,21.532249,0.000000
run,model_cmc,36,ball_l,420.169553,-10.120587,9.078362,420.169553,-10.120587,9.078362,0.000000
run,model_cmc,36,foot_r,439.768477,-0.257245,18.676244,439.768477,-0.257245,18.676244,0.000000
run,model_cmc,36,ball_r,444.583017,6.198172,9.952921,444.583017,6.198172,9.952921,0.000000
run,model_cmc,37,foot_l,428.855094,-15.007859,23.130260,428.855094,-15.007859,23.130260,0.000000
run,model_cmc,37,ball_l,430.404729,-10.062019,10.162023,430.404729,-10.062019,10.162023,0.000000
run,model_cmc,37,foot_r,456.370254,0.763012,16.852753,456.370254,0.763012,16.852753,0.000000
run,model_cmc,37,ball_r,461.999230,7.550421,8.869044,461.999230,7.550421,8.869044,0.000000
run,model_cmc,38,foot_l,438.645241,-16.552323,24.921557,438.645241,-16.552323,24.921557,0.000000
run,model_cmc,38,ball_l,439.207014,-12.401741,11.477256,439.207014,-12.401741,11.477256,0.000000
run,model_cmc,38,foot_r,473.399489,2.085594,16.029675,473.399489,2.085594,16.029675,0.000000
run,model_cmc,38,ball_r,480.167035,9.084785,8.748738,480.167035,9.084785,8.748738,0.000000
run,model_cmc,39,foot_l,449.941799,-18.378580,26.541108,449.941799,-18.378580,26.541108,0.000000
run,model_cmc,39,ball_l,449.812305,-14.954340,12.741534,449.812305,-14.954340,12.741534,0.000000
run,model_cmc,39,foot_r,488.081145,3.151640,15.427835,488.081145,3.151640,15.427835,0.000000
run,model_cmc,39,ball_r,495.819057,10.194790,8.765802,495.819057,10.194790,8.765802,0.000000
run,model_cmc,40,foot_l,464.341602,-18.952627,28.078684,464.341602,-18.952627,28.078684,0.000000
run,model_cmc,40,ball_l,463.942903,-16.078570,14.380726,463.942903,-16.078570,14.380726,0.000000
run,model_cmc,40,foot_r,499.030831,1.728906,14.854302,499.030831,1.728906,14.854302,0.000000
run,model_cmc,40,ball_r,507.025561,8.569153,8.112083,507.025561,8.569153,8.112083,0.000000
run,model_cmc,41,foot_l,481.289229,-19.145802,28.295952,481.289229,-19.145802,28.295952,0.000000
run,model_cmc,41,ball_l,481.064531,-16.241568,14.786318,481.064531,-16.241568,14.786318,0.000000
run,model_cmc,41,foot_r,506.714869,-1.273398,14.812911,506.714869,-1.273398,14.812911,0.000000
run,model_cmc,41,ball_r,514.364289,5.169542,7.384907,514.364289,5.169542,7.384907,0.000000
run,model_cmc,42,foot_l,500.234966,-19.307126,27.948505,500.234966,-19.307126,27.948505,0.000000
run,model_cmc,42,ball_l,500.400007,-16.213028,14.875951,500.400007,-16.213028,14.875951,0.000000
run,model_cmc,42,foot_r,512.390690,-3.304691,15.668356,512.390690,-3.304691,15.668356,0.000000
run,model_cmc,42,ball_r,519.234002,2.707706,7.561487,519.234002,2.707706,7.561487,0.000000
run,model_cmc,43,foot_l,518.461768,-19.823684,27.050108,518.461768,-19.823684,27.050108,0.000000
run,model_cmc,43,ball_l,519.235611,-16.576792,14.186972,519.235611,-16.576792,14.186972,0.000000
run,model_cmc,43,foot_r,517.868662,-4.114856,16.147822,517.868662,-4.114856,16.147822,0.000000
run,model_cmc,43,ball_r,523.954210,1.690232,7.359549,523.954210,1.690232,7.359549,0.000000
run,model_cmc,44,foot_l,536.723623,-20.069720,25.719810,536.723623,-20.069720,25.719810,0.000000
run,model_cmc,44,ball_l,538.661517,-16.501944,13.113570,538.661517,-16.501944,13.113570,0.000000
run,model_cmc,44,foot_r,522.927263,-3.430697,16.962361,522.927263,-3.430697,16.962361,0.000000
run,model_cmc,44,ball_r,528.434342,1.872246,7.230116,528.434342,1.872246,7.230116,0.000000
run,model_cmc,45,foot_l,555.656996,-18.562788,22.851498,555.656996,-18.562788,22.851498,0.000000
run,model_cmc,45,ball_l,559.263241,-14.030476,11.008391,559.263241,-14.030476,11.008391,0.000000
run,model_cmc,45,foot_r,527.912655,-2.405130,18.981004,527.912655,-2.405130,18.981004,0.000000
run,model_cmc,45,ball_r,532.459956,1.969142,8.084570,532.459956,1.969142,8.084570,0.000000
run,model_cmc,46,foot_l,573.935042,-16.422690,19.938573,573.935042,-16.422690,19.938573,0.000000
run,model_cmc,46,ball_l,579.101053,-11.127121,9.088191,579.101053,-11.127121,9.088191,0.000000
run,model_cmc,46,foot_r,533.888328,-0.619057,21.543010,533.888328,-0.619057,21.543010,0.000000
run,model_cmc,46,ball_r,537.244967,2.720939,9.560271,537.244967,2.720939,9.560271,0.000000
run,model_cmc,47,foot_l,589.182000,-14.448835,18.609108,589.182000,-14.448835,18.609108,0.000000
run,model_cmc,47,ball_l,595.026758,-8.319231,8.426250,595.026758,-8.319231,8.426250,0.000000
run,model_cmc,47,foot_r,543.834314,-0.213735,24.151053,543.834314,-0.213735,24.151053,0.000000
run,model_cmc,47,ball_r,546.019113,2.502543,11.778146,546.019113,2.502543,11.778146,0.000000
run,model_cmc,48,foot_l,610.226876,-12.973300,15.643243,610.226876,-12.973300,15.643243,0.000000
run,model_cmc,48,ball_l,618.596229,-6.248429,6.421474,618.596229,-6.248429,6.421474,0.000000
run,model_cmc,48,foot_r,545.950964,0.532319,23.731661,545.950964,0.532319,23.731661,0.000000
run,model_cmc,48,ball_r,548.045626,4.113909,11.382361,548.045626,4.113909,11.382361,0.000000
run,model_cmc,49,foot_l,622.431814,-11.854272,15.416640,622.431814,-11.854272,15.416640,0.000000
run,model_cmc,49,ball_l,630.751857,-5.056596,6.345207,630.751857,-5.056596,6.345207,0.000000
run,model_cmc,49,foot_r,558.284041,0.295460,24.555767,558.284041,0.295460,24.555767,0.000000
run,model_cmc,49,ball_r,559.790561,3.546635,12.179872,559.790561,3.546635,12.179872,0.000000
run,model_cmc,50,foot_l,632.327773,-11.810382,15.252349,632.327773,-11.810382,15.252349,0.000000
run,model_cmc,50,ball_l,640.359917,-4.893925,6.151018,640.359917,-4.893925,6.151018,0.000000
run,model_cmc,50,foot_r,572.882101,0.796761,24.911067,572.882101,0.796761,24.911067,0.000000
run,model_cmc,50,ball_r,574.034110,4.053734,12.874910,574.034110,4.053734,12.874910,0.000000
run,model_cmc,51,foot_l,642.354099,-11.312699,15.247005,642.354099,-11.312699,15.247005,0.000000
run,model_cmc,51,ball_l,650.207154,-4.179399,6.060126,650.207154,-4.179399,6.060126,0.000000
run,model_cmc,51,foot_r,587.663606,-0.333060,25.784618,587.663606,-0.333060,25.784618,0.000000
run,model_cmc,51,ball_r,588.291100,2.828651,14.025800,588.291100,2.828651,14.025800,0.000000
run,model_cmc,52,foot_l,649.938136,-12.147070,15.744369,649.938136,-12.147070,15.744369,0.000000
run,model_cmc,52,ball_l,657.461707,-4.980686,6.070437,657.461707,-4.980686,6.070437,0.000000
run,model_cmc,52,foot_r,604.554862,-1.402789,25.949693,604.554862,-1.402789,25.949693,0.000000
run,model_cmc,52,ball_r,604.847375,1.933627,14.611129,604.847375,1.933627,14.611129,0.000000
run,model_cmc,53,foot_l,654.212405,-14.287731,16.929471,654.212405,-14.287731,16.929471,0.000000
run,model_cmc,53,ball_l,660.838361,-7.284478,6.220334,660.838361,-7.284478,6.220334,0.000000
run,model_cmc,53,foot_r,625.345835,-1.579167,24.293479,625.345835,-1.579167,24.293479,0.000000
run,model_cmc,53,ball_r,625.936788,2.687404,13.677147,625.936788,2.687404,13.677147,0.000000
run,model_cmc,54,foot_l,658.267240,-14.724277,18.449701,658.267240,-14.724277,18.449701,0.000000
run,model_cmc,54,ball_l,663.533521,-7.867950,7.030994,663.533521,-7.867950,7.030994,0.000000
run,model_cmc,54,foot_r,647.549993,-2.079611,22.052863,647.549993,-2.079611,22.052863,0.000000
run,model_cmc,54,ball_r,649.050429,3.199537,12.019297,649.050429,3.199537,12.019297,0.000000
run,model_cmc,55,foot_l,664.754210,-14.065684,19.963978,664.754210,-14.065684,19.963978,0.000000
run,model_cmc,55,ball_l,668.836170,-7.525416,8.249493,668.836170,-7.525416,8.249493,0.000000
run,model_cmc,55,foot_r,667.495558,-1.665338,20.228902,667.495558,-1.665338,20.228902,0.000000
run,model_cmc,55,ball_r,670.219415,4.267299,10.617870,670.219415,4.267299,10.617870,0.000000
run,model_cmc,56,foot_l,672.441438,-13.617763,21.427338,672.441438,-13.617763,21.427338,0.000000
run,model_cmc,56,ball_l,675.513807,-7.505072,9.421727,675.513807,-7.505072,9.421727,0.000000
run,model_cmc,56,foot_r,686.075400,-1.246513,18.659116,686.075400,-1.246513,18.659116,0.000000
run,model_cmc,56,ball_r,689.897782,5.268558,9.490862,689.897782,5.268558,9.490862,0.000000
run,model_cmc,57,foot_l,682.660767,-13.169804,22.535706,682.660767,-13.169804,22.535706,0.000000
run,model_cmc,57,ball_l,685.012427,-7.506107,10.289802,685.012427,-7.506107,10.289802,0.000000
run,model_cmc,57,foot_r,703.017002,-1.125944,17.438187,703.017002,-1.125944,17.438187,0.000000
run,model_cmc,57,ball_r,707.623285,5.753675,8.661662,707.623285,5.753675,8.661662,0.000000
run,model_cmc,58,foot_l,694.683096,-12.297416,23.193893,694.683096,-12.297416,23.193893,0.000000
run,model_cmc,58,ball_l,696.546596,-6.802611,10.838996,696.546596,-6.802611,10.838996,0.000000
run,model_cmc,58,foot_r,717.185215,-1.292164,17.017080,717.185215,-1.292164,17.017080,0.000000
run,model_cmc,58,ball_r,722.238196,5.594825,8.631367,722.238196,5.594825,8.631367,0.000000
run,model_cmc,59,foot_l,707.378271,-11.690679,23.520985,707.378271,-11.690679,23.520985,0.000000
run,model_cmc,59,ball_l,708.968318,-6.285091,11.092731,708.968318,-6.285091,11.092731,0.000000
run,model_cmc,59,foot_r,730.016882,-1.612513,16.954334,730.016882,-1.612513,16.954334,0.000000
run,model_cmc,59,ball_r,735.184103,5.163778,8.675427,735.184103,5.163778,8.675427,0.000000
run,model_cmc,60,foot_l,720.737293,-12.585005,25.144267,720.737293,-12.585005,25.144267,0.000000
run,model_cmc,60,ball_l,721.988818,-7.865116,12.397766,721.988818,-7.865116,12.397766,0.000000
run,model_cmc,60,foot_r,741.809249,-2.441452,16.687933,741.809249,-2.441452,16.687933,0.000000
run,model_cmc,60,ball_r,747.667150,4.148608,8.599482,747.667150,4.148608,8.599482,0.000000
run,model_cmc,61,foot_l,733.733234,-12.510903,25.450170,733.733234,-12.510903,25.450170,0.000000
run,model_cmc,61,ball_l,734.648007,-7.951427,12.542419,734.648007,-7.951427,12.542419,0.000000
run,model_cmc,61,foot_r,753.850164,-2.409034,16.417134,753.850164,-2.409034,16.417134,0.000000
run,model_cmc,61,ball_r,759.688199,3.935452,8.462036,759.688199,3.935452,8.462036,0.000000
run,model_cmc,62,foot_l,748.800823,-13.549624,26.733869,748.800823,-13.549624,26.733869,0.000000
run,model_cmc,62,ball_l,749.318147,-9.501448,13.824494,749.318147,-9.501448,13.824494,0.000000
run,model_cmc,62,foot_r,763.481525,-3.238990,15.841420,763.481525,-3.238990,15.841420,0.000000
run,model_cmc,62,ball_r,769.452338,3.038308,7.799135,769.452338,3.038308,7.799135,0.000000
run,model_cmc,63,foot_l,766.041334,-14.724818,26.842874,766.041334,-14.724818,26.842874,0.000000
run,model_cmc,63,ball_l,766.529304,-10.763756,14.055972,766.529304,-10.763756,14.055972,0.000000
run,model_cmc,63,foot_r,770.506415,-3.561598,16.077140,770.506415,-3.561598,16.077140,0.000000
run,model_cmc,63,ball_r,776.091627,2.503674,7.508244,776.091627,2.503674,7.508244,0.000000
run,model_cmc,64,foot_l,785.302208,-16.641092,25.213197,785.302208,-16.641092,25.213197,0.000000
run,model_cmc,64,ball_l,786.460344,-12.432770,12.849413,786.460344,-12.432770,12.849413,0.000000
run,model_cmc,64,foot_r,775.092530,-3.427223,16.953069,775.092530,-3.427223,16.953069,0.000000
run,model_cmc,64,ball_r,779.867563,2.294482,7.473879,779.867563,2.294482,7.473879,0.000000
run,model_cmc,65,foot_l,804.723193,-17.265958,23.161434,804.723193,-17.265958,23.161434,0.000000
run,model_cmc,65,ball_l,807.095054,-12.662512,11.388646,807.095054,-12.662512,11.388646,0.000000
run,model_cmc,65,foot_r,780.075577,-3.050773,18.828887,780.075577,-3.050773,18.828887,0.000000
run,model_cmc,65,ball_r,784.267062,1.956468,8.245389,784.267062,1.956468,8.245389,0.000000
run,model_cmc,66,foot_l,822.561063,-16.549030,21.726038,822.561063,-16.549030,21.726038,0.000000
run,model_cmc,66,ball_l,826.011104,-11.702692,10.415579,826.011104,-11.702692,10.415579,0.000000
run,model_cmc,66,foot_r,787.315264,-2.042100,20.232716,787.315264,-2.042100,20.232716,0.000000
run,model_cmc,66,ball_r,791.096988,2.365363,8.917148,791.096988,2.365363,8.917148,0.000000
run,model_cmc,67,foot_l,839.789668,-15.619969,20.309210,839.789668,-15.619969,20.309210,0.000000
run,model_cmc,67,ball_l,844.455770,-10.458380,9.415044,844.455770,-10.458380,9.415044,0.000000
run,model_cmc,67,foot_r,795.376182,-1.281536,21.617752,795.376182,-1.281536,21.617752,0.000000
run,model_cmc,67,ball_r,798.654890,2.492819,9.635475,798.654890,2.492819,9.635475,0.000000
run,model_cmc,68,foot_l,854.626522,-14.354742,19.262907,854.626522,-14.354742,19.262907,0.000000
run,model_cmc,68,ball_l,860.273614,-8.811995,8.915380,860.273614,-8.811995,8.915380,0.000000
run,model_cmc,68,foot_r,805.074707,-0.407716,22.770667,805.074707,-0.407716,22.770667,0.000000
run,model_cmc,68,ball_r,807.753649,2.840463,10.343206,807.753649,2.840463,10.343206,0.000000
run,model_cmc,69,foot_l,868.313977,-13.419172,18.353069,868.313977,-13.419172,18.353069,0.000000
run,model_cmc,69,ball_l,874.776612,-7.426098,8.713075,874.776612,-7.426098,8.713075,0.000000
run,model_cmc,69,foot_r,816.155612,0.542132,24.663028,816.155612,0.542132,24.663028,0.000000
run,model_cmc,69,ball_r,818.285587,3.188413,12.097916,818.285587,3.188413,12.097916,0.000000
run,model_cmc,70,foot_l,880.226742,-12.168382,17.153829,880.226742,-12.168382,17.153829,0.000000
run,model_cmc,70,ball_l,887.024283,-5.572316,8.168068,887.024283,-5.572316,8.168068,0.000000
run,model_cmc,70,foot_r,829.635203,1.227897,26.339257,829.635203,1.227897,26.339257,0.000000
run,model_cmc,70,ball_r,831.287330,3.449086,13.797858,831.287330,3.449086,13.797858,0.000000
run,model_cmc,71,foot_l,889.195912,-11.355254,17.409414,889.195912,-11.355254,17.409414,0.000000
run,model_cmc,71,ball_l,895.556046,-4.347216,8.223643,895.556046,-4.347216,8.223643,0.000000
run,model_cmc,71,foot_r,845.481360,1.233556,26.614255,845.481360,1.233556,26.614255,0.000000
run,model_cmc,71,ball_r,846.676975,3.838375,14.419609,846.676975,3.838375,14.419609,0.000000
crouch,source_source,0,foot_l,22.351865,-12.229335,14.268661,22.351865,-12.229335,14.268661,0.000000
crouch,source_source,0,ball_l,27.424526,0.353143,7.521367,27.424526,0.353143,7.521367,0.000000
crouch,source_source,0,foot_r,-24.202603,-17.422764,10.938542,-24.202603,-17.422764,10.938542,0.000000
crouch,source_source,0,ball_r,-23.573166,-4.557804,2.958991,-23.573166,-4.557804,2.958991,0.000000
crouch,source_source,1,foot_l,35.214907,2.859779,12.901679,35.214907,2.859779,12.901679,0.000000
crouch,source_source,1,ball_l,39.883888,16.715266,8.926416,39.883888,16.715266,8.926416,0.000000
crouch,source_source,1,foot_r,-23.707464,-17.104688,11.182472,-23.707464,-17.104688,11.182472,0.000000
crouch,source_source,1,ball_r,-23.455489,-4.466398,2.828626,-23.455489,-4.466398,2.828626,0.000000
crouch,source_source,2,foot_l,46.647531,16.911992,12.583274,46.647531,16.911992,12.583274,0.000000
crouch,source_source,2,ball_l,50.532261,31.484595,11.125621,50.532261,31.484595,11.125621,0.000000
crouch,source_source,2,foot_r,-22.951195,-16.572794,11.698334,-22.951195,-16.572794,11.698334,0.000000
crouch,source_source,2,ball_r,-23.444697,-4.442097,2.633055,-23.444697,-4.442097,2.633055,0.000000
crouch,source_source,3,foot_l,55.679083,28.087330,12.500139,55.679083,28.087330,12.500139,0.000000
crouch,source_source,3,ball_l,58.942923,42.875999,12.968348,58.942923,42.875999,12.968348,0.000000
crouch,source_source,3,foot_r,-21.643481,-15.571079,12.594505,-21.643481,-15.571079,12.594505,0.000000
crouch,source_source,3,ball_r,-23.513529,-4.472756,2.450207,-23.513529,-4.472756,2.450207,0.000000
crouch,source_source,4,foot_l,61.408424,34.847499,11.376771,61.408424,34.847499,11.376771,0.000000
crouch,source_source,4,ball_l,65.035272,49.544078,12.034948,65.035272,49.544078,12.034948,0.000000
crouch,source_source,4,foot_r,-19.953078,-14.106822,13.538978,-19.953078,-14.106822,13.538978,0.000000
crouch,source_source,4,ball_r,-23.561254,-4.499674,2.391768,-23.561254,-4.499674,2.391768,0.000000
crouch,source_source,5,foot_l,64.669842,37.238963,10.057553,64.669842,37.238963,10.057553,0.000000
crouch,source_source,5,ball_l,68.863586,51.694205,8.315409,68.863586,51.694205,8.315409,0.000000
crouch,source_source,5,foot_r,-18.287659,-11.946389,14.666405,-18.287659,-11.946389,14.666405,0.000000
crouch,source_source,5,ball_r,-23.389038,-4.415560,2.548685,-23.389038,-4.415560,2.548685,0.000000
crouch,source_source,6,foot_l,66.377947,39.191774,9.565894,66.377947,39.191774,9.565894,0.000000
crouch,source_source,6,ball_l,70.440775,53.156057,5.315145,70.440775,53.156057,5.315145,0.000000
crouch,source_source,6,foot_r,-16.473836,-8.668414,16.103674,-16.473836,-8.668414,16.103674,0.000000
crouch,source_source,6,ball_r,-22.714013,-3.887203,3.150804,-22.714013,-3.887203,3.150804,0.000000
crouch,source_source,7,foot_l,67.397958,40.687723,9.443713,67.397958,40.687723,9.443713,0.000000
crouch,source_source,7,ball_l,71.377003,53.971313,3.337153,71.377003,53.971313,3.337153,0.000000
crouch,source_source,7,foot_r,-12.828818,-3.685680,17.928061,-12.828818,-3.685680,17.928061,0.000000
crouch,source_source,7,ball_r,-19.789869,-1.927143,4.585354,-19.789869,-1.927143,4.585354,0.000000
crouch,source_source,8,foot_l,67.933169,41.406533,9.485866,67.933169,41.406533,9.485866,0.000000
crouch,source_source,8,ball_l,71.914464,54.332281,2.655718,71.914464,54.332281,2.655718,0.000000
crouch,source_source,8,foot_r,-5.872747,2.578807,20.014681,-5.872747,2.578807,20.014681,0.000000
crouch,source_source,8,ball_r,-13.189691,2.564934,6.746725,-13.189691,2.564934,6.746725,0.000000
crouch,source_source,9,foot_l,68.200663,41.699448,9.641165,68.200663,41.699448,9.641165,0.000000
crouch,source_source,9,ball_l,72.099721,54.461387,2.464336,72.099721,54.461387,2.464336,0.000000
crouch,source_source,9,foot_r,2.941206,9.547779,21.166383,2.941206,9.547779,21.166383,0.000000
crouch,source_source,9,ball_r,-3.189254,11.379185,7.431754,-3.189254,11.379185,7.431754,0.000000
crouch,source_source,10,foot_l,68.578883,41.959979,10.019478,68.578883,41.959979,10.019478,0.000000
crouch,source_source,10,ball_l,72.197974,54.581036,2.457222,72.197974,54.581036,2.457222,0.000000
crouch,source_source,10,foot_r,14.281034,18.295047,20.611961,14.281034,18.295047,20.611961,0.000000
crouch,source_source,10,ball_r,8.509395,22.257206,7.174474,8.509395,22.257206,7.174474,0.000000
crouch,source_source,11,foot_l,69.311980,42.418370,10.826266,69.311980,42.418370,10.826266,0.000000
crouch,source_source,11,ball_l,72.365816,54.772353,2.602533,72.365816,54.772353,2.602533,0.000000
crouch,source_source,11,foot_r,27.311909,28.749523,19.253874,27.311909,28.749523,19.253874,0.000000
crouch,source_source,11,ball_r,22.328436,35.482302,6.628056,22.328436,35.482302,6.628056,0.000000
crouch,source_source,12,foot_l,70.442311,43.203019,12.032846,70.442311,43.203019,12.032846,0.000000
crouch,source_source,12,ball_l,72.711172,55.045667,2.857849,72.711172,55.045667,2.857849,0.000000
crouch,source_source,12,foot_r,41.189015,40.850672,17.612100,41.189015,40.850672,17.612100,0.000000
crouch,source_source,12,ball_r,37.986836,50.198138,6.125258,37.986836,50.198138,6.125258,0.000000
crouch,source_source,13,foot_l,71.709183,44.173664,13.315210,71.709183,44.173664,13.315210,0.000000
crouch,source_source,13,ball_l,73.154761,55.309968,3.143205,73.154761,55.309968,3.143205,0.000000
crouch,source_source,13,foot_r,55.698390,54.583508,15.698187,55.698390,54.583508,15.698187,0.000000
crouch,source_source,13,ball_r,54.405364,66.144986,5.990618,54.405364,66.144986,5.990618,0.000000
crouch,source_source,14,foot_l,72.957911,45.152017,14.409581,72.957911,45.152017,14.409581,0.000000
crouch,source_source,14,ball_l,73.562679,55.532765,3.389102,73.562679,55.532765,3.389102,0.000000
crouch,source_source,14,foot_r,70.664805,69.747107,13.757987,70.664805,69.747107,13.757987,0.000000
crouch,source_source,14,ball_r,70.735097,83.116972,6.629286,70.735097,83.116972,6.629286,0.000000
crouch,source_source,15,foot_l,73.986627,46.577525,15.527907,73.986627,46.577525,15.527907,0.000000
crouch,source_source,15,ball_l,73.633498,55.611104,3.368698,73.633498,55.611104,3.368698,0.000000
crouch,source_source,15,foot_r,85.324942,85.601275,12.249650,85.324942,85.601275,12.249650,0.000000
crouch,source_source,15,ball_r,86.046163,100.218540,8.326379,86.046163,100.218540,8.326379,0.000000
crouch,source_source,16,foot_l,74.585883,48.060542,16.249849,74.585883,48.060542,16.249849,0.000000
crouch,source_source,16,ball_l,73.271474,55.444223,3.084356,73.271474,55.444223,3.084356,0.000000
crouch,source_source,16,foot_r,98.454559,100.820172,11.659669,98.454559,100.820172,11.659669,0.000000
crouch,source_source,16,ball_r,99.393624,115.917405,10.783143,99.393624,115.917405,10.783143,0.000000
crouch,source_source,17,foot_l,74.930881,49.454159,16.672786,74.930881,49.454159,16.672786,0.000000
crouch,source_source,17,ball_l,72.841239,55.237678,2.825010,72.841239,55.237678,2.825010,0.000000
crouch,source_source,17,foot_r,109.446111,113.212162,11.430679,109.446111,113.212162,11.430679,0.000000
crouch,source_source,17,ball_r,110.048375,128.277141,12.934104,110.048375,128.277141,12.934104,0.000000
crouch,source_source,18,foot_l,75.543617,50.771424,17.049761,75.543617,50.771424,17.049761,0.000000
crouch,source_source,18,ball_l,72.658145,55.255961,2.867390,72.658145,55.255961,2.867390,0.000000
crouch,source_source,18,foot_r,118.028215,121.287107,10.689174,118.028215,121.287107,10.689174,0.000000
crouch,source_source,18,ball_r,118.110713,136.286083,12.834063,118.110713,136.286083,12.834063,0.000000
crouch,source_source,19,foot_l,76.995938,52.141032,17.461528,76.995938,52.141032,17.461528,0.000000
crouch,source_source,19,ball_l,73.004386,55.890507,3.334052,73.004386,55.890507,3.334052,0.000000
crouch,source_source,19,foot_r,123.114809,124.677008,9.570812,123.114809,124.677008,9.570812,0.000000
crouch,source_source,19,ball_r,123.718759,139.816749,9.579182,123.718759,139.816749,9.579182,0.000000
crouch,source_source,20,foot_l,81.101663,54.637653,18.197183,81.101663,54.637653,18.197183,0.000000
crouch,source_source,20,ball_l,74.945858,57.721868,4.700135,74.945858,57.721868,4.700135,0.000000
crouch,source_source,20,foot_r,124.799082,127.176154,9.224949,124.799082,127.176154,9.224949,0.000000
crouch,source_source,20,ball_r,125.402898,142.057031,6.437210,125.402898,142.057031,6.437210,0.000000
crouch,source_source,21,foot_l,89.909630,59.020376,19.321097,89.909630,59.020376,19.321097,0.000000
crouch,source_source,21,ball_l,80.625924,61.719576,7.654744,80.625924,61.719576,7.654744,0.000000
crouch,source_source,21,foot_r,125.600667,128.805336,9.234456,125.600667,128.805336,9.234456,0.000000
crouch,source_source,21,ball_r,126.213768,143.128261,4.329912,126.213768,143.128261,4.329912,0.000000
crouch,source_source,22,foot_l,99.863924,65.230978,20.934114,99.863924,65.230978,20.934114,0.000000
crouch,source_source,22,ball_l,90.707305,67.869243,9.153941,90.707305,67.869243,9.153941,0.000000
crouch,source_source,22,foot_r,126.458097,129.763356,9.291335,126.458097,129.763356,9.291335,0.000000
crouch,source_source,22,ball_r,127.017917,143.629694,3.209574,127.017917,143.629694,3.209574,0.000000
crouch,source_source,23,foot_l,111.055228,73.277378,22.498426,111.055228,73.277378,22.498426,0.000000
crouch,source_source,23,ball_l,105.169502,75.459003,8.708017,105.169502,75.459003,8.708017,0.000000
crouch,source_source,23,foot_r,126.856050,130.126282,9.335269,126.856050,130.126282,9.335269,0.000000
crouch,source_source,23,ball_r,127.338310,143.807094,2.840701,127.338310,143.807094,2.840701,0.000000
crouch,source_source,24,foot_l,122.835200,82.835934,22.750983,122.835200,82.835934,22.750983,0.000000
crouch,source_source,24,ball_l,120.676723,85.947254,8.080018,120.676723,85.947254,8.080018,0.000000
crouch,source_source,24,foot_r,126.981186,130.269041,9.430052,126.981186,130.269041,9.430052,0.000000
crouch,source_source,24,ball_r,127.445342,143.855369,2.738798,127.445342,143.855369,2.738798,0.000000
crouch,source_source,25,foot_l,135.357194,93.553528,21.782430,135.357194,93.553528,21.782430,0.000000
crouch,source_source,25,ball_l,136.055622,98.835868,7.598435,136.055622,98.835868,7.598435,0.000000
crouch,source_source,25,foot_r,127.016002,130.419100,9.631240,127.016002,130.419100,9.631240,0.000000
crouch,source_source,25,ball_r,127.504544,143.892986,2.718037,127.504544,143.892986,2.718037,0.000000
crouch,source_source,26,foot_l,148.070738,105.605519,19.843033,148.070738,105.605519,19.843033,0.000000
crouch,source_source,26,ball_l,150.685821,113.551259,7.209617,150.685821,113.551259,7.209617,0.000000
crouch,source_source,26,foot_r,127.009674,130.646214,9.963538,127.009674,130.646214,9.963538,0.000000
crouch,source_source,26,ball_r,127.562596,143.954612,2.741528,127.562596,143.954612,2.741528,0.000000
crouch,source_source,27,foot_l,160.734409,119.117200,17.414494,160.734409,119.117200,17.414494,0.000000
crouch,source_source,27,ball_l,164.585093,129.554692,7.128210,164.585093,129.554692,7.128210,0.000000
crouch,source_source,27,foot_r,127.073215,130.959476,10.371970,127.073215,130.959476,10.371970,0.000000
crouch,source_source,27,ball_r,127.634251,144.055515,2.772257,127.634251,144.055515,2.772257,0.000000
crouch,source_source,28,foot_l,173.157108,133.786064,15.023439,173.157108,133.786064,15.023439,0.000000
crouch,source_source,28,ball_l,177.530029,146.291617,7.670528,177.530029,146.291617,7.670528,0.000000
crouch,source_source,28,foot_r,127.342854,131.304669,10.746719,127.342854,131.304669,10.746719,0.000000
crouch,source_source,28,ball_r,127.732235,144.167866,2.749020,127.732235,144.167866,2.749020,0.000000
crouch,source_source,29,foot_l,185.155731,148.995894,13.353953,185.155731,148.995894,13.353953,0.000000
crouch,source_source,29,ball_l,189.236444,162.961739,9.125526,189.236444,162.961739,9.125526,0.000000
crouch,source_source,29,foot_r,127.936909,131.763995,11.233853,127.936909,131.763995,11.233853,0.000000
crouch,source_source,29,ball_r,127.807292,144.241372,2.638804,127.807292,144.241372,2.638804,0.000000
crouch,source_source,30,foot_l,195.854801,163.710216,12.911677,195.854801,163.710216,12.911677,0.000000
crouch,source_source,30,ball_l,199.496993,178.342275,11.423768,199.496993,178.342275,11.423768,0.000000
crouch,source_source,30,foot_r,128.971079,132.476574,11.906176,128.971079,132.476574,11.906176,0.000000
crouch,source_source,30,ball_r,127.875566,144.280119,2.469397,127.875566,144.280119,2.469397,0.000000
crouch,source_source,31,foot_l,204.757512,176.158157,13.078988,204.757512,176.158157,13.078988,0.000000
crouch,source_source,31,ball_l,208.002993,190.937257,13.867417,208.002993,190.937257,13.867417,0.000000
crouch,source_source,31,foot_r,130.351415,133.369043,12.542836,130.351415,133.369043,12.542836,0.000000
crouch,source_source,31,ball_r,127.908936,144.258226,2.294100,127.908936,144.258226,2.294100,0.000000
crouch,source_source,32,foot_l,211.336643,185.325862,12.666108,211.336643,185.325862,12.666108,0.000000
crouch,source_source,32,ball_l,215.035224,199.878904,14.692466,215.035224,199.878904,14.692466,0.000000
crouch,source_source,32,foot_r,131.835330,134.421709,13.047393,131.835330,134.421709,13.047393,0.000000
crouch,source_source,32,ball_r,127.872223,144.206834,2.179010,127.872223,144.206834,2.179010,0.000000
crouch,source_source,33,foot_l,215.218645,190.183043,10.976499,215.218645,190.183043,10.976499,0.000000
crouch,source_source,33,ball_l,219.919369,204.538983,12.154131,219.919369,204.538983,12.154131,0.000000
crouch,source_source,33,foot_r,133.153230,135.845509,13.738512,133.153230,135.845509,13.738512,0.000000
crouch,source_source,33,ball_r,127.894008,144.195342,2.240796,127.894008,144.195342,2.240796,0.000000
crouch,source_source,34,foot_l,217.888236,192.422971,9.840367,217.888236,192.422971,9.840367,0.000000
crouch,source_source,34,ball_l,222.617877,206.721026,8.175215,222.617877,206.721026,8.175215,0.000000
crouch,source_source,34,foot_r,134.287727,138.197088,14.970201,134.287727,138.197088,14.970201,0.000000
crouch,source_source,34,ball_r,128.143322,144.428393,2.601137,128.143322,144.428393,2.601137,0.000000
crouch,source_source,35,foot_l,219.574255,194.292699,9.475036,219.574255,194.292699,9.475036,0.000000
crouch,source_source,35,ball_l,224.017611,208.144075,5.235625,224.017611,208.144075,5.235625,0.000000
crouch,source_source,35,foot_r,136.039355,141.881663,16.657420,136.039355,141.881663,16.657420,0.000000
crouch,source_source,35,ball_r,129.431003,145.514777,3.515624,129.431003,145.514777,3.515624,0.000000
crouch,source_source,36,foot_l,220.597219,195.670410,9.340459,220.597219,195.670410,9.340459,0.000000
crouch,source_source,36,ball_l,224.982566,208.883865,3.361337,224.982566,208.883865,3.361337,0.000000
crouch,source_source,36,foot_r,140.793514,148.006168,19.062845,140.793514,148.006168,19.062845,0.000000
crouch,source_source,36,ball_r,134.125006,148.680741,5.474152,134.125006,148.680741,5.474152,0.000000
crouch,source_source,37,foot_l,221.124163,196.337452,9.346392,221.124163,196.337452,9.346392,0.000000
crouch,source_source,37,ball_l,225.517976,209.196134,2.643757,225.517976,209.196134,2.643757,0.000000
crouch,source_source,37,foot_r,148.924664,155.655155,21.016289,148.924664,155.655155,21.016289,0.000000
crouch,source_source,37,ball_r,142.678797,156.139362,7.220230,142.678797,156.139362,7.220230,0.000000
crouch,source_source,38,foot_l,221.400873,196.622697,9.448820,221.400873,196.622697,9.448820,0.000000
crouch,source_source,38,ball_l,225.741231,209.311800,2.397256,225.741231,209.311800,2.397256,0.000000
crouch,source_source,38,foot_r,159.021387,164.595774,21.372320,159.021387,164.595774,21.372320,0.000000
crouch,source_source,38,ball_r,153.854245,167.007476,7.334480,153.854245,167.007476,7.334480,0.000000
crouch,source_source,39,foot_l,221.760292,196.823992,9.717625,221.760292,196.823992,9.717625,0.000000
crouch,source_source,39,ball_l,225.865941,209.399706,2.330361,225.865941,209.399706,2.330361,0.000000
crouch,source_source,39,foot_r,171.369234,175.096786,19.969314,171.369234,175.096786,19.969314,0.000000
crouch,source_source,39,ball_r,166.436958,180.392337,6.657425,166.436958,180.392337,6.657425,0.000000
crouch,source_source,40,foot_l,222.413377,197.135723,10.311508,222.413377,197.135723,10.311508,0.000000
crouch,source_source,40,ball_l,226.039471,209.526238,2.380355,226.039471,209.526238,2.380355,0.000000
crouch,source_source,40,foot_r,185.086295,187.311387,17.761888,185.086295,187.311387,17.761888,0.000000
crouch,source_source,40,ball_r,181.084988,195.664713,5.770721,181.084988,195.664713,5.770721,0.000000
crouch,source_source,41,foot_l,223.349407,197.744067,11.321629,223.349407,197.744067,11.321629,0.000000
crouch,source_source,41,ball_l,226.339790,209.723475,2.539373,226.339790,209.723475,2.539373,0.000000
crouch,source_source,41,foot_r,199.650180,201.237737,15.326686,199.650180,201.237737,15.326686,0.000000
crouch,source_source,41,ball_r,197.473992,212.265798,5.166831,197.473992,212.265798,5.166831,0.000000
crouch,source_source,42,foot_l,224.223226,198.671810,12.547688,224.223226,198.671810,12.547688,0.000000
crouch,source_source,42,ball_l,226.674368,209.978242,2.763359,226.674368,209.978242,2.763359,0.000000
crouch,source_source,42,foot_r,214.782953,216.583656,12.993655,214.782953,216.583656,12.993655,0.000000
crouch,source_source,42,ball_r,214.379157,229.724136,5.460970,214.379157,229.724136,5.460970,0.000000
crouch,source_source,43,foot_l,225.261758,200.125235,14.099830,225.261758,200.125235,14.099830,0.000000
crouch,source_source,43,ball_l,226.962831,210.227594,2.936259,226.962831,210.227594,2.936259,0.000000
crouch,source_source,43,foot_r,230.179422,232.792097,11.301702,230.179422,232.792097,11.301702,0.000000
crouch,source_source,43,ball_r,230.558819,247.373267,7.200223,230.558819,247.373267,7.200223,0.000000
crouch,source_source,44,foot_l,226.603764,201.985234,15.549178,226.603764,201.985234,15.549178,0.000000
crouch,source_source,44,ball_l,227.023174,210.367829,2.934395,227.023174,210.367829,2.934395,0.000000
crouch,source_source,44,foot_r,244.417618,248.856181,10.735667,244.417618,248.856181,10.735667,0.000000
crouch,source_source,44,ball_r,244.755163,263.983104,9.936413,244.755163,263.983104,9.936413,0.000000
crouch,source_source,45,foot_l,227.891833,203.854910,16.437849,227.891833,203.854910,16.437849,0.000000
crouch,source_source,45,ball_l,226.817457,210.345879,2.789053,226.817457,210.345879,2.789053,0.000000
crouch,source_source,45,foot_r,256.088439,262.906322,10.718121,256.088439,262.906322,10.718121,0.000000
crouch,source_source,45,ball_r,256.379965,277.908587,12.821372,256.379965,277.908587,12.821372,0.000000
crouch,source_source,46,foot_l,228.778188,205.746359,16.949262,228.778188,205.746359,16.949262,0.000000
crouch,source_source,46,ball_l,226.602101,210.314676,2.667395,226.602101,210.314676,2.667395,0.000000
crouch,source_source,46,foot_r,265.773365,273.447621,10.399345,265.773365,273.447621,10.399345,0.000000
crouch,source_source,46,ball_r,265.562856,288.157991,14.023893,265.562856,288.157991,14.023893,0.000000
crouch,source_source,47,foot_l,229.710881,207.723352,17.341404,229.710881,207.723352,17.341404,0.000000
crouch,source_source,47,ball_l,226.645386,210.465190,2.758480,226.645386,210.465190,2.758480,0.000000
crouch,source_source,47,foot_r,273.088750,278.979263,9.004759,273.088750,278.979263,9.004759,0.000000
crouch,source_source,47,ball_r,272.247252,293.754399,12.254964,272.247252,293.754399,12.254964,0.000000
crouch,source_source,48,foot_l,231.691502,209.488517,17.732932,231.691502,209.488517,17.732932,0.000000
crouch,source_source,48,ball_l,227.353579,211.113656,3.306637,227.353579,211.113656,3.306637,0.000000
crouch,source_source,48,foot_r,276.813871,281.675935,7.872766,276.813871,281.675935,7.872766,0.000000
crouch,source_source,48,ball_r,276.760209,296.800908,8.772128,276.760209,296.800908,8.772128,0.000000
crouch,source_source,49,foot_l,236.447738,211.919987,18.503763,236.447738,211.919987,18.503763,0.000000
crouch,source_source,49,ball_l,230.023560,212.892756,4.815803,230.023560,212.892756,4.815803,0.000000
crouch,source_source,49,foot_r,277.647457,283.890462,7.690893,277.647457,283.890462,7.690893,0.000000
crouch,source_source,49,ball_r,277.789679,298.953310,6.057815,277.789679,298.953310,6.057815,0.000000
crouch,source_source,50,foot_l,245.381685,215.808395,19.661510,245.381685,215.808395,19.661510,0.000000
crouch,source_source,50,ball_l,236.110204,216.935912,7.730668,236.110204,216.935912,7.730668,0.000000
crouch,source_source,50,foot_r,278.323254,285.560179,7.708830,278.323254,285.560179,7.708830,0.000000
crouch,source_source,50,ball_r,278.450704,300.242043,3.966740,278.450704,300.242043,3.966740,0.000000
crouch,source_source,51,foot_l,255.343778,221.823695,20.783274,255.343778,221.823695,20.783274,0.000000
crouch,source_source,51,ball_l,245.846027,223.722658,9.131522,245.846027,223.722658,9.131522,0.000000
crouch,source_source,51,foot_r,279.094298,286.571547,7.747590,279.094298,286.571547,7.747590,0.000000
crouch,source_source,51,ball_r,279.054595,300.861970,2.711837,279.054595,300.861970,2.711837,0.000000
crouch,source_source,52,foot_l,265.866539,229.750559,21.884912,265.866539,229.750559,21.884912,0.000000
crouch,source_source,52,ball_l,259.464127,232.000893,8.337895,259.464127,232.000893,8.337895,0.000000
crouch,source_source,52,foot_r,279.586044,287.050965,7.776919,279.586044,287.050965,7.776919,0.000000
crouch,source_source,52,ball_r,279.345287,301.109219,2.130315,279.345287,301.109219,2.130315,0.000000
crouch,source_source,53,foot_l,276.699759,239.286685,21.770994,276.699759,239.286685,21.770994,0.000000
crouch,source_source,53,ball_l,274.363077,243.104717,7.295527,274.363077,243.104717,7.295527,0.000000
crouch,source_source,53,foot_r,279.764739,287.271322,7.874090,279.764739,287.271322,7.874090,0.000000
crouch,source_source,53,ball_r,279.510846,301.203857,1.924587,279.510846,301.203857,1.924587,0.000000
crouch,source_source,54,foot_l,288.255728,249.971658,20.493427,288.255728,249.971658,20.493427,0.000000
crouch,source_source,54,ball_l,289.219977,256.152987,6.693500,289.219977,256.152987,6.693500,0.000000
crouch,source_source,54,foot_r,279.815718,287.435216,8.043258,279.815718,287.435216,8.043258,0.000000
crouch,source_source,54,ball_r,279.585594,301.263534,1.854450,279.585594,301.263534,1.854450,0.000000
crouch,source_source,55,foot_l,300.381415,261.944073,18.433224,300.381415,261.944073,18.433224,0.000000
crouch,source_source,55,ball_l,303.213645,270.703137,6.398527,303.213645,270.703137,6.398527,0.000000
crouch,source_source,55,foot_r,279.927921,287.638166,8.281798,279.927921,287.638166,8.281798,0.000000
crouch,source_source,55,ball_r,279.652721,301.329550,1.797443,279.652721,301.329550,1.797443,0.000000
crouch,source_source,56,foot_l,312.755568,275.275111,16.022706,312.755568,275.275111,16.022706,0.000000
crouch,source_source,56,ball_l,316.522346,286.318921,6.357186,316.522346,286.318921,6.357186,0.000000
crouch,source_source,56,foot_r,280.222002,287.904622,8.567441,280.222002,287.904622,8.567441,0.000000
crouch,source_source,56,ball_r,279.774979,301.413171,1.719385,279.774979,301.413171,1.719385,0.000000
crouch,source_source,57,foot_l,325.206967,289.733467,13.754947,325.206967,289.733467,13.754947,0.000000
crouch,source_source,57,ball_l,329.252627,302.617734,6.884367,329.252627,302.617734,6.884367,0.000000
crouch,source_source,57,foot_r,280.639546,288.174351,8.844888,280.639546,288.174351,8.844888,0.000000
crouch,source_source,57,ball_r,279.936430,301.493124,1.655139,279.936430,301.493124,1.655139,0.000000
crouch,source_source,58,foot_l,337.502164,304.640430,12.326721,337.502164,304.640430,12.326721,0.000000
crouch,source_source,58,ball_l,341.160187,318.807184,8.389901,341.160187,318.807184,8.389901,0.000000
crouch,source_source,58,foot_r,281.126651,288.391963,8.987059,281.126651,288.391963,8.987059,0.000000
crouch,source_source,58,ball_r,280.085582,301.540234,1.529464,280.085582,301.540234,1.529464,0.000000
crouch,source_source,59,foot_l,348.587325,318.916686,12.057200,348.587325,318.916686,12.057200,0.000000
crouch,source_source,59,ball_l,351.773804,333.671153,10.742410,351.773804,333.671153,10.742410,0.000000
crouch,source_source,59,foot_r,281.907335,288.957857,9.653626,281.907335,288.957857,9.653626,0.000000
crouch,source_source,59,ball_r,280.147964,301.524612,1.373658,280.147964,301.524612,1.373658,0.000000
crouch,source_source,60,foot_l,357.840896,330.909605,12.279407,357.840896,330.909605,12.279407,0.000000
crouch,source_source,60,ball_l,360.567316,345.788887,13.145547,360.567316,345.788887,13.145547,0.000000
crouch,source_source,60,foot_r,283.225790,290.213156,10.850011,283.225790,290.213156,10.850011,0.000000
crouch,source_source,60,ball_r,280.126700,301.469180,1.192157,280.126700,301.469180,1.192157,0.000000
crouch,source_source,61,foot_l,364.487410,339.198190,11.759874,364.487410,339.198190,11.759874,0.000000
crouch,source_source,61,ball_l,367.446935,353.955963,13.499400,367.446935,353.955963,13.499400,0.000000
crouch,source_source,61,foot_r,284.737751,291.945705,11.957915,284.737751,291.945705,11.957915,0.000000
crouch,source_source,61,ball_r,280.088893,301.440822,1.103999,280.088893,301.440822,1.103999,0.000000
crouch,source_source,62,foot_l,368.044519,342.542517,10.211556,368.044519,342.542517,10.211556,0.000000
crouch,source_source,62,ball_l,371.974459,357.174519,10.403078,371.974459,357.174519,10.403078,0.000000
crouch,source_source,62,foot_r,285.902274,293.924803,13.055740,285.902274,293.924803,13.055740,0.000000
crouch,source_source,62,ball_r,280.238086,301.507321,1.223624,280.238086,301.507321,1.223624,0.000000
crouch,source_source,63,foot_l,370.365107,344.483656,9.352987,370.365107,344.483656,9.352987,0.000000
crouch,source_source,63,ball_l,374.553904,358.854683,7.006889,374.553904,358.854683,7.006889,0.000000
crouch,source_source,63,foot_r,287.024036,296.414325,14.321348,287.024036,296.414325,14.321348,0.000000
crouch,source_source,63,ball_r,280.700761,301.875490,1.681394,280.700761,301.875490,1.681394,0.000000
crouch,source_source,64,foot_l,371.915951,346.224332,9.091378,371.915951,346.224332,9.091378,0.000000
crouch,source_source,64,ball_l,375.677508,360.111606,4.340488,375.677508,360.111606,4.340488,0.000000
crouch,source_source,64,foot_r,289.707294,300.572202,16.006139,289.707294,300.572202,16.006139,0.000000
crouch,source_source,64,ball_r,282.807344,303.400657,2.816480,282.807344,303.400657,2.816480,0.000000
crouch,source_source,65,foot_l,372.988436,347.431994,9.024856,372.988436,347.431994,9.024856,0.000000
crouch,source_source,65,ball_l,376.602912,360.745645,2.759165,376.602912,360.745645,2.759165,0.000000
crouch,source_source,65,foot_r,295.924255,306.530598,18.248715,295.924255,306.530598,18.248715,0.000000
crouch,source_source,65,ball_r,288.801491,307.159999,4.890324,288.801491,307.159999,4.890324,0.000000
crouch,source_source,66,foot_l,373.514202,347.991205,9.100917,373.514202,347.991205,9.100917,0.000000
crouch,source_source,66,ball_l,377.103087,361.007322,2.225073,377.103087,361.007322,2.225073,0.000000
crouch,source_source,66,foot_r,304.487890,313.521212,20.071983,304.487890,313.521212,20.071983,0.000000
crouch,source_source,66,ball_r,298.335874,315.263841,6.335447,298.335874,315.263841,6.335447,0.000000
crouch,source_source,67,foot_l,373.842579,348.267802,9.328241,373.842579,348.267802,9.328241,0.000000
crouch,source_source,67,ball_l,377.284962,361.123331,2.085176,377.284962,361.123331,2.085176,0.000000
crouch,source_source,67,foot_r,315.202436,322.234702,20.181733,315.202436,322.234702,20.181733,0.000000
crouch,source_source,67,ball_r,309.507385,325.792477,6.599200,309.507385,325.792477,6.599200,0.000000
crouch,source_source,68,foot_l,374.358869,348.557238,9.855591,374.358869,348.557238,9.855591,0.000000
crouch,source_source,68,ball_l,377.408922,361.222076,2.117654,377.408922,361.222076,2.117654,0.000000
crouch,source_source,68,foot_r,327.953315,332.538864,18.788719,327.953315,332.538864,18.788719,0.000000
crouch,source_source,68,ball_r,322.177505,338.605399,6.162800,322.177505,338.605399,6.162800,0.000000
crouch,source_source,69,foot_l,375.319435,349.076366,10.818245,375.319435,349.076366,10.818245,0.000000
crouch,source_source,69,ball_l,377.703130,361.367983,2.285323,377.703130,361.367983,2.285323,0.000000
crouch,source_source,69,foot_r,342.261046,344.819051,16.599609,342.261046,344.819051,16.599609,0.000000
crouch,source_source,69,ball_r,337.187958,353.715295,5.432818,337.187958,353.715295,5.432818,0.000000
crouch,source_source,70,foot_l,376.075187,350.111778,12.139521,376.075187,350.111778,12.139521,0.000000
crouch,source_source,70,ball_l,377.907377,361.615497,2.450138,377.907377,361.615497,2.450138,0.000000
crouch,source_source,70,foot_r,356.981772,359.051883,14.442505,356.981772,359.051883,14.442505,0.000000
crouch,source_source,70,ball_r,353.220890,370.527018,5.290803,353.220890,370.527018,5.290803,0.000000
crouch,source_source,71,foot_l,377.089228,351.672408,13.817829,377.089228,351.672408,13.817829,0.000000
crouch,source_source,71,ball_l,378.119111,361.864865,2.654059,378.119111,361.864865,2.654059,0.000000
crouch,source_source,71,foot_r,372.249495,374.754572,12.637305,372.249495,374.754572,12.637305,0.000000
crouch,source_source,71,ball_r,369.693322,388.282484,6.309731,369.693322,388.282484,6.309731,0.000000
crouch,source_cmc,0,foot_l,22.351865,-12.229335,14.268661,22.351865,-12.229335,14.268661,0.000000
crouch,source_cmc,0,ball_l,27.424526,0.353143,7.521367,27.424526,0.353143,7.521367,0.000000
crouch,source_cmc,0,foot_r,-24.202603,-17.422764,10.938542,-24.202603,-17.422764,10.938542,0.000000
crouch,source_cmc,0,ball_r,-23.573166,-4.557804,2.958991,-23.573166,-4.557804,2.958991,0.000000
crouch,source_cmc,1,foot_l,35.214013,2.858885,12.901679,35.214013,2.858885,12.901679,0.000000
crouch,source_cmc,1,ball_l,39.882994,16.714372,8.926416,39.882994,16.714372,8.926416,0.000000
crouch,source_cmc,1,foot_r,-23.708358,-17.105582,11.182472,-23.708358,-17.105582,11.182472,0.000000
crouch,source_cmc,1,ball_r,-23.456383,-4.467292,2.828626,-23.456383,-4.467292,2.828626,0.000000
crouch,source_cmc,2,foot_l,46.645743,16.910204,12.583274,46.645743,16.910204,12.583274,0.000000
crouch,source_cmc,2,ball_l,50.530472,31.482807,11.125621,50.530472,31.482807,11.125621,0.000000
crouch,source_cmc,2,foot_r,-22.952983,-16.574582,11.698334,-22.952983,-16.574582,11.698334,0.000000
crouch,source_cmc,2,ball_r,-23.446485,-4.443885,2.633055,-23.446485,-4.443885,2.633055,0.000000
crouch,source_cmc,3,foot_l,55.676293,28.084540,12.500139,55.676293,28.084540,12.500139,0.000000
crouch,source_cmc,3,ball_l,58.940133,42.873210,12.968348,58.940133,42.873210,12.968348,0.000000
crouch,source_cmc,3,foot_r,-21.646270,-15.573868,12.594505,-21.646270,-15.573868,12.594505,0.000000
crouch,source_cmc,3,ball_r,-23.516318,-4.475546,2.450207,-23.516318,-4.475546,2.450207,0.000000
crouch,source_cmc,4,foot_l,61.404729,34.843804,11.376771,61.404729,34.843804,11.376771,0.000000
crouch,source_cmc,4,ball_l,65.031576,49.540383,12.034948,65.031576,49.540383,12.034948,0.000000
crouch,source_cmc,4,foot_r,-19.956774,-14.110518,13.538978,-19.956774,-14.110518,13.538978,0.000000
crouch,source_cmc,4,ball_r,-23.564950,-4.503369,2.391768,-23.564950,-4.503369,2.391768,0.000000
crouch,source_cmc,5,foot_l,64.665252,37.234373,10.057553,64.665252,37.234373,10.057553,0.000000
crouch,source_cmc,5,ball_l,68.858996,51.689616,8.315409,68.858996,51.689616,8.315409,0.000000
crouch,source_cmc,5,foot_r,-18.292248,-11.950979,14.666405,-18.292248,-11.950979,14.666405,0.000000
crouch,source_cmc,5,ball_r,-23.393628,-4.420149,2.548685,-23.393628,-4.420149,2.548685,0.000000
crouch,source_cmc,6,foot_l,66.372451,39.186278,9.565894,66.372451,39.186278,9.565894,0.000000
crouch,source_cmc,6,ball_l,70.435280,53.150561,5.315145,70.435280,53.150561,5.315145,0.000000
crouch,source_cmc,6,foot_r,-16.479331,-8.673909,16.103674,-16.479331,-8.673909,16.103674,0.000000
crouch,source_cmc,6,ball_r,-22.719508,-3.892699,3.150804,-22.719508,-3.892699,3.150804,0.000000
crouch,source_cmc,7,foot_l,67.391568,40.681333,9.443713,67.391568,40.681333,9.443713,0.000000
crouch,source_cmc,7,ball_l,71.370614,53.964923,3.337153,71.370614,53.964923,3.337153,0.000000
crouch,source_cmc,7,foot_r,-12.835208,-3.692070,17.928061,-12.835208,-3.692070,17.928061,0.000000
crouch,source_cmc,7,ball_r,-19.796258,-1.933533,4.585354,-19.796258,-1.933533,4.585354,0.000000
crouch,source_cmc,8,foot_l,67.925778,41.399142,9.485866,67.925778,41.399142,9.485866,0.000000
crouch,source_cmc,8,ball_l,71.907073,54.324890,2.655718,71.907073,54.324890,2.655718,0.000000
crouch,source_cmc,8,foot_r,-5.880138,2.571416,20.014681,-5.880138,2.571416,20.014681,0.000000
crouch,source_cmc,8,ball_r,-13.197082,2.557543,6.746725,-13.197082,2.557543,6.746725,0.000000
crouch,source_cmc,9,foot_l,68.192378,41.691163,9.641165,68.192378,41.691163,9.641165,0.000000
crouch,source_cmc,9,ball_l,72.091436,54.453102,2.464336,72.091436,54.453102,2.464336,0.000000
crouch,source_cmc,9,foot_r,2.932921,9.539494,21.166383,2.932921,9.539494,21.166383,0.000000
crouch,source_cmc,9,ball_r,-3.197539,11.370900,7.431754,-3.197539,11.370900,7.431754,0.000000
crouch,source_cmc,10,foot_l,68.569691,41.950788,10.019478,68.569691,41.950788,10.019478,0.000000
crouch,source_cmc,10,ball_l,72.188783,54.571845,2.457222,72.188783,54.571845,2.457222,0.000000
crouch,source_cmc,10,foot_r,14.271843,18.285856,20.611961,14.271843,18.285856,20.611961,0.000000
crouch,source_cmc,10,ball_r,8.500203,22.248015,7.174474,8.500203,22.248015,7.174474,0.000000
crouch,source_cmc,11,foot_l,69.301895,42.408285,10.826266,69.301895,42.408285,10.826266,0.000000
crouch,source_cmc,11,ball_l,72.355731,54.762268,2.602533,72.355731,54.762268,2.602533,0.000000
crouch,source_cmc,11,foot_r,27.301824,28.739437,19.253874,27.301824,28.739437,19.253874,0.000000
crouch,source_cmc,11,ball_r,22.318351,35.472217,6.628056,22.318351,35.472217,6.628056,0.000000
crouch,source_cmc,12,foot_l,70.431320,43.192028,12.032846,70.431320,43.192028,12.032846,0.000000
crouch,source_cmc,12,ball_l,72.700181,55.034675,2.857849,72.700181,55.034675,2.857849,0.000000
crouch,source_cmc,12,foot_r,41.178024,40.839681,17.612100,41.178024,40.839681,17.612100,0.000000
crouch,source_cmc,12,ball_r,37.975845,50.187147,6.125258,37.975845,50.187147,6.125258,0.000000
crouch,source_cmc,13,foot_l,71.697202,44.161683,13.315210,71.697202,44.161683,13.315210,0.000000
crouch,source_cmc,13,ball_l,73.142780,55.297987,3.143205,73.142780,55.297987,3.143205,0.000000
crouch,source_cmc,13,foot_r,55.686410,54.571527,15.698187,55.686410,54.571527,15.698187,0.000000
crouch,source_cmc,13,ball_r,54.393384,66.133006,5.990618,54.393384,66.133006,5.990618,0.000000
crouch,source_cmc,14,foot_l,72.945036,45.139143,14.409581,72.945036,45.139143,14.409581,0.000000
crouch,source_cmc,14,ball_l,73.549804,55.519891,3.389102,73.549804,55.519891,3.389102,0.000000
crouch,source_cmc,14,foot_r,70.651931,69.734233,13.757987,70.651931,69.734233,13.757987,0.000000
crouch,source_cmc,14,ball_r,70.722222,83.104098,6.629286,70.722222,83.104098,6.629286,0.000000
crouch,source_cmc,15,foot_l,73.972847,46.563745,15.527907,73.972847,46.563745,15.527907,0.000000
crouch,source_cmc,15,ball_l,73.619717,55.597323,3.368698,73.619717,55.597323,3.368698,0.000000
crouch,source_cmc,15,foot_r,85.311161,85.587495,12.249650,85.311161,85.587495,12.249650,0.000000
crouch,source_cmc,15,ball_r,86.032382,100.204760,8.326379,86.032382,100.204760,8.326379,0.000000
crouch,source_cmc,16,foot_l,74.571221,48.045880,16.249849,74.571221,48.045880,16.249849,0.000000
crouch,source_cmc,16,ball_l,73.256811,55.429560,3.084356,73.256811,55.429560,3.084356,0.000000
crouch,source_cmc,16,foot_r,98.439896,100.805509,11.659669,98.439896,100.805509,11.659669,0.000000
crouch,source_cmc,16,ball_r,99.378961,115.902743,10.783143,99.378961,115.902743,10.783143,0.000000
crouch,source_cmc,17,foot_l,74.915288,49.438566,16.672786,74.915288,49.438566,16.672786,0.000000
crouch,source_cmc,17,ball_l,72.825646,55.222085,2.825010,72.825646,55.222085,2.825010,0.000000
crouch,source_cmc,17,foot_r,109.430519,113.196570,11.430679,109.430519,113.196570,11.430679,0.000000
crouch,source_cmc,17,ball_r,110.032782,128.261548,12.934104,110.032782,128.261548,12.934104,0.000000
crouch,source_cmc,18,foot_l,75.527047,50.754854,17.049761,75.527047,50.754854,17.049761,0.000000
crouch,source_cmc,18,ball_l,72.641575,55.239391,2.867390,72.641575,55.239391,2.867390,0.000000
crouch,source_cmc,18,foot_r,118.011644,121.270537,10.689174,118.011644,121.270537,10.689174,0.000000
crouch,source_cmc,18,ball_r,118.094143,136.269513,12.834063,118.094143,136.269513,12.834063,0.000000
crouch,source_cmc,19,foot_l,76.978485,52.123579,17.461528,76.978485,52.123579,17.461528,0.000000
crouch,source_cmc,19,ball_l,72.986934,55.873054,3.334052,72.986934,55.873054,3.334052,0.000000
crouch,source_cmc,19,foot_r,123.097357,124.659556,9.570812,123.097357,124.659556,9.570812,0.000000
crouch,source_cmc,19,ball_r,123.701307,139.799297,9.579182,123.701307,139.799297,9.579182,0.000000
crouch,source_cmc,20,foot_l,81.083281,54.619271,18.197183,81.083281,54.619271,18.197183,0.000000
crouch,source_cmc,20,ball_l,74.927476,57.703486,4.700135,74.927476,57.703486,4.700135,0.000000
crouch,source_cmc,20,foot_r,124.780700,127.157772,9.224949,124.780700,127.157772,9.224949,0.000000
crouch,source_cmc,20,ball_r,125.384516,142.038649,6.437210,125.384516,142.038649,6.437210,0.000000
crouch,source_cmc,21,foot_l,89.890365,59.001112,19.321097,89.890365,59.001112,19.321097,0.000000
crouch,source_cmc,21,ball_l,80.606660,61.700311,7.654744,80.606660,61.700311,7.654744,0.000000
crouch,source_cmc,21,foot_r,125.581403,128.786072,9.234456,125.581403,128.786072,9.234456,0.000000
crouch,source_cmc,21,ball_r,126.194504,143.108997,4.329912,126.194504,143.108997,4.329912,0.000000
crouch,source_cmc,22,foot_l,99.843754,65.210807,20.934114,99.843754,65.210807,20.934114,0.000000
crouch,source_cmc,22,ball_l,90.687135,67.849073,9.153941,90.687135,67.849073,9.153941,0.000000
crouch,source_cmc,22,foot_r,126.437926,129.743186,9.291335,126.437926,129.743186,9.291335,0.000000
crouch,source_cmc,22,ball_r,126.997747,143.609524,3.209574,126.997747,143.609524,3.209574,0.000000
crouch,source_cmc,23,foot_l,111.034057,73.256207,22.498426,111.034057,73.256207,22.498426,0.000000
crouch,source_cmc,23,ball_l,105.148330,75.437832,8.708017,105.148330,75.437832,8.708017,0.000000
crouch,source_cmc,23,foot_r,126.834878,130.105110,9.335269,126.834878,130.105110,9.335269,0.000000
crouch,source_cmc,23,ball_r,127.317139,143.785922,2.840701,127.317139,143.785922,2.840701,0.000000
crouch,source_cmc,24,foot_l,122.813122,82.813856,22.750983,122.813122,82.813856,22.750983,0.000000
crouch,source_cmc,24,ball_l,120.654646,85.925177,8.080018,120.654646,85.925177,8.080018,0.000000
crouch,source_cmc,24,foot_r,126.959109,130.246963,9.430052,126.959109,130.246963,9.430052,0.000000
crouch,source_cmc,24,ball_r,127.423265,143.833292,2.738798,127.423265,143.833292,2.738798,0.000000
crouch,source_cmc,25,foot_l,135.334235,93.530568,21.782430,135.334235,93.530568,21.782430,0.000000
crouch,source_cmc,25,ball_l,136.032662,98.812908,7.598435,136.032662,98.812908,7.598435,0.000000
crouch,source_cmc,25,foot_r,126.993042,130.396140,9.631240,126.993042,130.396140,9.631240,0.000000
crouch,source_cmc,25,ball_r,127.481584,143.870026,2.718037,127.481584,143.870026,2.718037,0.000000
crouch,source_cmc,26,foot_l,148.046872,105.581653,19.843033,148.046872,105.581653,19.843033,0.000000
crouch,source_cmc,26,ball_l,150.661956,113.527393,7.209617,150.661956,113.527393,7.209617,0.000000
crouch,source_cmc,26,foot_r,126.985808,130.622348,9.963538,126.985808,130.622348,9.963538,0.000000
crouch,source_cmc,26,ball_r,127.538730,143.930746,2.741528,127.538730,143.930746,2.741528,0.000000
crouch,source_cmc,27,foot_l,160.709542,119.092333,17.414494,160.709542,119.092333,17.414494,0.000000
crouch,source_cmc,27,ball_l,164.560226,129.529825,7.128210,164.560226,129.529825,7.128210,0.000000
crouch,source_cmc,27,foot_r,127.048348,130.934609,10.371970,127.048348,130.934609,10.371970,0.000000
crouch,source_cmc,27,ball_r,127.609384,144.030648,2.772257,127.609384,144.030648,2.772257,0.000000
crouch,source_cmc,28,foot_l,173.131359,133.760315,15.023439,173.131359,133.760315,15.023439,0.000000
crouch,source_cmc,28,ball_l,177.504280,146.265868,7.670528,177.504280,146.265868,7.670528,0.000000
crouch,source_cmc,28,foot_r,127.317105,131.278920,10.746719,127.317105,131.278920,10.746719,0.000000
crouch,source_cmc,28,ball_r,127.706486,144.142117,2.749020,127.706486,144.142117,2.749020,0.000000
crouch,source_cmc,29,foot_l,185.129076,148.969239,13.353953,185.129076,148.969239,13.353953,0.000000
crouch,source_cmc,29,ball_l,189.209789,162.935083,9.125526,189.209789,162.935083,9.125526,0.000000
crouch,source_cmc,29,foot_r,127.910253,131.737339,11.233853,127.910253,131.737339,11.233853,0.000000
crouch,source_cmc,29,ball_r,127.780637,144.214717,2.638804,127.780637,144.214717,2.638804,0.000000
crouch,source_cmc,30,foot_l,195.827264,163.682678,12.911677,195.827264,163.682678,12.911677,0.000000
crouch,source_cmc,30,ball_l,199.469456,178.314738,11.423768,199.469456,178.314738,11.423768,0.000000
crouch,source_cmc,30,foot_r,128.943542,132.449037,11.906176,128.943542,132.449037,11.906176,0.000000
crouch,source_cmc,30,ball_r,127.848029,144.252582,2.469397,127.848029,144.252582,2.469397,0.000000
crouch,source_cmc,31,foot_l,204.729044,176.129690,13.078988,204.729044,176.129690,13.078988,0.000000
crouch,source_cmc,31,ball_l,207.974526,190.908790,13.867417,207.974526,190.908790,13.867417,0.000000
crouch,source_cmc,31,foot_r,130.322948,133.340576,12.542836,130.322948,133.340576,12.542836,0.000000
crouch,source_cmc,31,ball_r,127.880469,144.229759,2.294100,127.880469,144.229759,2.294100,0.000000
crouch,source_cmc,32,foot_l,211.307293,185.296513,12.666108,211.307293,185.296513,12.666108,0.000000
crouch,source_cmc,32,ball_l,215.005875,199.849555,14.692466,215.005875,199.849555,14.692466,0.000000
crouch,source_cmc,32,foot_r,131.805980,134.392360,13.047393,131.805980,134.392360,13.047393,0.000000
crouch,source_cmc,32,ball_r,127.842873,144.177485,2.179010,127.842873,144.177485,2.179010,0.000000
crouch,source_cmc,33,foot_l,215.188295,190.152693,10.976499,215.188295,190.152693,10.976499,0.000000
crouch,source_cmc,33,ball_l,219.889018,204.508632,12.154131,219.889018,204.508632,12.154131,0.000000
crouch,source_cmc,33,foot_r,133.122879,135.815158,13.738512,133.122879,135.815158,13.738512,0.000000
crouch,source_cmc,33,ball_r,127.863657,144.164991,2.240796,127.863657,144.164991,2.240796,0.000000
crouch,source_cmc,34,foot_l,217.856979,192.391714,9.840367,217.856979,192.391714,9.840367,0.000000
crouch,source_cmc,34,ball_l,222.586620,206.689769,8.175215,222.586620,206.689769,8.175215,0.000000
crouch,source_cmc,34,foot_r,134.256470,138.165832,14.970201,134.256470,138.165832,14.970201,0.000000
crouch,source_cmc,34,ball_r,128.112066,144.397137,2.601137,128.112066,144.397137,2.601137,0.000000
crouch,source_cmc,35,foot_l,219.542092,194.260536,9.475036,219.542092,194.260536,9.475036,0.000000
crouch,source_cmc,35,ball_l,223.985448,208.111912,5.235625,223.985448,208.111912,5.235625,0.000000
crouch,source_cmc,35,foot_r,136.007193,141.849500,16.657420,136.007193,141.849500,16.657420,0.000000
crouch,source_cmc,35,ball_r,129.398841,145.482615,3.515624,129.398841,145.482615,3.515624,0.000000
crouch,source_cmc,36,foot_l,220.564151,195.637342,9.340459,220.564151,195.637342,9.340459,0.000000
crouch,source_cmc,36,ball_l,224.949497,208.850797,3.361337,224.949497,208.850797,3.361337,0.000000
crouch,source_cmc,36,foot_r,140.760446,147.973099,19.062845,140.760446,147.973099,19.062845,0.000000
crouch,source_cmc,36,ball_r,134.091938,148.647672,5.474152,134.091938,148.647672,5.474152,0.000000
crouch,source_cmc,37,foot_l,221.090117,196.303406,9.346392,221.090117,196.303406,9.346392,0.000000
crouch,source_cmc,37,ball_l,225.483930,209.162088,2.643757,225.483930,209.162088,2.643757,0.000000
crouch,source_cmc,37,foot_r,148.890617,155.621108,21.016289,148.890617,155.621108,21.016289,0.000000
crouch,source_cmc,37,ball_r,142.644751,156.105316,7.220230,142.644751,156.105316,7.220230,0.000000
crouch,source_cmc,38,foot_l,221.365921,196.587745,9.448820,221.365921,196.587745,9.448820,0.000000
crouch,source_cmc,38,ball_l,225.706279,209.276848,2.397256,225.706279,209.276848,2.397256,0.000000
crouch,source_cmc,38,foot_r,158.986434,164.560822,21.372320,158.986434,164.560822,21.372320,0.000000
crouch,source_cmc,38,ball_r,153.819293,166.972524,7.334480,153.819293,166.972524,7.334480,0.000000
crouch,source_cmc,39,foot_l,221.724458,196.788158,9.717625,221.724458,196.788158,9.717625,0.000000
crouch,source_cmc,39,ball_l,225.830106,209.363872,2.330361,225.830106,209.363872,2.330361,0.000000
crouch,source_cmc,39,foot_r,171.333399,175.060952,19.969314,171.333399,175.060952,19.969314,0.000000
crouch,source_cmc,39,ball_r,166.401124,180.356503,6.657425,166.401124,180.356503,6.657425,0.000000
crouch,source_cmc,40,foot_l,222.376636,197.098982,10.311508,222.376636,197.098982,10.311508,0.000000
crouch,source_cmc,40,ball_l,226.002730,209.489498,2.380355,226.002730,209.489498,2.380355,0.000000
crouch,source_cmc,40,foot_r,185.049555,187.274647,17.761888,185.049555,187.274647,17.761888,0.000000
crouch,source_cmc,40,ball_r,181.048247,195.627972,5.770721,181.048247,195.627972,5.770721,0.000000
crouch,source_cmc,41,foot_l,223.311641,197.706302,11.321629,223.311641,197.706302,11.321629,0.000000
crouch,source_cmc,41,ball_l,226.302025,209.685709,2.539373,226.302025,209.685709,2.539373,0.000000
crouch,source_cmc,41,foot_r,199.612415,201.199971,15.326686,199.612415,201.199971,15.326686,0.000000
crouch,source_cmc,41,ball_r,197.436227,212.228033,5.166831,197.436227,212.228033,5.166831,0.000000
crouch,source_cmc,42,foot_l,224.184579,198.633163,12.547688,224.184579,198.633163,12.547688,0.000000
crouch,source_cmc,42,ball_l,226.635721,209.939595,2.763359,226.635721,209.939595,2.763359,0.000000
crouch,source_cmc,42,foot_r,214.744305,216.545008,12.993655,214.744305,216.545008,12.993655,0.000000
crouch,source_cmc,42,ball_r,214.340509,229.685488,5.460970,214.340509,229.685488,5.460970,0.000000
crouch,source_cmc,43,foot_l,225.222181,200.085658,14.099830,225.222181,200.085658,14.099830,0.000000
crouch,source_cmc,43,ball_l,226.923253,210.188016,2.936259,226.923253,210.188016,2.936259,0.000000
crouch,source_cmc,43,foot_r,230.139845,232.752519,11.301702,230.139845,232.752519,11.301702,0.000000
crouch,source_cmc,43,ball_r,230.519242,247.333689,7.200223,230.519242,247.333689,7.200223,0.000000
crouch,source_cmc,44,foot_l,226.563305,201.944774,15.549178,226.563305,201.944774,15.549178,0.000000
crouch,source_cmc,44,ball_l,226.982714,210.327369,2.934395,226.982714,210.327369,2.934395,0.000000
crouch,source_cmc,44,foot_r,244.377159,248.815721,10.735667,244.377159,248.815721,10.735667,0.000000
crouch,source_cmc,44,ball_r,244.714703,263.942644,9.936413,244.714703,263.942644,9.936413,0.000000
crouch,source_cmc,45,foot_l,227.850467,203.813544,16.437849,227.850467,203.813544,16.437849,0.000000
crouch,source_cmc,45,ball_l,226.776092,210.304514,2.789053,226.776092,210.304514,2.789053,0.000000
crouch,source_cmc,45,foot_r,256.047073,262.864956,10.718121,256.047073,262.864956,10.718121,0.000000
crouch,source_cmc,45,ball_r,256.338599,277.867222,12.821372,256.338599,277.867222,12.821372,0.000000
crouch,source_cmc,46,foot_l,228.735940,205.704111,16.949262,228.735940,205.704111,16.949262,0.000000
crouch,source_cmc,46,ball_l,226.559854,210.272428,2.667395,226.559854,210.272428,2.667395,0.000000
crouch,source_cmc,46,foot_r,265.731117,273.405373,10.399345,265.731117,273.405373,10.399345,0.000000
crouch,source_cmc,46,ball_r,265.520608,288.115743,14.023893,265.520608,288.115743,14.023893,0.000000
crouch,source_cmc,47,foot_l,229.667656,207.680127,17.341404,229.667656,207.680127,17.341404,0.000000
crouch,source_cmc,47,ball_l,226.602161,210.421965,2.758480,226.602161,210.421965,2.758480,0.000000
crouch,source_cmc,47,foot_r,273.045525,278.936037,9.004759,273.045525,278.936037,9.004759,0.000000
crouch,source_cmc,47,ball_r,272.204027,293.711174,12.254964,272.204027,293.711174,12.254964,0.000000
crouch,source_cmc,48,foot_l,231.647347,209.444362,17.732932,231.647347,209.444362,17.732932,0.000000
crouch,source_cmc,48,ball_l,227.309424,211.069500,3.306637,227.309424,211.069500,3.306637,0.000000
crouch,source_cmc,48,foot_r,276.769716,281.631780,7.872766,276.769716,281.631780,7.872766,0.000000
crouch,source_cmc,48,ball_r,276.716053,296.756753,8.772128,276.716053,296.756753,8.772128,0.000000
crouch,source_cmc,49,foot_l,236.402701,211.874950,18.503763,236.402701,211.874950,18.503763,0.000000
crouch,source_cmc,49,ball_l,229.978523,212.847719,4.815803,229.978523,212.847719,4.815803,0.000000
crouch,source_cmc,49,foot_r,277.602419,283.845425,7.690893,277.602419,283.845425,7.690893,0.000000
crouch,source_cmc,49,ball_r,277.744642,298.908272,6.057815,277.744642,298.908272,6.057815,0.000000
crouch,source_cmc,50,foot_l,245.335741,215.762451,19.661510,245.335741,215.762451,19.661510,0.000000
crouch,source_cmc,50,ball_l,236.064261,216.889969,7.730668,236.064261,216.889969,7.730668,0.000000
crouch,source_cmc,50,foot_r,278.277311,285.514235,7.708830,278.277311,285.514235,7.708830,0.000000
crouch,source_cmc,50,ball_r,278.404760,300.196099,3.966740,278.404760,300.196099,3.966740,0.000000
crouch,source_cmc,51,foot_l,255.296858,221.776775,20.783274,255.296858,221.776775,20.783274,0.000000
crouch,source_cmc,51,ball_l,245.799106,223.675737,9.131522,245.799106,223.675737,9.131522,0.000000
crouch,source_cmc,51,foot_r,279.047377,286.524627,7.747590,279.047377,286.524627,7.747590,0.000000
crouch,source_cmc,51,ball_r,279.007674,300.815049,2.711837,279.007674,300.815049,2.711837,0.000000
crouch,source_cmc,52,foot_l,265.818712,229.702732,21.884912,265.818712,229.702732,21.884912,0.000000
crouch,source_cmc,52,ball_l,259.416300,231.953067,8.337895,259.416300,231.953067,8.337895,0.000000
crouch,source_cmc,52,foot_r,279.538217,287.003138,7.776919,279.538217,287.003138,7.776919,0.000000
crouch,source_cmc,52,ball_r,279.297460,301.061392,2.130315,279.297460,301.061392,2.130315,0.000000
crouch,source_cmc,53,foot_l,276.651026,239.237952,21.770994,276.651026,239.237952,21.770994,0.000000
crouch,source_cmc,53,ball_l,274.314344,243.055984,7.295527,274.314344,243.055984,7.295527,0.000000
crouch,source_cmc,53,foot_r,279.716006,287.222589,7.874090,279.716006,287.222589,7.874090,0.000000
crouch,source_cmc,53,ball_r,279.462113,301.155125,1.924587,279.462113,301.155125,1.924587,0.000000
crouch,source_cmc,54,foot_l,288.206089,249.922019,20.493427,288.206089,249.922019,20.493427,0.000000
crouch,source_cmc,54,ball_l,289.170338,256.103349,6.693500,289.170338,256.103349,6.693500,0.000000
crouch,source_cmc,54,foot_r,279.766079,287.385578,8.043258,279.766079,287.385578,8.043258,0.000000
crouch,source_cmc,54,ball_r,279.535955,301.213895,1.854450,279.535955,301.213895,1.854450,0.000000
crouch,source_cmc,55,foot_l,300.330918,261.893576,18.433224,300.330918,261.893576,18.433224,0.000000
crouch,source_cmc,55,ball_l,303.163148,270.652640,6.398527,303.163148,270.652640,6.398527,0.000000
crouch,source_cmc,55,foot_r,279.877424,287.587669,8.281798,279.877424,287.587669,8.281798,0.000000
crouch,source_cmc,55,ball_r,279.602224,301.279053,1.797443,279.602224,301.279053,1.797443,0.000000
crouch,source_cmc,56,foot_l,312.704165,275.223708,16.022706,312.704165,275.223708,16.022706,0.000000
crouch,source_cmc,56,ball_l,316.470943,286.267518,6.357186,316.470943,286.267518,6.357186,0.000000
crouch,source_cmc,56,foot_r,280.170599,287.853219,8.567441,280.170599,287.853219,8.567441,0.000000
crouch,source_cmc,56,ball_r,279.723576,301.361768,1.719385,279.723576,301.361768,1.719385,0.000000
crouch,source_cmc,57,foot_l,325.154515,289.681014,13.754947,325.154515,289.681014,13.754947,0.000000
crouch,source_cmc,57,ball_l,329.200175,302.565282,6.884367,329.200175,302.565282,6.884367,0.000000
crouch,source_cmc,57,foot_r,280.587094,288.121898,8.844888,280.587094,288.121898,8.844888,0.000000
crouch,source_cmc,57,ball_r,279.883978,301.440672,1.655139,279.883978,301.440672,1.655139,0.000000
crouch,source_cmc,58,foot_l,337.448806,304.587072,12.326721,337.448806,304.587072,12.326721,0.000000
crouch,source_cmc,58,ball_l,341.106829,318.753826,8.389901,341.106829,318.753826,8.389901,0.000000
crouch,source_cmc,58,foot_r,281.073293,288.338605,8.987059,281.073293,288.338605,8.987059,0.000000
crouch,source_cmc,58,ball_r,280.032223,301.486876,1.529464,280.032223,301.486876,1.529464,0.000000
crouch,source_cmc,59,foot_l,348.533109,318.862469,12.057200,348.533109,318.862469,12.057200,0.000000
crouch,source_cmc,59,ball_l,351.719588,333.616936,10.742410,351.719588,333.616936,10.742410,0.000000
crouch,source_cmc,59,foot_r,281.853119,288.903640,9.653626,281.853119,288.903640,9.653626,0.000000
crouch,source_cmc,59,ball_r,280.093747,301.470396,1.373658,280.093747,301.470396,1.373658,0.000000
crouch,source_cmc,60,foot_l,357.785773,330.854483,12.279407,357.785773,330.854483,12.279407,0.000000
crouch,source_cmc,60,ball_l,360.512194,345.733765,13.145547,360.512194,345.733765,13.145547,0.000000
crouch,source_cmc,60,foot_r,283.170667,290.158033,10.850011,283.170667,290.158033,10.850011,0.000000
crouch,source_cmc,60,ball_r,280.071577,301.414058,1.192157,280.071577,301.414058,1.192157,0.000000
crouch,source_cmc,61,foot_l,364.431286,339.142066,11.759874,364.431286,339.142066,11.759874,0.000000
crouch,source_cmc,61,ball_l,367.390811,353.899840,13.499400,367.390811,353.899840,13.499400,0.000000
crouch,source_cmc,61,foot_r,284.681627,291.889581,11.957915,284.681627,291.889581,11.957915,0.000000
crouch,source_cmc,61,ball_r,280.032769,301.384698,1.103999,280.032769,301.384698,1.103999,0.000000
crouch,source_cmc,62,foot_l,367.987537,342.485535,10.211556,367.987537,342.485535,10.211556,0.000000
crouch,source_cmc,62,ball_l,371.917477,357.117537,10.403078,371.917477,357.117537,10.403078,0.000000
crouch,source_cmc,62,foot_r,285.845292,293.867821,13.055740,285.845292,293.867821,13.055740,0.000000
crouch,source_cmc,62,ball_r,280.181104,301.450339,1.223624,280.181104,301.450339,1.223624,0.000000
crouch,source_cmc,63,foot_l,370.307219,344.425768,9.352987,370.307219,344.425768,9.352987,0.000000
crouch,source_cmc,63,ball_l,374.496016,358.796795,7.006889,374.496016,358.796795,7.006889,0.000000
crouch,source_cmc,63,foot_r,286.966148,296.356437,14.321348,286.966148,296.356437,14.321348,0.000000
crouch,source_cmc,63,ball_r,280.642873,301.817602,1.681394,280.642873,301.817602,1.681394,0.000000
crouch,source_cmc,64,foot_l,371.857110,346.165490,9.091378,371.857110,346.165490,9.091378,0.000000
crouch,source_cmc,64,ball_l,375.618666,360.052764,4.340488,375.618666,360.052764,4.340488,0.000000
crouch,source_cmc,64,foot_r,289.648452,300.513360,16.006139,289.648452,300.513360,16.006139,0.000000
crouch,source_cmc,64,ball_r,282.748502,303.341815,2.816480,282.748502,303.341815,2.816480,0.000000
crouch,source_cmc,65,foot_l,372.928688,347.372247,9.024856,372.928688,347.372247,9.024856,0.000000
crouch,source_cmc,65,ball_l,376.543164,360.685897,2.759165,376.543164,360.685897,2.759165,0.000000
crouch,source_cmc,65,foot_r,295.864508,306.470850,18.248715,295.864508,306.470850,18.248715,0.000000
crouch,source_cmc,65,ball_r,288.741744,307.100251,4.890324,288.741744,307.100251,4.890324,0.000000
crouch,source_cmc,66,foot_l,373.453501,347.930504,9.100917,373.453501,347.930504,9.100917,0.000000
crouch,source_cmc,66,ball_l,377.042386,360.946621,2.225073,377.042386,360.946621,2.225073,0.000000
crouch,source_cmc,66,foot_r,304.427189,313.460511,20.071983,304.427189,313.460511,20.071983,0.000000
crouch,source_cmc,66,ball_r,298.275173,315.203139,6.335447,298.275173,315.203139,6.335447,0.000000
crouch,source_cmc,67,foot_l,373.780924,348.206147,9.328241,373.780924,348.206147,9.328241,0.000000
crouch,source_cmc,67,ball_l,377.223307,361.061676,2.085176,377.223307,361.061676,2.085176,0.000000
crouch,source_cmc,67,foot_r,315.140781,322.173047,20.181733,315.140781,322.173047,20.181733,0.000000
crouch,source_cmc,67,ball_r,309.445730,325.730821,6.599200,309.445730,325.730821,6.599200,0.000000
crouch,source_cmc,68,foot_l,374.296308,348.494677,9.855591,374.296308,348.494677,9.855591,0.000000
crouch,source_cmc,68,ball_l,377.346361,361.159515,2.117654,377.346361,361.159515,2.117654,0.000000
crouch,source_cmc,68,foot_r,327.890754,332.476303,18.788719,327.890754,332.476303,18.788719,0.000000
crouch,source_cmc,68,ball_r,322.114944,338.542838,6.162800,322.114944,338.542838,6.162800,0.000000
crouch,source_cmc,69,foot_l,375.256016,349.012947,10.818245,375.256016,349.012947,10.818245,0.000000
crouch,source_cmc,69,ball_l,377.639710,361.304564,2.285323,377.639710,361.304564,2.285323,0.000000
crouch,source_cmc,69,foot_r,342.197627,344.755632,16.599609,342.197627,344.755632,16.599609,0.000000
crouch,source_cmc,69,ball_r,337.124538,353.651875,5.432818,337.124538,353.651875,5.432818,0.000000
crouch,source_cmc,70,foot_l,376.010862,350.047453,12.139521,376.010862,350.047453,12.139521,0.000000
crouch,source_cmc,70,ball_l,377.843052,361.551172,2.450138,377.843052,361.551172,2.450138,0.000000
crouch,source_cmc,70,foot_r,356.917447,358.987558,14.442505,356.917447,358.987558,14.442505,0.000000
crouch,source_cmc,70,ball_r,353.156565,370.462693,5.290803,353.156565,370.462693,5.290803,0.000000
crouch,source_cmc,71,foot_l,377.023901,351.607081,13.817829,377.023901,351.607081,13.817829,0.000000
crouch,source_cmc,71,ball_l,378.053784,361.799538,2.654059,378.053784,361.799538,2.654059,0.000000
crouch,source_cmc,71,foot_r,372.184169,374.689245,12.637305,372.184169,374.689245,12.637305,0.000000
crouch,source_cmc,71,ball_r,369.627996,388.217157,6.309731,369.627996,388.217157,6.309731,0.000000
crouch,model_plan,0,foot_l,22.080275,-15.790790,17.720148,22.080275,-15.790790,17.720148,0.000000
crouch,model_plan,0,ball_l,24.017431,-5.915536,9.281971,24.017431,-5.915536,9.281971,0.000000
crouch,model_plan,0,foot_r,-20.682812,-21.644995,10.071748,-20.682812,-21.644995,10.071748,0.000000
crouch,model_plan,0,ball_r,-22.431049,-9.512177,2.123012,-22.431049,-9.512177,2.123012,0.000000
crouch,model_plan,1,foot_l,30.318356,-3.981517,16.131654,30.318356,-3.981517,16.131654,0.000000
crouch,model_plan,1,ball_l,32.566133,7.033762,9.348872,32.566133,7.033762,9.348872,0.000000
crouch,model_plan,1,foot_r,-19.037832,-19.270569,10.546915,-19.037832,-19.270569,10.546915,0.000000
crouch,model_plan,1,ball_r,-20.810705,-7.258856,2.468133,-20.810705,-7.258856,2.468133,0.000000
crouch,model_plan,2,foot_l,38.107604,6.418458,14.827813,38.107604,6.418458,14.827813,0.000000
crouch,model_plan,2,ball_l,40.522712,18.155314,9.391762,40.522712,18.155314,9.391762,0.000000
crouch,model_plan,2,foot_r,-17.729509,-17.178315,10.984078,-17.729509,-17.178315,10.984078,0.000000
crouch,model_plan,2,ball_r,-19.608513,-5.373545,2.795658,-19.608513,-5.373545,2.795658,0.000000
crouch,model_plan,3,foot_l,46.109831,15.845866,13.813177,46.109831,15.845866,13.813177,0.000000
crouch,model_plan,3,ball_l,48.818845,27.945148,9.408800,48.818845,27.945148,9.408800,0.000000
crouch,model_plan,3,foot_r,-16.248804,-15.444300,11.376192,-16.248804,-15.444300,11.376192,0.000000
crouch,model_plan,3,ball_r,-18.243161,-4.166746,2.938559,-18.243161,-4.166746,2.938559,0.000000
crouch,model_plan,4,foot_l,53.310013,22.714464,12.770157,53.310013,22.714464,12.770157,0.000000
crouch,model_plan,4,ball_l,56.384230,35.124074,8.803821,56.384230,35.124074,8.803821,0.000000
crouch,model_plan,4,foot_r,-14.869934,-12.226269,12.119795,-14.869934,-12.226269,12.119795,0.000000
crouch,model_plan,4,ball_r,-17.183968,-1.772599,3.199206,-17.183968,-1.772599,3.199206,0.000000
crouch,model_plan,5,foot_l,58.154923,27.758222,11.521953,58.154923,27.758222,11.521953,0.000000
crouch,model_plan,5,ball_l,61.499682,40.421662,7.415433,61.499682,40.421662,7.415433,0.000000
crouch,model_plan,5,foot_r,-12.803468,-9.974745,13.899261,-12.803468,-9.974745,13.899261,0.000000
crouch,model_plan,5,ball_r,-15.752414,-1.047221,4.090147,-15.752414,-1.047221,4.090147,0.000000
crouch,model_plan,6,foot_l,60.921168,30.531792,10.573464,60.921168,30.531792,10.573464,0.000000
crouch,model_plan,6,ball_l,64.363873,43.259061,5.838430,64.363873,43.259061,5.838430,0.000000
crouch,model_plan,6,foot_r,-8.794177,-6.815082,16.120468,-8.794177,-6.815082,16.120468,0.000000
crouch,model_plan,6,ball_r,-12.386531,0.397804,5.324221,-12.386531,0.397804,5.324221,0.000000
crouch,model_plan,7,foot_l,62.608272,32.011156,9.836753,62.608272,32.011156,9.836753,0.000000
crouch,model_plan,7,ball_l,66.114509,44.649741,4.242560,66.114509,44.649741,4.242560,0.000000
crouch,model_plan,7,foot_r,-2.850914,-1.657706,18.407314,-2.850914,-1.657706,18.407314,0.000000
crouch,model_plan,7,ball_r,-6.812999,3.986019,6.715051,-6.812999,3.986019,6.715051,0.000000
crouch,model_plan,8,foot_l,64.459160,33.524338,9.407628,64.459160,33.524338,9.407628,0.000000
crouch,model_plan,8,ball_l,67.891896,46.208781,3.137325,67.891896,46.208781,3.137325,0.000000
crouch,model_plan,8,foot_r,4.928461,5.456638,19.555974,4.928461,5.456638,19.555974,0.000000
crouch,model_plan,8,ball_r,0.883651,10.692084,7.521813,0.883651,10.692084,7.521813,0.000000
crouch,model_plan,9,foot_l,66.959453,34.795849,9.304496,66.959453,34.795849,9.304496,0.000000
crouch,model_plan,9,ball_l,70.243898,47.555316,2.427246,70.243898,47.555316,2.427246,0.000000
crouch,model_plan,9,foot_r,13.417467,14.245850,19.746375,13.417467,14.245850,19.746375,0.000000
crouch,model_plan,9,ball_r,9.500700,19.790193,7.698140,9.500700,19.790193,7.698140,0.000000
crouch,model_plan,10,foot_l,68.922587,35.343982,9.611965,68.922587,35.343982,9.611965,0.000000
crouch,model_plan,10,ball_l,71.863323,48.139959,2.157660,71.863323,48.139959,2.157660,0.000000
crouch,model_plan,10,foot_r,23.439497,24.720648,19.386122,23.439497,24.720648,19.386122,0.000000
crouch,model_plan,10,ball_r,19.816437,31.052685,7.672359,19.816437,31.052685,7.672359,0.000000
crouch,model_plan,11,foot_l,70.319378,36.580442,9.992714,70.319378,36.580442,9.992714,0.000000
crouch,model_plan,11,ball_l,72.869480,49.277456,1.969753,72.869480,49.277456,1.969753,0.000000
crouch,model_plan,11,foot_r,34.532513,35.601886,18.961230,34.532513,35.601886,18.961230,0.000000
crouch,model_plan,11,ball_r,31.287444,42.684245,7.680475,31.287444,42.684245,7.680475,0.000000
crouch,model_plan,12,foot_l,71.754233,39.183864,11.152463,71.754233,39.183864,11.152463,0.000000
crouch,model_plan,12,ball_l,73.783474,51.476999,2.717702,73.783474,51.476999,2.717702,0.000000
crouch,model_plan,12,foot_r,45.620388,46.825868,17.795095,45.620388,46.825868,17.795095,0.000000
crouch,model_plan,12,ball_r,43.177485,55.117595,7.448844,43.177485,55.117595,7.448844,0.000000
crouch,model_plan,13,foot_l,72.835296,40.733287,12.061506,72.835296,40.733287,12.061506,0.000000
crouch,model_plan,13,ball_l,74.536157,52.662610,3.013730,74.536157,52.662610,3.013730,0.000000
crouch,model_plan,13,foot_r,59.391974,58.872807,16.483229,59.391974,58.872807,16.483229,0.000000
crouch,model_plan,13,ball_r,57.509483,68.001091,7.526035,57.509483,68.001091,7.526035,0.000000
crouch,model_plan,14,foot_l,74.127850,43.792313,13.064468,74.127850,43.792313,13.064468,0.000000
crouch,model_plan,14,ball_l,75.422416,55.334663,3.522842,75.422416,55.334663,3.522842,0.000000
crouch,model_plan,14,foot_r,71.717343,69.737461,14.917617,71.717343,69.737461,14.917617,0.000000
crouch,model_plan,14,ball_r,70.580624,79.799416,7.429947,70.580624,79.799416,7.429947,0.000000
crouch,model_plan,15,foot_l,75.997302,46.651554,14.075518,75.997302,46.651554,14.075518,0.000000
crouch,model_plan,15,ball_l,76.931317,57.849367,4.073161,76.931317,57.849367,4.073161,0.000000
crouch,model_plan,15,foot_r,83.065581,80.524442,13.340490,83.065581,80.524442,13.340490,0.000000
crouch,model_plan,15,ball_r,82.516009,91.511706,7.286973,82.516009,91.511706,7.286973,0.000000
crouch,model_plan,16,foot_l,79.101191,49.351469,14.622775,79.101191,49.351469,14.622775,0.000000
crouch,model_plan,16,ball_l,79.642375,60.229915,4.207612,79.642375,60.229915,4.207612,0.000000
crouch,model_plan,16,foot_r,91.968052,90.639911,12.034275,91.968052,90.639911,12.034275,0.000000
crouch,model_plan,16,ball_r,91.757565,102.265784,7.137357,91.757565,102.265784,7.137357,0.000000
crouch,model_plan,17,foot_l,82.119215,51.706359,15.075490,82.119215,51.706359,15.075490,0.000000
crouch,model_plan,17,ball_l,82.061905,62.217888,4.153737,82.061905,62.217888,4.153737,0.000000
crouch,model_plan,17,foot_r,100.177363,100.506931,11.284034,100.177363,100.506931,11.284034,0.000000
crouch,model_plan,17,ball_r,100.305092,112.420623,7.466270,100.305092,112.420623,7.466270,0.000000
crouch,model_plan,18,foot_l,86.302814,54.753584,15.745087,86.302814,54.753584,15.745087,0.000000
crouch,model_plan,18,ball_l,85.516340,64.685640,4.412130,85.516340,64.685640,4.412130,0.000000
crouch,model_plan,18,foot_r,106.707403,108.680138,10.703702,106.707403,108.680138,10.703702,0.000000
crouch,model_plan,18,ball_r,106.966987,120.651507,7.496095,106.966987,120.651507,7.496095,0.000000
crouch,model_plan,19,foot_l,91.057783,57.825360,17.139626,91.057783,57.825360,17.139626,0.000000
crouch,model_plan,19,ball_l,89.319101,66.495934,5.269186,89.319101,66.495934,5.269186,0.000000
crouch,model_plan,19,foot_r,112.328455,115.943450,9.891377,112.328455,115.943450,9.891377,0.000000
crouch,model_plan,19,ball_r,112.712955,127.864364,7.015406,112.712955,127.864364,7.015406,0.000000
crouch,model_plan,20,foot_l,96.620190,62.128991,18.851028,96.620190,62.128991,18.851028,0.000000
crouch,model_plan,20,ball_l,93.613712,69.120616,6.727901,93.613712,69.120616,6.727901,0.000000
crouch,model_plan,20,foot_r,116.070071,120.551881,9.149251,116.070071,120.551881,9.149251,0.000000
crouch,model_plan,20,ball_r,116.530574,132.440606,5.965416,116.530574,132.440606,5.965416,0.000000
crouch,model_plan,21,foot_l,103.872606,67.284277,21.509555,103.872606,67.284277,21.509555,0.000000
crouch,model_plan,21,ball_l,99.813341,71.979189,9.032871,99.813341,71.979189,9.032871,0.000000
crouch,model_plan,21,foot_r,118.372183,121.965941,8.465894,118.372183,121.965941,8.465894,0.000000
crouch,model_plan,21,ball_r,118.927091,133.695288,4.210017,118.927091,133.695288,4.210017,0.000000
crouch,model_plan,22,foot_l,111.831370,73.554763,23.651280,111.831370,73.554763,23.651280,0.000000
crouch,model_plan,22,ball_l,107.420887,76.593226,10.832310,107.420887,76.593226,10.832310,0.000000
crouch,model_plan,22,foot_r,120.203923,121.673491,8.368507,120.203923,121.673491,8.368507,0.000000
crouch,model_plan,22,ball_r,120.848028,133.096315,2.919950,120.848028,133.096315,2.919950,0.000000
crouch,model_plan,23,foot_l,121.483894,82.258871,23.542544,121.483894,82.258871,23.542544,0.000000
crouch,model_plan,23,ball_l,117.909749,85.744596,10.669722,117.909749,85.744596,10.669722,0.000000
crouch,model_plan,23,foot_r,121.882036,122.224234,9.185228,121.882036,122.224234,9.185228,0.000000
crouch,model_plan,23,ball_r,122.158926,133.478452,3.123184,122.158926,133.478452,3.123184,0.000000
crouch,model_plan,24,foot_l,132.897807,87.589884,22.064148,132.897807,87.589884,22.064148,0.000000
crouch,model_plan,24,ball_l,130.764506,91.877937,8.764723,130.764506,91.877937,8.764723,0.000000
crouch,model_plan,24,foot_r,121.902088,122.212911,9.387385,121.902088,122.212911,9.387385,0.000000
crouch,model_plan,24,ball_r,119.860548,133.949904,2.131514,119.860548,133.949904,2.131514,0.000000
crouch,model_plan,25,foot_l,141.378568,101.251477,20.405850,141.378568,101.251477,20.405850,0.000000
crouch,model_plan,25,ball_l,139.998707,107.422698,8.206630,139.998707,107.422698,8.206630,0.000000
crouch,model_plan,25,foot_r,124.454837,122.010244,9.998868,124.454837,122.010244,9.998868,0.000000
crouch,model_plan,25,ball_r,122.284262,133.853520,2.381634,122.284262,133.853520,2.381634,0.000000
crouch,model_plan,26,foot_l,149.713413,114.484675,18.883412,149.713413,114.484675,18.883412,0.000000
crouch,model_plan,26,ball_l,149.032038,122.474913,8.020674,149.032038,122.474913,8.020674,0.000000
crouch,model_plan,26,foot_r,127.386698,122.125889,10.605071,127.386698,122.125889,10.605071,0.000000
crouch,model_plan,26,ball_r,125.314260,133.940272,2.691226,125.314260,133.940272,2.691226,0.000000
crouch,model_plan,27,foot_l,158.273406,127.027801,17.281406,158.273406,127.027801,17.281406,0.000000
crouch,model_plan,27,ball_l,158.151577,136.787289,8.096362,158.151577,136.787289,8.096362,0.000000
crouch,model_plan,27,foot_r,130.188140,123.304990,10.964763,130.188140,123.304990,10.964763,0.000000
crouch,model_plan,27,ball_r,128.094563,135.162247,2.960262,128.094563,135.162247,2.960262,0.000000
crouch,model_plan,28,foot_l,168.450403,141.431793,15.445966,168.450403,141.431793,15.445966,0.000000
crouch,model_plan,28,ball_l,168.772234,152.862321,8.465134,168.772234,152.862321,8.465134,0.000000
crouch,model_plan,28,foot_r,131.829935,123.030266,11.170907,131.829935,123.030266,11.170907,0.000000
crouch,model_plan,28,ball_r,129.385073,134.920268,3.023298,129.385073,134.920268,3.023298,0.000000
crouch,model_plan,29,foot_l,177.735697,155.348411,14.060694,177.735697,155.348411,14.060694,0.000000
crouch,model_plan,29,ball_l,178.296298,167.792819,9.068170,178.296298,167.792819,9.068170,0.000000
crouch,model_plan,29,foot_r,133.039115,121.695468,11.216411,133.039115,121.695468,11.216411,0.000000
crouch,model_plan,29,ball_r,130.023563,133.296871,2.836035,130.023563,133.296871,2.836035,0.000000
crouch,model_plan,30,foot_l,185.274333,165.585628,13.027371,185.274333,165.585628,13.027371,0.000000
crouch,model_plan,30,ball_l,186.009732,178.429960,9.113162,186.009732,178.429960,9.113162,0.000000
crouch,model_plan,30,foot_r,134.557924,122.034383,11.574875,134.557924,122.034383,11.574875,0.000000
crouch,model_plan,30,ball_r,130.979756,132.857764,2.797541,130.979756,132.857764,2.797541,0.000000
crouch,model_plan,31,foot_l,191.761431,173.646823,11.966661,191.761431,173.646823,11.966661,0.000000
crouch,model_plan,31,ball_l,192.771861,186.708300,8.386920,192.771861,186.708300,8.386920,0.000000
crouch,model_plan,31,foot_r,136.258027,123.066151,12.470958,136.258027,123.066151,12.470958,0.000000
crouch,model_plan,31,ball_r,132.311159,132.706875,3.107652,132.311159,132.706875,3.107652,0.000000
crouch,model_plan,32,foot_l,197.085083,179.350604,10.847814,197.085083,179.350604,10.847814,0.000000
crouch,model_plan,32,ball_l,198.255113,192.541181,7.145534,198.255113,192.541181,7.145534,0.000000
crouch,model_plan,32,foot_r,139.163664,125.559527,14.176457,139.163664,125.559527,14.176457,0.000000
crouch,model_plan,32,ball_r,134.845930,133.750480,4.104785,134.845930,133.750480,4.104785,0.000000
crouch,model_plan,33,foot_l,201.534626,182.613923,10.113672,201.534626,182.613923,10.113672,0.000000
crouch,model_plan,33,ball_l,202.918172,195.702945,5.904634,202.918172,195.702945,5.904634,0.000000
crouch,model_plan,33,foot_r,143.061841,129.514652,15.962112,143.061841,129.514652,15.962112,0.000000
crouch,model_plan,33,ball_r,138.395506,136.239296,5.053419,138.395506,136.239296,5.053419,0.000000
crouch,model_plan,34,foot_l,205.208389,184.963919,9.676635,205.208389,184.963919,9.676635,0.000000
crouch,model_plan,34,ball_l,206.678626,197.896636,4.827464,206.678626,197.896636,4.827464,0.000000
crouch,model_plan,34,foot_r,148.237437,134.354338,17.647275,148.237437,134.354338,17.647275,0.000000
crouch,model_plan,34,ball_r,143.413952,139.815494,5.940935,143.413952,139.815494,5.940935,0.000000
crouch,model_plan,35,foot_l,209.200816,187.099045,9.215407,209.200816,187.099045,9.215407,0.000000
crouch,model_plan,35,ball_l,210.770470,199.987765,3.776099,210.770470,199.987765,3.776099,0.000000
crouch,model_plan,35,foot_r,153.580290,140.372476,19.116190,153.580290,140.372476,19.116190,0.000000
crouch,model_plan,35,ball_r,148.603684,144.901958,6.861211,148.603684,144.901958,6.861211,0.000000
crouch,model_plan,36,foot_l,212.539092,189.086711,9.379551,212.539092,189.086711,9.379551,0.000000
crouch,model_plan,36,ball_l,214.332823,201.837683,3.322940,214.332823,201.837683,3.322940,0.000000
crouch,model_plan,36,foot_r,159.547138,148.692790,19.842491,159.547138,148.692790,19.842491,0.000000
crouch,model_plan,36,ball_r,154.661506,153.176376,7.237165,154.661506,153.176376,7.237165,0.000000
crouch,model_plan,37,foot_l,216.393518,190.322201,9.219923,216.393518,190.322201,9.219923,0.000000
crouch,model_plan,37,ball_l,218.103346,203.226703,2.407383,218.103346,203.226703,2.407383,0.000000
crouch,model_plan,37,foot_r,167.559531,156.784761,20.196232,167.559531,156.784761,20.196232,0.000000
crouch,model_plan,37,ball_r,162.485558,161.172649,7.499620,162.485558,161.172649,7.499620,0.000000
crouch,model_plan,38,foot_l,219.607407,191.586285,9.741428,219.607407,191.586285,9.741428,0.000000
crouch,model_plan,38,ball_l,221.148954,204.478076,2.337086,221.148954,204.478076,2.337086,0.000000
crouch,model_plan,38,foot_r,176.480085,167.627996,19.167508,176.480085,167.627996,19.167508,0.000000
crouch,model_plan,38,ball_r,171.536848,173.152843,6.881791,171.536848,173.152843,6.881791,0.000000
crouch,model_plan,39,foot_l,222.425166,192.458832,10.481067,222.425166,192.458832,10.481067,0.000000
crouch,model_plan,39,ball_l,223.727760,205.203982,2.528206,223.727760,205.203982,2.528206,0.000000
crouch,model_plan,39,foot_r,186.338359,179.302549,18.230504,186.338359,179.302549,18.230504,0.000000
crouch,model_plan,39,ball_r,181.609198,186.005306,6.693538,181.609198,186.005306,6.693538,0.000000
crouch,model_plan,40,foot_l,225.501853,193.123065,11.313475,225.501853,193.123065,11.313475,0.000000
crouch,model_plan,40,ball_l,226.509264,205.491219,2.799956,226.509264,205.491219,2.799956,0.000000
crouch,model_plan,40,foot_r,196.174893,191.140756,17.323042,196.174893,191.140756,17.323042,0.000000
crouch,model_plan,40,ball_r,191.840214,198.915921,6.653891,191.840214,198.915921,6.653891,0.000000
crouch,model_plan,41,foot_l,228.882964,193.359937,12.367596,228.882964,193.359937,12.367596,0.000000
crouch,model_plan,41,ball_l,229.541208,205.184827,3.284345,229.541208,205.184827,3.284345,0.000000
crouch,model_plan,41,foot_r,205.539523,203.607747,16.235322,205.539523,203.607747,16.235322,0.000000
crouch,model_plan,41,ball_r,201.585394,212.459467,6.694227,201.585394,212.459467,6.694227,0.000000
crouch,model_plan,42,foot_l,231.717972,193.480200,13.416462,231.717972,193.480200,13.416462,0.000000
crouch,model_plan,42,ball_l,232.052615,204.811430,3.795216,232.052615,204.811430,3.795216,0.000000
crouch,model_plan,42,foot_r,215.384734,216.931010,14.684710,215.384734,216.931010,14.684710,0.000000
crouch,model_plan,42,ball_r,211.911602,226.908885,6.775720,211.911602,226.908885,6.775720,0.000000
crouch,model_plan,43,foot_l,233.966541,194.051972,14.531186,233.966541,194.051972,14.531186,0.000000
crouch,model_plan,43,ball_l,233.823776,204.814610,4.245322,233.823776,204.814610,4.245322,0.000000
crouch,model_plan,43,foot_r,225.775705,230.025775,13.064885,225.775705,230.025775,13.064885,0.000000
crouch,model_plan,43,ball_r,222.898992,240.970469,7.004283,222.898992,240.970469,7.004283,0.000000
crouch,model_plan,44,foot_l,236.480936,194.955498,15.572242,236.480936,194.955498,15.572242,0.000000
crouch,model_plan,44,ball_l,235.637680,204.940888,4.582431,235.637680,204.940888,4.582431,0.000000
crouch,model_plan,44,foot_r,234.360170,241.105764,11.998664,234.360170,241.105764,11.998664,0.000000
crouch,model_plan,44,ball_r,231.956951,252.547823,7.245327,231.956951,252.547823,7.245327,0.000000
crouch,model_plan,45,foot_l,239.992595,197.069877,16.443712,239.992595,197.069877,16.443712,0.000000
crouch,model_plan,45,ball_l,238.533445,206.428698,4.984514,238.533445,206.428698,4.984514,0.000000
crouch,model_plan,45,foot_r,241.664809,250.263437,11.128779,241.664809,250.263437,11.128779,0.000000
crouch,model_plan,45,ball_r,239.618564,262.015419,7.372615,239.618564,262.015419,7.372615,0.000000
crouch,model_plan,46,foot_l,243.949653,198.916057,17.737488,243.949653,198.916057,17.737488,0.000000
crouch,model_plan,46,ball_l,241.516933,206.872991,5.850536,241.516933,206.872991,5.850536,0.000000
crouch,model_plan,46,foot_r,247.905424,257.569221,10.300537,247.905424,257.569221,10.300537,0.000000
crouch,model_plan,46,ball_r,246.237484,269.312307,6.996658,246.237484,269.312307,6.996658,0.000000
crouch,model_plan,47,foot_l,248.800672,203.275794,19.328694,248.800672,203.275794,19.328694,0.000000
crouch,model_plan,47,ball_l,245.584296,209.843454,7.214954,245.584296,209.843454,7.214954,0.000000
crouch,model_plan,47,foot_r,252.493360,262.238428,10.014820,252.493360,262.238428,10.014820,0.000000
crouch,model_plan,47,ball_r,250.917715,273.908313,6.675003,250.917715,273.908313,6.675003,0.000000
crouch,model_plan,48,foot_l,253.000151,202.444482,18.696730,253.000151,202.444482,18.696730,0.000000
crouch,model_plan,48,ball_l,249.725161,207.754147,5.575173,249.725161,207.754147,5.575173,0.000000
crouch,model_plan,48,foot_r,255.699711,266.712970,9.337002,255.699711,266.712970,9.337002,0.000000
crouch,model_plan,48,ball_r,253.242897,278.734757,5.115437,253.242897,278.734757,5.115437,0.000000
crouch,model_plan,49,foot_l,258.880986,208.723140,19.987732,258.880986,208.723140,19.987732,0.000000
crouch,model_plan,49,ball_l,255.070755,213.058451,6.730343,255.070755,213.058451,6.730343,0.000000
crouch,model_plan,49,foot_r,260.056057,270.300884,8.866777,260.056057,270.300884,8.866777,0.000000
crouch,model_plan,49,ball_r,257.656076,282.344209,4.139303,257.656076,282.344209,4.139303,0.000000
crouch,model_plan,50,foot_l,266.391216,217.127195,21.076779,266.391216,217.127195,21.076779,0.000000
crouch,model_plan,50,ball_l,262.413400,220.763573,7.659665,262.413400,220.763573,7.659665,0.000000
crouch,model_plan,50,foot_r,263.657244,271.300849,8.648773,263.657244,271.300849,8.648773,0.000000
crouch,model_plan,50,ball_r,261.288921,283.338739,3.128158,261.288921,283.338739,3.128158,0.000000
crouch,model_plan,51,foot_l,274.729110,226.752734,21.608764,274.729110,226.752734,21.608764,0.000000
crouch,model_plan,51,ball_l,270.835507,230.285996,8.277729,270.835507,230.285996,8.277729,0.000000
crouch,model_plan,51,foot_r,266.708752,271.829335,8.889820,266.708752,271.829335,8.889820,0.000000
crouch,model_plan,51,ball_r,264.336430,283.837578,2.694640,264.336430,283.837578,2.694640,0.000000
crouch,model_plan,52,foot_l,282.959798,237.331480,21.251167,282.959798,237.331480,21.251167,0.000000
crouch,model_plan,52,ball_l,279.302758,241.493076,8.334790,279.302758,241.493076,8.334790,0.000000
crouch,model_plan,52,foot_r,269.517378,271.747726,9.256930,269.517378,271.747726,9.256930,0.000000
crouch,model_plan,52,ball_r,266.961779,283.721535,2.442459,266.961779,283.721535,2.442459,0.000000
crouch,model_plan,53,foot_l,290.891329,249.707055,19.985922,290.891329,249.707055,19.985922,0.000000
crouch,model_plan,53,ball_l,287.712480,255.317640,7.951942,287.712480,255.317640,7.951942,0.000000
crouch,model_plan,53,foot_r,272.312938,271.594015,10.077038,272.312938,271.594015,10.077038,0.000000
crouch,model_plan,53,ball_r,269.642089,283.346430,2.683533,269.642089,283.346430,2.683533,0.000000
crouch,model_plan,54,foot_l,299.199226,263.006549,17.956340,299.199226,263.006549,17.956340,0.000000
crouch,model_plan,54,ball_l,296.627642,270.644552,7.264680,296.627642,270.644552,7.264680,0.000000
crouch,model_plan,54,foot_r,275.037634,270.728517,11.309104,275.037634,270.728517,11.309104,0.000000
crouch,model_plan,54,ball_r,272.024211,282.075687,3.301601,272.024211,282.075687,3.301601,0.000000
crouch,model_plan,55,foot_l,307.855961,275.614977,16.165140,307.855961,275.614977,16.165140,0.000000
crouch,model_plan,55,ball_l,305.967906,285.051191,6.859459,305.967906,285.051191,6.859459,0.000000
crouch,model_plan,55,foot_r,278.400272,271.181750,11.913609,278.400272,271.181750,11.913609,0.000000
crouch,model_plan,55,ball_r,275.220880,282.324190,3.639851,275.220880,282.324190,3.639851,0.000000
crouch,model_plan,56,foot_l,316.910297,289.252800,14.655532,316.910297,289.252800,14.655532,0.000000
crouch,model_plan,56,ball_l,315.492409,300.157515,7.209878,315.492409,300.157515,7.209878,0.000000
crouch,model_plan,56,foot_r,281.428725,271.414390,11.927226,281.428725,271.414390,11.927226,0.000000
crouch,model_plan,56,ball_r,277.986288,282.748936,3.483600,277.986288,282.748936,3.483600,0.000000
crouch,model_plan,57,foot_l,325.239214,302.354600,13.526830,325.239214,302.354600,13.526830,0.000000
crouch,model_plan,57,ball_l,324.047236,314.322063,7.824790,324.047236,314.322063,7.824790,0.000000
crouch,model_plan,57,foot_r,284.915984,271.970558,11.720191,284.915984,271.970558,11.720191,0.000000
crouch,model_plan,57,ball_r,281.231958,283.430758,3.228137,281.231958,283.430758,3.228137,0.000000
crouch,model_plan,58,foot_l,332.656741,313.219821,12.741011,332.656741,313.219821,12.741011,0.000000
crouch,model_plan,58,ball_l,331.598634,325.811575,8.237232,331.598634,325.811575,8.237232,0.000000
crouch,model_plan,58,foot_r,288.372624,273.040774,11.652842,288.372624,273.040774,11.652842,0.000000
crouch,model_plan,58,ball_r,284.452133,284.344983,3.049494,284.452133,284.344983,3.049494,0.000000
crouch,model_plan,59,foot_l,339.401582,322.687897,12.252732,339.401582,322.687897,12.252732,0.000000
crouch,model_plan,59,ball_l,338.567686,335.592517,8.558154,338.567686,335.592517,8.558154,0.000000
crouch,model_plan,59,foot_r,292.012520,274.123299,11.781286,292.012520,274.123299,11.781286,0.000000
crouch,model_plan,59,ball_r,287.860075,284.851620,2.911314,287.860075,284.851620,2.911314,0.000000
crouch,model_plan,60,foot_l,345.110327,329.578580,11.066785,345.110327,329.578580,11.066785,0.000000
crouch,model_plan,60,ball_l,344.806179,342.479146,7.359879,344.806179,342.479146,7.359879,0.000000
crouch,model_plan,60,foot_r,292.752790,275.320461,13.611220,292.752790,275.320461,13.611220,0.000000
crouch,model_plan,60,ball_r,288.246784,284.346136,3.718702,288.246784,284.346136,3.718702,0.000000
crouch,model_plan,61,foot_l,351.097807,335.034189,10.736628,351.097807,335.034189,10.736628,0.000000
crouch,model_plan,61,ball_l,350.878087,347.938582,6.762698,350.878087,347.938582,6.762698,0.000000
crouch,model_plan,61,foot_r,297.670907,278.350255,14.249690,297.670907,278.350255,14.249690,0.000000
crouch,model_plan,61,ball_r,292.736548,286.292720,3.939842,292.736548,286.292720,3.939842,0.000000
crouch,model_plan,62,foot_l,355.441186,338.110176,10.312197,355.441186,338.110176,10.312197,0.000000
crouch,model_plan,62,ball_l,355.366594,350.882819,5.707688,355.366594,350.882819,5.707688,0.000000
crouch,model_plan,62,foot_r,301.170385,283.208856,15.513670,301.170385,283.208856,15.513670,0.000000
crouch,model_plan,62,ball_r,295.766523,289.967015,4.544414,295.766523,289.967015,4.544414,0.000000
crouch,model_plan,63,foot_l,359.820724,340.013739,10.060970,359.820724,340.013739,10.060970,0.000000
crouch,model_plan,63,ball_l,359.965619,352.608553,4.653841,359.965619,352.608553,4.653841,0.000000
crouch,model_plan,63,foot_r,305.069831,288.682956,16.980663,305.069831,288.682956,16.980663,0.000000
crouch,model_plan,63,ball_r,299.376747,294.299141,5.279782,299.376747,294.299141,5.279782,0.000000
crouch,model_plan,64,foot_l,364.109707,342.262116,9.909238,364.109707,342.262116,9.909238,0.000000
crouch,model_plan,64,ball_l,364.411087,354.767846,4.015136,364.411087,354.767846,4.015136,0.000000
crouch,model_plan,64,foot_r,309.781694,295.119181,18.151414,309.781694,295.119181,18.151414,0.000000
crouch,model_plan,64,ball_r,303.970540,300.108147,6.051973,303.970540,300.108147,6.051973,0.000000
crouch,model_plan,65,foot_l,368.113860,344.418342,10.076211,368.113860,344.418342,10.076211,0.000000
crouch,model_plan,65,ball_l,368.423265,356.871667,3.675962,368.423265,356.871667,3.675962,0.000000
crouch,model_plan,65,foot_r,315.915188,302.464765,18.778013,315.915188,302.464765,18.778013,0.000000
crouch,model_plan,65,ball_r,310.038826,307.329622,6.496014,310.038826,307.329622,6.496014,0.000000
crouch,model_plan,66,foot_l,371.426955,346.189845,10.418448,371.426955,346.189845,10.418448,0.000000
crouch,model_plan,66,ball_l,371.639419,358.546949,3.451343,371.639419,358.546949,3.451343,0.000000
crouch,model_plan,66,foot_r,323.895958,310.878187,18.886745,323.895958,310.878187,18.886745,0.000000
crouch,model_plan,66,ball_r,318.040204,316.028658,6.628969,318.040204,316.028658,6.628969,0.000000
crouch,model_plan,67,foot_l,374.445194,347.839751,10.828086,374.445194,347.839751,10.828086,0.000000
crouch,model_plan,67,ball_l,374.432026,360.070030,3.323190,374.432026,360.070030,3.323190,0.000000
crouch,model_plan,67,foot_r,332.361196,320.475540,18.612914,332.361196,320.475540,18.612914,0.000000
crouch,model_plan,67,ball_r,326.613319,326.273862,6.630621,326.613319,326.273862,6.630621,0.000000
crouch,model_plan,68,foot_l,376.711567,348.827514,11.438678,376.711567,348.827514,11.438678,0.000000
crouch,model_plan,68,ball_l,376.340380,360.859423,3.439545,376.340380,360.859423,3.439545,0.000000
crouch,model_plan,68,foot_r,341.517591,331.249604,18.107274,341.517591,331.249604,18.107274,0.000000
crouch,model_plan,68,ball_r,336.022690,337.952201,6.690674,336.022690,337.952201,6.690674,0.000000
crouch,model_plan,69,foot_l,379.232046,349.793853,12.282617,379.232046,349.793853,12.282617,0.000000
crouch,model_plan,69,ball_l,378.460717,361.490135,3.824081,378.460717,361.490135,3.824081,0.000000
crouch,model_plan,69,foot_r,350.782906,343.096282,17.209753,350.782906,343.096282,17.209753,0.000000
crouch,model_plan,69,ball_r,345.687541,350.913998,6.709270,345.687541,350.913998,6.709270,0.000000
crouch,model_plan,70,foot_l,381.333397,349.534044,13.488601,381.333397,349.534044,13.488601,0.000000
crouch,model_plan,70,ball_l,380.090984,360.668664,4.450868,380.090984,360.668664,4.450868,0.000000
crouch,model_plan,70,foot_r,361.329237,357.322104,15.474586,361.329237,357.322104,15.474586,0.000000
crouch,model_plan,70,ball_r,356.805213,366.601034,6.573405,356.805213,366.601034,6.573405,0.000000
crouch,model_plan,71,foot_l,384.008365,348.994946,15.317419,384.008365,348.994946,15.317419,0.000000
crouch,model_plan,71,ball_l,382.251316,359.350801,5.680791,382.251316,359.350801,5.680791,0.000000
crouch,model_plan,71,foot_r,371.214456,372.542819,14.112177,371.214456,372.542819,14.112177,0.000000
crouch,model_plan,71,ball_r,367.339761,383.067110,7.333699,367.339761,383.067110,7.333699,0.000000
crouch,model_cmc,0,foot_l,22.080275,-15.790790,17.720148,22.080275,-15.790790,17.720148,0.000000
crouch,model_cmc,0,ball_l,24.017431,-5.915536,9.281971,24.017431,-5.915536,9.281971,0.000000
crouch,model_cmc,0,foot_r,-20.682812,-21.644995,10.071748,-20.682812,-21.644995,10.071748,0.000000
crouch,model_cmc,0,ball_r,-22.431049,-9.512177,2.123012,-22.431049,-9.512177,2.123012,0.000000
crouch,model_cmc,1,foot_l,30.318356,-3.981517,16.131654,30.318356,-3.981517,16.131654,0.000000
crouch,model_cmc,1,ball_l,32.566133,7.033762,9.348872,32.566133,7.033762,9.348872,0.000000
crouch,model_cmc,1,foot_r,-19.037832,-19.270569,10.546915,-19.037832,-19.270569,10.546915,0.000000
crouch,model_cmc,1,ball_r,-20.810705,-7.258856,2.468133,-20.810705,-7.258856,2.468133,0.000000
crouch,model_cmc,2,foot_l,38.107604,6.418458,14.827813,38.107604,6.418458,14.827813,0.000000
crouch,model_cmc,2,ball_l,40.522712,18.155314,9.391762,40.522712,18.155314,9.391762,0.000000
crouch,model_cmc,2,foot_r,-17.729509,-17.178315,10.984078,-17.729509,-17.178315,10.984078,0.000000
crouch,model_cmc,2,ball_r,-19.608513,-5.373545,2.795658,-19.608513,-5.373545,2.795658,0.000000
crouch,model_cmc,3,foot_l,46.109831,15.845866,13.813177,46.109831,15.845866,13.813177,0.000000
crouch,model_cmc,3,ball_l,48.818845,27.945148,9.408800,48.818845,27.945148,9.408800,0.000000
crouch,model_cmc,3,foot_r,-16.248804,-15.444300,11.376192,-16.248804,-15.444300,11.376192,0.000000
crouch,model_cmc,3,ball_r,-18.243161,-4.166746,2.938559,-18.243161,-4.166746,2.938559,0.000000
crouch,model_cmc,4,foot_l,53.310013,22.714464,12.770157,53.310013,22.714464,12.770157,0.000000
crouch,model_cmc,4,ball_l,56.384230,35.124074,8.803821,56.384230,35.124074,8.803821,0.000000
crouch,model_cmc,4,foot_r,-14.869934,-12.226269,12.119795,-14.869934,-12.226269,12.119795,0.000000
crouch,model_cmc,4,ball_r,-17.183968,-1.772599,3.199206,-17.183968,-1.772599,3.199206,0.000000
crouch,model_cmc,5,foot_l,58.154923,27.758222,11.521953,58.154923,27.758222,11.521953,0.000000
crouch,model_cmc,5,ball_l,61.499682,40.421662,7.415433,61.499682,40.421662,7.415433,0.000000
crouch,model_cmc,5,foot_r,-12.803468,-9.974745,13.899261,-12.803468,-9.974745,13.899261,0.000000
crouch,model_cmc,5,ball_r,-15.752414,-1.047221,4.090147,-15.752414,-1.047221,4.090147,0.000000
crouch,model_cmc,6,foot_l,60.921168,30.531792,10.573464,60.921168,30.531792,10.573464,0.000000
crouch,model_cmc,6,ball_l,64.363873,43.259061,5.838430,64.363873,43.259061,5.838430,0.000000
crouch,model_cmc,6,foot_r,-8.794177,-6.815082,16.120468,-8.794177,-6.815082,16.120468,0.000000
crouch,model_cmc,6,ball_r,-12.386531,0.397804,5.324221,-12.386531,0.397804,5.324221,0.000000
crouch,model_cmc,7,foot_l,62.608272,32.011156,9.836753,62.608272,32.011156,9.836753,0.000000
crouch,model_cmc,7,ball_l,66.114509,44.649741,4.242560,66.114509,44.649741,4.242560,0.000000
crouch,model_cmc,7,foot_r,-2.850914,-1.657706,18.407314,-2.850914,-1.657706,18.407314,0.000000
crouch,model_cmc,7,ball_r,-6.812999,3.986019,6.715051,-6.812999,3.986019,6.715051,0.000000
crouch,model_cmc,8,foot_l,64.459172,33.524350,9.407628,64.459172,33.524350,9.407628,0.000000
crouch,model_cmc,8,ball_l,67.891908,46.208793,3.137325,67.891908,46.208793,3.137325,0.000000
crouch,model_cmc,8,foot_r,4.928473,5.456650,19.555974,4.928473,5.456650,19.555974,0.000000
crouch,model_cmc,8,ball_r,0.883663,10.692096,7.521813,0.883663,10.692096,7.521813,0.000000
crouch,model_cmc,9,foot_l,66.959465,34.795861,9.304496,66.959465,34.795861,9.304496,0.000000
crouch,model_cmc,9,ball_l,70.243910,47.555328,2.427246,70.243910,47.555328,2.427246,0.000000
crouch,model_cmc,9,foot_r,13.417479,14.245862,19.746375,13.417479,14.245862,19.746375,0.000000
crouch,model_cmc,9,ball_r,9.500712,19.790205,7.698140,9.500712,19.790205,7.698140,0.000000
crouch,model_cmc,10,foot_l,68.922587,35.343982,9.611965,68.922587,35.343982,9.611965,0.000000
crouch,model_cmc,10,ball_l,71.863323,48.139959,2.157660,71.863323,48.139959,2.157660,0.000000
crouch,model_cmc,10,foot_r,23.439497,24.720648,19.386122,23.439497,24.720648,19.386122,0.000000
crouch,model_cmc,10,ball_r,19.816437,31.052685,7.672359,19.816437,31.052685,7.672359,0.000000
crouch,model_cmc,11,foot_l,70.319378,36.580442,9.992714,70.319378,36.580442,9.992714,0.000000
crouch,model_cmc,11,ball_l,72.869480,49.277456,1.969753,72.869480,49.277456,1.969753,0.000000
crouch,model_cmc,11,foot_r,34.532513,35.601886,18.961230,34.532513,35.601886,18.961230,0.000000
crouch,model_cmc,11,ball_r,31.287444,42.684245,7.680475,31.287444,42.684245,7.680475,0.000000
crouch,model_cmc,12,foot_l,71.754233,39.183864,11.152463,71.754233,39.183864,11.152463,0.000000
crouch,model_cmc,12,ball_l,73.783474,51.476999,2.717702,73.783474,51.476999,2.717702,0.000000
crouch,model_cmc,12,foot_r,45.620388,46.825868,17.795095,45.620388,46.825868,17.795095,0.000000
crouch,model_cmc,12,ball_r,43.177485,55.117595,7.448844,43.177485,55.117595,7.448844,0.000000
crouch,model_cmc,13,foot_l,72.835296,40.733287,12.061506,72.835296,40.733287,12.061506,0.000000
crouch,model_cmc,13,ball_l,74.536157,52.662610,3.013730,74.536157,52.662610,3.013730,0.000000
crouch,model_cmc,13,foot_r,59.391974,58.872807,16.483229,59.391974,58.872807,16.483229,0.000000
crouch,model_cmc,13,ball_r,57.509483,68.001091,7.526035,57.509483,68.001091,7.526035,0.000000
crouch,model_cmc,14,foot_l,74.127850,43.792313,13.064468,74.127850,43.792313,13.064468,0.000000
crouch,model_cmc,14,ball_l,75.422416,55.334663,3.522842,75.422416,55.334663,3.522842,0.000000
crouch,model_cmc,14,foot_r,71.717343,69.737461,14.917617,71.717343,69.737461,14.917617,0.000000
crouch,model_cmc,14,ball_r,70.580624,79.799416,7.429947,70.580624,79.799416,7.429947,0.000000
crouch,model_cmc,15,foot_l,75.997302,46.651554,14.075518,75.997302,46.651554,14.075518,0.000000
crouch,model_cmc,15,ball_l,76.931317,57.849367,4.073161,76.931317,57.849367,4.073161,0.000000
crouch,model_cmc,15,foot_r,83.065581,80.524442,13.340490,83.065581,80.524442,13.340490,0.000000
crouch,model_cmc,15,ball_r,82.516009,91.511706,7.286973,82.516009,91.511706,7.286973,0.000000
crouch,model_cmc,16,foot_l,79.101191,49.351469,14.622775,79.101191,49.351469,14.622775,0.000000
crouch,model_cmc,16,ball_l,79.642375,60.229915,4.207612,79.642375,60.229915,4.207612,0.000000
crouch,model_cmc,16,foot_r,91.968052,90.639911,12.034275,91.968052,90.639911,12.034275,0.000000
crouch,model_cmc,16,ball_r,91.757565,102.265784,7.137357,91.757565,102.265784,7.137357,0.000000
crouch,model_cmc,17,foot_l,82.119215,51.706359,15.075490,82.119215,51.706359,15.075490,0.000000
crouch,model_cmc,17,ball_l,82.061905,62.217888,4.153737,82.061905,62.217888,4.153737,0.000000
crouch,model_cmc,17,foot_r,100.177363,100.506931,11.284034,100.177363,100.506931,11.284034,0.000000
crouch,model_cmc,17,ball_r,100.305092,112.420623,7.466270,100.305092,112.420623,7.466270,0.000000
crouch,model_cmc,18,foot_l,86.302814,54.753584,15.745087,86.302814,54.753584,15.745087,0.000000
crouch,model_cmc,18,ball_l,85.516340,64.685640,4.412130,85.516340,64.685640,4.412130,0.000000
crouch,model_cmc,18,foot_r,106.707403,108.680138,10.703702,106.707403,108.680138,10.703702,0.000000
crouch,model_cmc,18,ball_r,106.966987,120.651507,7.496095,106.966987,120.651507,7.496095,0.000000
crouch,model_cmc,19,foot_l,91.057807,57.825384,17.139626,91.057807,57.825384,17.139626,0.000000
crouch,model_cmc,19,ball_l,89.319125,66.495958,5.269186,89.319125,66.495958,5.269186,0.000000
crouch,model_cmc,19,foot_r,112.328479,115.943474,9.891377,112.328479,115.943474,9.891377,0.000000
crouch,model_cmc,19,ball_r,112.712979,127.864388,7.015406,112.712979,127.864388,7.015406,0.000000
crouch,model_cmc,20,foot_l,96.620190,62.128991,18.851028,96.620190,62.128991,18.851028,0.000000
crouch,model_cmc,20,ball_l,93.613712,69.120616,6.727901,93.613712,69.120616,6.727901,0.000000
crouch,model_cmc,20,foot_r,116.070071,120.551881,9.149251,116.070071,120.551881,9.149251,0.000000
crouch,model_cmc,20,ball_r,116.530574,132.440606,5.965416,116.530574,132.440606,5.965416,0.000000
crouch,model_cmc,21,foot_l,103.872630,67.284301,21.509555,103.872630,67.284301,21.509555,0.000000
crouch,model_cmc,21,ball_l,99.813364,71.979213,9.032871,99.813364,71.979213,9.032871,0.000000
crouch,model_cmc,21,foot_r,118.372206,121.965965,8.465894,118.372206,121.965965,8.465894,0.000000
crouch,model_cmc,21,ball_r,118.927114,133.695312,4.210017,118.927114,133.695312,4.210017,0.000000
crouch,model_cmc,22,foot_l,111.831370,73.554763,23.651280,111.831370,73.554763,23.651280,0.000000
crouch,model_cmc,22,ball_l,107.420887,76.593226,10.832310,107.420887,76.593226,10.832310,0.000000
crouch,model_cmc,22,foot_r,120.203923,121.673491,8.368507,120.203923,121.673491,8.368507,0.000000
crouch,model_cmc,22,ball_r,120.848028,133.096315,2.919950,120.848028,133.096315,2.919950,0.000000
crouch,model_cmc,23,foot_l,121.483894,82.258871,23.542544,121.483894,82.258871,23.542544,0.000000
crouch,model_cmc,23,ball_l,117.909749,85.744596,10.669722,117.909749,85.744596,10.669722,0.000000
crouch,model_cmc,23,foot_r,121.882036,122.224234,9.185228,121.882036,122.224234,9.185228,0.000000
crouch,model_cmc,23,ball_r,122.158926,133.478452,3.123184,122.158926,133.478452,3.123184,0.000000
crouch,model_cmc,24,foot_l,132.897807,87.589884,22.064148,132.897807,87.589884,22.064148,0.000000
crouch,model_cmc,24,ball_l,130.764506,91.877937,8.764723,130.764506,91.877937,8.764723,0.000000
crouch,model_cmc,24,foot_r,121.902088,122.212911,9.387385,121.902088,122.212911,9.387385,0.000000
crouch,model_cmc,24,ball_r,119.860548,133.949904,2.131514,119.860548,133.949904,2.131514,0.000000
crouch,model_cmc,25,foot_l,141.378568,101.251477,20.405850,141.378568,101.251477,20.405850,0.000000
crouch,model_cmc,25,ball_l,139.998707,107.422698,8.206630,139.998707,107.422698,8.206630,0.000000
crouch,model_cmc,25,foot_r,124.454837,122.010244,9.998868,124.454837,122.010244,9.998868,0.000000
crouch,model_cmc,25,ball_r,122.284262,133.853520,2.381634,122.284262,133.853520,2.381634,0.000000
crouch,model_cmc,26,foot_l,149.713413,114.484675,18.883412,149.713413,114.484675,18.883412,0.000000
crouch,model_cmc,26,ball_l,149.032038,122.474913,8.020674,149.032038,122.474913,8.020674,0.000000
crouch,model_cmc,26,foot_r,127.386698,122.125889,10.605071,127.386698,122.125889,10.605071,0.000000
crouch,model_cmc,26,ball_r,125.314260,133.940272,2.691226,125.314260,133.940272,2.691226,0.000000
crouch,model_cmc,27,foot_l,158.273406,127.027801,17.281406,158.273406,127.027801,17.281406,0.000000
crouch,model_cmc,27,ball_l,158.151577,136.787289,8.096362,158.151577,136.787289,8.096362,0.000000
crouch,model_cmc,27,foot_r,130.188140,123.304990,10.964763,130.188140,123.304990,10.964763,0.000000
crouch,model_cmc,27,ball_r,128.094563,135.162247,2.960262,128.094563,135.162247,2.960262,0.000000
crouch,model_cmc,28,foot_l,168.450403,141.431793,15.445966,168.450403,141.431793,15.445966,0.000000
crouch,model_cmc,28,ball_l,168.772234,152.862321,8.465134,168.772234,152.862321,8.465134,0.000000
crouch,model_cmc,28,foot_r,131.829935,123.030266,11.170907,131.829935,123.030266,11.170907,0.000000
crouch,model_cmc,28,ball_r,129.385073,134.920268,3.023298,129.385073,134.920268,3.023298,0.000000
crouch,model_cmc,29,foot_l,177.735697,155.348411,14.060694,177.735697,155.348411,14.060694,0.000000
crouch,model_cmc,29,ball_l,178.296298,167.792819,9.068170,178.296298,167.792819,9.068170,0.000000
crouch,model_cmc,29,foot_r,133.039115,121.695468,11.216411,133.039115,121.695468,11.216411,0.000000
crouch,model_cmc,29,ball_r,130.023563,133.296871,2.836035,130.023563,133.296871,2.836035,0.000000
crouch,model_cmc,30,foot_l,185.274333,165.585628,13.027371,185.274333,165.585628,13.027371,0.000000
crouch,model_cmc,30,ball_l,186.009732,178.429960,9.113162,186.009732,178.429960,9.113162,0.000000
crouch,model_cmc,30,foot_r,134.557924,122.034383,11.574875,134.557924,122.034383,11.574875,0.000000
crouch,model_cmc,30,ball_r,130.979756,132.857764,2.797541,130.979756,132.857764,2.797541,0.000000
crouch,model_cmc,31,foot_l,191.761431,173.646823,11.966661,191.761431,173.646823,11.966661,0.000000
crouch,model_cmc,31,ball_l,192.771861,186.708300,8.386920,192.771861,186.708300,8.386920,0.000000
crouch,model_cmc,31,foot_r,136.258027,123.066151,12.470958,136.258027,123.066151,12.470958,0.000000
crouch,model_cmc,31,ball_r,132.311159,132.706875,3.107652,132.311159,132.706875,3.107652,0.000000
crouch,model_cmc,32,foot_l,197.085083,179.350604,10.847814,197.085083,179.350604,10.847814,0.000000
crouch,model_cmc,32,ball_l,198.255113,192.541181,7.145534,198.255113,192.541181,7.145534,0.000000
crouch,model_cmc,32,foot_r,139.163664,125.559527,14.176457,139.163664,125.559527,14.176457,0.000000
crouch,model_cmc,32,ball_r,134.845930,133.750480,4.104785,134.845930,133.750480,4.104785,0.000000
crouch,model_cmc,33,foot_l,201.534650,182.613946,10.113672,201.534650,182.613946,10.113672,0.000000
crouch,model_cmc,33,ball_l,202.918196,195.702969,5.904634,202.918196,195.702969,5.904634,0.000000
crouch,model_cmc,33,foot_r,143.061864,129.514676,15.962112,143.061864,129.514676,15.962112,0.000000
crouch,model_cmc,33,ball_r,138.395530,136.239320,5.053419,138.395530,136.239320,5.053419,0.000000
crouch,model_cmc,34,foot_l,205.208389,184.963919,9.676635,205.208389,184.963919,9.676635,0.000000
crouch,model_cmc,34,ball_l,206.678626,197.896636,4.827464,206.678626,197.896636,4.827464,0.000000
crouch,model_cmc,34,foot_r,148.237437,134.354338,17.647275,148.237437,134.354338,17.647275,0.000000
crouch,model_cmc,34,ball_r,143.413952,139.815494,5.940935,143.413952,139.815494,5.940935,0.000000
crouch,model_cmc,35,foot_l,209.200816,187.099045,9.215407,209.200816,187.099045,9.215407,0.000000
crouch,model_cmc,35,ball_l,210.770470,199.987765,3.776099,210.770470,199.987765,3.776099,0.000000
crouch,model_cmc,35,foot_r,153.580290,140.372476,19.116190,153.580290,140.372476,19.116190,0.000000
crouch,model_cmc,35,ball_r,148.603684,144.901958,6.861211,148.603684,144.901958,6.861211,0.000000
crouch,model_cmc,36,foot_l,212.539092,189.086711,9.379551,212.539092,189.086711,9.379551,0.000000
crouch,model_cmc,36,ball_l,214.332823,201.837683,3.322940,214.332823,201.837683,3.322940,0.000000
crouch,model_cmc,36,foot_r,159.547138,148.692790,19.842491,159.547138,148.692790,19.842491,0.000000
crouch,model_cmc,36,ball_r,154.661506,153.176376,7.237165,154.661506,153.176376,7.237165,0.000000
crouch,model_cmc,37,foot_l,216.393518,190.322201,9.219923,216.393518,190.322201,9.219923,0.000000
crouch,model_cmc,37,ball_l,218.103346,203.226703,2.407383,218.103346,203.226703,2.407383,0.000000
crouch,model_cmc,37,foot_r,167.559531,156.784761,20.196232,167.559531,156.784761,20.196232,0.000000
crouch,model_cmc,37,ball_r,162.485558,161.172649,7.499620,162.485558,161.172649,7.499620,0.000000
crouch,model_cmc,38,foot_l,219.607407,191.586285,9.741428,219.607407,191.586285,9.741428,0.000000
crouch,model_cmc,38,ball_l,221.148954,204.478076,2.337086,221.148954,204.478076,2.337086,0.000000
crouch,model_cmc,38,foot_r,176.480085,167.627996,19.167508,176.480085,167.627996,19.167508,0.000000
crouch,model_cmc,38,ball_r,171.536848,173.152843,6.881791,171.536848,173.152843,6.881791,0.000000
crouch,model_cmc,39,foot_l,222.425166,192.458832,10.481067,222.425166,192.458832,10.481067,0.000000
crouch,model_cmc,39,ball_l,223.727760,205.203982,2.528206,223.727760,205.203982,2.528206,0.000000
crouch,model_cmc,39,foot_r,186.338359,179.302549,18.230504,186.338359,179.302549,18.230504,0.000000
crouch,model_cmc,39,ball_r,181.609198,186.005306,6.693538,181.609198,186.005306,6.693538,0.000000
crouch,model_cmc,40,foot_l,225.501877,193.123089,11.313475,225.501877,193.123089,11.313475,0.000000
crouch,model_cmc,40,ball_l,226.509288,205.491243,2.799956,226.509288,205.491243,2.799956,0.000000
crouch,model_cmc,40,foot_r,196.174917,191.140780,17.323042,196.174917,191.140780,17.323042,0.000000
crouch,model_cmc,40,ball_r,191.840237,198.915945,6.653891,191.840237,198.915945,6.653891,0.000000
crouch,model_cmc,41,foot_l,228.882964,193.359937,12.367596,228.882964,193.359937,12.367596,0.000000
crouch,model_cmc,41,ball_l,229.541208,205.184827,3.284345,229.541208,205.184827,3.284345,0.000000
crouch,model_cmc,41,foot_r,205.539523,203.607747,16.235322,205.539523,203.607747,16.235322,0.000000
crouch,model_cmc,41,ball_r,201.585394,212.459467,6.694227,201.585394,212.459467,6.694227,0.000000
crouch,model_cmc,42,foot_l,231.717972,193.480200,13.416462,231.717972,193.480200,13.416462,0.000000
crouch,model_cmc,42,ball_l,232.052615,204.811430,3.795216,232.052615,204.811430,3.795216,0.000000
crouch,model_cmc,42,foot_r,215.384734,216.931010,14.684710,215.384734,216.931010,14.684710,0.000000
crouch,model_cmc,42,ball_r,211.911602,226.908885,6.775720,211.911602,226.908885,6.775720,0.000000
crouch,model_cmc,43,foot_l,233.966541,194.051972,14.531186,233.966541,194.051972,14.531186,0.000000
crouch,model_cmc,43,ball_l,233.823776,204.814610,4.245322,233.823776,204.814610,4.245322,0.000000
crouch,model_cmc,43,foot_r,225.775705,230.025775,13.064885,225.775705,230.025775,13.064885,0.000000
crouch,model_cmc,43,ball_r,222.898992,240.970469,7.004283,222.898992,240.970469,7.004283,0.000000
crouch,model_cmc,44,foot_l,236.480936,194.955498,15.572242,236.480936,194.955498,15.572242,0.000000
crouch,model_cmc,44,ball_l,235.637680,204.940888,4.582431,235.637680,204.940888,4.582431,0.000000
crouch,model_cmc,44,foot_r,234.360170,241.105764,11.998664,234.360170,241.105764,11.998664,0.000000
crouch,model_cmc,44,ball_r,231.956951,252.547823,7.245327,231.956951,252.547823,7.245327,0.000000
crouch,model_cmc,45,foot_l,239.992595,197.069877,16.443712,239.992595,197.069877,16.443712,0.000000
crouch,model_cmc,45,ball_l,238.533445,206.428698,4.984514,238.533445,206.428698,4.984514,0.000000
crouch,model_cmc,45,foot_r,241.664809,250.263437,11.128779,241.664809,250.263437,11.128779,0.000000
crouch,model_cmc,45,ball_r,239.618564,262.015419,7.372615,239.618564,262.015419,7.372615,0.000000
crouch,model_cmc,46,foot_l,243.949653,198.916057,17.737488,243.949653,198.916057,17.737488,0.000000
crouch,model_cmc,46,ball_l,241.516933,206.872991,5.850536,241.516933,206.872991,5.850536,0.000000
crouch,model_cmc,46,foot_r,247.905424,257.569221,10.300537,247.905424,257.569221,10.300537,0.000000
crouch,model_cmc,46,ball_r,246.237484,269.312307,6.996658,246.237484,269.312307,6.996658,0.000000
crouch,model_cmc,47,foot_l,248.800696,203.275818,19.328694,248.800696,203.275818,19.328694,0.000000
crouch,model_cmc,47,ball_l,245.584320,209.843478,7.214954,245.584320,209.843478,7.214954,0.000000
crouch,model_cmc,47,foot_r,252.493384,262.238452,10.014820,252.493384,262.238452,10.014820,0.000000
crouch,model_cmc,47,ball_r,250.917739,273.908336,6.675003,250.917739,273.908336,6.675003,0.000000
crouch,model_cmc,48,foot_l,253.000151,202.444482,18.696730,253.000151,202.444482,18.696730,0.000000
crouch,model_cmc,48,ball_l,249.725161,207.754147,5.575173,249.725161,207.754147,5.575173,0.000000
crouch,model_cmc,48,foot_r,255.699711,266.712970,9.337002,255.699711,266.712970,9.337002,0.000000
crouch,model_cmc,48,ball_r,253.242897,278.734757,5.115437,253.242897,278.734757,5.115437,0.000000
crouch,model_cmc,49,foot_l,258.880986,208.723140,19.987732,258.880986,208.723140,19.987732,0.000000
crouch,model_cmc,49,ball_l,255.070755,213.058451,6.730343,255.070755,213.058451,6.730343,0.000000
crouch,model_cmc,49,foot_r,260.056057,270.300884,8.866777,260.056057,270.300884,8.866777,0.000000
crouch,model_cmc,49,ball_r,257.656076,282.344209,4.139303,257.656076,282.344209,4.139303,0.000000
crouch,model_cmc,50,foot_l,266.391216,217.127195,21.076779,266.391216,217.127195,21.076779,0.000000
crouch,model_cmc,50,ball_l,262.413400,220.763573,7.659665,262.413400,220.763573,7.659665,0.000000
crouch,model_cmc,50,foot_r,263.657244,271.300849,8.648773,263.657244,271.300849,8.648773,0.000000
crouch,model_cmc,50,ball_r,261.288921,283.338739,3.128158,261.288921,283.338739,3.128158,0.000000
crouch,model_cmc,51,foot_l,274.729110,226.752734,21.608764,274.729110,226.752734,21.608764,0.000000
crouch,model_cmc,51,ball_l,270.835507,230.285996,8.277729,270.835507,230.285996,8.277729,0.000000
crouch,model_cmc,51,foot_r,266.708752,271.829335,8.889820,266.708752,271.829335,8.889820,0.000000
crouch,model_cmc,51,ball_r,264.336430,283.837578,2.694640,264.336430,283.837578,2.694640,0.000000
crouch,model_cmc,52,foot_l,282.959798,237.331480,21.251167,282.959798,237.331480,21.251167,0.000000
crouch,model_cmc,52,ball_l,279.302758,241.493076,8.334790,279.302758,241.493076,8.334790,0.000000
crouch,model_cmc,52,foot_r,269.517378,271.747726,9.256930,269.517378,271.747726,9.256930,0.000000
crouch,model_cmc,52,ball_r,266.961779,283.721535,2.442459,266.961779,283.721535,2.442459,0.000000
crouch,model_cmc,53,foot_l,290.891329,249.707055,19.985922,290.891329,249.707055,19.985922,0.000000
crouch,model_cmc,53,ball_l,287.712480,255.317640,7.951942,287.712480,255.317640,7.951942,0.000000
crouch,model_cmc,53,foot_r,272.312938,271.594015,10.077038,272.312938,271.594015,10.077038,0.000000
crouch,model_cmc,53,ball_r,269.642089,283.346430,2.683533,269.642089,283.346430,2.683533,0.000000
crouch,model_cmc,54,foot_l,299.199226,263.006549,17.956340,299.199226,263.006549,17.956340,0.000000
crouch,model_cmc,54,ball_l,296.627642,270.644552,7.264680,296.627642,270.644552,7.264680,0.000000
crouch,model_cmc,54,foot_r,275.037634,270.728517,11.309104,275.037634,270.728517,11.309104,0.000000
crouch,model_cmc,54,ball_r,272.024211,282.075687,3.301601,272.024211,282.075687,3.301601,0.000000
crouch,model_cmc,55,foot_l,307.855961,275.614977,16.165140,307.855961,275.614977,16.165140,0.000000
crouch,model_cmc,55,ball_l,305.967906,285.051191,6.859459,305.967906,285.051191,6.859459,0.000000
crouch,model_cmc,55,foot_r,278.400272,271.181750,11.913609,278.400272,271.181750,11.913609,0.000000
crouch,model_cmc,55,ball_r,275.220880,282.324190,3.639851,275.220880,282.324190,3.639851,0.000000
crouch,model_cmc,56,foot_l,316.910297,289.252800,14.655532,316.910297,289.252800,14.655532,0.000000
crouch,model_cmc,56,ball_l,315.492409,300.157515,7.209878,315.492409,300.157515,7.209878,0.000000
crouch,model_cmc,56,foot_r,281.428725,271.414390,11.927226,281.428725,271.414390,11.927226,0.000000
crouch,model_cmc,56,ball_r,277.986288,282.748936,3.483600,277.986288,282.748936,3.483600,0.000000
crouch,model_cmc,57,foot_l,325.239214,302.354600,13.526830,325.239214,302.354600,13.526830,0.000000
crouch,model_cmc,57,ball_l,324.047236,314.322063,7.824790,324.047236,314.322063,7.824790,0.000000
crouch,model_cmc,57,foot_r,284.915984,271.970558,11.720191,284.915984,271.970558,11.720191,0.000000
crouch,model_cmc,57,ball_r,281.231958,283.430758,3.228137,281.231958,283.430758,3.228137,0.000000
crouch,model_cmc,58,foot_l,332.656741,313.219821,12.741011,332.656741,313.219821,12.741011,0.000000
crouch,model_cmc,58,ball_l,331.598634,325.811575,8.237232,331.598634,325.811575,8.237232,0.000000
crouch,model_cmc,58,foot_r,288.372624,273.040774,11.652842,288.372624,273.040774,11.652842,0.000000
crouch,model_cmc,58,ball_r,284.452133,284.344983,3.049494,284.452133,284.344983,3.049494,0.000000
crouch,model_cmc,59,foot_l,339.401582,322.687897,12.252732,339.401582,322.687897,12.252732,0.000000
crouch,model_cmc,59,ball_l,338.567686,335.592517,8.558154,338.567686,335.592517,8.558154,0.000000
crouch,model_cmc,59,foot_r,292.012520,274.123299,11.781286,292.012520,274.123299,11.781286,0.000000
crouch,model_cmc,59,ball_r,287.860075,284.851620,2.911314,287.860075,284.851620,2.911314,0.000000
crouch,model_cmc,60,foot_l,345.110327,329.578580,11.066785,345.110327,329.578580,11.066785,0.000000
crouch,model_cmc,60,ball_l,344.806179,342.479146,7.359879,344.806179,342.479146,7.359879,0.000000
crouch,model_cmc,60,foot_r,292.752790,275.320461,13.611220,292.752790,275.320461,13.611220,0.000000
crouch,model_cmc,60,ball_r,288.246784,284.346136,3.718702,288.246784,284.346136,3.718702,0.000000
crouch,model_cmc,61,foot_l,351.097807,335.034189,10.736628,351.097807,335.034189,10.736628,0.000000
crouch,model_cmc,61,ball_l,350.878087,347.938582,6.762698,350.878087,347.938582,6.762698,0.000000
crouch,model_cmc,61,foot_r,297.670907,278.350255,14.249690,297.670907,278.350255,14.249690,0.000000
crouch,model_cmc,61,ball_r,292.736548,286.292720,3.939842,292.736548,286.292720,3.939842,0.000000
crouch,model_cmc,62,foot_l,355.441234,338.110223,10.312197,355.441234,338.110223,10.312197,0.000000
crouch,model_cmc,62,ball_l,355.366641,350.882867,5.707688,355.366641,350.882867,5.707688,0.000000
crouch,model_cmc,62,foot_r,301.170433,283.208904,15.513670,301.170433,283.208904,15.513670,0.000000
crouch,model_cmc,62,ball_r,295.766571,289.967063,4.544414,295.766571,289.967063,4.544414,0.000000
crouch,model_cmc,63,foot_l,359.820724,340.013739,10.060970,359.820724,340.013739,10.060970,0.000000
crouch,model_cmc,63,ball_l,359.965619,352.608553,4.653841,359.965619,352.608553,4.653841,0.000000
crouch,model_cmc,63,foot_r,305.069831,288.682956,16.980663,305.069831,288.682956,16.980663,0.000000
crouch,model_cmc,63,ball_r,299.376747,294.299141,5.279782,299.376747,294.299141,5.279782,0.000000
crouch,model_cmc,64,foot_l,364.109707,342.262116,9.909238,364.109707,342.262116,9.909238,0.000000
crouch,model_cmc,64,ball_l,364.411087,354.767846,4.015136,364.411087,354.767846,4.015136,0.000000
crouch,model_cmc,64,foot_r,309.781694,295.119181,18.151414,309.781694,295.119181,18.151414,0.000000
crouch,model_cmc,64,ball_r,303.970540,300.108147,6.051973,303.970540,300.108147,6.051973,0.000000
crouch,model_cmc,65,foot_l,368.113860,344.418342,10.076211,368.113860,344.418342,10.076211,0.000000
crouch,model_cmc,65,ball_l,368.423265,356.871667,3.675962,368.423265,356.871667,3.675962,0.000000
crouch,model_cmc,65,foot_r,315.915188,302.464765,18.778013,315.915188,302.464765,18.778013,0.000000
crouch,model_cmc,65,ball_r,310.038826,307.329622,6.496014,310.038826,307.329622,6.496014,0.000000
crouch,model_cmc,66,foot_l,371.426955,346.189845,10.418448,371.426955,346.189845,10.418448,0.000000
crouch,model_cmc,66,ball_l,371.639419,358.546949,3.451343,371.639419,358.546949,3.451343,0.000000
crouch,model_cmc,66,foot_r,323.895958,310.878187,18.886745,323.895958,310.878187,18.886745,0.000000
crouch,model_cmc,66,ball_r,318.040204,316.028658,6.628969,318.040204,316.028658,6.628969,0.000000
crouch,model_cmc,67,foot_l,374.445194,347.839751,10.828086,374.445194,347.839751,10.828086,0.000000
crouch,model_cmc,67,ball_l,374.432026,360.070030,3.323190,374.432026,360.070030,3.323190,0.000000
crouch,model_cmc,67,foot_r,332.361196,320.475540,18.612914,332.361196,320.475540,18.612914,0.000000
crouch,model_cmc,67,ball_r,326.613319,326.273862,6.630621,326.613319,326.273862,6.630621,0.000000
crouch,model_cmc,68,foot_l,376.711567,348.827514,11.438678,376.711567,348.827514,11.438678,0.000000
crouch,model_cmc,68,ball_l,376.340380,360.859423,3.439545,376.340380,360.859423,3.439545,0.000000
crouch,model_cmc,68,foot_r,341.517591,331.249604,18.107274,341.517591,331.249604,18.107274,0.000000
crouch,model_cmc,68,ball_r,336.022690,337.952201,6.690674,336.022690,337.952201,6.690674,0.000000
crouch,model_cmc,69,foot_l,379.232094,349.793901,12.282617,379.232094,349.793901,12.282617,0.000000
crouch,model_cmc,69,ball_l,378.460765,361.490183,3.824081,378.460765,361.490183,3.824081,0.000000
crouch,model_cmc,69,foot_r,350.782953,343.096329,17.209753,350.782953,343.096329,17.209753,0.000000
crouch,model_cmc,69,ball_r,345.687589,350.914046,6.709270,345.687589,350.914046,6.709270,0.000000
crouch,model_cmc,70,foot_l,381.333397,349.534044,13.488601,381.333397,349.534044,13.488601,0.000000
crouch,model_cmc,70,ball_l,380.090984,360.668664,4.450868,380.090984,360.668664,4.450868,0.000000
crouch,model_cmc,70,foot_r,361.329237,357.322104,15.474586,361.329237,357.322104,15.474586,0.000000
crouch,model_cmc,70,ball_r,356.805213,366.601034,6.573405,356.805213,366.601034,6.573405,0.000000
crouch,model_cmc,71,foot_l,384.008365,348.994946,15.317419,384.008365,348.994946,15.317419,0.000000
crouch,model_cmc,71,ball_l,382.251316,359.350801,5.680791,382.251316,359.350801,5.680791,0.000000
crouch,model_cmc,71,foot_r,371.214456,372.542819,14.112177,371.214456,372.542819,14.112177,0.000000
crouch,model_cmc,71,ball_r,367.339761,383.067110,7.333699,367.339761,383.067110,7.333699,0.000000
