epoch,loss/train_loss_epoch,loss/train_loss_step,loss/train_pose_loss_epoch,loss/train_pose_loss_step,step
0,,2.4041988849639893,,2.4041988849639893,0
0,,2.4792847633361816,,2.4792847633361816,1
0,,2.36551833152771,,2.36551833152771,2
0,,2.4099090099334717,,2.4099090099334717,3
0,,2.390113115310669,,2.390113115310669,4
0,,2.403791904449463,,2.403791904449463,5
0,,2.421630620956421,,2.421630620956421,6
0,,2.412656545639038,,2.412656545639038,7
0,,2.3740391731262207,,2.3740391731262207,8
0,,2.4084417819976807,,2.4084417819976807,9
0,,2.374772548675537,,2.374772548675537,10
0,,2.369072914123535,,2.369072914123535,11
0,,2.4970245361328125,,2.4970245361328125,12
0,,2.4177918434143066,,2.4177918434143066,13
0,,2.4288268089294434,,2.4288268089294434,14
0,,2.391770362854004,,2.391770362854004,15
0,,2.3604719638824463,,2.3604719638824463,16
0,,2.408194065093994,,2.408194065093994,17
0,,2.3993358612060547,,2.3993358612060547,18
0,,2.4215071201324463,,2.4215071201324463,19
0,,2.4030725955963135,,2.4030725955963135,20
0,,2.4456698894500732,,2.4456698894500732,21
0,,2.4404821395874023,,2.4404821395874023,22
0,,2.38782000541687,,2.38782000541687,23
0,,2.4583992958068848,,2.4583992958068848,24
0,,2.4142568111419678,,2.4142568111419678,25
0,,2.379140853881836,,2.379140853881836,26
0,,2.3789546489715576,,2.3789546489715576,27
0,,2.3874340057373047,,2.3874340057373047,28
0,,2.4385976791381836,,2.4385976791381836,29
0,,2.3518378734588623,,2.3518378734588623,30
0,,2.3644967079162598,,2.3644967079162598,31
0,,2.438161611557007,,2.438161611557007,32
0,,2.345188856124878,,2.345188856124878,33
0,,2.3554461002349854,,2.3554461002349854,34
0,,2.416496753692627,,2.416496753692627,35
0,,2.3739869594573975,,2.3739869594573975,36
0,,2.3698792457580566,,2.3698792457580566,37
0,,2.320875883102417,,2.320875883102417,38
0,,2.3680388927459717,,2.3680388927459717,39
0,,2.3709654808044434,,2.3709654808044434,40
0,,2.355872869491577,,2.355872869491577,41
0,,2.29868745803833,,2.29868745803833,42
0,,2.3699090480804443,,2.3699090480804443,43
0,,2.3590283393859863,,2.3590283393859863,44
0,,2.34432053565979,,2.34432053565979,45
0,,2.361072063446045,,2.361072063446045,46
0,,2.3262135982513428,,2.3262135982513428,47
0,,2.3289365768432617,,2.3289365768432617,48
0,,2.3034474849700928,,2.3034474849700928,49
0,,2.26960825920105,,2.26960825920105,50
0,,2.3175292015075684,,2.3175292015075684,51
0,,2.3191304206848145,,2.3191304206848145,52
0,,2.3209829330444336,,2.3209829330444336,53
0,,2.3011343479156494,,2.3011343479156494,54
0,,2.3198580741882324,,2.3198580741882324,55
0,,2.3320913314819336,,2.3320913314819336,56
0,,2.296520948410034,,2.296520948410034,57
0,,2.335963249206543,,2.335963249206543,58
0,,2.299257278442383,,2.299257278442383,59
0,,2.301177501678467,,2.301177501678467,60
0,,2.297548532485962,,2.297548532485962,61
0,,2.2095491886138916,,2.2095491886138916,62
0,,2.3079946041107178,,2.3079946041107178,63
0,,2.2658815383911133,,2.2658815383911133,64
0,,2.265674591064453,,2.265674591064453,65
0,,2.2829456329345703,,2.2829456329345703,66
0,,2.245958089828491,,2.245958089828491,67
0,,2.2728071212768555,,2.2728071212768555,68
0,,2.2099063396453857,,2.2099063396453857,69
0,,2.2631847858428955,,2.2631847858428955,70
0,,2.250993490219116,,2.250993490219116,71
0,,2.276245355606079,,2.276245355606079,72
0,,2.2540831565856934,,2.2540831565856934,73
0,,2.29603910446167,,2.29603910446167,74
0,,2.282846689224243,,2.282846689224243,75
0,,2.2127163410186768,,2.2127163410186768,76
0,,2.29110050201416,,2.29110050201416,77
0,,2.2471113204956055,,2.2471113204956055,78
0,,2.2681052684783936,,2.2681052684783936,79
0,,2.231534004211426,,2.231534004211426,80
0,,2.221954822540283,,2.221954822540283,81
0,,2.209388017654419,,2.209388017654419,82
0,,2.232832193374634,,2.232832193374634,83
0,,2.2275688648223877,,2.2275688648223877,84
0,,2.213888168334961,,2.213888168334961,85
0,,2.2249679565429688,,2.2249679565429688,86
0,,2.2521040439605713,,2.2521040439605713,87
0,,2.2847869396209717,,2.2847869396209717,88
0,,2.264448881149292,,2.264448881149292,89
0,,2.186256170272827,,2.186256170272827,90
0,,2.22440505027771,,2.22440505027771,91
0,,2.2061870098114014,,2.2061870098114014,92
0,,2.2261669635772705,,2.2261669635772705,93
0,,2.174239158630371,,2.174239158630371,94
0,,2.2224538326263428,,2.2224538326263428,95
0,,2.2353367805480957,,2.2353367805480957,96
0,,2.3425991535186768,,2.3425991535186768,97
0,,2.2558164596557617,,2.2558164596557617,98
0,,2.228081703186035,,2.228081703186035,99
0,,2.2006187438964844,,2.2006187438964844,100
0,,2.244854211807251,,2.244854211807251,101
0,,2.174962282180786,,2.174962282180786,102
0,,2.2175559997558594,,2.2175559997558594,103
0,,2.2774956226348877,,2.2774956226348877,104
0,,2.203073740005493,,2.203073740005493,105
0,,2.2265143394470215,,2.2265143394470215,106
0,,2.2366292476654053,,2.2366292476654053,107
0,,2.247420072555542,,2.247420072555542,108
0,,2.1900973320007324,,2.1900973320007324,109
0,,2.1921677589416504,,2.1921677589416504,110
0,,2.197584629058838,,2.197584629058838,111
0,,2.2447333335876465,,2.2447333335876465,112
0,,2.353093147277832,,2.353093147277832,113
0,,2.2189440727233887,,2.2189440727233887,114
0,,2.1560864448547363,,2.1560864448547363,115
0,,2.217128038406372,,2.217128038406372,116
0,,2.205397367477417,,2.205397367477417,117
0,,2.2563624382019043,,2.2563624382019043,118
0,,2.2061212062835693,,2.2061212062835693,119
0,,2.16038179397583,,2.16038179397583,120
0,,2.1852829456329346,,2.1852829456329346,121
0,,2.2497470378875732,,2.2497470378875732,122
0,,2.1367416381835938,,2.1367416381835938,123
0,,2.262083053588867,,2.262083053588867,124
0,,2.190328598022461,,2.190328598022461,125
0,,2.215672254562378,,2.215672254562378,126
0,,2.191577196121216,,2.191577196121216,127
0,,2.172494888305664,,2.172494888305664,128
0,,2.1971285343170166,,2.1971285343170166,129
0,,2.1639277935028076,,2.1639277935028076,130
0,,2.1981027126312256,,2.1981027126312256,131
0,,2.176945447921753,,2.176945447921753,132
0,,2.2053427696228027,,2.2053427696228027,133
0,,2.243786096572876,,2.243786096572876,134
0,,2.169706106185913,,2.169706106185913,135
0,,2.172074556350708,,2.172074556350708,136
0,,2.1891348361968994,,2.1891348361968994,137
0,,2.2010462284088135,,2.2010462284088135,138
0,,2.238136053085327,,2.238136053085327,139
0,,2.189512252807617,,2.189512252807617,140
0,,2.1748220920562744,,2.1748220920562744,141
0,,2.246793270111084,,2.246793270111084,142
0,,2.211972951889038,,2.211972951889038,143
0,,2.218660831451416,,2.218660831451416,144
0,,2.227231502532959,,2.227231502532959,145
0,,2.1550889015197754,,2.1550889015197754,146
0,,2.2141411304473877,,2.2141411304473877,147
0,,2.189927101135254,,2.189927101135254,148
0,,2.253108263015747,,2.253108263015747,149
0,,2.2219860553741455,,2.2219860553741455,150
0,,2.1300711631774902,,2.1300711631774902,151
0,,2.1726233959198,,2.1726233959198,152
0,,2.217306137084961,,2.217306137084961,153
0,,2.1568410396575928,,2.1568410396575928,154
0,,2.2120769023895264,,2.2120769023895264,155
0,,2.2099239826202393,,2.2099239826202393,156
0,,2.1690266132354736,,2.1690266132354736,157
0,,2.1536903381347656,,2.1536903381347656,158
0,,2.2154524326324463,,2.2154524326324463,159
0,,2.24462890625,,2.24462890625,160
0,,2.169057846069336,,2.169057846069336,161
0,,2.24322247505188,,2.24322247505188,162
0,,2.192983388900757,,2.192983388900757,163
0,,2.15130877494812,,2.15130877494812,164
0,,2.211684226989746,,2.211684226989746,165
0,,2.175111770629883,,2.175111770629883,166
0,,2.1469626426696777,,2.1469626426696777,167
0,,2.2128615379333496,,2.2128615379333496,168
0,,2.2486374378204346,,2.2486374378204346,169
0,2.275376558303833,,2.275376558303833,,169
1,,2.1840033531188965,,2.1840033531188965,170
1,,2.2024974822998047,,2.2024974822998047,171
1,,2.204338788986206,,2.204338788986206,172
1,,2.1889615058898926,,2.1889615058898926,173
1,,2.186826467514038,,2.186826467514038,174
1,,2.165069103240967,,2.165069103240967,175
1,,2.2467527389526367,,2.2467527389526367,176
1,,2.173875570297241,,2.173875570297241,177
1,,2.225620746612549,,2.225620746612549,178
1,,2.1862545013427734,,2.1862545013427734,179
1,,2.1628024578094482,,2.1628024578094482,180
1,,2.162769079208374,,2.162769079208374,181
1,,2.2525532245635986,,2.2525532245635986,182
1,,2.2230350971221924,,2.2230350971221924,183
1,,2.221200942993164,,2.221200942993164,184
1,,2.174010992050171,,2.174010992050171,185
1,,2.1380388736724854,,2.1380388736724854,186
1,,2.1522376537323,,2.1522376537323,187
1,,2.214048147201538,,2.214048147201538,188
1,,2.127086877822876,,2.127086877822876,189
1,,2.2421875,,2.2421875,190
1,,2.2014005184173584,,2.2014005184173584,191
1,,2.2745420932769775,,2.2745420932769775,192
1,,2.210968494415283,,2.210968494415283,193
1,,2.131971597671509,,2.131971597671509,194
1,,2.1129117012023926,,2.1129117012023926,195
1,,2.2073659896850586,,2.2073659896850586,196
1,,2.197589159011841,,2.197589159011841,197
1,,2.168511390686035,,2.168511390686035,198
1,,2.127565860748291,,2.127565860748291,199
1,,2.253537178039551,,2.253537178039551,200
1,,2.1450397968292236,,2.1450397968292236,201
1,,2.2193870544433594,,2.2193870544433594,202
1,,2.1970670223236084,,2.1970670223236084,203
1,,2.2361972332000732,,2.2361972332000732,204
1,,2.2401978969573975,,2.2401978969573975,205
1,,2.20281982421875,,2.20281982421875,206
1,,2.155217409133911,,2.155217409133911,207
1,,2.2374277114868164,,2.2374277114868164,208
1,,2.171621799468994,,2.171621799468994,209
1,,2.191272497177124,,2.191272497177124,210
1,,2.1405272483825684,,2.1405272483825684,211
1,,2.110934019088745,,2.110934019088745,212
1,,2.2561118602752686,,2.2561118602752686,213
1,,2.1880109310150146,,2.1880109310150146,214
1,,2.1064796447753906,,2.1064796447753906,215
1,,2.157193899154663,,2.157193899154663,216
1,,2.2446961402893066,,2.2446961402893066,217
1,,2.1837804317474365,,2.1837804317474365,218
1,,2.1305229663848877,,2.1305229663848877,219
1,,2.1865234375,,2.1865234375,220
1,,2.14990234375,,2.14990234375,221
1,,2.1980082988739014,,2.1980082988739014,222
1,,2.1590020656585693,,2.1590020656585693,223
1,,2.1268866062164307,,2.1268866062164307,224
1,,2.127312183380127,,2.127312183380127,225
1,,2.17578125,,2.17578125,226
1,,2.1942641735076904,,2.1942641735076904,227
1,,2.19743013381958,,2.19743013381958,228
1,,2.1188526153564453,,2.1188526153564453,229
1,,2.0544819831848145,,2.0544819831848145,230
1,,2.1917850971221924,,2.1917850971221924,231
1,,2.158238410949707,,2.158238410949707,232
1,,2.13702654838562,,2.13702654838562,233
1,,2.1251018047332764,,2.1251018047332764,234
1,,2.159151077270508,,2.159151077270508,235
1,,2.13082218170166,,2.13082218170166,236
1,,2.1037206649780273,,2.1037206649780273,237
1,,2.167665958404541,,2.167665958404541,238
1,,2.163940906524658,,2.163940906524658,239
1,,2.15287709236145,,2.15287709236145,240
1,,2.1266982555389404,,2.1266982555389404,241
1,,2.163728952407837,,2.163728952407837,242
1,,2.146610975265503,,2.146610975265503,243
1,,2.1432712078094482,,2.1432712078094482,244
1,,2.1478986740112305,,2.1478986740112305,245
1,,2.0567591190338135,,2.0567591190338135,246
1,,2.1090869903564453,,2.1090869903564453,247
1,,2.220930337905884,,2.220930337905884,248
1,,2.1501033306121826,,2.1501033306121826,249
1,,2.180755376815796,,2.180755376815796,250
1,,2.1144497394561768,,2.1144497394561768,251
1,,2.107664108276367,,2.107664108276367,252
1,,2.1570136547088623,,2.1570136547088623,253
1,,2.0762295722961426,,2.0762295722961426,254
1,,2.1211423873901367,,2.1211423873901367,255
1,,2.118558406829834,,2.118558406829834,256
1,,2.172736406326294,,2.172736406326294,257
1,,2.1475119590759277,,2.1475119590759277,258
1,,2.084768772125244,,2.084768772125244,259
1,,2.048419952392578,,2.048419952392578,260
1,,2.1550326347351074,,2.1550326347351074,261
1,,2.08809494972229,,2.08809494972229,262
1,,2.105219841003418,,2.105219841003418,263
1,,2.0946297645568848,,2.0946297645568848,264
1,,2.136836290359497,,2.136836290359497,265
1,,2.1532602310180664,,2.1532602310180664,266
1,,2.0396060943603516,,2.0396060943603516,267
1,,2.0397226810455322,,2.0397226810455322,268
1,,2.187608003616333,,2.187608003616333,269
1,,2.077003002166748,,2.077003002166748,270
1,,2.1791341304779053,,2.1791341304779053,271
1,,2.1148619651794434,,2.1148619651794434,272
1,,2.072455883026123,,2.072455883026123,273
1,,2.1077382564544678,,2.1077382564544678,274
1,,2.1814422607421875,,2.1814422607421875,275
1,,2.0840325355529785,,2.0840325355529785,276
1,,2.049295663833618,,2.049295663833618,277
1,,2.076773166656494,,2.076773166656494,278
1,,2.091187000274658,,2.091187000274658,279
1,,2.048462152481079,,2.048462152481079,280
1,,2.0232605934143066,,2.0232605934143066,281
1,,2.1130282878875732,,2.1130282878875732,282
1,,2.0986328125,,2.0986328125,283
1,,2.0891005992889404,,2.0891005992889404,284
1,,2.123121976852417,,2.123121976852417,285
1,,2.025076389312744,,2.025076389312744,286
1,,2.097860336303711,,2.097860336303711,287
1,,2.0648679733276367,,2.0648679733276367,288
1,,2.049212694168091,,2.049212694168091,289
1,,2.1054348945617676,,2.1054348945617676,290
1,,2.0799660682678223,,2.0799660682678223,291
1,,2.129537343978882,,2.129537343978882,292
1,,2.080904483795166,,2.080904483795166,293
1,,2.0672054290771484,,2.0672054290771484,294
1,,2.0088610649108887,,2.0088610649108887,295
1,,2.0367486476898193,,2.0367486476898193,296
1,,2.112349510192871,,2.112349510192871,297
1,,2.163111686706543,,2.163111686706543,298
1,,2.0495970249176025,,2.0495970249176025,299
1,,2.0440032482147217,,2.0440032482147217,300
1,,2.0617570877075195,,2.0617570877075195,301
1,,2.0372049808502197,,2.0372049808502197,302
1,,2.0634765625,,2.0634765625,303
1,,2.0344619750976562,,2.0344619750976562,304
1,,2.0930237770080566,,2.0930237770080566,305
1,,2.1542000770568848,,2.1542000770568848,306
1,,1.958543300628662,,1.958543300628662,307
1,,2.050381898880005,,2.050381898880005,308
1,,2.0255351066589355,,2.0255351066589355,309
1,,2.11438250541687,,2.11438250541687,310
1,,1.9815889596939087,,1.9815889596939087,311
1,,2.097261428833008,,2.097261428833008,312
1,,2.094416618347168,,2.094416618347168,313
1,,1.9874646663665771,,1.9874646663665771,314
1,,2.0269336700439453,,2.0269336700439453,315
1,,2.0866923332214355,,2.0866923332214355,316
1,,1.9966917037963867,,1.9966917037963867,317
1,,1.9922562837600708,,1.9922562837600708,318
1,,2.016291618347168,,2.016291618347168,319
1,,2.051008939743042,,2.051008939743042,320
1,,2.078214168548584,,2.078214168548584,321
1,,1.9993398189544678,,1.9993398189544678,322
1,,2.0462324619293213,,2.0462324619293213,323
1,,2.0239360332489014,,2.0239360332489014,324
1,,2.119959592819214,,2.119959592819214,325
1,,2.0012998580932617,,2.0012998580932617,326
1,,2.128791332244873,,2.128791332244873,327
1,,2.0510895252227783,,2.0510895252227783,328
1,,2.084284782409668,,2.084284782409668,329
1,,2.104052782058716,,2.104052782058716,330
1,,1.9868348836898804,,1.9868348836898804,331
1,,2.0827558040618896,,2.0827558040618896,332
1,,2.032451868057251,,2.032451868057251,333
1,,2.0319409370422363,,2.0319409370422363,334
1,,2.015134811401367,,2.015134811401367,335
1,,2.0052194595336914,,2.0052194595336914,336
1,,2.028606414794922,,2.028606414794922,337
1,,2.0866410732269287,,2.0866410732269287,338
1,,2.110665798187256,,2.110665798187256,339
1,2.1223573684692383,,2.1223573684692383,,339
2,,2.0598270893096924,,2.0598270893096924,340
2,,2.025669574737549,,2.025669574737549,341
2,,1.9500938653945923,,1.9500938653945923,342
2,,2.0680906772613525,,2.0680906772613525,343
2,,2.089444875717163,,2.089444875717163,344
2,,2.109412670135498,,2.109412670135498,345
2,,1.968845248222351,,1.968845248222351,346
2,,1.981613039970398,,1.981613039970398,347
2,,2.063511371612549,,2.063511371612549,348
2,,2.012524127960205,,2.012524127960205,349
2,,2.008837938308716,,2.008837938308716,350
2,,1.9788610935211182,,1.9788610935211182,351
2,,2.007437229156494,,2.007437229156494,352
2,,2.063060998916626,,2.063060998916626,353
2,,1.930600643157959,,1.930600643157959,354
2,,2.066509246826172,,2.066509246826172,355
2,,2.031316041946411,,2.031316041946411,356
2,,2.0272696018218994,,2.0272696018218994,357
2,,2.068450689315796,,2.068450689315796,358
2,,1.9742525815963745,,1.9742525815963745,359
2,,2.116609573364258,,2.116609573364258,360
2,,2.083728551864624,,2.083728551864624,361
2,,2.051259756088257,,2.051259756088257,362
2,,2.0703630447387695,,2.0703630447387695,363
2,,2.1316912174224854,,2.1316912174224854,364
2,,2.046217679977417,,2.046217679977417,365
2,,2.069262981414795,,2.069262981414795,366
2,,1.9443720579147339,,1.9443720579147339,367
2,,1.9904232025146484,,1.9904232025146484,368
2,,1.956508755683899,,1.956508755683899,369
2,,1.9738774299621582,,1.9738774299621582,370
2,,2.1276140213012695,,2.1276140213012695,371
2,,1.9767647981643677,,1.9767647981643677,372
2,,2.0662407875061035,,2.0662407875061035,373
2,,2.07804799079895,,2.07804799079895,374
2,,1.9715884923934937,,1.9715884923934937,375
2,,2.01491641998291,,2.01491641998291,376
2,,1.8972417116165161,,1.8972417116165161,377
2,,2.1151797771453857,,2.1151797771453857,378
2,,2.0175235271453857,,2.0175235271453857,379
2,,2.068168878555298,,2.068168878555298,380
2,,2.121485710144043,,2.121485710144043,381
2,,1.9531522989273071,,1.9531522989273071,382
2,,1.870767593383789,,1.870767593383789,383
2,,2.143542528152466,,2.143542528152466,384
2,,1.991202473640442,,1.991202473640442,385
2,,1.9846969842910767,,1.9846969842910767,386
2,,2.1227102279663086,,2.1227102279663086,387
2,,2.1112253665924072,,2.1112253665924072,388
2,,1.9605603218078613,,1.9605603218078613,389
2,,1.9416683912277222,,1.9416683912277222,390
2,,1.9595857858657837,,1.9595857858657837,391
2,,2.082808017730713,,2.082808017730713,392
2,,2.1040472984313965,,2.1040472984313965,393
2,,2.1551594734191895,,2.1551594734191895,394
2,,2.1179003715515137,,2.1179003715515137,395
2,,2.198962450027466,,2.198962450027466,396
2,,1.8949999809265137,,1.8949999809265137,397
2,,2.1498522758483887,,2.1498522758483887,398
2,,1.9977554082870483,,1.9977554082870483,399
2,,2.066218137741089,,2.066218137741089,400
2,,1.9911526441574097,,1.9911526441574097,401
2,,2.1759727001190186,,2.1759727001190186,402
2,,2.069817304611206,,2.069817304611206,403
2,,2.0116515159606934,,2.0116515159606934,404
2,,1.990539312362671,,1.990539312362671,405
2,,2.0903894901275635,,2.0903894901275635,406
2,,2.0718188285827637,,2.0718188285827637,407
2,,1.9444561004638672,,1.9444561004638672,408
2,,2.1067023277282715,,2.1067023277282715,409
2,,2.0141661167144775,,2.0141661167144775,410
2,,2.072230100631714,,2.072230100631714,411
2,,1.9849923849105835,,1.9849923849105835,412
2,,1.9419221878051758,,1.9419221878051758,413
2,,1.954847812652588,,1.954847812652588,414
2,,1.9807006120681763,,1.9807006120681763,415
2,,2.109320640563965,,2.109320640563965,416
2,,2.0184853076934814,,2.0184853076934814,417
2,,1.992289662361145,,1.992289662361145,418
2,,2.0131871700286865,,2.0131871700286865,419
2,,2.0685856342315674,,2.0685856342315674,420
2,,1.9798356294631958,,1.9798356294631958,421
2,,2.0395708084106445,,2.0395708084106445,422
2,,2.0235514640808105,,2.0235514640808105,423
2,,2.092219114303589,,2.092219114303589,424
2,,2.014653205871582,,2.014653205871582,425
2,,1.9174288511276245,,1.9174288511276245,426
2,,1.9791812896728516,,1.9791812896728516,427
2,,2.087270975112915,,2.087270975112915,428
2,,2.0026662349700928,,2.0026662349700928,429
2,,2.043010711669922,,2.043010711669922,430
2,,2.075495719909668,,2.075495719909668,431
2,,2.1257758140563965,,2.1257758140563965,432
2,,2.107649803161621,,2.107649803161621,433
2,,1.8855088949203491,,1.8855088949203491,434
2,,1.8995059728622437,,1.8995059728622437,435
2,,2.0224218368530273,,2.0224218368530273,436
2,,2.192070722579956,,2.192070722579956,437
2,,1.875732421875,,1.875732421875,438
2,,1.9409621953964233,,1.9409621953964233,439
2,,1.9656014442443848,,1.9656014442443848,440
2,,1.9711285829544067,,1.9711285829544067,441
2,,2.0135860443115234,,2.0135860443115234,442
2,,2.018846035003662,,2.018846035003662,443
2,,2.055244207382202,,2.055244207382202,444
2,,1.9729818105697632,,1.9729818105697632,445
2,,1.9998794794082642,,1.9998794794082642,446
2,,1.9780223369598389,,1.9780223369598389,447
2,,2.0704283714294434,,2.0704283714294434,448
2,,1.8920695781707764,,1.8920695781707764,449
2,,2.005765438079834,,2.005765438079834,450
2,,2.0387990474700928,,2.0387990474700928,451
2,,1.8876036405563354,,1.8876036405563354,452
2,,2.0440738201141357,,2.0440738201141357,453
2,,1.9269856214523315,,1.9269856214523315,454
2,,1.9225490093231201,,1.9225490093231201,455
2,,2.072695255279541,,2.072695255279541,456
2,,1.9519715309143066,,1.9519715309143066,457
2,,2.0419607162475586,,2.0419607162475586,458
2,,1.8637499809265137,,1.8637499809265137,459
2,,1.876030445098877,,1.876030445098877,460
2,,1.8720321655273438,,1.8720321655273438,461
2,,2.037414789199829,,2.037414789199829,462
2,,2.1641838550567627,,2.1641838550567627,463
2,,1.9812978506088257,,1.9812978506088257,464
2,,2.028170347213745,,2.028170347213745,465
2,,1.9266096353530884,,1.9266096353530884,466
2,,2.029707908630371,,2.029707908630371,467
2,,2.044090747833252,,2.044090747833252,468
2,,1.9342398643493652,,1.9342398643493652,469
2,,2.0425329208374023,,2.0425329208374023,470
2,,2.029810905456543,,2.029810905456543,471
2,,1.9539800882339478,,1.9539800882339478,472
2,,2.0521397590637207,,2.0521397590637207,473
2,,2.01171875,,2.01171875,474
2,,1.9791364669799805,,1.9791364669799805,475
2,,2.1775333881378174,,2.1775333881378174,476
2,,1.976227045059204,,1.976227045059204,477
2,,2.1002259254455566,,2.1002259254455566,478
2,,2.0898287296295166,,2.0898287296295166,479
2,,2.0577642917633057,,2.0577642917633057,480
2,,2.1244418621063232,,2.1244418621063232,481
2,,2.1306040287017822,,2.1306040287017822,482
2,,1.9565538167953491,,1.9565538167953491,483
2,,2.0635294914245605,,2.0635294914245605,484
2,,2.024508237838745,,2.024508237838745,485
2,,2.0567469596862793,,2.0567469596862793,486
2,,2.125131368637085,,2.125131368637085,487
2,,1.9602760076522827,,1.9602760076522827,488
2,,1.8675072193145752,,1.8675072193145752,489
2,,1.902914047241211,,1.902914047241211,490
2,,2.0780866146087646,,2.0780866146087646,491
2,,1.9205198287963867,,1.9205198287963867,492
2,,1.966404676437378,,1.966404676437378,493
2,,1.9483883380889893,,1.9483883380889893,494
2,,2.1009931564331055,,2.1009931564331055,495
2,,1.9230140447616577,,1.9230140447616577,496
2,,2.0413031578063965,,2.0413031578063965,497
2,,1.8821457624435425,,1.8821457624435425,498
2,,1.9288560152053833,,1.9288560152053833,499
2,,1.9995646476745605,,1.9995646476745605,500
2,,1.974397897720337,,1.974397897720337,501
2,,1.9056228399276733,,1.9056228399276733,502
2,,2.0005056858062744,,2.0005056858062744,503
2,,1.8999474048614502,,1.8999474048614502,504
2,,2.038369655609131,,2.038369655609131,505
2,,1.9666060209274292,,1.9666060209274292,506
2,,1.950830101966858,,1.950830101966858,507
2,,2.076580286026001,,2.076580286026001,508
2,,1.825121283531189,,1.825121283531189,509
2,2.017101764678955,,2.017101764678955,,509
3,,1.970999836921692,,1.970999836921692,510
3,,2.0004751682281494,,2.0004751682281494,511
3,,2.049807071685791,,2.049807071685791,512
3,,1.9837192296981812,,1.9837192296981812,513
3,,2.007395029067993,,2.007395029067993,514
3,,2.034545421600342,,2.034545421600342,515
3,,2.1218483448028564,,2.1218483448028564,516
3,,2.0313262939453125,,2.0313262939453125,517
3,,1.9163504838943481,,1.9163504838943481,518
3,,2.0356414318084717,,2.0356414318084717,519
3,,1.8543567657470703,,1.8543567657470703,520
3,,2.140739917755127,,2.140739917755127,521
3,,1.9214133024215698,,1.9214133024215698,522
3,,1.9775781631469727,,1.9775781631469727,523
3,,1.8899842500686646,,1.8899842500686646,524
3,,2.014280080795288,,2.014280080795288,525
3,,1.9146424531936646,,1.9146424531936646,526
3,,1.9964978694915771,,1.9964978694915771,527
3,,1.982658863067627,,1.982658863067627,528
3,,1.8635658025741577,,1.8635658025741577,529
3,,1.871588110923767,,1.871588110923767,530
3,,1.913519024848938,,1.913519024848938,531
3,,1.9307239055633545,,1.9307239055633545,532
3,,1.9612903594970703,,1.9612903594970703,533
3,,1.9021626710891724,,1.9021626710891724,534
3,,1.8788129091262817,,1.8788129091262817,535
3,,1.8530659675598145,,1.8530659675598145,536
3,,2.042781114578247,,2.042781114578247,537
3,,1.8952471017837524,,1.8952471017837524,538
3,,1.9973417520523071,,1.9973417520523071,539
3,,2.071465492248535,,2.071465492248535,540
3,,1.8538846969604492,,1.8538846969604492,541
3,,2.03558087348938,,2.03558087348938,542
3,,1.8906079530715942,,1.8906079530715942,543
3,,1.912604808807373,,1.912604808807373,544
3,,2.10526442527771,,2.10526442527771,545
3,,1.9273574352264404,,1.9273574352264404,546
3,,1.947549819946289,,1.947549819946289,547
3,,2.042546510696411,,2.042546510696411,548
3,,1.990665078163147,,1.990665078163147,549
3,,1.9772785902023315,,1.9772785902023315,550
3,,1.9655070304870605,,1.9655070304870605,551
3,,1.8703460693359375,,1.8703460693359375,552
3,,2.1313726902008057,,2.1313726902008057,553
3,,1.899641513824463,,1.899641513824463,554
3,,1.9407622814178467,,1.9407622814178467,555
3,,1.9720849990844727,,1.9720849990844727,556
3,,1.8668756484985352,,1.8668756484985352,557
3,,2.008072853088379,,2.008072853088379,558
3,,1.9029988050460815,,1.9029988050460815,559
3,,2.013746976852417,,2.013746976852417,560
3,,1.990325927734375,,1.990325927734375,561
3,,1.9540181159973145,,1.9540181159973145,562
3,,2.037109375,,2.037109375,563
3,,2.0414443016052246,,2.0414443016052246,564
3,,1.9600192308425903,,1.9600192308425903,565
3,,2.12809419631958,,2.12809419631958,566
3,,1.9465241432189941,,1.9465241432189941,567
3,,1.96095609664917,,1.96095609664917,568
3,,1.9841104745864868,,1.9841104745864868,569
3,,1.9919075965881348,,1.9919075965881348,570
3,,1.8938275575637817,,1.8938275575637817,571
3,,1.974095344543457,,1.974095344543457,572
3,,1.8725900650024414,,1.8725900650024414,573
3,,1.9433268308639526,,1.9433268308639526,574
3,,1.9173709154129028,,1.9173709154129028,575
3,,2.017906427383423,,2.017906427383423,576
3,,1.9363468885421753,,1.9363468885421753,577
3,,2.0464844703674316,,2.0464844703674316,578
3,,1.802262544631958,,1.802262544631958,579
3,,1.8834213018417358,,1.8834213018417358,580
3,,2.026822090148926,,2.026822090148926,581
3,,1.995742917060852,,1.995742917060852,582
3,,1.9783780574798584,,1.9783780574798584,583
3,,1.9170315265655518,,1.9170315265655518,584
3,,2.020026206970215,,2.020026206970215,585
3,,1.9910353422164917,,1.9910353422164917,586
3,,1.9237746000289917,,1.9237746000289917,587
3,,1.9668471813201904,,1.9668471813201904,588
3,,1.9223649501800537,,1.9223649501800537,589
3,,1.822415828704834,,1.822415828704834,590
3,,2.1514804363250732,,2.1514804363250732,591
3,,1.8879426717758179,,1.8879426717758179,592
3,,2.02500319480896,,2.02500319480896,593
3,,2.1898491382598877,,2.1898491382598877,594
3,,2.163066864013672,,2.163066864013672,595
3,,2.1235809326171875,,2.1235809326171875,596
3,,2.015920877456665,,2.015920877456665,597
3,,1.7298458814620972,,1.7298458814620972,598
3,,1.836248755455017,,1.836248755455017,599
3,,1.8708347082138062,,1.8708347082138062,600
3,,1.9834359884262085,,1.9834359884262085,601
3,,2.081357717514038,,2.081357717514038,602
3,,2.0368950366973877,,2.0368950366973877,603
3,,2.0334091186523438,,2.0334091186523438,604
3,,2.053602933883667,,2.053602933883667,605
3,,1.9363758563995361,,1.9363758563995361,606
3,,1.9321986436843872,,1.9321986436843872,607
3,,1.9825230836868286,,1.9825230836868286,608
3,,2.057600259780884,,2.057600259780884,609
3,,1.8699408769607544,,1.8699408769607544,610
3,,1.899632453918457,,1.899632453918457,611
3,,1.9942424297332764,,1.9942424297332764,612
3,,1.9994856119155884,,1.9994856119155884,613
3,,1.8398690223693848,,1.8398690223693848,614
3,,2.0067758560180664,,2.0067758560180664,615
3,,1.9129513502120972,,1.9129513502120972,616
3,,2.0033700466156006,,2.0033700466156006,617
3,,1.9201302528381348,,1.9201302528381348,618
3,,1.945448637008667,,1.945448637008667,619
3,,1.9517159461975098,,1.9517159461975098,620
3,,2.1325533390045166,,2.1325533390045166,621
3,,2.052250862121582,,2.052250862121582,622
3,,1.9110710620880127,,1.9110710620880127,623
3,,2.0871973037719727,,2.0871973037719727,624
3,,1.9930453300476074,,1.9930453300476074,625
3,,1.9603599309921265,,1.9603599309921265,626
3,,1.8879711627960205,,1.8879711627960205,627
3,,1.8396979570388794,,1.8396979570388794,628
3,,2.043428421020508,,2.043428421020508,629
3,,1.9076333045959473,,1.9076333045959473,630
3,,1.9724653959274292,,1.9724653959274292,631
3,,2.0124752521514893,,2.0124752521514893,632
3,,2.010479688644409,,2.010479688644409,633
3,,1.9694733619689941,,1.9694733619689941,634
3,,1.7742820978164673,,1.7742820978164673,635
3,,1.9520511627197266,,1.9520511627197266,636
3,,1.893621802330017,,1.893621802330017,637
3,,1.953056812286377,,1.953056812286377,638
3,,1.984970211982727,,1.984970211982727,639
3,,1.9824148416519165,,1.9824148416519165,640
3,,2.015403985977173,,2.015403985977173,641
3,,1.8904701471328735,,1.8904701471328735,642
3,,1.9144965410232544,,1.9144965410232544,643
3,,2.0511422157287598,,2.0511422157287598,644
3,,2.068481206893921,,2.068481206893921,645
3,,2.1196064949035645,,2.1196064949035645,646
3,,1.9931209087371826,,1.9931209087371826,647
3,,2.023667335510254,,2.023667335510254,648
3,,1.9529080390930176,,1.9529080390930176,649
3,,1.919318437576294,,1.919318437576294,650
3,,2.0910797119140625,,2.0910797119140625,651
3,,2.033851146697998,,2.033851146697998,652
3,,1.8612648248672485,,1.8612648248672485,653
3,,1.994742512702942,,1.994742512702942,654
3,,1.81419837474823,,1.81419837474823,655
3,,2.010496139526367,,2.010496139526367,656
3,,2.0377731323242188,,2.0377731323242188,657
3,,1.8940414190292358,,1.8940414190292358,658
3,,1.8545329570770264,,1.8545329570770264,659
3,,2.0251810550689697,,2.0251810550689697,660
3,,2.0134663581848145,,2.0134663581848145,661
3,,2.0730724334716797,,2.0730724334716797,662
3,,1.999727725982666,,1.999727725982666,663
3,,1.970780611038208,,1.970780611038208,664
3,,1.885632038116455,,1.885632038116455,665
3,,1.8876383304595947,,1.8876383304595947,666
3,,2.0062437057495117,,2.0062437057495117,667
3,,1.946015477180481,,1.946015477180481,668
3,,2.0764639377593994,,2.0764639377593994,669
3,,1.9566715955734253,,1.9566715955734253,670
3,,2.0331857204437256,,2.0331857204437256,671
3,,1.9908416271209717,,1.9908416271209717,672
3,,1.9805550575256348,,1.9805550575256348,673
3,,1.9633114337921143,,1.9633114337921143,674
3,,2.0214712619781494,,2.0214712619781494,675
3,,2.038097858428955,,2.038097858428955,676
3,,1.9770562648773193,,1.9770562648773193,677
3,,1.9032564163208008,,1.9032564163208008,678
3,,1.79296875,,1.79296875,679
3,1.9710350036621094,,1.9710350036621094,,679
4,,1.8706574440002441,,1.8706574440002441,680
4,,1.9871398210525513,,1.9871398210525513,681
4,,1.953047752380371,,1.953047752380371,682
4,,1.9507888555526733,,1.9507888555526733,683
4,,1.8856372833251953,,1.8856372833251953,684
4,,1.886584997177124,,1.886584997177124,685
4,,2.0189619064331055,,2.0189619064331055,686
4,,1.8771425485610962,,1.8771425485610962,687
4,,1.8557811975479126,,1.8557811975479126,688
4,,1.9691137075424194,,1.9691137075424194,689
4,,1.7960164546966553,,1.7960164546966553,690
4,,1.9698457717895508,,1.9698457717895508,691
4,,2.0784995555877686,,2.0784995555877686,692
4,,1.9313530921936035,,1.9313530921936035,693
4,,1.952243685722351,,1.952243685722351,694
4,,1.9380278587341309,,1.9380278587341309,695
4,,1.9111855030059814,,1.9111855030059814,696
4,,1.8750284910202026,,1.8750284910202026,697
4,,1.988653302192688,,1.988653302192688,698
4,,2.113358974456787,,2.113358974456787,699
4,,1.894518256187439,,1.894518256187439,700
4,,2.0359854698181152,,2.0359854698181152,701
4,,2.07102370262146,,2.07102370262146,702
4,,1.9178719520568848,,1.9178719520568848,703
4,,1.819201946258545,,1.819201946258545,704
4,,1.88713538646698,,1.88713538646698,705
4,,1.9028713703155518,,1.9028713703155518,706
4,,2.1171348094940186,,2.1171348094940186,707
4,,2.0303049087524414,,2.0303049087524414,708
4,,1.9178653955459595,,1.9178653955459595,709
4,,2.0022501945495605,,2.0022501945495605,710
4,,1.880038857460022,,1.880038857460022,711
4,,1.9594789743423462,,1.9594789743423462,712
4,,1.9693719148635864,,1.9693719148635864,713
4,,1.95864999294281,,1.95864999294281,714
4,,1.9728645086288452,,1.9728645086288452,715
4,,1.9641960859298706,,1.9641960859298706,716
4,,2.0133872032165527,,2.0133872032165527,717
4,,1.8828861713409424,,1.8828861713409424,718
4,,2.0439131259918213,,2.0439131259918213,719
4,,1.9071917533874512,,1.9071917533874512,720
4,,2.0715219974517822,,2.0715219974517822,721
4,,2.0531105995178223,,2.0531105995178223,722
4,,1.84788179397583,,1.84788179397583,723
4,,1.8217271566390991,,1.8217271566390991,724
4,,2.0042858123779297,,2.0042858123779297,725
4,,1.9386616945266724,,1.9386616945266724,726
4,,2.0763931274414062,,2.0763931274414062,727
4,,1.9751176834106445,,1.9751176834106445,728
4,,2.0353775024414062,,2.0353775024414062,729
4,,1.96484375,,1.96484375,730
4,,1.9091596603393555,,1.9091596603393555,731
4,,1.9624769687652588,,1.9624769687652588,732
4,,1.8542526960372925,,1.8542526960372925,733
4,,1.8785991668701172,,1.8785991668701172,734
4,,1.8612138032913208,,1.8612138032913208,735
4,,2.0617082118988037,,2.0617082118988037,736
4,,2.032167911529541,,2.032167911529541,737
4,,2.140402317047119,,2.140402317047119,738
4,,1.8930083513259888,,1.8930083513259888,739
4,,2.0839884281158447,,2.0839884281158447,740
4,,2.0668880939483643,,2.0668880939483643,741
4,,1.931713581085205,,1.931713581085205,742
4,,1.992393136024475,,1.992393136024475,743
4,,1.8410530090332031,,1.8410530090332031,744
4,,1.9197148084640503,,1.9197148084640503,745
4,,2.035210132598877,,2.035210132598877,746
4,,2.0219523906707764,,2.0219523906707764,747
4,,1.9869210720062256,,1.9869210720062256,748
4,,2.082876443862915,,2.082876443862915,749
4,,2.130794048309326,,2.130794048309326,750
4,,2.0414350032806396,,2.0414350032806396,751
4,,1.9528356790542603,,1.9528356790542603,752
4,,2.051262855529785,,2.051262855529785,753
4,,1.9760518074035645,,1.9760518074035645,754
4,,1.8666901588439941,,1.8666901588439941,755
4,,2.0138375759124756,,2.0138375759124756,756
4,,2.0026590824127197,,2.0026590824127197,757
4,,2.0266926288604736,,2.0266926288604736,758
4,,1.8692760467529297,,1.8692760467529297,759
4,,1.963820457458496,,1.963820457458496,760
4,,1.9589152336120605,,1.9589152336120605,761
4,,1.8812118768692017,,1.8812118768692017,762
4,,1.863576889038086,,1.863576889038086,763
4,,1.9986892938613892,,1.9986892938613892,764
4,,1.9964673519134521,,1.9964673519134521,765
4,,1.8202621936798096,,1.8202621936798096,766
4,,2.069279193878174,,2.069279193878174,767
4,,1.9136019945144653,,1.9136019945144653,768
4,,1.9143296480178833,,1.9143296480178833,769
4,,1.9381203651428223,,1.9381203651428223,770
4,,2.034123182296753,,2.034123182296753,771
4,,1.9937208890914917,,1.9937208890914917,772
4,,1.9862949848175049,,1.9862949848175049,773
4,,1.837536096572876,,1.837536096572876,774
4,,1.9009073972702026,,1.9009073972702026,775
4,,2.162548542022705,,2.162548542022705,776
4,,1.9968218803405762,,1.9968218803405762,777
4,,1.92169189453125,,1.92169189453125,778
4,,1.9505754709243774,,1.9505754709243774,779
4,,1.9741593599319458,,1.9741593599319458,780
4,,1.8629944324493408,,1.8629944324493408,781
4,,1.8771276473999023,,1.8771276473999023,782
4,,2.057114839553833,,2.057114839553833,783
4,,2.054469585418701,,2.054469585418701,784
4,,1.9455287456512451,,1.9455287456512451,785
4,,1.818931221961975,,1.818931221961975,786
4,,1.936430811882019,,1.936430811882019,787
4,,2.2062175273895264,,2.2062175273895264,788
4,,1.8802083730697632,,1.8802083730697632,789
4,,1.8160566091537476,,1.8160566091537476,790
4,,1.963332176208496,,1.963332176208496,791
4,,2.0679972171783447,,2.0679972171783447,792
4,,2.114193916320801,,2.114193916320801,793
4,,2.078552722930908,,2.078552722930908,794
4,,1.8828420639038086,,1.8828420639038086,795
4,,1.8974508047103882,,1.8974508047103882,796
4,,2.0077996253967285,,2.0077996253967285,797
4,,1.8574824333190918,,1.8574824333190918,798
4,,1.8812700510025024,,1.8812700510025024,799
4,,1.9627903699874878,,1.9627903699874878,800
4,,1.9622567892074585,,1.9622567892074585,801
4,,2.126574754714966,,2.126574754714966,802
4,,2.0541093349456787,,2.0541093349456787,803
4,,1.925126075744629,,1.925126075744629,804
4,,1.9413864612579346,,1.9413864612579346,805
4,,2.0369303226470947,,2.0369303226470947,806
4,,2.059497594833374,,2.059497594833374,807
4,,2.178898811340332,,2.178898811340332,808
4,,2.030421495437622,,2.030421495437622,809
4,,2.015854835510254,,2.015854835510254,810
4,,1.91079580783844,,1.91079580783844,811
4,,1.8425551652908325,,1.8425551652908325,812
4,,2.081411361694336,,2.081411361694336,813
4,,2.0721137523651123,,2.0721137523651123,814
4,,2.0025806427001953,,2.0025806427001953,815
4,,1.856967806816101,,1.856967806816101,816
4,,2.075876474380493,,2.075876474380493,817
4,,2.008924722671509,,2.008924722671509,818
4,,1.9675363302230835,,1.9675363302230835,819
4,,1.9005893468856812,,1.9005893468856812,820
4,,2.045640707015991,,2.045640707015991,821
4,,1.8388588428497314,,1.8388588428497314,822
4,,2.0181353092193604,,2.0181353092193604,823
4,,1.9695405960083008,,1.9695405960083008,824
4,,1.9622071981430054,,1.9622071981430054,825
4,,2.0192482471466064,,2.0192482471466064,826
4,,1.9758347272872925,,1.9758347272872925,827
4,,1.9070988893508911,,1.9070988893508911,828
4,,1.8857229948043823,,1.8857229948043823,829
4,,1.9350030422210693,,1.9350030422210693,830
4,,1.8846497535705566,,1.8846497535705566,831
4,,1.988726258277893,,1.988726258277893,832
4,,1.9844661951065063,,1.9844661951065063,833
4,,1.8911830186843872,,1.8911830186843872,834
4,,1.9004137516021729,,1.9004137516021729,835
4,,2.0236544609069824,,2.0236544609069824,836
4,,1.9286471605300903,,1.9286471605300903,837
4,,1.8031009435653687,,1.8031009435653687,838
4,,1.9757435321807861,,1.9757435321807861,839
4,,2.1216044425964355,,2.1216044425964355,840
4,,1.8691130876541138,,1.8691130876541138,841
4,,1.9445880651474,,1.9445880651474,842
4,,1.9795159101486206,,1.9795159101486206,843
4,,1.9019991159439087,,1.9019991159439087,844
4,,1.904405117034912,,1.904405117034912,845
4,,2.05176043510437,,2.05176043510437,846
4,,2.0961177349090576,,2.0961177349090576,847
4,,1.9660887718200684,,1.9660887718200684,848
4,,1.8395951986312866,,1.8395951986312866,849
4,1.966005563735962,,1.966005563735962,,849
5,,2.039979934692383,,2.039979934692383,850
5,,1.8613989353179932,,1.8613989353179932,851
5,,2.1399011611938477,,2.1399011611938477,852
5,,1.9447017908096313,,1.9447017908096313,853
5,,1.8669979572296143,,1.8669979572296143,854
5,,2.1116750240325928,,2.1116750240325928,855
5,,1.9008874893188477,,1.9008874893188477,856
5,,1.9731686115264893,,1.9731686115264893,857
5,,1.9714761972427368,,1.9714761972427368,858
5,,2.0022058486938477,,2.0022058486938477,859
5,,2.055898427963257,,2.055898427963257,860
5,,1.9749956130981445,,1.9749956130981445,861
5,,2.0207247734069824,,2.0207247734069824,862
5,,1.9146463871002197,,1.9146463871002197,863
5,,1.9762271642684937,,1.9762271642684937,864
5,,2.037527322769165,,2.037527322769165,865
5,,1.8828932046890259,,1.8828932046890259,866
5,,1.8792247772216797,,1.8792247772216797,867
5,,1.897613763809204,,1.897613763809204,868
5,,2.133561372756958,,2.133561372756958,869
5,,1.9820562601089478,,1.9820562601089478,870
5,,1.9237898588180542,,1.9237898588180542,871
5,,2.0517337322235107,,2.0517337322235107,872
5,,1.9778262376785278,,1.9778262376785278,873
5,,2.0161759853363037,,2.0161759853363037,874
5,,1.795507788658142,,1.795507788658142,875
5,,1.8626981973648071,,1.8626981973648071,876
5,,2.052168607711792,,2.052168607711792,877
5,,1.9666969776153564,,1.9666969776153564,878
5,,1.8479994535446167,,1.8479994535446167,879
5,,1.806662678718567,,1.806662678718567,880
5,,2.0126967430114746,,2.0126967430114746,881
5,,1.9436893463134766,,1.9436893463134766,882
5,,1.927367091178894,,1.927367091178894,883
5,,1.9935377836227417,,1.9935377836227417,884
5,,1.9498833417892456,,1.9498833417892456,885
5,,1.8619123697280884,,1.8619123697280884,886
5,,1.7800054550170898,,1.7800054550170898,887
5,,2.1041667461395264,,2.1041667461395264,888
5,,1.820496678352356,,1.820496678352356,889
5,,1.8858298063278198,,1.8858298063278198,890
5,,1.8643689155578613,,1.8643689155578613,891
5,,1.9005929231643677,,1.9005929231643677,892
5,,1.9683341979980469,,1.9683341979980469,893
5,,1.979914903640747,,1.979914903640747,894
5,,1.9556519985198975,,1.9556519985198975,895
5,,1.8618476390838623,,1.8618476390838623,896
5,,1.9071024656295776,,1.9071024656295776,897
5,,1.9603471755981445,,1.9603471755981445,898
5,,2.0420024394989014,,2.0420024394989014,899
5,,2.034679651260376,,2.034679651260376,900
5,,2.013310670852661,,2.013310670852661,901
5,,2.022538661956787,,2.022538661956787,902
5,,1.9476839303970337,,1.9476839303970337,903
5,,1.8798692226409912,,1.8798692226409912,904
5,,2.0130274295806885,,2.0130274295806885,905
5,,2.0074715614318848,,2.0074715614318848,906
5,,2.0479743480682373,,2.0479743480682373,907
5,,2.0855772495269775,,2.0855772495269775,908
5,,1.9251834154129028,,1.9251834154129028,909
5,,1.9302847385406494,,1.9302847385406494,910
5,,1.8263015747070312,,1.8263015747070312,911
5,,2.159369945526123,,2.159369945526123,912
5,,1.9114114046096802,,1.9114114046096802,913
5,,1.9837332963943481,,1.9837332963943481,914
5,,1.8105131387710571,,1.8105131387710571,915
5,,1.95103120803833,,1.95103120803833,916
5,,1.9322888851165771,,1.9322888851165771,917
5,,1.9139974117279053,,1.9139974117279053,918
5,,1.91887366771698,,1.91887366771698,919
5,,2.0525734424591064,,2.0525734424591064,920
5,,1.855859398841858,,1.855859398841858,921
5,,2.0310473442077637,,2.0310473442077637,922
5,,1.9627565145492554,,1.9627565145492554,923
5,,1.9768085479736328,,1.9768085479736328,924
5,,1.9262768030166626,,1.9262768030166626,925
5,,2.0472359657287598,,2.0472359657287598,926
5,,2.0071585178375244,,2.0071585178375244,927
5,,1.7031936645507812,,1.7031936645507812,928
5,,1.9452588558197021,,1.9452588558197021,929
5,,1.9022127389907837,,1.9022127389907837,930
5,,2.131701946258545,,2.131701946258545,931
5,,2.051065444946289,,2.051065444946289,932
5,,1.7641208171844482,,1.7641208171844482,933
5,,1.8963735103607178,,1.8963735103607178,934
5,,2.1331968307495117,,2.1331968307495117,935
5,,2.0886332988739014,,2.0886332988739014,936
5,,2.03525710105896,,2.03525710105896,937
5,,1.7976709604263306,,1.7976709604263306,938
5,,1.9766467809677124,,1.9766467809677124,939
5,,1.818940281867981,,1.818940281867981,940
5,,2.0343639850616455,,2.0343639850616455,941
5,,1.8344671726226807,,1.8344671726226807,942
5,,1.9224358797073364,,1.9224358797073364,943
5,,1.9272722005844116,,1.9272722005844116,944
5,,2.038578987121582,,2.038578987121582,945
5,,1.8313941955566406,,1.8313941955566406,946
5,,1.824526309967041,,1.824526309967041,947
5,,1.9287091493606567,,1.9287091493606567,948
5,,1.8466609716415405,,1.8466609716415405,949
5,,1.9895682334899902,,1.9895682334899902,950
5,,2.021526575088501,,2.021526575088501,951
5,,2.117222547531128,,2.117222547531128,952
5,,2.086254835128784,,2.086254835128784,953
5,,2.1102404594421387,,2.1102404594421387,954
5,,1.958371639251709,,1.958371639251709,955
5,,2.17553448677063,,2.17553448677063,956
5,,1.8579721450805664,,1.8579721450805664,957
5,,1.8692644834518433,,1.8692644834518433,958
5,,1.7072768211364746,,1.7072768211364746,959
5,,1.9008326530456543,,1.9008326530456543,960
5,,1.994798183441162,,1.994798183441162,961
5,,1.7544716596603394,,1.7544716596603394,962
5,,2.0780670642852783,,2.0780670642852783,963
5,,1.9293733835220337,,1.9293733835220337,964
5,,2.080500364303589,,2.080500364303589,965
5,,1.9901692867279053,,1.9901692867279053,966
5,,1.7868824005126953,,1.7868824005126953,967
5,,2.108511447906494,,2.108511447906494,968
5,,1.8836920261383057,,1.8836920261383057,969
5,,2.0016400814056396,,2.0016400814056396,970
5,,1.908515214920044,,1.908515214920044,971
5,,1.876137137413025,,1.876137137413025,972
5,,2.056377649307251,,2.056377649307251,973
5,,2.03603196144104,,2.03603196144104,974
5,,1.84375,,1.84375,975
5,,1.84481680393219,,1.84481680393219,976
5,,1.9704402685165405,,1.9704402685165405,977
5,,1.6366676092147827,,1.6366676092147827,978
5,,1.9798663854599,,1.9798663854599,979
5,,1.8545246124267578,,1.8545246124267578,980
5,,2.0115771293640137,,2.0115771293640137,981
5,,1.813531756401062,,1.813531756401062,982
5,,1.9248406887054443,,1.9248406887054443,983
5,,1.9313418865203857,,1.9313418865203857,984
5,,1.9271138906478882,,1.9271138906478882,985
5,,1.9716871976852417,,1.9716871976852417,986
5,,1.8457355499267578,,1.8457355499267578,987
5,,1.9749094247817993,,1.9749094247817993,988
5,,1.9573758840560913,,1.9573758840560913,989
5,,1.9347467422485352,,1.9347467422485352,990
5,,1.9914425611495972,,1.9914425611495972,991
5,,1.8710194826126099,,1.8710194826126099,992
5,,1.8432855606079102,,1.8432855606079102,993
5,,2.061328172683716,,2.061328172683716,994
5,,1.9576246738433838,,1.9576246738433838,995
5,,2.070122718811035,,2.070122718811035,996
5,,1.923295497894287,,1.923295497894287,997
5,,1.9841272830963135,,1.9841272830963135,998
5,,1.972219467163086,,1.972219467163086,999
5,,1.8890234231948853,,1.8890234231948853,1000
5,,1.8480783700942993,,1.8480783700942993,1001
5,,2.0192956924438477,,2.0192956924438477,1002
5,,2.070368766784668,,2.070368766784668,1003
5,,1.85888671875,,1.85888671875,1004
5,,1.805343508720398,,1.805343508720398,1005
5,,1.9891027212142944,,1.9891027212142944,1006
5,,1.9334132671356201,,1.9334132671356201,1007
5,,1.828908920288086,,1.828908920288086,1008
5,,1.9363917112350464,,1.9363917112350464,1009
5,,1.8978486061096191,,1.8978486061096191,1010
5,,1.9984697103500366,,1.9984697103500366,1011
5,,1.905177354812622,,1.905177354812622,1012
5,,1.973767638206482,,1.973767638206482,1013
5,,1.9859209060668945,,1.9859209060668945,1014
5,,1.8945220708847046,,1.8945220708847046,1015
5,,1.9460251331329346,,1.9460251331329346,1016
5,,1.877962589263916,,1.877962589263916,1017
5,,2.003389358520508,,2.003389358520508,1018
5,,1.8608863353729248,,1.8608863353729248,1019
5,1.9479423761367798,,1.9479423761367798,,1019
6,,1.9333584308624268,,1.9333584308624268,1020
6,,1.9854508638381958,,1.9854508638381958,1021
6,,1.9272141456604004,,1.9272141456604004,1022
6,,1.8806673288345337,,1.8806673288345337,1023
6,,1.9210069179534912,,1.9210069179534912,1024
6,,1.959487795829773,,1.959487795829773,1025
6,,2.0902254581451416,,2.0902254581451416,1026
6,,1.9237574338912964,,1.9237574338912964,1027
6,,1.9192510843276978,,1.9192510843276978,1028
6,,1.9627680778503418,,1.9627680778503418,1029
6,,1.7940795421600342,,1.7940795421600342,1030
6,,1.8078511953353882,,1.8078511953353882,1031
6,,1.9384150505065918,,1.9384150505065918,1032
6,,1.7882943153381348,,1.7882943153381348,1033
6,,1.9200947284698486,,1.9200947284698486,1034
6,,2.0257153511047363,,2.0257153511047363,1035
6,,1.8649123907089233,,1.8649123907089233,1036
6,,1.9744571447372437,,1.9744571447372437,1037
6,,1.9405879974365234,,1.9405879974365234,1038
6,,1.947913408279419,,1.947913408279419,1039
6,,1.8106943368911743,,1.8106943368911743,1040
6,,1.9454604387283325,,1.9454604387283325,1041
6,,1.9615005254745483,,1.9615005254745483,1042
6,,2.071585178375244,,2.071585178375244,1043
6,,2.0249130725860596,,2.0249130725860596,1044
6,,1.8461018800735474,,1.8461018800735474,1045
6,,1.9811097383499146,,1.9811097383499146,1046
6,,1.8821802139282227,,1.8821802139282227,1047
6,,1.98046875,,1.98046875,1048
6,,2.0898168087005615,,2.0898168087005615,1049
6,,2.0599281787872314,,2.0599281787872314,1050
6,,1.9846233129501343,,1.9846233129501343,1051
6,,2.1152305603027344,,2.1152305603027344,1052
6,,1.9033408164978027,,1.9033408164978027,1053
6,,1.8399044275283813,,1.8399044275283813,1054
6,,1.8560415506362915,,1.8560415506362915,1055
6,,1.980458378791809,,1.980458378791809,1056
6,,2.0216689109802246,,2.0216689109802246,1057
6,,1.9879953861236572,,1.9879953861236572,1058
6,,1.836451768875122,,1.836451768875122,1059
6,,1.9634876251220703,,1.9634876251220703,1060
6,,2.0189249515533447,,2.0189249515533447,1061
6,,2.0141236782073975,,2.0141236782073975,1062
6,,1.9884659051895142,,1.9884659051895142,1063
6,,1.8801721334457397,,1.8801721334457397,1064
6,,1.9715006351470947,,1.9715006351470947,1065
6,,1.9728341102600098,,1.9728341102600098,1066
6,,2.005328893661499,,2.005328893661499,1067
6,,1.8507918119430542,,1.8507918119430542,1068
6,,1.91718327999115,,1.91718327999115,1069
6,,1.8680541515350342,,1.8680541515350342,1070
6,,1.934954285621643,,1.934954285621643,1071
6,,1.7370810508728027,,1.7370810508728027,1072
6,,1.9074602127075195,,1.9074602127075195,1073
6,,1.9076321125030518,,1.9076321125030518,1074
6,,2.120161533355713,,2.120161533355713,1075
6,,1.8851981163024902,,1.8851981163024902,1076
6,,1.912109375,,1.912109375,1077
6,,1.9317244291305542,,1.9317244291305542,1078
6,,1.8781812191009521,,1.8781812191009521,1079
6,,2.0354955196380615,,2.0354955196380615,1080
6,,1.8750675916671753,,1.8750675916671753,1081
6,,1.9511818885803223,,1.9511818885803223,1082
6,,2.026397943496704,,2.026397943496704,1083
6,,1.947869062423706,,1.947869062423706,1084
6,,1.8735482692718506,,1.8735482692718506,1085
6,,2.0252819061279297,,2.0252819061279297,1086
6,,1.9800405502319336,,1.9800405502319336,1087
6,,1.7853541374206543,,1.7853541374206543,1088
6,,1.760627031326294,,1.760627031326294,1089
6,,2.051762580871582,,2.051762580871582,1090
6,,2.0987722873687744,,2.0987722873687744,1091
6,,1.865031361579895,,1.865031361579895,1092
6,,1.9406770467758179,,1.9406770467758179,1093
6,,1.915644884109497,,1.915644884109497,1094
6,,1.9469472169876099,,1.9469472169876099,1095
6,,1.850039005279541,,1.850039005279541,1096
6,,1.9176796674728394,,1.9176796674728394,1097
6,,2.0160837173461914,,2.0160837173461914,1098
6,,1.913529872894287,,1.913529872894287,1099
6,,2.1532833576202393,,2.1532833576202393,1100
6,,1.8897291421890259,,1.8897291421890259,1101
6,,2.0119857788085938,,2.0119857788085938,1102
6,,1.9200539588928223,,1.9200539588928223,1103
6,,1.9406017065048218,,1.9406017065048218,1104
6,,1.9443359375,,1.9443359375,1105
6,,1.9881943464279175,,1.9881943464279175,1106
6,,1.875859022140503,,1.875859022140503,1107
6,,1.888209342956543,,1.888209342956543,1108
6,,1.9844238758087158,,1.9844238758087158,1109
6,,2.0148496627807617,,2.0148496627807617,1110
6,,1.8658807277679443,,1.8658807277679443,1111
6,,1.9083333015441895,,1.9083333015441895,1112
6,,1.9865624904632568,,1.9865624904632568,1113
6,,1.8303921222686768,,1.8303921222686768,1114
6,,1.8671190738677979,,1.8671190738677979,1115
6,,1.9588462114334106,,1.9588462114334106,1116
6,,1.8810360431671143,,1.8810360431671143,1117
6,,1.9810017347335815,,1.9810017347335815,1118
6,,1.9298182725906372,,1.9298182725906372,1119
6,,2.076749801635742,,2.076749801635742,1120
6,,1.9562684297561646,,1.9562684297561646,1121
6,,1.6885356903076172,,1.6885356903076172,1122
6,,2.0200953483581543,,2.0200953483581543,1123
6,,1.9329122304916382,,1.9329122304916382,1124
6,,1.954228162765503,,1.954228162765503,1125
6,,2.0064854621887207,,2.0064854621887207,1126
6,,2.0505828857421875,,2.0505828857421875,1127
6,,2.015223264694214,,2.015223264694214,1128
6,,1.917898416519165,,1.917898416519165,1129
6,,1.9780505895614624,,1.9780505895614624,1130
6,,1.9915285110473633,,1.9915285110473633,1131
6,,1.7945640087127686,,1.7945640087127686,1132
6,,1.8991371393203735,,1.8991371393203735,1133
6,,1.7265121936798096,,1.7265121936798096,1134
6,,2.004563570022583,,2.004563570022583,1135
6,,1.9149600267410278,,1.9149600267410278,1136
6,,1.8326449394226074,,1.8326449394226074,1137
6,,2.045471668243408,,2.045471668243408,1138
6,,1.9458212852478027,,1.9458212852478027,1139
6,,2.120495557785034,,2.120495557785034,1140
6,,1.9493069648742676,,1.9493069648742676,1141
6,,2.061715602874756,,2.061715602874756,1142
6,,1.9971520900726318,,1.9971520900726318,1143
6,,1.95444917678833,,1.95444917678833,1144
6,,1.8365570306777954,,1.8365570306777954,1145
6,,2.0891218185424805,,2.0891218185424805,1146
6,,1.814967155456543,,1.814967155456543,1147
6,,1.8501695394515991,,1.8501695394515991,1148
6,,1.8849207162857056,,1.8849207162857056,1149
6,,2.0804126262664795,,2.0804126262664795,1150
6,,1.9917694330215454,,1.9917694330215454,1151
6,,1.9257510900497437,,1.9257510900497437,1152
6,,2.064997434616089,,2.064997434616089,1153
6,,2.1348721981048584,,2.1348721981048584,1154
6,,1.923195242881775,,1.923195242881775,1155
6,,1.8162709474563599,,1.8162709474563599,1156
6,,2.0027201175689697,,2.0027201175689697,1157
6,,1.9725604057312012,,1.9725604057312012,1158
6,,1.7010083198547363,,1.7010083198547363,1159
6,,2.0443878173828125,,2.0443878173828125,1160
6,,1.8832758665084839,,1.8832758665084839,1161
6,,1.9586918354034424,,1.9586918354034424,1162
6,,2.036808729171753,,2.036808729171753,1163
6,,1.7508069276809692,,1.7508069276809692,1164
6,,1.8358350992202759,,1.8358350992202759,1165
6,,1.8931385278701782,,1.8931385278701782,1166
6,,1.8457515239715576,,1.8457515239715576,1167
6,,1.9696934223175049,,1.9696934223175049,1168
6,,1.8601396083831787,,1.8601396083831787,1169
6,,1.927811622619629,,1.927811622619629,1170
6,,1.7779104709625244,,1.7779104709625244,1171
6,,1.84699547290802,,1.84699547290802,1172
6,,1.813973307609558,,1.813973307609558,1173
6,,1.8482698202133179,,1.8482698202133179,1174
6,,1.9019542932510376,,1.9019542932510376,1175
6,,1.771098256111145,,1.771098256111145,1176
6,,1.954775333404541,,1.954775333404541,1177
6,,1.8450100421905518,,1.8450100421905518,1178
6,,1.8857468366622925,,1.8857468366622925,1179
6,,1.6591227054595947,,1.6591227054595947,1180
6,,1.8555998802185059,,1.8555998802185059,1181
6,,1.8538442850112915,,1.8538442850112915,1182
6,,1.9689058065414429,,1.9689058065414429,1183
6,,1.984782099723816,,1.984782099723816,1184
6,,1.9614906311035156,,1.9614906311035156,1185
6,,1.8677964210510254,,1.8677964210510254,1186
6,,1.9006555080413818,,1.9006555080413818,1187
6,,2.059323787689209,,2.059323787689209,1188
6,,1.9038218259811401,,1.9038218259811401,1189
6,1.9326940774917603,,1.9326940774917603,,1189
7,,1.942444920539856,,1.942444920539856,1190
7,,1.8521665334701538,,1.8521665334701538,1191
7,,1.9657922983169556,,1.9657922983169556,1192
7,,1.9993025064468384,,1.9993025064468384,1193
7,,1.888958215713501,,1.888958215713501,1194
7,,2.030564308166504,,2.030564308166504,1195
7,,1.8730323314666748,,1.8730323314666748,1196
7,,1.7804192304611206,,1.7804192304611206,1197
7,,1.9642837047576904,,1.9642837047576904,1198
7,,1.9085513353347778,,1.9085513353347778,1199
7,,1.9039921760559082,,1.9039921760559082,1200
7,,1.9609750509262085,,1.9609750509262085,1201
7,,2.145611524581909,,2.145611524581909,1202
7,,2.0368831157684326,,2.0368831157684326,1203
7,,1.8270344734191895,,1.8270344734191895,1204
7,,1.9742969274520874,,1.9742969274520874,1205
7,,1.8771061897277832,,1.8771061897277832,1206
7,,2.013612985610962,,2.013612985610962,1207
7,,1.9242650270462036,,1.9242650270462036,1208
7,,1.9501113891601562,,1.9501113891601562,1209
7,,1.9876399040222168,,1.9876399040222168,1210
7,,1.939656138420105,,1.939656138420105,1211
7,,1.883933424949646,,1.883933424949646,1212
7,,1.983056664466858,,1.983056664466858,1213
7,,2.065507411956787,,2.065507411956787,1214
7,,1.9766992330551147,,1.9766992330551147,1215
7,,1.9575958251953125,,1.9575958251953125,1216
7,,1.8639464378356934,,1.8639464378356934,1217
7,,1.9888463020324707,,1.9888463020324707,1218
7,,1.911192774772644,,1.911192774772644,1219
7,,1.9053641557693481,,1.9053641557693481,1220
7,,2.1389615535736084,,2.1389615535736084,1221
7,,2.1329684257507324,,2.1329684257507324,1222
7,,2.0241646766662598,,2.0241646766662598,1223
7,,2.046311616897583,,2.046311616897583,1224
7,,1.879994511604309,,1.879994511604309,1225
7,,2.004185199737549,,2.004185199737549,1226
7,,2.067981719970703,,2.067981719970703,1227
7,,1.851554274559021,,1.851554274559021,1228
7,,2.024632215499878,,2.024632215499878,1229
7,,1.986419677734375,,1.986419677734375,1230
7,,2.003445625305176,,2.003445625305176,1231
7,,2.1110243797302246,,2.1110243797302246,1232
7,,2.0746798515319824,,2.0746798515319824,1233
7,,1.8768229484558105,,1.8768229484558105,1234
7,,1.8616372346878052,,1.8616372346878052,1235
7,,1.9702515602111816,,1.9702515602111816,1236
7,,1.9623154401779175,,1.9623154401779175,1237
7,,1.9079875946044922,,1.9079875946044922,1238
7,,1.8549368381500244,,1.8549368381500244,1239
7,,2.0,,2.0,1240
7,,1.837076187133789,,1.837076187133789,1241
7,,1.8321707248687744,,1.8321707248687744,1242
7,,1.8503940105438232,,1.8503940105438232,1243
7,,1.8111048936843872,,1.8111048936843872,1244
7,,2.0075554847717285,,2.0075554847717285,1245
7,,2.0665345191955566,,2.0665345191955566,1246
7,,1.9201725721359253,,1.9201725721359253,1247
7,,2.113576889038086,,2.113576889038086,1248
7,,1.8289324045181274,,1.8289324045181274,1249
7,,1.9585167169570923,,1.9585167169570923,1250
7,,1.8804816007614136,,1.8804816007614136,1251
7,,2.03432035446167,,2.03432035446167,1252
7,,2.04316782951355,,2.04316782951355,1253
7,,1.9200526475906372,,1.9200526475906372,1254
7,,1.9725499153137207,,1.9725499153137207,1255
7,,1.7736437320709229,,1.7736437320709229,1256
7,,1.9531713724136353,,1.9531713724136353,1257
7,,1.9651341438293457,,1.9651341438293457,1258
7,,1.8673009872436523,,1.8673009872436523,1259
7,,2.014662027359009,,2.014662027359009,1260
7,,1.9180634021759033,,1.9180634021759033,1261
7,,1.9242146015167236,,1.9242146015167236,1262
7,,1.9111523628234863,,1.9111523628234863,1263
7,,1.876560926437378,,1.876560926437378,1264
7,,1.8079758882522583,,1.8079758882522583,1265
7,,1.8401669263839722,,1.8401669263839722,1266
7,,1.8608189821243286,,1.8608189821243286,1267
7,,1.7721971273422241,,1.7721971273422241,1268
7,,1.8432856798171997,,1.8432856798171997,1269
7,,1.875343680381775,,1.875343680381775,1270
7,,2.046437978744507,,2.046437978744507,1271
7,,1.992414951324463,,1.992414951324463,1272
7,,1.9026788473129272,,1.9026788473129272,1273
7,,1.9685300588607788,,1.9685300588607788,1274
7,,1.9998729228973389,,1.9998729228973389,1275
7,,1.8087003231048584,,1.8087003231048584,1276
7,,1.895884394645691,,1.895884394645691,1277
7,,1.9110746383666992,,1.9110746383666992,1278
7,,2.154282808303833,,2.154282808303833,1279
7,,1.8632646799087524,,1.8632646799087524,1280
7,,1.9973958730697632,,1.9973958730697632,1281
7,,1.9272196292877197,,1.9272196292877197,1282
7,,1.899154543876648,,1.899154543876648,1283
7,,2.0107421875,,2.0107421875,1284
7,,1.8459737300872803,,1.8459737300872803,1285
7,,1.8797825574874878,,1.8797825574874878,1286
7,,2.0038564205169678,,2.0038564205169678,1287
7,,2.104635000228882,,2.104635000228882,1288
7,,1.9002141952514648,,1.9002141952514648,1289
7,,2.0298595428466797,,2.0298595428466797,1290
7,,1.906185269355774,,1.906185269355774,1291
7,,1.8892405033111572,,1.8892405033111572,1292
7,,1.755185842514038,,1.755185842514038,1293
7,,1.9100122451782227,,1.9100122451782227,1294
7,,2.015838146209717,,2.015838146209717,1295
7,,1.961686372756958,,1.961686372756958,1296
7,,1.958703637123108,,1.958703637123108,1297
7,,1.804436445236206,,1.804436445236206,1298
7,,1.9575960636138916,,1.9575960636138916,1299
7,,1.9857820272445679,,1.9857820272445679,1300
7,,1.7388334274291992,,1.7388334274291992,1301
7,,1.963388442993164,,1.963388442993164,1302
7,,1.9774516820907593,,1.9774516820907593,1303
7,,2.0436408519744873,,2.0436408519744873,1304
7,,1.8806349039077759,,1.8806349039077759,1305
7,,1.8835763931274414,,1.8835763931274414,1306
7,,1.9046670198440552,,1.9046670198440552,1307
7,,1.9745033979415894,,1.9745033979415894,1308
7,,1.8782618045806885,,1.8782618045806885,1309
7,,1.8889892101287842,,1.8889892101287842,1310
7,,1.868019938468933,,1.868019938468933,1311
7,,1.803770661354065,,1.803770661354065,1312
7,,1.7733573913574219,,1.7733573913574219,1313
7,,2.0382025241851807,,2.0382025241851807,1314
7,,1.9362943172454834,,1.9362943172454834,1315
7,,1.8242563009262085,,1.8242563009262085,1316
7,,2.0534751415252686,,2.0534751415252686,1317
7,,1.8930786848068237,,1.8930786848068237,1318
7,,1.796157717704773,,1.796157717704773,1319
7,,1.7369332313537598,,1.7369332313537598,1320
7,,1.894325613975525,,1.894325613975525,1321
7,,1.8485910892486572,,1.8485910892486572,1322
7,,1.9362285137176514,,1.9362285137176514,1323
7,,1.9769270420074463,,1.9769270420074463,1324
7,,2.0109190940856934,,2.0109190940856934,1325
7,,1.803983211517334,,1.803983211517334,1326
7,,1.9455310106277466,,1.9455310106277466,1327
7,,1.95681893825531,,1.95681893825531,1328
7,,1.9801243543624878,,1.9801243543624878,1329
7,,1.8777117729187012,,1.8777117729187012,1330
7,,1.8687036037445068,,1.8687036037445068,1331
7,,1.9733632802963257,,1.9733632802963257,1332
7,,1.9166817665100098,,1.9166817665100098,1333
7,,1.8190031051635742,,1.8190031051635742,1334
7,,1.9691225290298462,,1.9691225290298462,1335
7,,1.9325027465820312,,1.9325027465820312,1336
7,,2.0177671909332275,,2.0177671909332275,1337
7,,1.9060457944869995,,1.9060457944869995,1338
7,,1.9507784843444824,,1.9507784843444824,1339
7,,1.782821536064148,,1.782821536064148,1340
7,,2.0263309478759766,,2.0263309478759766,1341
7,,1.6840111017227173,,1.6840111017227173,1342
7,,1.9317423105239868,,1.9317423105239868,1343
7,,2.0599539279937744,,2.0599539279937744,1344
7,,1.8375160694122314,,1.8375160694122314,1345
7,,1.8152767419815063,,1.8152767419815063,1346
7,,1.8138611316680908,,1.8138611316680908,1347
7,,1.8565386533737183,,1.8565386533737183,1348
7,,1.9106754064559937,,1.9106754064559937,1349
7,,2.0408554077148438,,2.0408554077148438,1350
7,,1.9492772817611694,,1.9492772817611694,1351
7,,1.9933925867080688,,1.9933925867080688,1352
7,,1.9040369987487793,,1.9040369987487793,1353
7,,1.6994231939315796,,1.6994231939315796,1354
7,,1.8757305145263672,,1.8757305145263672,1355
7,,1.9104673862457275,,1.9104673862457275,1356
7,,1.9938380718231201,,1.9938380718231201,1357
7,,1.9903864860534668,,1.9903864860534668,1358
7,,1.900673508644104,,1.900673508644104,1359
7,1.9298101663589478,,1.9298101663589478,,1359
8,,1.7963273525238037,,1.7963273525238037,1360
8,,1.9702717065811157,,1.9702717065811157,1361
8,,1.9550491571426392,,1.9550491571426392,1362
8,,1.9352225065231323,,1.9352225065231323,1363
8,,1.8736162185668945,,1.8736162185668945,1364
8,,1.8868076801300049,,1.8868076801300049,1365
8,,1.8734132051467896,,1.8734132051467896,1366
8,,2.03794527053833,,2.03794527053833,1367
8,,1.9364453554153442,,1.9364453554153442,1368
8,,1.8955448865890503,,1.8955448865890503,1369
8,,1.8818604946136475,,1.8818604946136475,1370
8,,1.939551591873169,,1.939551591873169,1371
8,,2.020897150039673,,2.020897150039673,1372
8,,1.9425283670425415,,1.9425283670425415,1373
8,,1.8849756717681885,,1.8849756717681885,1374
8,,1.9844632148742676,,1.9844632148742676,1375
8,,1.9150938987731934,,1.9150938987731934,1376
8,,1.855531096458435,,1.855531096458435,1377
8,,1.916133999824524,,1.916133999824524,1378
8,,1.9047073125839233,,1.9047073125839233,1379
8,,1.9833159446716309,,1.9833159446716309,1380
8,,1.8571717739105225,,1.8571717739105225,1381
8,,1.9970976114273071,,1.9970976114273071,1382
8,,1.9224673509597778,,1.9224673509597778,1383
8,,1.919145107269287,,1.919145107269287,1384
8,,1.8489946126937866,,1.8489946126937866,1385
8,,1.8685551881790161,,1.8685551881790161,1386
8,,1.9295607805252075,,1.9295607805252075,1387
8,,2.0682191848754883,,2.0682191848754883,1388
8,,2.018256664276123,,2.018256664276123,1389
8,,1.9461787939071655,,1.9461787939071655,1390
8,,1.9916919469833374,,1.9916919469833374,1391
8,,1.847538709640503,,1.847538709640503,1392
8,,1.832844614982605,,1.832844614982605,1393
8,,1.9598917961120605,,1.9598917961120605,1394
8,,1.823339819908142,,1.823339819908142,1395
8,,1.8372304439544678,,1.8372304439544678,1396
8,,1.84598970413208,,1.84598970413208,1397
8,,1.866484522819519,,1.866484522819519,1398
8,,1.8625634908676147,,1.8625634908676147,1399
8,,1.8895868062973022,,1.8895868062973022,1400
8,,1.8848321437835693,,1.8848321437835693,1401
8,,1.9089503288269043,,1.9089503288269043,1402
8,,1.7727558612823486,,1.7727558612823486,1403
8,,1.9663915634155273,,1.9663915634155273,1404
8,,1.7967909574508667,,1.7967909574508667,1405
8,,1.7986348867416382,,1.7986348867416382,1406
8,,1.7238142490386963,,1.7238142490386963,1407
8,,1.9095689058303833,,1.9095689058303833,1408
8,,1.9838693141937256,,1.9838693141937256,1409
8,,2.0315613746643066,,2.0315613746643066,1410
8,,1.8841935396194458,,1.8841935396194458,1411
8,,2.0715034008026123,,2.0715034008026123,1412
8,,1.8584563732147217,,1.8584563732147217,1413
8,,1.8092124462127686,,1.8092124462127686,1414
8,,1.8175079822540283,,1.8175079822540283,1415
8,,2.013073205947876,,2.013073205947876,1416
8,,1.9242095947265625,,1.9242095947265625,1417
8,,1.7080152034759521,,1.7080152034759521,1418
8,,1.891023874282837,,1.891023874282837,1419
8,,1.9815729856491089,,1.9815729856491089,1420
8,,1.8780287504196167,,1.8780287504196167,1421
8,,1.9304593801498413,,1.9304593801498413,1422
8,,1.7758088111877441,,1.7758088111877441,1423
8,,1.956897497177124,,1.956897497177124,1424
8,,1.7790547609329224,,1.7790547609329224,1425
8,,1.9526852369308472,,1.9526852369308472,1426
8,,1.852036952972412,,1.852036952972412,1427
8,,1.8305639028549194,,1.8305639028549194,1428
8,,1.9766608476638794,,1.9766608476638794,1429
8,,1.776686429977417,,1.776686429977417,1430
8,,1.8195934295654297,,1.8195934295654297,1431
8,,1.8292515277862549,,1.8292515277862549,1432
8,,1.919771671295166,,1.919771671295166,1433
8,,1.9001820087432861,,1.9001820087432861,1434
8,,1.7747180461883545,,1.7747180461883545,1435
8,,1.8124465942382812,,1.8124465942382812,1436
8,,2.046666383743286,,2.046666383743286,1437
8,,2.0342228412628174,,2.0342228412628174,1438
8,,1.8592978715896606,,1.8592978715896606,1439
8,,1.8821184635162354,,1.8821184635162354,1440
8,,1.9077839851379395,,1.9077839851379395,1441
8,,1.8075977563858032,,1.8075977563858032,1442
8,,1.9695773124694824,,1.9695773124694824,1443
8,,1.835184097290039,,1.835184097290039,1444
8,,1.8277133703231812,,1.8277133703231812,1445
8,,1.9620715379714966,,1.9620715379714966,1446
8,,1.7555763721466064,,1.7555763721466064,1447
8,,1.8464192152023315,,1.8464192152023315,1448
8,,1.984307885169983,,1.984307885169983,1449
8,,2.0181376934051514,,2.0181376934051514,1450
8,,1.8482764959335327,,1.8482764959335327,1451
8,,1.7353489398956299,,1.7353489398956299,1452
8,,1.927905797958374,,1.927905797958374,1453
8,,1.8950401544570923,,1.8950401544570923,1454
8,,1.9444702863693237,,1.9444702863693237,1455
8,,1.9713282585144043,,1.9713282585144043,1456
8,,1.8812321424484253,,1.8812321424484253,1457
8,,2.1021127700805664,,2.1021127700805664,1458
8,,1.989487648010254,,1.989487648010254,1459
8,,1.9591796398162842,,1.9591796398162842,1460
8,,1.8569135665893555,,1.8569135665893555,1461
8,,1.620650291442871,,1.620650291442871,1462
8,,1.9216583967208862,,1.9216583967208862,1463
8,,1.996840238571167,,1.996840238571167,1464
8,,2.0309970378875732,,2.0309970378875732,1465
8,,1.8247032165527344,,1.8247032165527344,1466
8,,1.9506794214248657,,1.9506794214248657,1467
8,,1.7835383415222168,,1.7835383415222168,1468
8,,2.0647928714752197,,2.0647928714752197,1469
8,,1.947696328163147,,1.947696328163147,1470
8,,2.0307648181915283,,2.0307648181915283,1471
8,,1.8168118000030518,,1.8168118000030518,1472
8,,1.8966064453125,,1.8966064453125,1473
8,,2.0363171100616455,,2.0363171100616455,1474
8,,2.067016124725342,,2.067016124725342,1475
8,,1.9444299936294556,,1.9444299936294556,1476
8,,1.6884995698928833,,1.6884995698928833,1477
8,,1.9684611558914185,,1.9684611558914185,1478
8,,1.7854375839233398,,1.7854375839233398,1479
8,,2.0310306549072266,,2.0310306549072266,1480
8,,1.8393162488937378,,1.8393162488937378,1481
8,,1.9142309427261353,,1.9142309427261353,1482
8,,1.9336692094802856,,1.9336692094802856,1483
8,,1.8163516521453857,,1.8163516521453857,1484
8,,1.6337226629257202,,1.6337226629257202,1485
8,,1.8473442792892456,,1.8473442792892456,1486
8,,1.8787012100219727,,1.8787012100219727,1487
8,,1.93496572971344,,1.93496572971344,1488
8,,1.9963867664337158,,1.9963867664337158,1489
8,,1.9982458353042603,,1.9982458353042603,1490
8,,1.9435145854949951,,1.9435145854949951,1491
8,,2.0816738605499268,,2.0816738605499268,1492
8,,1.821603536605835,,1.821603536605835,1493
8,,1.8449074029922485,,1.8449074029922485,1494
8,,1.9444416761398315,,1.9444416761398315,1495
8,,1.9214591979980469,,1.9214591979980469,1496
8,,1.9759668111801147,,1.9759668111801147,1497
8,,1.779590129852295,,1.779590129852295,1498
8,,2.0280702114105225,,2.0280702114105225,1499
8,,1.8987585306167603,,1.8987585306167603,1500
8,,1.800518274307251,,1.800518274307251,1501
8,,1.847076416015625,,1.847076416015625,1502
8,,1.959590196609497,,1.959590196609497,1503
8,,1.8975858688354492,,1.8975858688354492,1504
8,,1.9626163244247437,,1.9626163244247437,1505
8,,1.7885191440582275,,1.7885191440582275,1506
8,,1.8368955850601196,,1.8368955850601196,1507
8,,1.8729456663131714,,1.8729456663131714,1508
8,,1.9238605499267578,,1.9238605499267578,1509
8,,2.035278797149658,,2.035278797149658,1510
8,,1.8973156213760376,,1.8973156213760376,1511
8,,1.9414870738983154,,1.9414870738983154,1512
8,,1.860517144203186,,1.860517144203186,1513
8,,1.9664865732192993,,1.9664865732192993,1514
8,,1.848832607269287,,1.848832607269287,1515
8,,1.8371002674102783,,1.8371002674102783,1516
8,,1.8650894165039062,,1.8650894165039062,1517
8,,1.781276822090149,,1.781276822090149,1518
8,,1.8596203327178955,,1.8596203327178955,1519
8,,1.903432846069336,,1.903432846069336,1520
8,,1.9485927820205688,,1.9485927820205688,1521
8,,1.811678171157837,,1.811678171157837,1522
8,,1.9480454921722412,,1.9480454921722412,1523
8,,2.085024356842041,,2.085024356842041,1524
8,,1.926581621170044,,1.926581621170044,1525
8,,1.917760968208313,,1.917760968208313,1526
8,,1.8347243070602417,,1.8347243070602417,1527
8,,1.7760297060012817,,1.7760297060012817,1528
8,,1.9063626527786255,,1.9063626527786255,1529
8,1.9008735418319702,,1.9008735418319702,,1529
9,,1.9488953351974487,,1.9488953351974487,1530
9,,1.9630935192108154,,1.9630935192108154,1531
9,,1.838996410369873,,1.838996410369873,1532
9,,1.8400819301605225,,1.8400819301605225,1533
9,,1.6863985061645508,,1.6863985061645508,1534
9,,1.8110408782958984,,1.8110408782958984,1535
9,,2.0548317432403564,,2.0548317432403564,1536
9,,2.046100378036499,,2.046100378036499,1537
9,,1.9665577411651611,,1.9665577411651611,1538
9,,1.864122748374939,,1.864122748374939,1539
9,,1.7567261457443237,,1.7567261457443237,1540
9,,1.9086415767669678,,1.9086415767669678,1541
9,,1.7489138841629028,,1.7489138841629028,1542
9,,1.8548333644866943,,1.8548333644866943,1543
9,,1.958598256111145,,1.958598256111145,1544
9,,1.7740885019302368,,1.7740885019302368,1545
9,,1.8503680229187012,,1.8503680229187012,1546
9,,2.0518243312835693,,2.0518243312835693,1547
9,,1.951563835144043,,1.951563835144043,1548
9,,1.9824856519699097,,1.9824856519699097,1549
9,,2.0337014198303223,,2.0337014198303223,1550
9,,1.9423259496688843,,1.9423259496688843,1551
9,,1.914312720298767,,1.914312720298767,1552
9,,1.9229753017425537,,1.9229753017425537,1553
9,,1.8727426528930664,,1.8727426528930664,1554
9,,1.9182066917419434,,1.9182066917419434,1555
9,,1.9542808532714844,,1.9542808532714844,1556
9,,1.9543026685714722,,1.9543026685714722,1557
9,,1.9295151233673096,,1.9295151233673096,1558
9,,1.8923847675323486,,1.8923847675323486,1559
9,,1.8062838315963745,,1.8062838315963745,1560
9,,1.8245038986206055,,1.8245038986206055,1561
9,,1.7968285083770752,,1.7968285083770752,1562
9,,1.7478631734848022,,1.7478631734848022,1563
9,,1.8694379329681396,,1.8694379329681396,1564
9,,2.0475428104400635,,2.0475428104400635,1565
9,,1.854860782623291,,1.854860782623291,1566
9,,1.9175646305084229,,1.9175646305084229,1567
9,,1.8459192514419556,,1.8459192514419556,1568
9,,1.9806534051895142,,1.9806534051895142,1569
9,,1.7655060291290283,,1.7655060291290283,1570
9,,1.8492357730865479,,1.8492357730865479,1571
9,,1.9164437055587769,,1.9164437055587769,1572
9,,1.9754201173782349,,1.9754201173782349,1573
9,,1.8436788320541382,,1.8436788320541382,1574
9,,1.7516671419143677,,1.7516671419143677,1575
9,,1.8460787534713745,,1.8460787534713745,1576
9,,2.019951343536377,,2.019951343536377,1577
9,,1.9304651021957397,,1.9304651021957397,1578
9,,1.9391666650772095,,1.9391666650772095,1579
9,,1.9044464826583862,,1.9044464826583862,1580
9,,1.8557159900665283,,1.8557159900665283,1581
9,,1.971562147140503,,1.971562147140503,1582
9,,1.907629370689392,,1.907629370689392,1583
9,,1.9581791162490845,,1.9581791162490845,1584
9,,1.7903105020523071,,1.7903105020523071,1585
9,,1.8036853075027466,,1.8036853075027466,1586
9,,1.8690273761749268,,1.8690273761749268,1587
9,,1.8880974054336548,,1.8880974054336548,1588
9,,1.7292022705078125,,1.7292022705078125,1589
9,,1.9443410634994507,,1.9443410634994507,1590
9,,1.836281657218933,,1.836281657218933,1591
9,,1.9037960767745972,,1.9037960767745972,1592
9,,1.8062725067138672,,1.8062725067138672,1593
9,,1.7817134857177734,,1.7817134857177734,1594
9,,1.8178346157073975,,1.8178346157073975,1595
9,,1.8883552551269531,,1.8883552551269531,1596
9,,2.0345141887664795,,2.0345141887664795,1597
9,,1.9989253282546997,,1.9989253282546997,1598
9,,1.9241454601287842,,1.9241454601287842,1599
9,,1.851069450378418,,1.851069450378418,1600
9,,1.8969835042953491,,1.8969835042953491,1601
9,,1.8646494150161743,,1.8646494150161743,1602
9,,1.864227056503296,,1.864227056503296,1603
9,,1.9071733951568604,,1.9071733951568604,1604
9,,1.8915601968765259,,1.8915601968765259,1605
9,,1.7307977676391602,,1.7307977676391602,1606
9,,1.9837898015975952,,1.9837898015975952,1607
9,,1.8852888345718384,,1.8852888345718384,1608
9,,1.9873675107955933,,1.9873675107955933,1609
9,,1.8793432712554932,,1.8793432712554932,1610
9,,1.804195761680603,,1.804195761680603,1611
9,,2.013509750366211,,2.013509750366211,1612
9,,1.9969806671142578,,1.9969806671142578,1613
9,,1.910421371459961,,1.910421371459961,1614
9,,1.9131135940551758,,1.9131135940551758,1615
9,,1.8566300868988037,,1.8566300868988037,1616
9,,1.8965537548065186,,1.8965537548065186,1617
9,,1.8118586540222168,,1.8118586540222168,1618
9,,1.9622933864593506,,1.9622933864593506,1619
9,,2.085050344467163,,2.085050344467163,1620
9,,1.9483569860458374,,1.9483569860458374,1621
9,,1.7943215370178223,,1.7943215370178223,1622
9,,1.830601453781128,,1.830601453781128,1623
9,,1.8861799240112305,,1.8861799240112305,1624
9,,1.8215398788452148,,1.8215398788452148,1625
9,,1.691880226135254,,1.691880226135254,1626
9,,1.8272815942764282,,1.8272815942764282,1627
9,,2.0119054317474365,,2.0119054317474365,1628
9,,1.8932636976242065,,1.8932636976242065,1629
9,,1.8742244243621826,,1.8742244243621826,1630
9,,1.9572947025299072,,1.9572947025299072,1631
9,,1.912695288658142,,1.912695288658142,1632
9,,1.977192997932434,,1.977192997932434,1633
9,,1.8899178504943848,,1.8899178504943848,1634
9,,1.8113240003585815,,1.8113240003585815,1635
9,,1.8599969148635864,,1.8599969148635864,1636
9,,1.823501467704773,,1.823501467704773,1637
9,,2.001706600189209,,2.001706600189209,1638
9,,1.9488364458084106,,1.9488364458084106,1639
9,,1.937264323234558,,1.937264323234558,1640
9,,1.714186429977417,,1.714186429977417,1641
9,,1.930026888847351,,1.930026888847351,1642
9,,1.9381581544876099,,1.9381581544876099,1643
9,,1.8013070821762085,,1.8013070821762085,1644
9,,2.057647228240967,,2.057647228240967,1645
9,,1.975794792175293,,1.975794792175293,1646
9,,1.8656971454620361,,1.8656971454620361,1647
9,,1.769952654838562,,1.769952654838562,1648
9,,1.8535981178283691,,1.8535981178283691,1649
9,,1.8067938089370728,,1.8067938089370728,1650
9,,1.8844529390335083,,1.8844529390335083,1651
9,,2.064331531524658,,2.064331531524658,1652
9,,1.869676947593689,,1.869676947593689,1653
9,,1.764141321182251,,1.764141321182251,1654
9,,1.8674137592315674,,1.8674137592315674,1655
9,,1.7511234283447266,,1.7511234283447266,1656
9,,1.849152684211731,,1.849152684211731,1657
9,,1.9366676807403564,,1.9366676807403564,1658
9,,1.700888752937317,,1.700888752937317,1659
9,,1.9466636180877686,,1.9466636180877686,1660
9,,1.8096097707748413,,1.8096097707748413,1661
9,,1.9579945802688599,,1.9579945802688599,1662
9,,1.9319543838500977,,1.9319543838500977,1663
9,,1.9413474798202515,,1.9413474798202515,1664
9,,1.6903454065322876,,1.6903454065322876,1665
9,,1.956888198852539,,1.956888198852539,1666
9,,1.830372929573059,,1.830372929573059,1667
9,,1.9170867204666138,,1.9170867204666138,1668
9,,2.1347272396087646,,2.1347272396087646,1669
9,,1.8149096965789795,,1.8149096965789795,1670
9,,1.910874843597412,,1.910874843597412,1671
9,,1.9455559253692627,,1.9455559253692627,1672
9,,1.853495717048645,,1.853495717048645,1673
9,,1.7317187786102295,,1.7317187786102295,1674
9,,1.968564510345459,,1.968564510345459,1675
9,,1.901781678199768,,1.901781678199768,1676
9,,1.9132941961288452,,1.9132941961288452,1677
9,,1.8995271921157837,,1.8995271921157837,1678
9,,1.9618955850601196,,1.9618955850601196,1679
9,,1.8548505306243896,,1.8548505306243896,1680
9,,2.1454339027404785,,2.1454339027404785,1681
9,,1.8078373670578003,,1.8078373670578003,1682
9,,1.792986512184143,,1.792986512184143,1683
9,,2.0004677772521973,,2.0004677772521973,1684
9,,1.9341917037963867,,1.9341917037963867,1685
9,,1.8416666984558105,,1.8416666984558105,1686
9,,1.9012401103973389,,1.9012401103973389,1687
9,,1.804052472114563,,1.804052472114563,1688
9,,1.8232691287994385,,1.8232691287994385,1689
9,,1.8916081190109253,,1.8916081190109253,1690
9,,1.8876285552978516,,1.8876285552978516,1691
9,,1.790691614151001,,1.790691614151001,1692
9,,1.8233035802841187,,1.8233035802841187,1693
9,,1.921708106994629,,1.921708106994629,1694
9,,1.8924795389175415,,1.8924795389175415,1695
9,,1.7944121360778809,,1.7944121360778809,1696
9,,1.9046744108200073,,1.9046744108200073,1697
9,,1.8881845474243164,,1.8881845474243164,1698
9,,1.9437888860702515,,1.9437888860702515,1699
9,1.8885756731033325,,1.8885756731033325,,1699
10,,1.7005678415298462,,1.7005678415298462,1700
10,,1.8191843032836914,,1.8191843032836914,1701
10,,1.974015474319458,,1.974015474319458,1702
10,,1.810780644416809,,1.810780644416809,1703
10,,1.7653989791870117,,1.7653989791870117,1704
10,,1.8798867464065552,,1.8798867464065552,1705
10,,1.8237190246582031,,1.8237190246582031,1706
10,,1.759655475616455,,1.759655475616455,1707
10,,1.9144946336746216,,1.9144946336746216,1708
10,,2.0045716762542725,,2.0045716762542725,1709
10,,1.8333910703659058,,1.8333910703659058,1710
10,,2.011812686920166,,2.011812686920166,1711
10,,1.7865759134292603,,1.7865759134292603,1712
10,,2.005732536315918,,2.005732536315918,1713
10,,1.8788317441940308,,1.8788317441940308,1714
10,,1.7508680820465088,,1.7508680820465088,1715
10,,1.8615461587905884,,1.8615461587905884,1716
10,,1.9712690114974976,,1.9712690114974976,1717
10,,1.8811520338058472,,1.8811520338058472,1718
10,,1.825595736503601,,1.825595736503601,1719
10,,1.8805387020111084,,1.8805387020111084,1720
10,,1.9758895635604858,,1.9758895635604858,1721
10,,2.062025547027588,,2.062025547027588,1722
10,,1.9000571966171265,,1.9000571966171265,1723
10,,1.958367943763733,,1.958367943763733,1724
10,,1.8149726390838623,,1.8149726390838623,1725
10,,1.8180569410324097,,1.8180569410324097,1726
10,,1.91561758518219,,1.91561758518219,1727
10,,1.9009532928466797,,1.9009532928466797,1728
10,,1.5898929834365845,,1.5898929834365845,1729
10,,1.6293431520462036,,1.6293431520462036,1730
10,,1.8551713228225708,,1.8551713228225708,1731
10,,1.9628095626831055,,1.9628095626831055,1732
10,,2.0019850730895996,,2.0019850730895996,1733
10,,1.8813855648040771,,1.8813855648040771,1734
10,,1.8018972873687744,,1.8018972873687744,1735
10,,1.938401460647583,,1.938401460647583,1736
10,,1.896314024925232,,1.896314024925232,1737
10,,1.939734697341919,,1.939734697341919,1738
10,,1.9082833528518677,,1.9082833528518677,1739
10,,1.942201018333435,,1.942201018333435,1740
10,,1.8525390625,,1.8525390625,1741
10,,1.8879965543746948,,1.8879965543746948,1742
10,,2.1208717823028564,,2.1208717823028564,1743
10,,2.0071561336517334,,2.0071561336517334,1744
10,,1.9346044063568115,,1.9346044063568115,1745
10,,1.8581714630126953,,1.8581714630126953,1746
10,,1.7747461795806885,,1.7747461795806885,1747
10,,1.834326982498169,,1.834326982498169,1748
10,,1.753625750541687,,1.753625750541687,1749
10,,1.8401850461959839,,1.8401850461959839,1750
10,,1.724635362625122,,1.724635362625122,1751
10,,1.8534294366836548,,1.8534294366836548,1752
10,,1.822994589805603,,1.822994589805603,1753
10,,1.8269768953323364,,1.8269768953323364,1754
10,,1.8242359161376953,,1.8242359161376953,1755
10,,1.889613151550293,,1.889613151550293,1756
10,,1.9531484842300415,,1.9531484842300415,1757
10,,1.827830195426941,,1.827830195426941,1758
10,,1.8211311101913452,,1.8211311101913452,1759
10,,1.784063696861267,,1.784063696861267,1760
10,,1.7479461431503296,,1.7479461431503296,1761
10,,1.7764887809753418,,1.7764887809753418,1762
10,,1.8990586996078491,,1.8990586996078491,1763
10,,1.7919352054595947,,1.7919352054595947,1764
10,,1.7176566123962402,,1.7176566123962402,1765
10,,1.8951841592788696,,1.8951841592788696,1766
10,,1.8265961408615112,,1.8265961408615112,1767
10,,1.8252863883972168,,1.8252863883972168,1768
10,,1.9344319105148315,,1.9344319105148315,1769
10,,1.7804275751113892,,1.7804275751113892,1770
10,,1.868573546409607,,1.868573546409607,1771
10,,1.8719197511672974,,1.8719197511672974,1772
10,,1.9759234189987183,,1.9759234189987183,1773
10,,1.6981267929077148,,1.6981267929077148,1774
10,,1.8190780878067017,,1.8190780878067017,1775
10,,1.744533896446228,,1.744533896446228,1776
10,,1.868749976158142,,1.868749976158142,1777
10,,1.866845965385437,,1.866845965385437,1778
10,,1.8600809574127197,,1.8600809574127197,1779
10,,1.8307545185089111,,1.8307545185089111,1780
10,,1.8145936727523804,,1.8145936727523804,1781
10,,1.810034155845642,,1.810034155845642,1782
10,,1.877103328704834,,1.877103328704834,1783
10,,1.975804090499878,,1.975804090499878,1784
10,,1.8633754253387451,,1.8633754253387451,1785
10,,1.9155207872390747,,1.9155207872390747,1786
10,,1.9540575742721558,,1.9540575742721558,1787
10,,1.968483805656433,,1.968483805656433,1788
10,,1.852860689163208,,1.852860689163208,1789
10,,1.7300703525543213,,1.7300703525543213,1790
10,,1.9189703464508057,,1.9189703464508057,1791
10,,1.8191057443618774,,1.8191057443618774,1792
10,,1.9132579565048218,,1.9132579565048218,1793
10,,1.8422127962112427,,1.8422127962112427,1794
10,,1.9611703157424927,,1.9611703157424927,1795
10,,2.114896535873413,,2.114896535873413,1796
10,,1.6728492975234985,,1.6728492975234985,1797
10,,1.842250108718872,,1.842250108718872,1798
10,,1.7543212175369263,,1.7543212175369263,1799
10,,1.7829420566558838,,1.7829420566558838,1800
10,,1.837610125541687,,1.837610125541687,1801
10,,1.931895136833191,,1.931895136833191,1802
10,,1.897235631942749,,1.897235631942749,1803
10,,1.865304946899414,,1.865304946899414,1804
10,,1.9654736518859863,,1.9654736518859863,1805
10,,1.9198863506317139,,1.9198863506317139,1806
10,,1.9659420251846313,,1.9659420251846313,1807
10,,1.8689684867858887,,1.8689684867858887,1808
10,,1.9498910903930664,,1.9498910903930664,1809
10,,1.8281105756759644,,1.8281105756759644,1810
10,,1.803728461265564,,1.803728461265564,1811
10,,1.9540444612503052,,1.9540444612503052,1812
10,,1.967089056968689,,1.967089056968689,1813
10,,1.6518089771270752,,1.6518089771270752,1814
10,,1.806282877922058,,1.806282877922058,1815
10,,1.8079543113708496,,1.8079543113708496,1816
10,,1.839582920074463,,1.839582920074463,1817
10,,2.0584285259246826,,2.0584285259246826,1818
10,,1.9583063125610352,,1.9583063125610352,1819
10,,2.0503041744232178,,2.0503041744232178,1820
10,,1.874288558959961,,1.874288558959961,1821
10,,1.785402536392212,,1.785402536392212,1822
10,,1.66015625,,1.66015625,1823
10,,1.8447374105453491,,1.8447374105453491,1824
10,,2.0142719745635986,,2.0142719745635986,1825
10,,2.0206549167633057,,2.0206549167633057,1826
10,,2.0008418560028076,,2.0008418560028076,1827
10,,1.9338555335998535,,1.9338555335998535,1828
10,,2.0010182857513428,,2.0010182857513428,1829
10,,1.7826229333877563,,1.7826229333877563,1830
10,,1.9207789897918701,,1.9207789897918701,1831
10,,1.8418076038360596,,1.8418076038360596,1832
10,,1.8888875246047974,,1.8888875246047974,1833
10,,1.9381475448608398,,1.9381475448608398,1834
10,,1.7934775352478027,,1.7934775352478027,1835
10,,1.7327828407287598,,1.7327828407287598,1836
10,,1.9162245988845825,,1.9162245988845825,1837
10,,1.9220161437988281,,1.9220161437988281,1838
10,,1.8946088552474976,,1.8946088552474976,1839
10,,1.9237096309661865,,1.9237096309661865,1840
10,,1.8883079290390015,,1.8883079290390015,1841
10,,1.8942618370056152,,1.8942618370056152,1842
10,,1.7345261573791504,,1.7345261573791504,1843
10,,1.8284366130828857,,1.8284366130828857,1844
10,,1.8531404733657837,,1.8531404733657837,1845
10,,1.9069247245788574,,1.9069247245788574,1846
10,,1.8099018335342407,,1.8099018335342407,1847
10,,1.7377433776855469,,1.7377433776855469,1848
10,,1.912672996520996,,1.912672996520996,1849
10,,1.8126126527786255,,1.8126126527786255,1850
10,,1.9662734270095825,,1.9662734270095825,1851
10,,1.751750111579895,,1.751750111579895,1852
10,,1.8162606954574585,,1.8162606954574585,1853
10,,1.8878926038742065,,1.8878926038742065,1854
10,,1.8479501008987427,,1.8479501008987427,1855
10,,1.8112750053405762,,1.8112750053405762,1856
10,,1.8418389558792114,,1.8418389558792114,1857
10,,1.7568060159683228,,1.7568060159683228,1858
10,,1.777881145477295,,1.777881145477295,1859
10,,1.7459025382995605,,1.7459025382995605,1860
10,,1.7654715776443481,,1.7654715776443481,1861
10,,1.722383737564087,,1.722383737564087,1862
10,,1.8907924890518188,,1.8907924890518188,1863
10,,1.8756675720214844,,1.8756675720214844,1864
10,,1.7333106994628906,,1.7333106994628906,1865
10,,1.835228443145752,,1.835228443145752,1866
10,,1.7603214979171753,,1.7603214979171753,1867
10,,1.9725966453552246,,1.9725966453552246,1868
10,,1.6775107383728027,,1.6775107383728027,1869
10,1.862104892730713,,1.862104892730713,,1869
11,,1.8952527046203613,,1.8952527046203613,1870
11,,1.9140565395355225,,1.9140565395355225,1871
11,,1.894248604774475,,1.894248604774475,1872
11,,1.8577861785888672,,1.8577861785888672,1873
11,,1.8012079000473022,,1.8012079000473022,1874
11,,1.8415616750717163,,1.8415616750717163,1875
11,,1.890999674797058,,1.890999674797058,1876
11,,1.8822262287139893,,1.8822262287139893,1877
11,,1.7815152406692505,,1.7815152406692505,1878
11,,1.78125,,1.78125,1879
11,,1.7777762413024902,,1.7777762413024902,1880
11,,1.916113257408142,,1.916113257408142,1881
11,,1.8399484157562256,,1.8399484157562256,1882
11,,1.9532948732376099,,1.9532948732376099,1883
11,,1.8370997905731201,,1.8370997905731201,1884
11,,1.8255386352539062,,1.8255386352539062,1885
11,,1.9044733047485352,,1.9044733047485352,1886
11,,1.8954163789749146,,1.8954163789749146,1887
11,,1.6914713382720947,,1.6914713382720947,1888
11,,1.9881675243377686,,1.9881675243377686,1889
11,,1.863542914390564,,1.863542914390564,1890
11,,1.9401193857192993,,1.9401193857192993,1891
11,,1.8677711486816406,,1.8677711486816406,1892
11,,1.879911184310913,,1.879911184310913,1893
11,,1.81640625,,1.81640625,1894
11,,1.737781047821045,,1.737781047821045,1895
11,,2.0425970554351807,,2.0425970554351807,1896
11,,2.025768995285034,,2.025768995285034,1897
11,,1.7856093645095825,,1.7856093645095825,1898
11,,1.8387683629989624,,1.8387683629989624,1899
11,,1.9718496799468994,,1.9718496799468994,1900
11,,1.7875744104385376,,1.7875744104385376,1901
11,,1.7657426595687866,,1.7657426595687866,1902
11,,2.003305673599243,,2.003305673599243,1903
11,,1.8215813636779785,,1.8215813636779785,1904
11,,1.9805465936660767,,1.9805465936660767,1905
11,,1.8334929943084717,,1.8334929943084717,1906
11,,1.8918936252593994,,1.8918936252593994,1907
11,,1.7095128297805786,,1.7095128297805786,1908
11,,1.8786779642105103,,1.8786779642105103,1909
11,,1.89283287525177,,1.89283287525177,1910
11,,1.7851642370224,,1.7851642370224,1911
11,,1.771408200263977,,1.771408200263977,1912
11,,1.862740397453308,,1.862740397453308,1913
11,,1.8069766759872437,,1.8069766759872437,1914
11,,1.8143142461776733,,1.8143142461776733,1915
11,,1.9681148529052734,,1.9681148529052734,1916
11,,1.7961498498916626,,1.7961498498916626,1917
11,,2.084916591644287,,2.084916591644287,1918
11,,1.848457932472229,,1.848457932472229,1919
11,,1.8999528884887695,,1.8999528884887695,1920
11,,1.9647809267044067,,1.9647809267044067,1921
11,,1.837597370147705,,1.837597370147705,1922
11,,1.60226309299469,,1.60226309299469,1923
11,,1.8767110109329224,,1.8767110109329224,1924
11,,1.7861883640289307,,1.7861883640289307,1925
11,,1.8921986818313599,,1.8921986818313599,1926
11,,1.80517578125,,1.80517578125,1927
11,,1.7603569030761719,,1.7603569030761719,1928
11,,1.9993990659713745,,1.9993990659713745,1929
11,,2.006117820739746,,2.006117820739746,1930
11,,1.9545762538909912,,1.9545762538909912,1931
11,,1.8828235864639282,,1.8828235864639282,1932
11,,1.961660385131836,,1.961660385131836,1933
11,,1.8770337104797363,,1.8770337104797363,1934
11,,1.726332664489746,,1.726332664489746,1935
11,,1.9427942037582397,,1.9427942037582397,1936
11,,1.9355642795562744,,1.9355642795562744,1937
11,,1.8025538921356201,,1.8025538921356201,1938
11,,1.7715500593185425,,1.7715500593185425,1939
11,,1.703857421875,,1.703857421875,1940
11,,1.9419691562652588,,1.9419691562652588,1941
11,,1.9617618322372437,,1.9617618322372437,1942
11,,2.047823667526245,,2.047823667526245,1943
11,,1.8560696840286255,,1.8560696840286255,1944
11,,1.876251459121704,,1.876251459121704,1945
11,,1.7477458715438843,,1.7477458715438843,1946
11,,1.9235186576843262,,1.9235186576843262,1947
11,,1.7693212032318115,,1.7693212032318115,1948
11,,1.8149930238723755,,1.8149930238723755,1949
11,,1.800397515296936,,1.800397515296936,1950
11,,1.7657421827316284,,1.7657421827316284,1951
11,,1.7526525259017944,,1.7526525259017944,1952
11,,1.926932454109192,,1.926932454109192,1953
11,,1.9658548831939697,,1.9658548831939697,1954
11,,1.7764317989349365,,1.7764317989349365,1955
11,,1.9034472703933716,,1.9034472703933716,1956
11,,1.7505040168762207,,1.7505040168762207,1957
11,,1.8372116088867188,,1.8372116088867188,1958
11,,1.9451268911361694,,1.9451268911361694,1959
11,,1.9603315591812134,,1.9603315591812134,1960
11,,1.9420230388641357,,1.9420230388641357,1961
11,,2.007828712463379,,2.007828712463379,1962
11,,1.894005537033081,,1.894005537033081,1963
11,,1.7768312692642212,,1.7768312692642212,1964
11,,1.8968192338943481,,1.8968192338943481,1965
11,,1.7294862270355225,,1.7294862270355225,1966
11,,1.8534722328186035,,1.8534722328186035,1967
11,,1.9761213064193726,,1.9761213064193726,1968
11,,1.8144497871398926,,1.8144497871398926,1969
11,,1.8110604286193848,,1.8110604286193848,1970
11,,1.8763420581817627,,1.8763420581817627,1971
11,,1.8209214210510254,,1.8209214210510254,1972
11,,1.6971614360809326,,1.6971614360809326,1973
11,,1.865119457244873,,1.865119457244873,1974
11,,1.792423129081726,,1.792423129081726,1975
11,,1.7262033224105835,,1.7262033224105835,1976
11,,1.908493161201477,,1.908493161201477,1977
11,,2.0250658988952637,,2.0250658988952637,1978
11,,1.7431331872940063,,1.7431331872940063,1979
11,,1.7660762071609497,,1.7660762071609497,1980
11,,2.0127205848693848,,2.0127205848693848,1981
11,,1.8746994733810425,,1.8746994733810425,1982
11,,1.8686777353286743,,1.8686777353286743,1983
11,,1.8359655141830444,,1.8359655141830444,1984
11,,2.0182077884674072,,2.0182077884674072,1985
11,,1.9336329698562622,,1.9336329698562622,1986
11,,1.7721487283706665,,1.7721487283706665,1987
11,,1.7418090105056763,,1.7418090105056763,1988
11,,1.9431167840957642,,1.9431167840957642,1989
11,,2.077000379562378,,2.077000379562378,1990
11,,1.7826286554336548,,1.7826286554336548,1991
11,,1.7344534397125244,,1.7344534397125244,1992
11,,1.7582693099975586,,1.7582693099975586,1993
11,,1.8580074310302734,,1.8580074310302734,1994
11,,1.7428138256072998,,1.7428138256072998,1995
11,,1.7049466371536255,,1.7049466371536255,1996
11,,1.9608078002929688,,1.9608078002929688,1997
11,,1.9513447284698486,,1.9513447284698486,1998
11,,1.7932031154632568,,1.7932031154632568,1999
11,,2.2394096851348877,,2.2394096851348877,2000
11,,2.0173091888427734,,2.0173091888427734,2001
11,,1.9610289335250854,,1.9610289335250854,2002
11,,1.9330164194107056,,1.9330164194107056,2003
11,,2.0680344104766846,,2.0680344104766846,2004
11,,1.8143978118896484,,1.8143978118896484,2005
11,,1.8846311569213867,,1.8846311569213867,2006
11,,1.8764933347702026,,1.8764933347702026,2007
11,,1.8359559774398804,,1.8359559774398804,2008
11,,1.9170925617218018,,1.9170925617218018,2009
11,,1.7387408018112183,,1.7387408018112183,2010
11,,1.9288146495819092,,1.9288146495819092,2011
11,,1.9220219850540161,,1.9220219850540161,2012
11,,1.9392340183258057,,1.9392340183258057,2013
11,,1.8439559936523438,,1.8439559936523438,2014
11,,1.9990681409835815,,1.9990681409835815,2015
11,,1.909714698791504,,1.909714698791504,2016
11,,1.8276833295822144,,1.8276833295822144,2017
11,,1.9291776418685913,,1.9291776418685913,2018
11,,1.8586617708206177,,1.8586617708206177,2019
11,,1.8294795751571655,,1.8294795751571655,2020
11,,1.8296631574630737,,1.8296631574630737,2021
11,,1.7853302955627441,,1.7853302955627441,2022
11,,1.9348869323730469,,1.9348869323730469,2023
11,,1.712324857711792,,1.712324857711792,2024
11,,1.84716796875,,1.84716796875,2025
11,,1.8152061700820923,,1.8152061700820923,2026
11,,1.8540987968444824,,1.8540987968444824,2027
11,,1.8785773515701294,,1.8785773515701294,2028
11,,1.9815648794174194,,1.9815648794174194,2029
11,,1.8792937994003296,,1.8792937994003296,2030
11,,1.7673839330673218,,1.7673839330673218,2031
11,,1.8921672105789185,,1.8921672105789185,2032
11,,1.7547160387039185,,1.7547160387039185,2033
11,,1.8689556121826172,,1.8689556121826172,2034
11,,1.8298689126968384,,1.8298689126968384,2035
11,,1.8725298643112183,,1.8725298643112183,2036
11,,1.8284956216812134,,1.8284956216812134,2037
11,,1.7969574928283691,,1.7969574928283691,2038
11,,1.8050891160964966,,1.8050891160964966,2039
11,1.8652340173721313,,1.8652340173721313,,2039
12,,2.025421619415283,,2.025421619415283,2040
12,,1.8197256326675415,,1.8197256326675415,2041
12,,1.62251877784729,,1.62251877784729,2042
12,,1.9014756679534912,,1.9014756679534912,2043
12,,1.767578125,,1.767578125,2044
12,,1.6821001768112183,,1.6821001768112183,2045
12,,1.867511510848999,,1.867511510848999,2046
12,,1.7905417680740356,,1.7905417680740356,2047
12,,1.7159700393676758,,1.7159700393676758,2048
12,,1.9003946781158447,,1.9003946781158447,2049
12,,1.7867016792297363,,1.7867016792297363,2050
12,,1.6140625476837158,,1.6140625476837158,2051
12,,1.71484375,,1.71484375,2052
12,,1.8644301891326904,,1.8644301891326904,2053
12,,1.7607228755950928,,1.7607228755950928,2054
12,,1.6959798336029053,,1.6959798336029053,2055
12,,1.9712775945663452,,1.9712775945663452,2056
12,,1.7077008485794067,,1.7077008485794067,2057
12,,1.771018147468567,,1.771018147468567,2058
12,,1.7971211671829224,,1.7971211671829224,2059
12,,1.9060355424880981,,1.9060355424880981,2060
12,,1.8605966567993164,,1.8605966567993164,2061
12,,1.7754552364349365,,1.7754552364349365,2062
12,,1.8207393884658813,,1.8207393884658813,2063
12,,1.8143833875656128,,1.8143833875656128,2064
12,,1.807563304901123,,1.807563304901123,2065
12,,1.810186743736267,,1.810186743736267,2066
12,,2.011754035949707,,2.011754035949707,2067
12,,1.7827119827270508,,1.7827119827270508,2068
12,,1.8378024101257324,,1.8378024101257324,2069
12,,1.906195044517517,,1.906195044517517,2070
12,,1.9137537479400635,,1.9137537479400635,2071
12,,1.7826788425445557,,1.7826788425445557,2072
12,,1.8609066009521484,,1.8609066009521484,2073
12,,1.9292421340942383,,1.9292421340942383,2074
12,,1.915122628211975,,1.915122628211975,2075
12,,1.8845069408416748,,1.8845069408416748,2076
12,,1.9834492206573486,,1.9834492206573486,2077
12,,2.024841547012329,,2.024841547012329,2078
12,,1.8555196523666382,,1.8555196523666382,2079
12,,1.9200592041015625,,1.9200592041015625,2080
12,,1.6589937210083008,,1.6589937210083008,2081
12,,1.9388794898986816,,1.9388794898986816,2082
12,,1.9484790563583374,,1.9484790563583374,2083
12,,1.958616852760315,,1.958616852760315,2084
12,,1.8152412176132202,,1.8152412176132202,2085
12,,1.919170618057251,,1.919170618057251,2086
12,,1.9144805669784546,,1.9144805669784546,2087
12,,1.8702826499938965,,1.8702826499938965,2088
12,,2.0011467933654785,,2.0011467933654785,2089
12,,1.7831714153289795,,1.7831714153289795,2090
12,,1.8046773672103882,,1.8046773672103882,2091
12,,1.8950458765029907,,1.8950458765029907,2092
12,,1.9002740383148193,,1.9002740383148193,2093
12,,1.8612802028656006,,1.8612802028656006,2094
12,,1.845649003982544,,1.845649003982544,2095
12,,1.9025111198425293,,1.9025111198425293,2096
12,,1.805943489074707,,1.805943489074707,2097
12,,1.8381093740463257,,1.8381093740463257,2098
12,,1.8748339414596558,,1.8748339414596558,2099
12,,1.905742883682251,,1.905742883682251,2100
12,,1.8384898900985718,,1.8384898900985718,2101
12,,1.9394006729125977,,1.9394006729125977,2102
12,,1.8173229694366455,,1.8173229694366455,2103
12,,1.7365612983703613,,1.7365612983703613,2104
12,,1.7563761472702026,,1.7563761472702026,2105
12,,1.8277443647384644,,1.8277443647384644,2106
12,,1.9130059480667114,,1.9130059480667114,2107
12,,1.9094027280807495,,1.9094027280807495,2108
12,,1.6547561883926392,,1.6547561883926392,2109
12,,2.133934736251831,,2.133934736251831,2110
12,,1.901971697807312,,1.901971697807312,2111
12,,1.8447059392929077,,1.8447059392929077,2112
12,,1.7186533212661743,,1.7186533212661743,2113
12,,1.8456984758377075,,1.8456984758377075,2114
12,,1.9421006441116333,,1.9421006441116333,2115
12,,1.7941392660140991,,1.7941392660140991,2116
12,,1.9294841289520264,,1.9294841289520264,2117
12,,1.868274211883545,,1.868274211883545,2118
12,,1.9273099899291992,,1.9273099899291992,2119
12,,1.6681219339370728,,1.6681219339370728,2120
12,,1.8476133346557617,,1.8476133346557617,2121
12,,1.847100019454956,,1.847100019454956,2122
12,,1.9818674325942993,,1.9818674325942993,2123
12,,1.8471449613571167,,1.8471449613571167,2124
12,,1.698441505432129,,1.698441505432129,2125
12,,1.8688632249832153,,1.8688632249832153,2126
12,,1.839737892150879,,1.839737892150879,2127
12,,1.8160278797149658,,1.8160278797149658,2128
12,,1.7656652927398682,,1.7656652927398682,2129
12,,1.7798668146133423,,1.7798668146133423,2130
12,,1.9866536855697632,,1.9866536855697632,2131
12,,1.9043233394622803,,1.9043233394622803,2132
12,,1.9508306980133057,,1.9508306980133057,2133
12,,1.8278069496154785,,1.8278069496154785,2134
12,,1.8890656232833862,,1.8890656232833862,2135
12,,1.8518911600112915,,1.8518911600112915,2136
12,,2.0404868125915527,,2.0404868125915527,2137
12,,2.1420602798461914,,2.1420602798461914,2138
12,,1.75274658203125,,1.75274658203125,2139
12,,1.7731877565383911,,1.7731877565383911,2140
12,,1.919840693473816,,1.919840693473816,2141
12,,1.9695405960083008,,1.9695405960083008,2142
12,,1.850341796875,,1.850341796875,2143
12,,1.9268416166305542,,1.9268416166305542,2144
12,,1.8712209463119507,,1.8712209463119507,2145
12,,1.8408591747283936,,1.8408591747283936,2146
12,,1.7578898668289185,,1.7578898668289185,2147
12,,1.850522518157959,,1.850522518157959,2148
12,,1.6638461351394653,,1.6638461351394653,2149
12,,1.8582735061645508,,1.8582735061645508,2150
12,,1.7952046394348145,,1.7952046394348145,2151
12,,1.8831948041915894,,1.8831948041915894,2152
12,,1.9419499635696411,,1.9419499635696411,2153
12,,1.7800781726837158,,1.7800781726837158,2154
12,,1.7554758787155151,,1.7554758787155151,2155
12,,1.904139757156372,,1.904139757156372,2156
12,,1.7048767805099487,,1.7048767805099487,2157
12,,1.850036859512329,,1.850036859512329,2158
12,,1.7125351428985596,,1.7125351428985596,2159
12,,1.6836096048355103,,1.6836096048355103,2160
12,,1.8757007122039795,,1.8757007122039795,2161
12,,1.6895986795425415,,1.6895986795425415,2162
12,,1.8706103563308716,,1.8706103563308716,2163
12,,1.712862491607666,,1.712862491607666,2164
12,,1.9360909461975098,,1.9360909461975098,2165
12,,1.874801754951477,,1.874801754951477,2166
12,,1.8520010709762573,,1.8520010709762573,2167
12,,1.9123256206512451,,1.9123256206512451,2168
12,,1.7987416982650757,,1.7987416982650757,2169
12,,1.857771396636963,,1.857771396636963,2170
12,,1.7917271852493286,,1.7917271852493286,2171
12,,1.8692231178283691,,1.8692231178283691,2172
12,,1.9118379354476929,,1.9118379354476929,2173
12,,1.7656446695327759,,1.7656446695327759,2174
12,,1.7260971069335938,,1.7260971069335938,2175
12,,1.8102070093154907,,1.8102070093154907,2176
12,,1.9344398975372314,,1.9344398975372314,2177
12,,1.8642199039459229,,1.8642199039459229,2178
12,,1.8862823247909546,,1.8862823247909546,2179
12,,2.030111312866211,,2.030111312866211,2180
12,,1.781336784362793,,1.781336784362793,2181
12,,1.8613530397415161,,1.8613530397415161,2182
12,,1.8670151233673096,,1.8670151233673096,2183
12,,1.7198370695114136,,1.7198370695114136,2184
12,,2.056417226791382,,2.056417226791382,2185
12,,1.7600629329681396,,1.7600629329681396,2186
12,,1.868639588356018,,1.868639588356018,2187
12,,1.8261758089065552,,1.8261758089065552,2188
12,,1.9650280475616455,,1.9650280475616455,2189
12,,1.6446188688278198,,1.6446188688278198,2190
12,,1.6811015605926514,,1.6811015605926514,2191
12,,1.8048832416534424,,1.8048832416534424,2192
12,,1.8452836275100708,,1.8452836275100708,2193
12,,1.8074673414230347,,1.8074673414230347,2194
12,,1.6732017993927002,,1.6732017993927002,2195
12,,1.769134759902954,,1.769134759902954,2196
12,,1.8720322847366333,,1.8720322847366333,2197
12,,1.996782660484314,,1.996782660484314,2198
12,,1.7375513315200806,,1.7375513315200806,2199
12,,1.8576152324676514,,1.8576152324676514,2200
12,,1.750074028968811,,1.750074028968811,2201
12,,1.9211370944976807,,1.9211370944976807,2202
12,,1.8476238250732422,,1.8476238250732422,2203
12,,1.8173584938049316,,1.8173584938049316,2204
12,,1.9242256879806519,,1.9242256879806519,2205
12,,1.751537799835205,,1.751537799835205,2206
12,,1.945466160774231,,1.945466160774231,2207
12,,1.820117473602295,,1.820117473602295,2208
12,,1.7229256629943848,,1.7229256629943848,2209
12,1.8439074754714966,,1.8439074754714966,,2209
13,,1.9144200086593628,,1.9144200086593628,2210
13,,1.7018510103225708,,1.7018510103225708,2211
13,,2.0126872062683105,,2.0126872062683105,2212
13,,1.7161959409713745,,1.7161959409713745,2213
13,,1.9407713413238525,,1.9407713413238525,2214
13,,1.7954691648483276,,1.7954691648483276,2215
13,,1.7156425714492798,,1.7156425714492798,2216
13,,1.7916836738586426,,1.7916836738586426,2217
13,,1.717435598373413,,1.717435598373413,2218
13,,1.9874173402786255,,1.9874173402786255,2219
13,,1.7056692838668823,,1.7056692838668823,2220
13,,1.863828182220459,,1.863828182220459,2221
13,,1.898531198501587,,1.898531198501587,2222
13,,1.927729845046997,,1.927729845046997,2223
13,,1.7937151193618774,,1.7937151193618774,2224
13,,1.6613759994506836,,1.6613759994506836,2225
13,,1.693458080291748,,1.693458080291748,2226
13,,1.9123516082763672,,1.9123516082763672,2227
13,,1.738670825958252,,1.738670825958252,2228
13,,1.9062317609786987,,1.9062317609786987,2229
13,,1.8436285257339478,,1.8436285257339478,2230
13,,1.9674478769302368,,1.9674478769302368,2231
13,,1.7967503070831299,,1.7967503070831299,2232
13,,1.7529691457748413,,1.7529691457748413,2233
13,,1.9152462482452393,,1.9152462482452393,2234
13,,1.6749465465545654,,1.6749465465545654,2235
13,,1.983872652053833,,1.983872652053833,2236
13,,1.8301420211791992,,1.8301420211791992,2237
13,,1.7095712423324585,,1.7095712423324585,2238
13,,1.8036013841629028,,1.8036013841629028,2239
13,,1.7737926244735718,,1.7737926244735718,2240
13,,1.849577784538269,,1.849577784538269,2241
13,,1.9666916131973267,,1.9666916131973267,2242
13,,1.877841830253601,,1.877841830253601,2243
13,,1.7242443561553955,,1.7242443561553955,2244
13,,1.7474939823150635,,1.7474939823150635,2245
13,,1.6828968524932861,,1.6828968524932861,2246
13,,1.9525760412216187,,1.9525760412216187,2247
13,,1.7412662506103516,,1.7412662506103516,2248
13,,1.8915766477584839,,1.8915766477584839,2249
13,,1.7093470096588135,,1.7093470096588135,2250
13,,1.8474081754684448,,1.8474081754684448,2251
13,,1.8872493505477905,,1.8872493505477905,2252
13,,1.9987471103668213,,1.9987471103668213,2253
13,,1.8318088054656982,,1.8318088054656982,2254
13,,1.6391913890838623,,1.6391913890838623,2255
13,,1.8662898540496826,,1.8662898540496826,2256
13,,1.8840134143829346,,1.8840134143829346,2257
13,,1.9946998357772827,,1.9946998357772827,2258
13,,1.8271703720092773,,1.8271703720092773,2259
13,,1.8799898624420166,,1.8799898624420166,2260
13,,1.9467260837554932,,1.9467260837554932,2261
13,,1.8818416595458984,,1.8818416595458984,2262
13,,1.8115909099578857,,1.8115909099578857,2263
13,,1.924705982208252,,1.924705982208252,2264
13,,1.6670358180999756,,1.6670358180999756,2265
13,,1.7940964698791504,,1.7940964698791504,2266
13,,1.8408246040344238,,1.8408246040344238,2267
13,,1.7993481159210205,,1.7993481159210205,2268
13,,1.7131617069244385,,1.7131617069244385,2269
13,,1.8363635540008545,,1.8363635540008545,2270
13,,1.8866236209869385,,1.8866236209869385,2271
13,,1.7444957494735718,,1.7444957494735718,2272
13,,1.7439515590667725,,1.7439515590667725,2273
13,,1.7911808490753174,,1.7911808490753174,2274
13,,1.9379839897155762,,1.9379839897155762,2275
13,,1.7925512790679932,,1.7925512790679932,2276
13,,1.8364096879959106,,1.8364096879959106,2277
13,,1.7893667221069336,,1.7893667221069336,2278
13,,1.6941834688186646,,1.6941834688186646,2279
13,,1.871645450592041,,1.871645450592041,2280
13,,1.8663171529769897,,1.8663171529769897,2281
13,,1.9271314144134521,,1.9271314144134521,2282
13,,1.7325993776321411,,1.7325993776321411,2283
13,,2.0234317779541016,,2.0234317779541016,2284
13,,1.915462851524353,,1.915462851524353,2285
13,,2.022298574447632,,2.022298574447632,2286
13,,1.78230619430542,,1.78230619430542,2287
13,,1.843636393547058,,1.843636393547058,2288
13,,1.7380337715148926,,1.7380337715148926,2289
13,,1.8367187976837158,,1.8367187976837158,2290
13,,1.8573946952819824,,1.8573946952819824,2291
13,,1.851267695426941,,1.851267695426941,2292
13,,1.8304115533828735,,1.8304115533828735,2293
13,,1.7554073333740234,,1.7554073333740234,2294
13,,1.93550705909729,,1.93550705909729,2295
13,,1.9484285116195679,,1.9484285116195679,2296
13,,1.8975183963775635,,1.8975183963775635,2297
13,,1.8234413862228394,,1.8234413862228394,2298
13,,1.8719465732574463,,1.8719465732574463,2299
13,,1.9336687326431274,,1.9336687326431274,2300
13,,1.9941041469573975,,1.9941041469573975,2301
13,,1.8413983583450317,,1.8413983583450317,2302
13,,1.8228176832199097,,1.8228176832199097,2303
13,,1.8423091173171997,,1.8423091173171997,2304
13,,1.8546690940856934,,1.8546690940856934,2305
13,,1.8483003377914429,,1.8483003377914429,2306
13,,1.6588070392608643,,1.6588070392608643,2307
13,,1.88015878200531,,1.88015878200531,2308
13,,1.573285698890686,,1.573285698890686,2309
13,,1.7683475017547607,,1.7683475017547607,2310
13,,1.5679455995559692,,1.5679455995559692,2311
13,,1.6699055433273315,,1.6699055433273315,2312
13,,1.7395776510238647,,1.7395776510238647,2313
13,,1.9324835538864136,,1.9324835538864136,2314
13,,1.8138957023620605,,1.8138957023620605,2315
13,,1.6542593240737915,,1.6542593240737915,2316
13,,1.9081664085388184,,1.9081664085388184,2317
13,,1.7961887121200562,,1.7961887121200562,2318
13,,1.919137716293335,,1.919137716293335,2319
13,,1.6880580186843872,,1.6880580186843872,2320
13,,1.8277479410171509,,1.8277479410171509,2321
13,,1.9198623895645142,,1.9198623895645142,2322
13,,1.8450491428375244,,1.8450491428375244,2323
13,,1.8544650077819824,,1.8544650077819824,2324
13,,1.732519507408142,,1.732519507408142,2325
13,,1.7601323127746582,,1.7601323127746582,2326
13,,1.8904011249542236,,1.8904011249542236,2327
13,,1.929445505142212,,1.929445505142212,2328
13,,1.8767011165618896,,1.8767011165618896,2329
13,,1.7430623769760132,,1.7430623769760132,2330
13,,1.663354516029358,,1.663354516029358,2331
13,,1.685988426208496,,1.685988426208496,2332
13,,1.859737515449524,,1.859737515449524,2333
13,,1.8635742664337158,,1.8635742664337158,2334
13,,1.774830937385559,,1.774830937385559,2335
13,,1.9028477668762207,,1.9028477668762207,2336
13,,1.779144287109375,,1.779144287109375,2337
13,,1.862060546875,,1.862060546875,2338
13,,1.985730767250061,,1.985730767250061,2339
13,,1.9027900695800781,,1.9027900695800781,2340
13,,1.7895146608352661,,1.7895146608352661,2341
13,,1.873262882232666,,1.873262882232666,2342
13,,1.7622815370559692,,1.7622815370559692,2343
13,,1.6474155187606812,,1.6474155187606812,2344
13,,1.7737220525741577,,1.7737220525741577,2345
13,,1.9528878927230835,,1.9528878927230835,2346
13,,1.8150895833969116,,1.8150895833969116,2347
13,,1.8384838104248047,,1.8384838104248047,2348
13,,1.8003736734390259,,1.8003736734390259,2349
13,,1.816162109375,,1.816162109375,2350
13,,1.9386175870895386,,1.9386175870895386,2351
13,,1.865601897239685,,1.865601897239685,2352
13,,1.7636675834655762,,1.7636675834655762,2353
13,,1.9121849536895752,,1.9121849536895752,2354
13,,1.8770246505737305,,1.8770246505737305,2355
13,,1.9372305870056152,,1.9372305870056152,2356
13,,1.8179782629013062,,1.8179782629013062,2357
13,,1.676445484161377,,1.676445484161377,2358
13,,1.7964011430740356,,1.7964011430740356,2359
13,,1.7552717924118042,,1.7552717924118042,2360
13,,1.7452243566513062,,1.7452243566513062,2361
13,,1.7952148914337158,,1.7952148914337158,2362
13,,1.909258484840393,,1.909258484840393,2363
13,,1.806969404220581,,1.806969404220581,2364
13,,1.8328546285629272,,1.8328546285629272,2365
13,,1.7251583337783813,,1.7251583337783813,2366
13,,1.8215965032577515,,1.8215965032577515,2367
13,,1.8166768550872803,,1.8166768550872803,2368
13,,1.8179811239242554,,1.8179811239242554,2369
13,,1.8616081476211548,,1.8616081476211548,2370
13,,1.8998968601226807,,1.8998968601226807,2371
13,,1.8570929765701294,,1.8570929765701294,2372
13,,1.9192856550216675,,1.9192856550216675,2373
13,,1.9878753423690796,,1.9878753423690796,2374
13,,1.6657559871673584,,1.6657559871673584,2375
13,,1.8588218688964844,,1.8588218688964844,2376
13,,1.8523532152175903,,1.8523532152175903,2377
13,,1.8761500120162964,,1.8761500120162964,2378
13,,1.7111234664916992,,1.7111234664916992,2379
13,1.8271797895431519,,1.8271797895431519,,2379
14,,1.8912067413330078,,1.8912067413330078,2380
14,,1.8502401113510132,,1.8502401113510132,2381
14,,1.835097074508667,,1.835097074508667,2382
14,,1.7873698472976685,,1.7873698472976685,2383
14,,1.7623652219772339,,1.7623652219772339,2384
14,,1.7542152404785156,,1.7542152404785156,2385
14,,1.734145164489746,,1.734145164489746,2386
14,,1.8700079917907715,,1.8700079917907715,2387
14,,1.7296106815338135,,1.7296106815338135,2388
14,,1.9164704084396362,,1.9164704084396362,2389
14,,1.7769097089767456,,1.7769097089767456,2390
14,,1.8058608770370483,,1.8058608770370483,2391
14,,1.941392183303833,,1.941392183303833,2392
14,,1.889249324798584,,1.889249324798584,2393
14,,2.026648998260498,,2.026648998260498,2394
14,,1.753624677658081,,1.753624677658081,2395
14,,1.962337851524353,,1.962337851524353,2396
14,,1.7480870485305786,,1.7480870485305786,2397
14,,1.6333649158477783,,1.6333649158477783,2398
14,,1.7093502283096313,,1.7093502283096313,2399
14,,1.724500298500061,,1.724500298500061,2400
14,,1.8310513496398926,,1.8310513496398926,2401
14,,1.8830673694610596,,1.8830673694610596,2402
14,,1.8992836475372314,,1.8992836475372314,2403
14,,1.8631479740142822,,1.8631479740142822,2404
14,,1.7618787288665771,,1.7618787288665771,2405
14,,1.7993494272232056,,1.7993494272232056,2406
14,,1.901809811592102,,1.901809811592102,2407
14,,1.6682780981063843,,1.6682780981063843,2408
14,,1.7449439764022827,,1.7449439764022827,2409
14,,1.879461646080017,,1.879461646080017,2410
14,,1.6798150539398193,,1.6798150539398193,2411
14,,1.9884458780288696,,1.9884458780288696,2412
14,,1.8563717603683472,,1.8563717603683472,2413
14,,1.7461044788360596,,1.7461044788360596,2414
14,,1.774527668952942,,1.774527668952942,2415
14,,1.8144739866256714,,1.8144739866256714,2416
14,,1.724331259727478,,1.724331259727478,2417
14,,1.8072350025177002,,1.8072350025177002,2418
14,,1.7672427892684937,,1.7672427892684937,2419
14,,1.8166383504867554,,1.8166383504867554,2420
14,,1.725147008895874,,1.725147008895874,2421
14,,1.7838366031646729,,1.7838366031646729,2422
14,,1.705904483795166,,1.705904483795166,2423
14,,1.8730154037475586,,1.8730154037475586,2424
14,,1.777705192565918,,1.777705192565918,2425
14,,1.824674129486084,,1.824674129486084,2426
14,,1.8062424659729004,,1.8062424659729004,2427
14,,1.7752842903137207,,1.7752842903137207,2428
14,,1.8149493932724,,1.8149493932724,2429
14,,1.8315367698669434,,1.8315367698669434,2430
14,,1.5564236640930176,,1.5564236640930176,2431
14,,1.768418550491333,,1.768418550491333,2432
14,,1.8511866331100464,,1.8511866331100464,2433
14,,1.7309261560440063,,1.7309261560440063,2434
14,,1.7221190929412842,,1.7221190929412842,2435
14,,1.760355830192566,,1.760355830192566,2436
14,,1.7840982675552368,,1.7840982675552368,2437
14,,1.8058308362960815,,1.8058308362960815,2438
14,,1.8362215757369995,,1.8362215757369995,2439
14,,1.6898465156555176,,1.6898465156555176,2440
14,,1.9504098892211914,,1.9504098892211914,2441
14,,2.0643365383148193,,2.0643365383148193,2442
14,,1.6596702337265015,,1.6596702337265015,2443
14,,1.96694815158844,,1.96694815158844,2444
14,,1.650046467781067,,1.650046467781067,2445
14,,1.8759052753448486,,1.8759052753448486,2446
14,,1.8528242111206055,,1.8528242111206055,2447
14,,1.8714895248413086,,1.8714895248413086,2448
14,,1.5418694019317627,,1.5418694019317627,2449
14,,1.8507599830627441,,1.8507599830627441,2450
14,,1.7853608131408691,,1.7853608131408691,2451
14,,1.750523567199707,,1.750523567199707,2452
14,,1.8907053470611572,,1.8907053470611572,2453
14,,1.80817711353302,,1.80817711353302,2454
14,,1.8811817169189453,,1.8811817169189453,2455
14,,1.8889423608779907,,1.8889423608779907,2456
14,,1.8179117441177368,,1.8179117441177368,2457
14,,1.8406128883361816,,1.8406128883361816,2458
14,,1.7427921295166016,,1.7427921295166016,2459
14,,1.8480390310287476,,1.8480390310287476,2460
14,,1.9353904724121094,,1.9353904724121094,2461
14,,1.7991586923599243,,1.7991586923599243,2462
14,,2.0517704486846924,,2.0517704486846924,2463
14,,1.8062703609466553,,1.8062703609466553,2464
14,,2.037666082382202,,2.037666082382202,2465
14,,1.7209748029708862,,1.7209748029708862,2466
14,,1.7160052061080933,,1.7160052061080933,2467
14,,1.9194601774215698,,1.9194601774215698,2468
14,,1.8438726663589478,,1.8438726663589478,2469
14,,1.7646673917770386,,1.7646673917770386,2470
14,,1.7782554626464844,,1.7782554626464844,2471
14,,1.7179741859436035,,1.7179741859436035,2472
14,,1.8383231163024902,,1.8383231163024902,2473
14,,1.925891637802124,,1.925891637802124,2474
14,,1.8505569696426392,,1.8505569696426392,2475
14,,1.9767262935638428,,1.9767262935638428,2476
14,,1.832659363746643,,1.832659363746643,2477
14,,1.7305753231048584,,1.7305753231048584,2478
14,,1.712722659111023,,1.712722659111023,2479
14,,1.8328616619110107,,1.8328616619110107,2480
14,,1.6774673461914062,,1.6774673461914062,2481
14,,1.649301528930664,,1.649301528930664,2482
14,,1.731490135192871,,1.731490135192871,2483
14,,1.8143584728240967,,1.8143584728240967,2484
14,,2.0963706970214844,,2.0963706970214844,2485
14,,2.0233395099639893,,2.0233395099639893,2486
14,,1.7421014308929443,,1.7421014308929443,2487
14,,1.9496527910232544,,1.9496527910232544,2488
14,,1.8629398345947266,,1.8629398345947266,2489
14,,1.8849072456359863,,1.8849072456359863,2490
14,,1.838571548461914,,1.838571548461914,2491
14,,1.827694296836853,,1.827694296836853,2492
14,,1.9336817264556885,,1.9336817264556885,2493
14,,1.8926334381103516,,1.8926334381103516,2494
14,,1.7424352169036865,,1.7424352169036865,2495
14,,1.7971125841140747,,1.7971125841140747,2496
14,,1.7813785076141357,,1.7813785076141357,2497
14,,1.6840637922286987,,1.6840637922286987,2498
14,,1.629841923713684,,1.629841923713684,2499
14,,1.5641155242919922,,1.5641155242919922,2500
14,,1.8761463165283203,,1.8761463165283203,2501
14,,1.8234238624572754,,1.8234238624572754,2502
14,,1.7336848974227905,,1.7336848974227905,2503
14,,1.962925672531128,,1.962925672531128,2504
14,,1.7956568002700806,,1.7956568002700806,2505
14,,1.9168415069580078,,1.9168415069580078,2506
14,,1.7624742984771729,,1.7624742984771729,2507
14,,1.8006749153137207,,1.8006749153137207,2508
14,,1.8101061582565308,,1.8101061582565308,2509
14,,1.7895255088806152,,1.7895255088806152,2510
14,,1.741386890411377,,1.741386890411377,2511
14,,1.7054266929626465,,1.7054266929626465,2512
14,,1.7536123991012573,,1.7536123991012573,2513
14,,1.7358932495117188,,1.7358932495117188,2514
14,,1.9351311922073364,,1.9351311922073364,2515
14,,1.7983940839767456,,1.7983940839767456,2516
14,,1.719846248626709,,1.719846248626709,2517
14,,1.8354206085205078,,1.8354206085205078,2518
14,,1.6935056447982788,,1.6935056447982788,2519
14,,1.7963159084320068,,1.7963159084320068,2520
14,,1.7820193767547607,,1.7820193767547607,2521
14,,1.9547041654586792,,1.9547041654586792,2522
14,,1.8318732976913452,,1.8318732976913452,2523
14,,1.9281262159347534,,1.9281262159347534,2524
14,,1.8953040838241577,,1.8953040838241577,2525
14,,1.8832437992095947,,1.8832437992095947,2526
14,,1.7475078105926514,,1.7475078105926514,2527
14,,1.9798237085342407,,1.9798237085342407,2528
14,,1.8066273927688599,,1.8066273927688599,2529
14,,1.8080147504806519,,1.8080147504806519,2530
14,,1.8673449754714966,,1.8673449754714966,2531
14,,1.70803964138031,,1.70803964138031,2532
14,,1.93695867061615,,1.93695867061615,2533
14,,1.6799962520599365,,1.6799962520599365,2534
14,,1.7814760208129883,,1.7814760208129883,2535
14,,1.624497652053833,,1.624497652053833,2536
14,,1.7931944131851196,,1.7931944131851196,2537
14,,1.7498053312301636,,1.7498053312301636,2538
14,,2.0766232013702393,,2.0766232013702393,2539
14,,1.8320887088775635,,1.8320887088775635,2540
14,,1.84130859375,,1.84130859375,2541
14,,1.7384679317474365,,1.7384679317474365,2542
14,,1.9957506656646729,,1.9957506656646729,2543
14,,1.8145551681518555,,1.8145551681518555,2544
14,,1.8612560033798218,,1.8612560033798218,2545
14,,1.7855224609375,,1.7855224609375,2546
14,,1.8372858762741089,,1.8372858762741089,2547
14,,1.6270390748977661,,1.6270390748977661,2548
14,,1.922521948814392,,1.922521948814392,2549
14,1.8129171133041382,,1.8129171133041382,,2549
15,,1.7548770904541016,,1.7548770904541016,2550
15,,1.874397873878479,,1.874397873878479,2551
15,,1.892305850982666,,1.892305850982666,2552
15,,1.836976408958435,,1.836976408958435,2553
15,,2.0993688106536865,,2.0993688106536865,2554
15,,1.9010738134384155,,1.9010738134384155,2555
15,,1.739506483078003,,1.739506483078003,2556
15,,1.836459994316101,,1.836459994316101,2557
15,,1.7948253154754639,,1.7948253154754639,2558
15,,1.8450058698654175,,1.8450058698654175,2559
15,,1.8147342205047607,,1.8147342205047607,2560
15,,1.9462252855300903,,1.9462252855300903,2561
15,,1.8979607820510864,,1.8979607820510864,2562
15,,1.8756489753723145,,1.8756489753723145,2563
15,,1.8108586072921753,,1.8108586072921753,2564
15,,1.9463757276535034,,1.9463757276535034,2565
15,,1.9004639387130737,,1.9004639387130737,2566
15,,1.852595329284668,,1.852595329284668,2567
15,,1.687595248222351,,1.687595248222351,2568
15,,2.0333292484283447,,2.0333292484283447,2569
15,,1.6945840120315552,,1.6945840120315552,2570
15,,1.790117621421814,,1.790117621421814,2571
15,,1.743729591369629,,1.743729591369629,2572
15,,1.8499209880828857,,1.8499209880828857,2573
15,,1.7912269830703735,,1.7912269830703735,2574
15,,1.9083508253097534,,1.9083508253097534,2575
15,,1.845070719718933,,1.845070719718933,2576
15,,1.8342915773391724,,1.8342915773391724,2577
15,,1.7426741123199463,,1.7426741123199463,2578
15,,1.9317176342010498,,1.9317176342010498,2579
15,,1.7014323472976685,,1.7014323472976685,2580
15,,1.6207393407821655,,1.6207393407821655,2581
15,,2.0205447673797607,,2.0205447673797607,2582
15,,1.883662462234497,,1.883662462234497,2583
15,,1.781972885131836,,1.781972885131836,2584
15,,1.5685107707977295,,1.5685107707977295,2585
15,,1.8050402402877808,,1.8050402402877808,2586
15,,1.9253395795822144,,1.9253395795822144,2587
15,,1.739177942276001,,1.739177942276001,2588
15,,1.7989413738250732,,1.7989413738250732,2589
15,,1.8375446796417236,,1.8375446796417236,2590
15,,1.8323113918304443,,1.8323113918304443,2591
15,,1.893397331237793,,1.893397331237793,2592
15,,1.7929434776306152,,1.7929434776306152,2593
15,,1.881905198097229,,1.881905198097229,2594
15,,1.7761894464492798,,1.7761894464492798,2595
15,,1.7601971626281738,,1.7601971626281738,2596
15,,1.9565744400024414,,1.9565744400024414,2597
15,,1.7182997465133667,,1.7182997465133667,2598
15,,1.5925084352493286,,1.5925084352493286,2599
15,,1.7716867923736572,,1.7716867923736572,2600
15,,1.8563058376312256,,1.8563058376312256,2601
15,,1.7861369848251343,,1.7861369848251343,2602
15,,1.7339715957641602,,1.7339715957641602,2603
15,,1.7240222692489624,,1.7240222692489624,2604
15,,1.8044320344924927,,1.8044320344924927,2605
15,,1.9153169393539429,,1.9153169393539429,2606
15,,1.9016143083572388,,1.9016143083572388,2607
15,,1.7874393463134766,,1.7874393463134766,2608
15,,1.762218952178955,,1.762218952178955,2609
15,,1.8205636739730835,,1.8205636739730835,2610
15,,1.9409252405166626,,1.9409252405166626,2611
15,,1.6936218738555908,,1.6936218738555908,2612
15,,1.82493257522583,,1.82493257522583,2613
15,,1.8022515773773193,,1.8022515773773193,2614
15,,1.8966808319091797,,1.8966808319091797,2615
15,,1.7240543365478516,,1.7240543365478516,2616
15,,1.6937274932861328,,1.6937274932861328,2617
15,,1.9036526679992676,,1.9036526679992676,2618
15,,1.723476767539978,,1.723476767539978,2619
15,,1.7443257570266724,,1.7443257570266724,2620
15,,1.812087059020996,,1.812087059020996,2621
15,,1.74660325050354,,1.74660325050354,2622
15,,1.7756783962249756,,1.7756783962249756,2623
15,,1.7570228576660156,,1.7570228576660156,2624
15,,1.9073189496994019,,1.9073189496994019,2625
15,,1.8500550985336304,,1.8500550985336304,2626
15,,1.769050121307373,,1.769050121307373,2627
15,,1.902647852897644,,1.902647852897644,2628
15,,1.9283980131149292,,1.9283980131149292,2629
15,,1.6946483850479126,,1.6946483850479126,2630
15,,1.9553942680358887,,1.9553942680358887,2631
15,,1.8590784072875977,,1.8590784072875977,2632
15,,1.8257253170013428,,1.8257253170013428,2633
15,,1.8350290060043335,,1.8350290060043335,2634
15,,1.7804100513458252,,1.7804100513458252,2635
15,,1.821170449256897,,1.821170449256897,2636
15,,1.7782779932022095,,1.7782779932022095,2637
15,,1.8643385171890259,,1.8643385171890259,2638
15,,1.6098735332489014,,1.6098735332489014,2639
15,,1.8370347023010254,,1.8370347023010254,2640
15,,1.8274739980697632,,1.8274739980697632,2641
15,,1.816989779472351,,1.816989779472351,2642
15,,1.7723379135131836,,1.7723379135131836,2643
15,,1.7728712558746338,,1.7728712558746338,2644
15,,1.898872971534729,,1.898872971534729,2645
15,,1.8314138650894165,,1.8314138650894165,2646
15,,1.8779277801513672,,1.8779277801513672,2647
15,,1.7106094360351562,,1.7106094360351562,2648
15,,1.7057256698608398,,1.7057256698608398,2649
15,,1.9533812999725342,,1.9533812999725342,2650
15,,1.846049189567566,,1.846049189567566,2651
15,,1.7079209089279175,,1.7079209089279175,2652
15,,1.791990876197815,,1.791990876197815,2653
15,,1.802380919456482,,1.802380919456482,2654
15,,1.844981074333191,,1.844981074333191,2655
15,,1.6120696067810059,,1.6120696067810059,2656
15,,1.8907345533370972,,1.8907345533370972,2657
15,,1.8148730993270874,,1.8148730993270874,2658
15,,1.729978322982788,,1.729978322982788,2659
15,,1.7303097248077393,,1.7303097248077393,2660
15,,1.744032859802246,,1.744032859802246,2661
15,,1.7997206449508667,,1.7997206449508667,2662
15,,1.8527227640151978,,1.8527227640151978,2663
15,,1.9759052991867065,,1.9759052991867065,2664
15,,1.9573466777801514,,1.9573466777801514,2665
15,,1.7221442461013794,,1.7221442461013794,2666
15,,1.8497378826141357,,1.8497378826141357,2667
15,,1.7924457788467407,,1.7924457788467407,2668
15,,1.7942286729812622,,1.7942286729812622,2669
15,,1.7291035652160645,,1.7291035652160645,2670
15,,1.7820236682891846,,1.7820236682891846,2671
15,,1.6660016775131226,,1.6660016775131226,2672
15,,1.582497477531433,,1.582497477531433,2673
15,,1.6531416177749634,,1.6531416177749634,2674
15,,1.9972593784332275,,1.9972593784332275,2675
15,,1.7095867395401,,1.7095867395401,2676
15,,1.5693438053131104,,1.5693438053131104,2677
15,,2.0764684677124023,,2.0764684677124023,2678
15,,2.0634286403656006,,2.0634286403656006,2679
15,,1.8899556398391724,,1.8899556398391724,2680
15,,1.843009114265442,,1.843009114265442,2681
15,,1.6634336709976196,,1.6634336709976196,2682
15,,1.852967619895935,,1.852967619895935,2683
15,,1.8109755516052246,,1.8109755516052246,2684
15,,1.6708239316940308,,1.6708239316940308,2685
15,,1.8855847120285034,,1.8855847120285034,2686
15,,1.6895662546157837,,1.6895662546157837,2687
15,,1.879248857498169,,1.879248857498169,2688
15,,2.0195250511169434,,2.0195250511169434,2689
15,,1.9492578506469727,,1.9492578506469727,2690
15,,1.796769380569458,,1.796769380569458,2691
15,,1.9171582460403442,,1.9171582460403442,2692
15,,1.9136991500854492,,1.9136991500854492,2693
15,,1.7827742099761963,,1.7827742099761963,2694
15,,1.9129325151443481,,1.9129325151443481,2695
15,,1.7848410606384277,,1.7848410606384277,2696
15,,1.651342511177063,,1.651342511177063,2697
15,,1.7869707345962524,,1.7869707345962524,2698
15,,1.8206403255462646,,1.8206403255462646,2699
15,,1.755906343460083,,1.755906343460083,2700
15,,1.8146291971206665,,1.8146291971206665,2701
15,,1.6803991794586182,,1.6803991794586182,2702
15,,1.7719752788543701,,1.7719752788543701,2703
15,,1.733953833580017,,1.733953833580017,2704
15,,1.7384960651397705,,1.7384960651397705,2705
15,,1.759158730506897,,1.759158730506897,2706
15,,1.872601866722107,,1.872601866722107,2707
15,,1.7725759744644165,,1.7725759744644165,2708
15,,1.867468237876892,,1.867468237876892,2709
15,,1.8073245286941528,,1.8073245286941528,2710
15,,1.9514573812484741,,1.9514573812484741,2711
15,,1.7360801696777344,,1.7360801696777344,2712
15,,1.665086030960083,,1.665086030960083,2713
15,,1.7902277708053589,,1.7902277708053589,2714
15,,1.8945833444595337,,1.8945833444595337,2715
15,,1.8910448551177979,,1.8910448551177979,2716
15,,1.7670353651046753,,1.7670353651046753,2717
15,,1.9125123023986816,,1.9125123023986816,2718
15,,1.9295539855957031,,1.9295539855957031,2719
15,1.8135160207748413,,1.8135160207748413,,2719
16,,1.788148283958435,,1.788148283958435,2720
16,,1.8147631883621216,,1.8147631883621216,2721
16,,1.5634270906448364,,1.5634270906448364,2722
16,,1.8667356967926025,,1.8667356967926025,2723
16,,1.7343659400939941,,1.7343659400939941,2724
16,,1.8859682083129883,,1.8859682083129883,2725
16,,1.8004369735717773,,1.8004369735717773,2726
16,,1.8562663793563843,,1.8562663793563843,2727
16,,1.9254190921783447,,1.9254190921783447,2728
16,,1.6796679496765137,,1.6796679496765137,2729
16,,1.8122625350952148,,1.8122625350952148,2730
16,,1.9612857103347778,,1.9612857103347778,2731
16,,1.830820083618164,,1.830820083618164,2732
16,,1.7873457670211792,,1.7873457670211792,2733
16,,1.8525322675704956,,1.8525322675704956,2734
16,,1.8546781539916992,,1.8546781539916992,2735
16,,1.74560546875,,1.74560546875,2736
16,,1.8270316123962402,,1.8270316123962402,2737
16,,1.7674349546432495,,1.7674349546432495,2738
16,,1.8657495975494385,,1.8657495975494385,2739
16,,1.9455987215042114,,1.9455987215042114,2740
16,,1.7239325046539307,,1.7239325046539307,2741
16,,1.7785464525222778,,1.7785464525222778,2742
16,,1.7073110342025757,,1.7073110342025757,2743
16,,1.8757978677749634,,1.8757978677749634,2744
16,,1.6000323295593262,,1.6000323295593262,2745
16,,1.6828655004501343,,1.6828655004501343,2746
16,,1.928383708000183,,1.928383708000183,2747
16,,1.7310618162155151,,1.7310618162155151,2748
16,,1.8386934995651245,,1.8386934995651245,2749
16,,1.7573232650756836,,1.7573232650756836,2750
16,,1.722894310951233,,1.722894310951233,2751
16,,1.5473121404647827,,1.5473121404647827,2752
16,,1.7492659091949463,,1.7492659091949463,2753
16,,1.7047693729400635,,1.7047693729400635,2754
16,,1.7461309432983398,,1.7461309432983398,2755
16,,1.4979652166366577,,1.4979652166366577,2756
16,,1.9065437316894531,,1.9065437316894531,2757
16,,1.8140250444412231,,1.8140250444412231,2758
16,,1.7307541370391846,,1.7307541370391846,2759
16,,1.6653690338134766,,1.6653690338134766,2760
16,,1.7447068691253662,,1.7447068691253662,2761
16,,1.7613418102264404,,1.7613418102264404,2762
16,,1.6765530109405518,,1.6765530109405518,2763
16,,1.949151873588562,,1.949151873588562,2764
16,,1.7820175886154175,,1.7820175886154175,2765
16,,1.800154447555542,,1.800154447555542,2766
16,,1.7224863767623901,,1.7224863767623901,2767
16,,1.8233458995819092,,1.8233458995819092,2768
16,,1.8618005514144897,,1.8618005514144897,2769
16,,1.8544305562973022,,1.8544305562973022,2770
16,,1.8860934972763062,,1.8860934972763062,2771
16,,1.7971479892730713,,1.7971479892730713,2772
16,,1.9346057176589966,,1.9346057176589966,2773
16,,1.9213993549346924,,1.9213993549346924,2774
16,,1.8244547843933105,,1.8244547843933105,2775
16,,1.742817997932434,,1.742817997932434,2776
16,,1.826124668121338,,1.826124668121338,2777
16,,1.560437560081482,,1.560437560081482,2778
16,,1.8136688470840454,,1.8136688470840454,2779
16,,1.831773042678833,,1.831773042678833,2780
16,,1.9163938760757446,,1.9163938760757446,2781
16,,1.9262253046035767,,1.9262253046035767,2782
16,,1.739483118057251,,1.739483118057251,2783
16,,1.5720947980880737,,1.5720947980880737,2784
16,,1.710073709487915,,1.710073709487915,2785
16,,1.901099681854248,,1.901099681854248,2786
16,,1.9451985359191895,,1.9451985359191895,2787
16,,1.8383169174194336,,1.8383169174194336,2788
16,,1.6675736904144287,,1.6675736904144287,2789
16,,1.603541374206543,,1.603541374206543,2790
16,,1.8334379196166992,,1.8334379196166992,2791
16,,1.9446755647659302,,1.9446755647659302,2792
16,,1.9496735334396362,,1.9496735334396362,2793
16,,1.6543493270874023,,1.6543493270874023,2794
16,,1.6601462364196777,,1.6601462364196777,2795
16,,1.7143125534057617,,1.7143125534057617,2796
16,,1.8001068830490112,,1.8001068830490112,2797
16,,1.8633538484573364,,1.8633538484573364,2798
16,,1.8368663787841797,,1.8368663787841797,2799
16,,1.769160270690918,,1.769160270690918,2800
16,,1.8119677305221558,,1.8119677305221558,2801
16,,1.755296230316162,,1.755296230316162,2802
16,,1.8576815128326416,,1.8576815128326416,2803
16,,1.823455810546875,,1.823455810546875,2804
16,,1.8043397665023804,,1.8043397665023804,2805
16,,1.9021393060684204,,1.9021393060684204,2806
16,,1.7632396221160889,,1.7632396221160889,2807
16,,1.8720225095748901,,1.8720225095748901,2808
16,,1.9799866676330566,,1.9799866676330566,2809
16,,1.7674373388290405,,1.7674373388290405,2810
16,,1.7768746614456177,,1.7768746614456177,2811
16,,1.8366706371307373,,1.8366706371307373,2812
16,,1.7591760158538818,,1.7591760158538818,2813
16,,1.7768322229385376,,1.7768322229385376,2814
16,,1.8946340084075928,,1.8946340084075928,2815
16,,1.7345651388168335,,1.7345651388168335,2816
16,,1.68549382686615,,1.68549382686615,2817
16,,1.499405860900879,,1.499405860900879,2818
16,,1.845723032951355,,1.845723032951355,2819
16,,1.8732801675796509,,1.8732801675796509,2820
16,,1.6739284992218018,,1.6739284992218018,2821
16,,1.5870531797409058,,1.5870531797409058,2822
16,,1.7903428077697754,,1.7903428077697754,2823
16,,1.8843287229537964,,1.8843287229537964,2824
16,,1.880847454071045,,1.880847454071045,2825
16,,1.8830655813217163,,1.8830655813217163,2826
16,,1.6646169424057007,,1.6646169424057007,2827
16,,1.8060451745986938,,1.8060451745986938,2828
16,,1.825966715812683,,1.825966715812683,2829
16,,1.870455265045166,,1.870455265045166,2830
16,,1.5707485675811768,,1.5707485675811768,2831
16,,1.7542003393173218,,1.7542003393173218,2832
16,,1.8329792022705078,,1.8329792022705078,2833
16,,1.9561693668365479,,1.9561693668365479,2834
16,,1.6675888299942017,,1.6675888299942017,2835
16,,1.692720890045166,,1.692720890045166,2836
16,,1.788856029510498,,1.788856029510498,2837
16,,1.7332944869995117,,1.7332944869995117,2838
16,,1.778342366218567,,1.778342366218567,2839
16,,1.9820715188980103,,1.9820715188980103,2840
16,,1.9826222658157349,,1.9826222658157349,2841
16,,1.8949048519134521,,1.8949048519134521,2842
16,,1.6450657844543457,,1.6450657844543457,2843
16,,1.6704990863800049,,1.6704990863800049,2844
16,,1.793168544769287,,1.793168544769287,2845
16,,1.8680987358093262,,1.8680987358093262,2846
16,,1.9558242559432983,,1.9558242559432983,2847
16,,1.9845961332321167,,1.9845961332321167,2848
16,,1.86990487575531,,1.86990487575531,2849
16,,1.969735860824585,,1.969735860824585,2850
16,,1.8342634439468384,,1.8342634439468384,2851
16,,1.904705286026001,,1.904705286026001,2852
16,,1.9572029113769531,,1.9572029113769531,2853
16,,1.7283122539520264,,1.7283122539520264,2854
16,,1.8812955617904663,,1.8812955617904663,2855
16,,1.7446836233139038,,1.7446836233139038,2856
16,,1.5460703372955322,,1.5460703372955322,2857
16,,1.9657297134399414,,1.9657297134399414,2858
16,,1.786146640777588,,1.786146640777588,2859
16,,1.7394574880599976,,1.7394574880599976,2860
16,,1.8772977590560913,,1.8772977590560913,2861
16,,1.7535701990127563,,1.7535701990127563,2862
16,,1.5943986177444458,,1.5943986177444458,2863
16,,1.7216943502426147,,1.7216943502426147,2864
16,,1.7380969524383545,,1.7380969524383545,2865
16,,1.6538318395614624,,1.6538318395614624,2866
16,,1.9007768630981445,,1.9007768630981445,2867
16,,1.8683726787567139,,1.8683726787567139,2868
16,,1.8034006357192993,,1.8034006357192993,2869
16,,1.926433801651001,,1.926433801651001,2870
16,,1.8225469589233398,,1.8225469589233398,2871
16,,1.754016637802124,,1.754016637802124,2872
16,,1.7518601417541504,,1.7518601417541504,2873
16,,2.0497875213623047,,2.0497875213623047,2874
16,,1.7492953538894653,,1.7492953538894653,2875
16,,1.8671406507492065,,1.8671406507492065,2876
16,,1.8036032915115356,,1.8036032915115356,2877
16,,1.7988556623458862,,1.7988556623458862,2878
16,,1.9081517457962036,,1.9081517457962036,2879
16,,1.7516356706619263,,1.7516356706619263,2880
16,,1.8919990062713623,,1.8919990062713623,2881
16,,1.820848822593689,,1.820848822593689,2882
16,,1.9055253267288208,,1.9055253267288208,2883
16,,1.8295773267745972,,1.8295773267745972,2884
16,,1.6025340557098389,,1.6025340557098389,2885
16,,1.8572770357131958,,1.8572770357131958,2886
16,,1.775359034538269,,1.775359034538269,2887
16,,1.9168872833251953,,1.9168872833251953,2888
16,,1.8426076173782349,,1.8426076173782349,2889
16,1.7982994318008423,,1.7982994318008423,,2889
17,,1.8834228515625,,1.8834228515625,2890
17,,1.7240062952041626,,1.7240062952041626,2891
17,,1.6926743984222412,,1.6926743984222412,2892
17,,1.702940583229065,,1.702940583229065,2893
17,,1.7159055471420288,,1.7159055471420288,2894
17,,1.7476986646652222,,1.7476986646652222,2895
17,,1.7300105094909668,,1.7300105094909668,2896
17,,1.731710433959961,,1.731710433959961,2897
17,,1.8230913877487183,,1.8230913877487183,2898
17,,1.8864003419876099,,1.8864003419876099,2899
17,,1.765824794769287,,1.765824794769287,2900
17,,1.8554373979568481,,1.8554373979568481,2901
17,,1.7200168371200562,,1.7200168371200562,2902
17,,1.838640570640564,,1.838640570640564,2903
17,,1.6319531202316284,,1.6319531202316284,2904
17,,1.8172352313995361,,1.8172352313995361,2905
17,,1.825329303741455,,1.825329303741455,2906
17,,1.9643827676773071,,1.9643827676773071,2907
17,,1.82320237159729,,1.82320237159729,2908
17,,1.8292593955993652,,1.8292593955993652,2909
17,,1.7055870294570923,,1.7055870294570923,2910
17,,1.769737720489502,,1.769737720489502,2911
17,,1.7211931943893433,,1.7211931943893433,2912
17,,1.7527680397033691,,1.7527680397033691,2913
17,,1.666037678718567,,1.666037678718567,2914
17,,1.9125022888183594,,1.9125022888183594,2915
17,,1.8799996376037598,,1.8799996376037598,2916
17,,1.9571354389190674,,1.9571354389190674,2917
17,,1.6232194900512695,,1.6232194900512695,2918
17,,1.8498420715332031,,1.8498420715332031,2919
17,,1.8502906560897827,,1.8502906560897827,2920
17,,1.8097631931304932,,1.8097631931304932,2921
17,,1.7101690769195557,,1.7101690769195557,2922
17,,1.7111093997955322,,1.7111093997955322,2923
17,,1.975142002105713,,1.975142002105713,2924
17,,1.7949638366699219,,1.7949638366699219,2925
17,,1.6866298913955688,,1.6866298913955688,2926
17,,1.791675090789795,,1.791675090789795,2927
17,,1.6863223314285278,,1.6863223314285278,2928
17,,1.8930366039276123,,1.8930366039276123,2929
17,,1.7577100992202759,,1.7577100992202759,2930
17,,1.7684326171875,,1.7684326171875,2931
17,,1.71875,,1.71875,2932
17,,2.072767496109009,,2.072767496109009,2933
17,,1.9540796279907227,,1.9540796279907227,2934
17,,1.9008262157440186,,1.9008262157440186,2935
17,,1.637047290802002,,1.637047290802002,2936
17,,1.6675889492034912,,1.6675889492034912,2937
17,,1.8641623258590698,,1.8641623258590698,2938
17,,1.7958041429519653,,1.7958041429519653,2939
17,,1.910486102104187,,1.910486102104187,2940
17,,1.868319034576416,,1.868319034576416,2941
17,,1.848647952079773,,1.848647952079773,2942
17,,1.872750997543335,,1.872750997543335,2943
17,,1.6821441650390625,,1.6821441650390625,2944
17,,1.7977877855300903,,1.7977877855300903,2945
17,,1.7304034233093262,,1.7304034233093262,2946
17,,1.6629635095596313,,1.6629635095596313,2947
17,,1.5379376411437988,,1.5379376411437988,2948
17,,1.668657660484314,,1.668657660484314,2949
17,,1.8897839784622192,,1.8897839784622192,2950
17,,1.870094895362854,,1.870094895362854,2951
17,,1.9238122701644897,,1.9238122701644897,2952
17,,1.807183027267456,,1.807183027267456,2953
17,,1.8593153953552246,,1.8593153953552246,2954
17,,1.9615905284881592,,1.9615905284881592,2955
17,,1.781064748764038,,1.781064748764038,2956
17,,1.5515317916870117,,1.5515317916870117,2957
17,,1.908145546913147,,1.908145546913147,2958
17,,1.8475302457809448,,1.8475302457809448,2959
17,,1.7238612174987793,,1.7238612174987793,2960
17,,1.6825323104858398,,1.6825323104858398,2961
17,,1.7132261991500854,,1.7132261991500854,2962
17,,1.8591561317443848,,1.8591561317443848,2963
17,,1.9696838855743408,,1.9696838855743408,2964
17,,1.9704716205596924,,1.9704716205596924,2965
17,,1.5615622997283936,,1.5615622997283936,2966
17,,1.841676950454712,,1.841676950454712,2967
17,,1.8095158338546753,,1.8095158338546753,2968
17,,1.8224070072174072,,1.8224070072174072,2969
17,,1.9232752323150635,,1.9232752323150635,2970
17,,1.8503227233886719,,1.8503227233886719,2971
17,,1.7315733432769775,,1.7315733432769775,2972
17,,1.8379015922546387,,1.8379015922546387,2973
17,,1.7744261026382446,,1.7744261026382446,2974
17,,1.9765303134918213,,1.9765303134918213,2975
17,,1.92454993724823,,1.92454993724823,2976
17,,1.7322545051574707,,1.7322545051574707,2977
17,,1.746537685394287,,1.746537685394287,2978
17,,1.7633137702941895,,1.7633137702941895,2979
17,,1.9152867794036865,,1.9152867794036865,2980
17,,1.7054314613342285,,1.7054314613342285,2981
17,,2.025902032852173,,2.025902032852173,2982
17,,1.8677310943603516,,1.8677310943603516,2983
17,,1.7453973293304443,,1.7453973293304443,2984
17,,1.82280695438385,,1.82280695438385,2985
17,,1.9054659605026245,,1.9054659605026245,2986
17,,1.7481738328933716,,1.7481738328933716,2987
17,,1.7762298583984375,,1.7762298583984375,2988
17,,1.7707313299179077,,1.7707313299179077,2989
17,,1.9340277910232544,,1.9340277910232544,2990
17,,1.513964295387268,,1.513964295387268,2991
17,,1.7773202657699585,,1.7773202657699585,2992
17,,1.7843612432479858,,1.7843612432479858,2993
17,,1.7609009742736816,,1.7609009742736816,2994
17,,1.7669240236282349,,1.7669240236282349,2995
17,,1.7948812246322632,,1.7948812246322632,2996
17,,1.7899837493896484,,1.7899837493896484,2997
17,,1.7470791339874268,,1.7470791339874268,2998
17,,1.692905306816101,,1.692905306816101,2999
17,,1.6880279779434204,,1.6880279779434204,3000
17,,1.8203566074371338,,1.8203566074371338,3001
17,,1.7773233652114868,,1.7773233652114868,3002
17,,2.0544722080230713,,2.0544722080230713,3003
17,,1.6682980060577393,,1.6682980060577393,3004
17,,1.8266788721084595,,1.8266788721084595,3005
17,,1.7730270624160767,,1.7730270624160767,3006
17,,1.8482580184936523,,1.8482580184936523,3007
17,,1.7867653369903564,,1.7867653369903564,3008
17,,1.9280000925064087,,1.9280000925064087,3009
17,,1.807058572769165,,1.807058572769165,3010
17,,1.9126323461532593,,1.9126323461532593,3011
17,,1.7543748617172241,,1.7543748617172241,3012
17,,1.8271595239639282,,1.8271595239639282,3013
17,,1.8897420167922974,,1.8897420167922974,3014
17,,1.6462526321411133,,1.6462526321411133,3015
17,,1.7438924312591553,,1.7438924312591553,3016
17,,1.541500210762024,,1.541500210762024,3017
17,,1.8777214288711548,,1.8777214288711548,3018
17,,1.8695180416107178,,1.8695180416107178,3019
17,,1.5913945436477661,,1.5913945436477661,3020
17,,1.7928121089935303,,1.7928121089935303,3021
17,,1.842394232749939,,1.842394232749939,3022
17,,1.697137475013733,,1.697137475013733,3023
17,,1.7229862213134766,,1.7229862213134766,3024
17,,1.961256980895996,,1.961256980895996,3025
17,,2.036094903945923,,2.036094903945923,3026
17,,1.6872141361236572,,1.6872141361236572,3027
17,,1.7300537824630737,,1.7300537824630737,3028
17,,1.8126591444015503,,1.8126591444015503,3029
17,,1.743828296661377,,1.743828296661377,3030
17,,1.8594322204589844,,1.8594322204589844,3031
17,,1.8174446821212769,,1.8174446821212769,3032
17,,1.7736140489578247,,1.7736140489578247,3033
17,,1.6245898008346558,,1.6245898008346558,3034
17,,1.99495267868042,,1.99495267868042,3035
17,,1.7191498279571533,,1.7191498279571533,3036
17,,1.6978754997253418,,1.6978754997253418,3037
17,,1.6643558740615845,,1.6643558740615845,3038
17,,1.7694979906082153,,1.7694979906082153,3039
17,,1.7082101106643677,,1.7082101106643677,3040
17,,1.9505046606063843,,1.9505046606063843,3041
17,,1.8654464483261108,,1.8654464483261108,3042
17,,1.7820966243743896,,1.7820966243743896,3043
17,,1.6481623649597168,,1.6481623649597168,3044
17,,1.6740349531173706,,1.6740349531173706,3045
17,,1.8854891061782837,,1.8854891061782837,3046
17,,1.6950234174728394,,1.6950234174728394,3047
17,,1.7371037006378174,,1.7371037006378174,3048
17,,1.8019800186157227,,1.8019800186157227,3049
17,,1.641606092453003,,1.641606092453003,3050
17,,1.8397570848464966,,1.8397570848464966,3051
17,,1.8178963661193848,,1.8178963661193848,3052
17,,1.7446218729019165,,1.7446218729019165,3053
17,,1.969081997871399,,1.969081997871399,3054
17,,1.7325303554534912,,1.7325303554534912,3055
17,,1.7497570514678955,,1.7497570514678955,3056
17,,1.8426769971847534,,1.8426769971847534,3057
17,,1.793036937713623,,1.793036937713623,3058
17,,1.6196446418762207,,1.6196446418762207,3059
17,1.7930635213851929,,1.7930635213851929,,3059
18,,1.6862105131149292,,1.6862105131149292,3060
18,,1.680124282836914,,1.680124282836914,3061
18,,1.872240424156189,,1.872240424156189,3062
18,,1.7205153703689575,,1.7205153703689575,3063
18,,1.7810862064361572,,1.7810862064361572,3064
18,,1.7622511386871338,,1.7622511386871338,3065
18,,1.8265293836593628,,1.8265293836593628,3066
18,,1.7914960384368896,,1.7914960384368896,3067
18,,1.9952332973480225,,1.9952332973480225,3068
18,,1.6610015630722046,,1.6610015630722046,3069
18,,1.9386804103851318,,1.9386804103851318,3070
18,,1.7488056421279907,,1.7488056421279907,3071
18,,1.9374725818634033,,1.9374725818634033,3072
18,,1.8914151191711426,,1.8914151191711426,3073
18,,1.885865330696106,,1.885865330696106,3074
18,,1.8732255697250366,,1.8732255697250366,3075
18,,1.6755331754684448,,1.6755331754684448,3076
18,,1.8396395444869995,,1.8396395444869995,3077
18,,1.7903515100479126,,1.7903515100479126,3078
18,,1.8260072469711304,,1.8260072469711304,3079
18,,1.886657953262329,,1.886657953262329,3080
18,,2.035546064376831,,2.035546064376831,3081
18,,1.5857539176940918,,1.5857539176940918,3082
18,,1.8407682180404663,,1.8407682180404663,3083
18,,1.825179934501648,,1.825179934501648,3084
18,,1.9314383268356323,,1.9314383268356323,3085
18,,1.8419086933135986,,1.8419086933135986,3086
18,,1.692945957183838,,1.692945957183838,3087
18,,1.8289583921432495,,1.8289583921432495,3088
18,,2.0228121280670166,,2.0228121280670166,3089
18,,1.6811405420303345,,1.6811405420303345,3090
18,,1.7557826042175293,,1.7557826042175293,3091
18,,1.6039496660232544,,1.6039496660232544,3092
18,,1.6857492923736572,,1.6857492923736572,3093
18,,1.8255420923233032,,1.8255420923233032,3094
18,,1.8464163541793823,,1.8464163541793823,3095
18,,1.6113903522491455,,1.6113903522491455,3096
18,,1.7660675048828125,,1.7660675048828125,3097
18,,1.8865102529525757,,1.8865102529525757,3098
18,,1.6308670043945312,,1.6308670043945312,3099
18,,1.8786544799804688,,1.8786544799804688,3100
18,,1.7081249952316284,,1.7081249952316284,3101
18,,1.5763564109802246,,1.5763564109802246,3102
18,,1.8355759382247925,,1.8355759382247925,3103
18,,1.5315624475479126,,1.5315624475479126,3104
18,,1.7487194538116455,,1.7487194538116455,3105
18,,1.5327790975570679,,1.5327790975570679,3106
18,,1.6404420137405396,,1.6404420137405396,3107
18,,1.6472231149673462,,1.6472231149673462,3108
18,,1.8702383041381836,,1.8702383041381836,3109
18,,1.7807605266571045,,1.7807605266571045,3110
18,,1.8056527376174927,,1.8056527376174927,3111
18,,1.7666469812393188,,1.7666469812393188,3112
18,,1.6804596185684204,,1.6804596185684204,3113
18,,1.738075852394104,,1.738075852394104,3114
18,,1.9499975442886353,,1.9499975442886353,3115
18,,1.75691556930542,,1.75691556930542,3116
18,,1.7349355220794678,,1.7349355220794678,3117
18,,1.8620518445968628,,1.8620518445968628,3118
18,,1.815361738204956,,1.815361738204956,3119
18,,1.7343058586120605,,1.7343058586120605,3120
18,,1.7614681720733643,,1.7614681720733643,3121
18,,1.7600845098495483,,1.7600845098495483,3122
18,,1.7132627964019775,,1.7132627964019775,3123
18,,1.7308297157287598,,1.7308297157287598,3124
18,,1.8273783922195435,,1.8273783922195435,3125
18,,1.8068358898162842,,1.8068358898162842,3126
18,,1.9636025428771973,,1.9636025428771973,3127
18,,1.8250399827957153,,1.8250399827957153,3128
18,,1.8245350122451782,,1.8245350122451782,3129
18,,1.7809679508209229,,1.7809679508209229,3130
18,,1.7448503971099854,,1.7448503971099854,3131
18,,1.8424373865127563,,1.8424373865127563,3132
18,,1.8235983848571777,,1.8235983848571777,3133
18,,1.4949219226837158,,1.4949219226837158,3134
18,,1.655852198600769,,1.655852198600769,3135
18,,1.8481240272521973,,1.8481240272521973,3136
18,,1.9353092908859253,,1.9353092908859253,3137
18,,1.6004464626312256,,1.6004464626312256,3138
18,,2.004903793334961,,2.004903793334961,3139
18,,1.7953840494155884,,1.7953840494155884,3140
18,,1.6933058500289917,,1.6933058500289917,3141
18,,1.6383060216903687,,1.6383060216903687,3142
18,,1.7556521892547607,,1.7556521892547607,3143
18,,1.5532002449035645,,1.5532002449035645,3144
18,,1.8252841234207153,,1.8252841234207153,3145
18,,1.7321958541870117,,1.7321958541870117,3146
18,,1.75657057762146,,1.75657057762146,3147
18,,1.7685015201568604,,1.7685015201568604,3148
18,,1.7919859886169434,,1.7919859886169434,3149
18,,1.7566821575164795,,1.7566821575164795,3150
18,,1.7413904666900635,,1.7413904666900635,3151
18,,1.7852054834365845,,1.7852054834365845,3152
18,,1.8221044540405273,,1.8221044540405273,3153
18,,2.0073866844177246,,2.0073866844177246,3154
18,,1.6164218187332153,,1.6164218187332153,3155
18,,1.6815743446350098,,1.6815743446350098,3156
18,,1.8912585973739624,,1.8912585973739624,3157
18,,1.720642328262329,,1.720642328262329,3158
18,,1.776680827140808,,1.776680827140808,3159
18,,1.8164876699447632,,1.8164876699447632,3160
18,,1.6284334659576416,,1.6284334659576416,3161
18,,1.8532365560531616,,1.8532365560531616,3162
18,,1.8422266244888306,,1.8422266244888306,3163
18,,1.7558727264404297,,1.7558727264404297,3164
18,,1.8667837381362915,,1.8667837381362915,3165
18,,1.8558424711227417,,1.8558424711227417,3166
18,,1.6018415689468384,,1.6018415689468384,3167
18,,1.8133867979049683,,1.8133867979049683,3168
18,,1.7712922096252441,,1.7712922096252441,3169
18,,1.7670177221298218,,1.7670177221298218,3170
18,,1.5896984338760376,,1.5896984338760376,3171
18,,1.891512155532837,,1.891512155532837,3172
18,,1.8306995630264282,,1.8306995630264282,3173
18,,1.7498445510864258,,1.7498445510864258,3174
18,,2.0132288932800293,,2.0132288932800293,3175
18,,1.7280381917953491,,1.7280381917953491,3176
18,,1.727522611618042,,1.727522611618042,3177
18,,1.8621350526809692,,1.8621350526809692,3178
18,,2.0351269245147705,,2.0351269245147705,3179
18,,1.76729154586792,,1.76729154586792,3180
18,,1.7827785015106201,,1.7827785015106201,3181
18,,1.7892457246780396,,1.7892457246780396,3182
18,,1.884559988975525,,1.884559988975525,3183
18,,1.7259734869003296,,1.7259734869003296,3184
18,,1.6706043481826782,,1.6706043481826782,3185
18,,1.6054039001464844,,1.6054039001464844,3186
18,,1.7340689897537231,,1.7340689897537231,3187
18,,1.8569490909576416,,1.8569490909576416,3188
18,,1.6471601724624634,,1.6471601724624634,3189
18,,1.9281442165374756,,1.9281442165374756,3190
18,,1.8149032592773438,,1.8149032592773438,3191
18,,1.7990245819091797,,1.7990245819091797,3192
18,,1.707648515701294,,1.707648515701294,3193
18,,1.6698181629180908,,1.6698181629180908,3194
18,,1.7848730087280273,,1.7848730087280273,3195
18,,1.8540191650390625,,1.8540191650390625,3196
18,,1.9606406688690186,,1.9606406688690186,3197
18,,1.9067448377609253,,1.9067448377609253,3198
18,,1.5931600332260132,,1.5931600332260132,3199
18,,1.6991655826568604,,1.6991655826568604,3200
18,,1.6164963245391846,,1.6164963245391846,3201
18,,1.7147074937820435,,1.7147074937820435,3202
18,,1.8225455284118652,,1.8225455284118652,3203
18,,1.7185801267623901,,1.7185801267623901,3204
18,,1.7598365545272827,,1.7598365545272827,3205
18,,1.6979241371154785,,1.6979241371154785,3206
18,,1.767353892326355,,1.767353892326355,3207
18,,1.8141814470291138,,1.8141814470291138,3208
18,,1.8739382028579712,,1.8739382028579712,3209
18,,1.7505605220794678,,1.7505605220794678,3210
18,,1.780574083328247,,1.780574083328247,3211
18,,1.874968409538269,,1.874968409538269,3212
18,,1.7305104732513428,,1.7305104732513428,3213
18,,1.6952736377716064,,1.6952736377716064,3214
18,,1.6989387273788452,,1.6989387273788452,3215
18,,1.6343812942504883,,1.6343812942504883,3216
18,,1.7201975584030151,,1.7201975584030151,3217
18,,1.8415113687515259,,1.8415113687515259,3218
18,,1.7630175352096558,,1.7630175352096558,3219
18,,1.8008315563201904,,1.8008315563201904,3220
18,,1.8116271495819092,,1.8116271495819092,3221
18,,1.6561850309371948,,1.6561850309371948,3222
18,,1.8291348218917847,,1.8291348218917847,3223
18,,1.7421231269836426,,1.7421231269836426,3224
18,,1.9227749109268188,,1.9227749109268188,3225
18,,1.838447093963623,,1.838447093963623,3226
18,,1.6837265491485596,,1.6837265491485596,3227
18,,1.8621262311935425,,1.8621262311935425,3228
18,,1.8433159589767456,,1.8433159589767456,3229
18,1.7766151428222656,,1.7766151428222656,,3229
19,,1.8525480031967163,,1.8525480031967163,3230
19,,1.7220377922058105,,1.7220377922058105,3231
19,,1.7033984661102295,,1.7033984661102295,3232
19,,1.728249430656433,,1.728249430656433,3233
19,,1.8920518159866333,,1.8920518159866333,3234
19,,1.698305606842041,,1.698305606842041,3235
19,,1.7455554008483887,,1.7455554008483887,3236
19,,1.6332663297653198,,1.6332663297653198,3237
19,,1.8395832777023315,,1.8395832777023315,3238
19,,1.6762140989303589,,1.6762140989303589,3239
19,,1.6051455736160278,,1.6051455736160278,3240
19,,1.7581877708435059,,1.7581877708435059,3241
19,,1.7560869455337524,,1.7560869455337524,3242
19,,1.601638674736023,,1.601638674736023,3243
19,,1.7335338592529297,,1.7335338592529297,3244
19,,1.6784820556640625,,1.6784820556640625,3245
19,,1.6799640655517578,,1.6799640655517578,3246
19,,1.638248085975647,,1.638248085975647,3247
19,,1.6469993591308594,,1.6469993591308594,3248
19,,1.8741962909698486,,1.8741962909698486,3249
19,,1.9109570980072021,,1.9109570980072021,3250
19,,1.7430750131607056,,1.7430750131607056,3251
19,,1.7741321325302124,,1.7741321325302124,3252
19,,1.7276611328125,,1.7276611328125,3253
19,,1.8463724851608276,,1.8463724851608276,3254
19,,1.7200884819030762,,1.7200884819030762,3255
19,,1.8045859336853027,,1.8045859336853027,3256
19,,1.9728875160217285,,1.9728875160217285,3257
19,,1.9526193141937256,,1.9526193141937256,3258
19,,1.6718074083328247,,1.6718074083328247,3259
19,,1.544618010520935,,1.544618010520935,3260
19,,1.835687279701233,,1.835687279701233,3261
19,,1.7086541652679443,,1.7086541652679443,3262
19,,1.7522540092468262,,1.7522540092468262,3263
19,,1.7769025564193726,,1.7769025564193726,3264
19,,1.7711715698242188,,1.7711715698242188,3265
19,,1.6747560501098633,,1.6747560501098633,3266
19,,1.7991671562194824,,1.7991671562194824,3267
19,,1.6512197256088257,,1.6512197256088257,3268
19,,1.5242555141448975,,1.5242555141448975,3269
19,,1.6893267631530762,,1.6893267631530762,3270
19,,1.7786448001861572,,1.7786448001861572,3271
19,,1.6801187992095947,,1.6801187992095947,3272
19,,1.6381275653839111,,1.6381275653839111,3273
19,,1.9372197389602661,,1.9372197389602661,3274
19,,1.8585758209228516,,1.8585758209228516,3275
19,,1.7428056001663208,,1.7428056001663208,3276
19,,1.8268712759017944,,1.8268712759017944,3277
19,,1.7285743951797485,,1.7285743951797485,3278
19,,1.6879771947860718,,1.6879771947860718,3279
19,,1.7925621271133423,,1.7925621271133423,3280
19,,1.8695218563079834,,1.8695218563079834,3281
19,,1.8395708799362183,,1.8395708799362183,3282
19,,1.6476444005966187,,1.6476444005966187,3283
19,,1.7930216789245605,,1.7930216789245605,3284
19,,1.8304071426391602,,1.8304071426391602,3285
19,,1.7022240161895752,,1.7022240161895752,3286
19,,1.6442188024520874,,1.6442188024520874,3287
19,,1.6827183961868286,,1.6827183961868286,3288
19,,1.7336524724960327,,1.7336524724960327,3289
19,,1.6328470706939697,,1.6328470706939697,3290
19,,1.6138355731964111,,1.6138355731964111,3291
19,,1.8795322179794312,,1.8795322179794312,3292
19,,1.8779592514038086,,1.8779592514038086,3293
19,,1.7134698629379272,,1.7134698629379272,3294
19,,1.6525458097457886,,1.6525458097457886,3295
19,,1.8151845932006836,,1.8151845932006836,3296
19,,1.83822762966156,,1.83822762966156,3297
19,,1.85390305519104,,1.85390305519104,3298
19,,1.5336648225784302,,1.5336648225784302,3299
19,,1.624075174331665,,1.624075174331665,3300
19,,1.839870572090149,,1.839870572090149,3301
19,,1.9969720840454102,,1.9969720840454102,3302
19,,1.9734292030334473,,1.9734292030334473,3303
19,,1.7985111474990845,,1.7985111474990845,3304
19,,1.6224678754806519,,1.6224678754806519,3305
19,,1.8435211181640625,,1.8435211181640625,3306
19,,1.808315396308899,,1.808315396308899,3307
19,,1.7069203853607178,,1.7069203853607178,3308
19,,1.6045001745224,,1.6045001745224,3309
19,,1.7297097444534302,,1.7297097444534302,3310
19,,1.5174704790115356,,1.5174704790115356,3311
19,,1.642437219619751,,1.642437219619751,3312
19,,1.8590307235717773,,1.8590307235717773,3313
19,,1.662889838218689,,1.662889838218689,3314
19,,1.9824411869049072,,1.9824411869049072,3315
19,,1.61139976978302,,1.61139976978302,3316
19,,1.9902958869934082,,1.9902958869934082,3317
19,,1.806954026222229,,1.806954026222229,3318
19,,1.782597541809082,,1.782597541809082,3319
19,,1.8143336772918701,,1.8143336772918701,3320
19,,1.7897151708602905,,1.7897151708602905,3321
19,,1.7638555765151978,,1.7638555765151978,3322
19,,1.8609116077423096,,1.8609116077423096,3323
19,,1.9282324314117432,,1.9282324314117432,3324
19,,1.797446370124817,,1.797446370124817,3325
19,,1.5786056518554688,,1.5786056518554688,3326
19,,1.6905615329742432,,1.6905615329742432,3327
19,,1.8375709056854248,,1.8375709056854248,3328
19,,1.873046875,,1.873046875,3329
19,,1.893176794052124,,1.893176794052124,3330
19,,1.8163570165634155,,1.8163570165634155,3331
19,,1.8474632501602173,,1.8474632501602173,3332
19,,1.7573564052581787,,1.7573564052581787,3333
19,,1.8334367275238037,,1.8334367275238037,3334
19,,1.7082971334457397,,1.7082971334457397,3335
19,,1.8436529636383057,,1.8436529636383057,3336
19,,1.6935904026031494,,1.6935904026031494,3337
19,,1.7846242189407349,,1.7846242189407349,3338
19,,1.6700544357299805,,1.6700544357299805,3339
19,,1.7294960021972656,,1.7294960021972656,3340
19,,1.7820460796356201,,1.7820460796356201,3341
19,,1.9588414430618286,,1.9588414430618286,3342
19,,1.6568999290466309,,1.6568999290466309,3343
19,,1.7039812803268433,,1.7039812803268433,3344
19,,1.70595121383667,,1.70595121383667,3345
19,,1.5719631910324097,,1.5719631910324097,3346
19,,1.78276789188385,,1.78276789188385,3347
19,,1.7329906225204468,,1.7329906225204468,3348
19,,1.770364761352539,,1.770364761352539,3349
19,,1.785066843032837,,1.785066843032837,3350
19,,1.8213460445404053,,1.8213460445404053,3351
19,,1.5820937156677246,,1.5820937156677246,3352
19,,1.8105276823043823,,1.8105276823043823,3353
19,,1.718835711479187,,1.718835711479187,3354
19,,1.793879508972168,,1.793879508972168,3355
19,,1.6866064071655273,,1.6866064071655273,3356
19,,1.7369647026062012,,1.7369647026062012,3357
19,,1.7330372333526611,,1.7330372333526611,3358
19,,1.9434161186218262,,1.9434161186218262,3359
19,,1.71005117893219,,1.71005117893219,3360
19,,1.840669870376587,,1.840669870376587,3361
19,,1.7025740146636963,,1.7025740146636963,3362
19,,1.4600591659545898,,1.4600591659545898,3363
19,,1.6561836004257202,,1.6561836004257202,3364
19,,1.718996524810791,,1.718996524810791,3365
19,,1.915199637413025,,1.915199637413025,3366
19,,1.7607094049453735,,1.7607094049453735,3367
19,,1.7238109111785889,,1.7238109111785889,3368
19,,1.613959550857544,,1.613959550857544,3369
19,,1.7705836296081543,,1.7705836296081543,3370
19,,1.8226358890533447,,1.8226358890533447,3371
19,,1.70473313331604,,1.70473313331604,3372
19,,1.8114618062973022,,1.8114618062973022,3373
19,,1.8855594396591187,,1.8855594396591187,3374
19,,1.9620563983917236,,1.9620563983917236,3375
19,,1.6613322496414185,,1.6613322496414185,3376
19,,1.7998404502868652,,1.7998404502868652,3377
19,,1.9476858377456665,,1.9476858377456665,3378
19,,1.8161157369613647,,1.8161157369613647,3379
19,,1.7115483283996582,,1.7115483283996582,3380
19,,1.8514313697814941,,1.8514313697814941,3381
19,,1.8857234716415405,,1.8857234716415405,3382
19,,1.95803964138031,,1.95803964138031,3383
19,,1.9502171277999878,,1.9502171277999878,3384
19,,1.6655640602111816,,1.6655640602111816,3385
19,,1.8656620979309082,,1.8656620979309082,3386
19,,1.8308336734771729,,1.8308336734771729,3387
19,,1.8038278818130493,,1.8038278818130493,3388
19,,1.7968316078186035,,1.7968316078186035,3389
19,,1.7008347511291504,,1.7008347511291504,3390
19,,1.639762043952942,,1.639762043952942,3391
19,,1.9333243370056152,,1.9333243370056152,3392
19,,1.7235695123672485,,1.7235695123672485,3393
19,,1.7770724296569824,,1.7770724296569824,3394
19,,1.8721295595169067,,1.8721295595169067,3395
19,,1.9406695365905762,,1.9406695365905762,3396
19,,1.6517671346664429,,1.6517671346664429,3397
19,,1.724062442779541,,1.724062442779541,3398
19,,1.932442307472229,,1.932442307472229,3399
19,1.7631086111068726,,1.7631086111068726,,3399
20,,1.8052340745925903,,1.8052340745925903,3400
20,,1.7269631624221802,,1.7269631624221802,3401
20,,1.67869234085083,,1.67869234085083,3402
20,,1.6837894916534424,,1.6837894916534424,3403
20,,1.87750244140625,,1.87750244140625,3404
20,,1.7007211446762085,,1.7007211446762085,3405
20,,1.8992351293563843,,1.8992351293563843,3406
20,,1.5948609113693237,,1.5948609113693237,3407
20,,1.7100552320480347,,1.7100552320480347,3408
20,,1.9349697828292847,,1.9349697828292847,3409
20,,1.7273906469345093,,1.7273906469345093,3410
20,,1.8890564441680908,,1.8890564441680908,3411
20,,1.8123031854629517,,1.8123031854629517,3412
20,,1.8824687004089355,,1.8824687004089355,3413
20,,1.7718935012817383,,1.7718935012817383,3414
20,,1.7033082246780396,,1.7033082246780396,3415
20,,1.7502790689468384,,1.7502790689468384,3416
20,,1.7038211822509766,,1.7038211822509766,3417
20,,1.862806797027588,,1.862806797027588,3418
20,,1.870180606842041,,1.870180606842041,3419
20,,1.961406946182251,,1.961406946182251,3420
20,,1.775169849395752,,1.775169849395752,3421
20,,1.7081778049468994,,1.7081778049468994,3422
20,,1.7610594034194946,,1.7610594034194946,3423
20,,1.4448438882827759,,1.4448438882827759,3424
20,,1.8549493551254272,,1.8549493551254272,3425
20,,1.819893717765808,,1.819893717765808,3426
20,,1.6821898221969604,,1.6821898221969604,3427
20,,1.9273406267166138,,1.9273406267166138,3428
20,,1.8426644802093506,,1.8426644802093506,3429
20,,1.713120698928833,,1.713120698928833,3430
20,,1.5486376285552979,,1.5486376285552979,3431
20,,1.5896135568618774,,1.5896135568618774,3432
20,,1.7515515089035034,,1.7515515089035034,3433
20,,1.5905245542526245,,1.5905245542526245,3434
20,,1.6823464632034302,,1.6823464632034302,3435
20,,1.595107913017273,,1.595107913017273,3436
20,,1.7009904384613037,,1.7009904384613037,3437
20,,1.5857146978378296,,1.5857146978378296,3438
20,,1.79115891456604,,1.79115891456604,3439
20,,1.7398182153701782,,1.7398182153701782,3440
20,,1.7925101518630981,,1.7925101518630981,3441
20,,1.795469045639038,,1.795469045639038,3442
20,,1.865896224975586,,1.865896224975586,3443
20,,1.7553458213806152,,1.7553458213806152,3444
20,,1.7006311416625977,,1.7006311416625977,3445
20,,1.735273003578186,,1.735273003578186,3446
20,,1.5425552129745483,,1.5425552129745483,3447
20,,1.906343698501587,,1.906343698501587,3448
20,,1.7699958086013794,,1.7699958086013794,3449
20,,1.6446032524108887,,1.6446032524108887,3450
20,,1.7795921564102173,,1.7795921564102173,3451
20,,1.9714739322662354,,1.9714739322662354,3452
20,,1.5718653202056885,,1.5718653202056885,3453
20,,1.750241756439209,,1.750241756439209,3454
20,,1.8075454235076904,,1.8075454235076904,3455
20,,1.8288214206695557,,1.8288214206695557,3456
20,,1.97439706325531,,1.97439706325531,3457
20,,1.7560243606567383,,1.7560243606567383,3458
20,,1.7886974811553955,,1.7886974811553955,3459
20,,1.8736896514892578,,1.8736896514892578,3460
20,,1.7866837978363037,,1.7866837978363037,3461
20,,1.707776427268982,,1.707776427268982,3462
20,,1.5980710983276367,,1.5980710983276367,3463
20,,1.6091933250427246,,1.6091933250427246,3464
20,,1.8644033670425415,,1.8644033670425415,3465
20,,1.7096120119094849,,1.7096120119094849,3466
20,,1.854475736618042,,1.854475736618042,3467
20,,1.8829383850097656,,1.8829383850097656,3468
20,,1.6061466932296753,,1.6061466932296753,3469
20,,1.9755569696426392,,1.9755569696426392,3470
20,,1.785750389099121,,1.785750389099121,3471
20,,1.9045056104660034,,1.9045056104660034,3472
20,,1.7593178749084473,,1.7593178749084473,3473
20,,1.966055989265442,,1.966055989265442,3474
20,,1.4296296834945679,,1.4296296834945679,3475
20,,1.9235553741455078,,1.9235553741455078,3476
20,,1.8147459030151367,,1.8147459030151367,3477
20,,1.6378995180130005,,1.6378995180130005,3478
20,,1.6749615669250488,,1.6749615669250488,3479
20,,1.8786373138427734,,1.8786373138427734,3480
20,,1.7481005191802979,,1.7481005191802979,3481
20,,1.952109932899475,,1.952109932899475,3482
20,,1.7316745519638062,,1.7316745519638062,3483
20,,1.71392822265625,,1.71392822265625,3484
20,,1.8526171445846558,,1.8526171445846558,3485
20,,1.8590071201324463,,1.8590071201324463,3486
20,,1.74850332736969,,1.74850332736969,3487
20,,1.918529987335205,,1.918529987335205,3488
20,,1.8743561506271362,,1.8743561506271362,3489
20,,1.5613987445831299,,1.5613987445831299,3490
20,,1.717635154724121,,1.717635154724121,3491
20,,1.7198325395584106,,1.7198325395584106,3492
20,,1.7082149982452393,,1.7082149982452393,3493
20,,1.6995683908462524,,1.6995683908462524,3494
20,,1.668796420097351,,1.668796420097351,3495
20,,1.6215753555297852,,1.6215753555297852,3496
20,,1.7615950107574463,,1.7615950107574463,3497
20,,2.106722593307495,,2.106722593307495,3498
20,,1.7538598775863647,,1.7538598775863647,3499
20,,1.8746187686920166,,1.8746187686920166,3500
20,,1.8211618661880493,,1.8211618661880493,3501
20,,1.7472684383392334,,1.7472684383392334,3502
20,,1.8229013681411743,,1.8229013681411743,3503
20,,1.6453371047973633,,1.6453371047973633,3504
20,,1.7000069618225098,,1.7000069618225098,3505
20,,1.8275399208068848,,1.8275399208068848,3506
20,,2.0196244716644287,,2.0196244716644287,3507
20,,1.673651933670044,,1.673651933670044,3508
20,,1.6402493715286255,,1.6402493715286255,3509
20,,1.7081853151321411,,1.7081853151321411,3510
20,,1.7831419706344604,,1.7831419706344604,3511
20,,1.5031155347824097,,1.5031155347824097,3512
20,,1.7450470924377441,,1.7450470924377441,3513
20,,1.8533748388290405,,1.8533748388290405,3514
20,,1.7105813026428223,,1.7105813026428223,3515
20,,1.7422336339950562,,1.7422336339950562,3516
20,,1.7015643119812012,,1.7015643119812012,3517
20,,1.6028259992599487,,1.6028259992599487,3518
20,,1.8057055473327637,,1.8057055473327637,3519
20,,1.708394169807434,,1.708394169807434,3520
20,,1.6706771850585938,,1.6706771850585938,3521
20,,1.7892305850982666,,1.7892305850982666,3522
20,,1.6973241567611694,,1.6973241567611694,3523
20,,1.8069196939468384,,1.8069196939468384,3524
20,,1.8582196235656738,,1.8582196235656738,3525
20,,1.7849639654159546,,1.7849639654159546,3526
20,,1.7913225889205933,,1.7913225889205933,3527
20,,1.8735949993133545,,1.8735949993133545,3528
20,,1.5326733589172363,,1.5326733589172363,3529
20,,1.8018584251403809,,1.8018584251403809,3530
20,,1.7469797134399414,,1.7469797134399414,3531
20,,1.8200047016143799,,1.8200047016143799,3532
20,,1.8478965759277344,,1.8478965759277344,3533
20,,1.6892163753509521,,1.6892163753509521,3534
20,,1.9387599229812622,,1.9387599229812622,3535
20,,1.7602784633636475,,1.7602784633636475,3536
20,,1.7378932237625122,,1.7378932237625122,3537
20,,1.9604991674423218,,1.9604991674423218,3538
20,,1.6343061923980713,,1.6343061923980713,3539
20,,1.8685240745544434,,1.8685240745544434,3540
20,,1.6879771947860718,,1.6879771947860718,3541
20,,1.5713443756103516,,1.5713443756103516,3542
20,,1.8947243690490723,,1.8947243690490723,3543
20,,1.7907503843307495,,1.7907503843307495,3544
20,,1.8004398345947266,,1.8004398345947266,3545
20,,1.8859838247299194,,1.8859838247299194,3546
20,,1.785095453262329,,1.785095453262329,3547
20,,1.8828365802764893,,1.8828365802764893,3548
20,,1.7431459426879883,,1.7431459426879883,3549
20,,1.4711148738861084,,1.4711148738861084,3550
20,,1.7225154638290405,,1.7225154638290405,3551
20,,1.8757102489471436,,1.8757102489471436,3552
20,,1.6135603189468384,,1.6135603189468384,3553
20,,1.5292185544967651,,1.5292185544967651,3554
20,,1.8738290071487427,,1.8738290071487427,3555
20,,1.8300590515136719,,1.8300590515136719,3556
20,,1.7020524740219116,,1.7020524740219116,3557
20,,1.776569128036499,,1.776569128036499,3558
20,,1.6097288131713867,,1.6097288131713867,3559
20,,1.8893568515777588,,1.8893568515777588,3560
20,,1.8906751871109009,,1.8906751871109009,3561
20,,1.8076096773147583,,1.8076096773147583,3562
20,,1.8479050397872925,,1.8479050397872925,3563
20,,1.7534819841384888,,1.7534819841384888,3564
20,,1.786116361618042,,1.786116361618042,3565
20,,1.860619068145752,,1.860619068145752,3566
20,,1.8050761222839355,,1.8050761222839355,3567
20,,1.7323168516159058,,1.7323168516159058,3568
20,,1.7703211307525635,,1.7703211307525635,3569
20,1.7634369134902954,,1.7634369134902954,,3569
21,,1.4916422367095947,,1.4916422367095947,3570
21,,1.767578125,,1.767578125,3571
21,,1.8634825944900513,,1.8634825944900513,3572
21,,1.7866288423538208,,1.7866288423538208,3573
21,,1.856858253479004,,1.856858253479004,3574
21,,1.6243597269058228,,1.6243597269058228,3575
21,,1.8580100536346436,,1.8580100536346436,3576
21,,1.5749098062515259,,1.5749098062515259,3577
21,,1.7561484575271606,,1.7561484575271606,3578
21,,2.017059564590454,,2.017059564590454,3579
21,,1.702156662940979,,1.702156662940979,3580
21,,1.7148106098175049,,1.7148106098175049,3581
21,,1.732417106628418,,1.732417106628418,3582
21,,1.7995208501815796,,1.7995208501815796,3583
21,,1.5858922004699707,,1.5858922004699707,3584
21,,1.8051772117614746,,1.8051772117614746,3585
21,,1.8634347915649414,,1.8634347915649414,3586
21,,1.9559050798416138,,1.9559050798416138,3587
21,,1.7739723920822144,,1.7739723920822144,3588
21,,1.679121494293213,,1.679121494293213,3589
21,,1.7734047174453735,,1.7734047174453735,3590
21,,1.8382198810577393,,1.8382198810577393,3591
21,,1.7681331634521484,,1.7681331634521484,3592
21,,1.6553351879119873,,1.6553351879119873,3593
21,,1.5930280685424805,,1.5930280685424805,3594
21,,1.8453530073165894,,1.8453530073165894,3595
21,,1.6458613872528076,,1.6458613872528076,3596
21,,1.6718605756759644,,1.6718605756759644,3597
21,,1.6616361141204834,,1.6616361141204834,3598
21,,1.6994068622589111,,1.6994068622589111,3599
21,,1.938752293586731,,1.938752293586731,3600
21,,1.859136939048767,,1.859136939048767,3601
21,,1.9102939367294312,,1.9102939367294312,3602
21,,1.7444168329238892,,1.7444168329238892,3603
21,,1.7118446826934814,,1.7118446826934814,3604
21,,1.7777777910232544,,1.7777777910232544,3605
21,,1.9012848138809204,,1.9012848138809204,3606
21,,1.9341983795166016,,1.9341983795166016,3607
21,,1.9680908918380737,,1.9680908918380737,3608
21,,1.6502562761306763,,1.6502562761306763,3609
21,,1.7966842651367188,,1.7966842651367188,3610
21,,1.84765625,,1.84765625,3611
21,,1.9494905471801758,,1.9494905471801758,3612
21,,1.9071019887924194,,1.9071019887924194,3613
21,,1.7974495887756348,,1.7974495887756348,3614
21,,1.6756857633590698,,1.6756857633590698,3615
21,,1.7716593742370605,,1.7716593742370605,3616
21,,1.8503856658935547,,1.8503856658935547,3617
21,,1.803856611251831,,1.803856611251831,3618
21,,1.8112232685089111,,1.8112232685089111,3619
21,,1.766537070274353,,1.766537070274353,3620
21,,1.4218980073928833,,1.4218980073928833,3621
21,,1.593472957611084,,1.593472957611084,3622
21,,1.6415657997131348,,1.6415657997131348,3623
21,,1.7569506168365479,,1.7569506168365479,3624
21,,1.8220009803771973,,1.8220009803771973,3625
21,,1.7511705160140991,,1.7511705160140991,3626
21,,1.7268781661987305,,1.7268781661987305,3627
21,,1.8200169801712036,,1.8200169801712036,3628
21,,1.7366745471954346,,1.7366745471954346,3629
21,,1.6720772981643677,,1.6720772981643677,3630
21,,1.7696102857589722,,1.7696102857589722,3631
21,,1.6196609735488892,,1.6196609735488892,3632
21,,1.6896306276321411,,1.6896306276321411,3633
21,,1.6924431324005127,,1.6924431324005127,3634
21,,1.7624255418777466,,1.7624255418777466,3635
21,,1.6224441528320312,,1.6224441528320312,3636
21,,1.6949325799942017,,1.6949325799942017,3637
21,,1.7032530307769775,,1.7032530307769775,3638
21,,1.8738558292388916,,1.8738558292388916,3639
21,,1.6560884714126587,,1.6560884714126587,3640
21,,1.666157841682434,,1.666157841682434,3641
21,,1.725980281829834,,1.725980281829834,3642
21,,2.0554614067077637,,2.0554614067077637,3643
21,,1.775023102760315,,1.775023102760315,3644
21,,1.6336402893066406,,1.6336402893066406,3645
21,,1.7144334316253662,,1.7144334316253662,3646
21,,1.935071587562561,,1.935071587562561,3647
21,,1.7406506538391113,,1.7406506538391113,3648
21,,1.7810989618301392,,1.7810989618301392,3649
21,,1.9494163990020752,,1.9494163990020752,3650
21,,1.617904543876648,,1.617904543876648,3651
21,,1.759636640548706,,1.759636640548706,3652
21,,1.8305513858795166,,1.8305513858795166,3653
21,,1.4547147750854492,,1.4547147750854492,3654
21,,1.6564574241638184,,1.6564574241638184,3655
21,,1.9337658882141113,,1.9337658882141113,3656
21,,1.9587103128433228,,1.9587103128433228,3657
21,,1.66103994846344,,1.66103994846344,3658
21,,1.8560726642608643,,1.8560726642608643,3659
21,,1.7320590019226074,,1.7320590019226074,3660
21,,1.6546361446380615,,1.6546361446380615,3661
21,,1.820065975189209,,1.820065975189209,3662
21,,1.9270447492599487,,1.9270447492599487,3663
21,,1.556235909461975,,1.556235909461975,3664
21,,1.724634051322937,,1.724634051322937,3665
21,,1.8160582780838013,,1.8160582780838013,3666
21,,1.731174349784851,,1.731174349784851,3667
21,,1.7322895526885986,,1.7322895526885986,3668
21,,1.509351372718811,,1.509351372718811,3669
21,,1.7936674356460571,,1.7936674356460571,3670
21,,1.8094232082366943,,1.8094232082366943,3671
21,,1.9365187883377075,,1.9365187883377075,3672
21,,1.8910231590270996,,1.8910231590270996,3673
21,,1.7762796878814697,,1.7762796878814697,3674
21,,1.7847126722335815,,1.7847126722335815,3675
21,,1.7075705528259277,,1.7075705528259277,3676
21,,1.7043111324310303,,1.7043111324310303,3677
21,,1.8139852285385132,,1.8139852285385132,3678
21,,1.7417144775390625,,1.7417144775390625,3679
21,,1.9064669609069824,,1.9064669609069824,3680
21,,1.7139211893081665,,1.7139211893081665,3681
21,,1.7897508144378662,,1.7897508144378662,3682
21,,1.7377104759216309,,1.7377104759216309,3683
21,,1.6732341051101685,,1.6732341051101685,3684
21,,1.6613227128982544,,1.6613227128982544,3685
21,,1.832161784172058,,1.832161784172058,3686
21,,1.7244073152542114,,1.7244073152542114,3687
21,,1.7687554359436035,,1.7687554359436035,3688
21,,1.7958686351776123,,1.7958686351776123,3689
21,,1.7463757991790771,,1.7463757991790771,3690
21,,1.772030234336853,,1.772030234336853,3691
21,,1.7621723413467407,,1.7621723413467407,3692
21,,1.6436771154403687,,1.6436771154403687,3693
21,,1.8367412090301514,,1.8367412090301514,3694
21,,1.7519891262054443,,1.7519891262054443,3695
21,,1.7967544794082642,,1.7967544794082642,3696
21,,1.5559015274047852,,1.5559015274047852,3697
21,,1.6715734004974365,,1.6715734004974365,3698
21,,1.7853164672851562,,1.7853164672851562,3699
21,,1.7938828468322754,,1.7938828468322754,3700
21,,1.8251971006393433,,1.8251971006393433,3701
21,,1.7989368438720703,,1.7989368438720703,3702
21,,1.8733928203582764,,1.8733928203582764,3703
21,,1.6394648551940918,,1.6394648551940918,3704
21,,1.596217393875122,,1.596217393875122,3705
21,,1.5378767251968384,,1.5378767251968384,3706
21,,1.4505709409713745,,1.4505709409713745,3707
21,,1.6802006959915161,,1.6802006959915161,3708
21,,1.7307049036026,,1.7307049036026,3709
21,,1.6785945892333984,,1.6785945892333984,3710
21,,1.9306108951568604,,1.9306108951568604,3711
21,,1.6733070611953735,,1.6733070611953735,3712
21,,1.8381720781326294,,1.8381720781326294,3713
21,,1.6614723205566406,,1.6614723205566406,3714
21,,1.905942678451538,,1.905942678451538,3715
21,,1.9413069486618042,,1.9413069486618042,3716
21,,1.7700841426849365,,1.7700841426849365,3717
21,,1.8566579818725586,,1.8566579818725586,3718
21,,1.7646703720092773,,1.7646703720092773,3719
21,,1.6622318029403687,,1.6622318029403687,3720
21,,1.6861639022827148,,1.6861639022827148,3721
21,,1.8215770721435547,,1.8215770721435547,3722
21,,1.644636869430542,,1.644636869430542,3723
21,,1.8005889654159546,,1.8005889654159546,3724
21,,1.7328903675079346,,1.7328903675079346,3725
21,,1.9077425003051758,,1.9077425003051758,3726
21,,1.9199714660644531,,1.9199714660644531,3727
21,,1.917051076889038,,1.917051076889038,3728
21,,1.7181105613708496,,1.7181105613708496,3729
21,,1.6899337768554688,,1.6899337768554688,3730
21,,1.7695608139038086,,1.7695608139038086,3731
21,,1.5700613260269165,,1.5700613260269165,3732
21,,1.771193265914917,,1.771193265914917,3733
21,,1.798563838005066,,1.798563838005066,3734
21,,1.74830162525177,,1.74830162525177,3735
21,,1.8406867980957031,,1.8406867980957031,3736
21,,1.9451733827590942,,1.9451733827590942,3737
21,,1.6941691637039185,,1.6941691637039185,3738
21,,1.668701171875,,1.668701171875,3739
21,1.7580424547195435,,1.7580424547195435,,3739
22,,1.6133438348770142,,1.6133438348770142,3740
22,,1.7035796642303467,,1.7035796642303467,3741
22,,1.811781644821167,,1.811781644821167,3742
22,,1.575826644897461,,1.575826644897461,3743
22,,1.8011170625686646,,1.8011170625686646,3744
22,,1.7415755987167358,,1.7415755987167358,3745
22,,1.7633785009384155,,1.7633785009384155,3746
22,,1.7711879014968872,,1.7711879014968872,3747
22,,1.7434773445129395,,1.7434773445129395,3748
22,,1.8059543371200562,,1.8059543371200562,3749
22,,1.7966331243515015,,1.7966331243515015,3750
22,,1.580301284790039,,1.580301284790039,3751
22,,1.745290756225586,,1.745290756225586,3752
22,,1.828210473060608,,1.828210473060608,3753
22,,1.6564513444900513,,1.6564513444900513,3754
22,,1.5589735507965088,,1.5589735507965088,3755
22,,1.857863426208496,,1.857863426208496,3756
22,,1.6272281408309937,,1.6272281408309937,3757
22,,1.6331079006195068,,1.6331079006195068,3758
22,,1.7559661865234375,,1.7559661865234375,3759
22,,1.8572503328323364,,1.8572503328323364,3760
22,,1.7413933277130127,,1.7413933277130127,3761
22,,1.828998327255249,,1.828998327255249,3762
22,,1.8101438283920288,,1.8101438283920288,3763
22,,1.8042938709259033,,1.8042938709259033,3764
22,,1.698407769203186,,1.698407769203186,3765
22,,1.67900812625885,,1.67900812625885,3766
22,,1.7775009870529175,,1.7775009870529175,3767
22,,1.900471568107605,,1.900471568107605,3768
22,,1.794177770614624,,1.794177770614624,3769
22,,1.9292200803756714,,1.9292200803756714,3770
22,,1.9424598217010498,,1.9424598217010498,3771
22,,1.8736965656280518,,1.8736965656280518,3772
22,,1.7216603755950928,,1.7216603755950928,3773
22,,1.707910180091858,,1.707910180091858,3774
22,,1.7974460124969482,,1.7974460124969482,3775
22,,1.569048285484314,,1.569048285484314,3776
22,,1.7751500606536865,,1.7751500606536865,3777
22,,1.8226747512817383,,1.8226747512817383,3778
22,,1.9737106561660767,,1.9737106561660767,3779
22,,1.8204424381256104,,1.8204424381256104,3780
22,,1.7514472007751465,,1.7514472007751465,3781
22,,1.883585810661316,,1.883585810661316,3782
22,,1.7134491205215454,,1.7134491205215454,3783
22,,1.6218096017837524,,1.6218096017837524,3784
22,,1.7653120756149292,,1.7653120756149292,3785
22,,1.6741852760314941,,1.6741852760314941,3786
22,,1.6510958671569824,,1.6510958671569824,3787
22,,1.6337120532989502,,1.6337120532989502,3788
22,,1.8641942739486694,,1.8641942739486694,3789
22,,1.6044954061508179,,1.6044954061508179,3790
22,,1.817452311515808,,1.817452311515808,3791
22,,1.6365312337875366,,1.6365312337875366,3792
22,,1.6106138229370117,,1.6106138229370117,3793
22,,1.894565224647522,,1.894565224647522,3794
22,,1.6131470203399658,,1.6131470203399658,3795
22,,1.9861990213394165,,1.9861990213394165,3796
22,,1.7373285293579102,,1.7373285293579102,3797
22,,1.737596035003662,,1.737596035003662,3798
22,,1.9805718660354614,,1.9805718660354614,3799
22,,1.7310149669647217,,1.7310149669647217,3800
22,,1.780344843864441,,1.780344843864441,3801
22,,1.8495264053344727,,1.8495264053344727,3802
22,,1.6505181789398193,,1.6505181789398193,3803
22,,1.9821356534957886,,1.9821356534957886,3804
22,,1.6854307651519775,,1.6854307651519775,3805
22,,2.0217437744140625,,2.0217437744140625,3806
22,,1.675536036491394,,1.675536036491394,3807
22,,1.7421064376831055,,1.7421064376831055,3808
22,,1.6978394985198975,,1.6978394985198975,3809
22,,1.609839677810669,,1.609839677810669,3810
22,,1.7716693878173828,,1.7716693878173828,3811
22,,1.8683327436447144,,1.8683327436447144,3812
22,,1.6489454507827759,,1.6489454507827759,3813
22,,1.419042944908142,,1.419042944908142,3814
22,,1.9290556907653809,,1.9290556907653809,3815
22,,1.7891359329223633,,1.7891359329223633,3816
22,,1.6625022888183594,,1.6625022888183594,3817
22,,1.8996530771255493,,1.8996530771255493,3818
22,,1.8266183137893677,,1.8266183137893677,3819
22,,1.7568638324737549,,1.7568638324737549,3820
22,,1.9022481441497803,,1.9022481441497803,3821
22,,1.9357662200927734,,1.9357662200927734,3822
22,,1.5390148162841797,,1.5390148162841797,3823
22,,1.6116002798080444,,1.6116002798080444,3824
22,,1.8554444313049316,,1.8554444313049316,3825
22,,1.7661423683166504,,1.7661423683166504,3826
22,,1.6096590757369995,,1.6096590757369995,3827
22,,1.7618545293807983,,1.7618545293807983,3828
22,,1.9259319305419922,,1.9259319305419922,3829
22,,1.680588960647583,,1.680588960647583,3830
22,,1.6958235502243042,,1.6958235502243042,3831
22,,1.8291805982589722,,1.8291805982589722,3832
22,,1.5849385261535645,,1.5849385261535645,3833
22,,1.510088324546814,,1.510088324546814,3834
22,,1.8583805561065674,,1.8583805561065674,3835
22,,1.740630030632019,,1.740630030632019,3836
22,,1.6417001485824585,,1.6417001485824585,3837
22,,1.7235174179077148,,1.7235174179077148,3838
22,,1.7641178369522095,,1.7641178369522095,3839
22,,1.6038151979446411,,1.6038151979446411,3840
22,,1.6819827556610107,,1.6819827556610107,3841
22,,1.7319759130477905,,1.7319759130477905,3842
22,,1.7902673482894897,,1.7902673482894897,3843
22,,1.7362380027770996,,1.7362380027770996,3844
22,,1.7539899349212646,,1.7539899349212646,3845
22,,1.6008621454238892,,1.6008621454238892,3846
22,,1.6872588396072388,,1.6872588396072388,3847
22,,1.8229058980941772,,1.8229058980941772,3848
22,,1.8007315397262573,,1.8007315397262573,3849
22,,1.5706435441970825,,1.5706435441970825,3850
22,,1.9665014743804932,,1.9665014743804932,3851
22,,1.6926525831222534,,1.6926525831222534,3852
22,,1.6927132606506348,,1.6927132606506348,3853
22,,1.5357798337936401,,1.5357798337936401,3854
22,,1.585516333580017,,1.585516333580017,3855
22,,1.6574503183364868,,1.6574503183364868,3856
22,,1.7504756450653076,,1.7504756450653076,3857
22,,1.7926568984985352,,1.7926568984985352,3858
22,,1.635237693786621,,1.635237693786621,3859
22,,1.5789467096328735,,1.5789467096328735,3860
22,,1.8847630023956299,,1.8847630023956299,3861
22,,1.834972620010376,,1.834972620010376,3862
22,,1.7966747283935547,,1.7966747283935547,3863
22,,1.9018844366073608,,1.9018844366073608,3864
22,,1.7303472757339478,,1.7303472757339478,3865
22,,1.789313554763794,,1.789313554763794,3866
22,,1.5970380306243896,,1.5970380306243896,3867
22,,1.7586565017700195,,1.7586565017700195,3868
22,,1.5672825574874878,,1.5672825574874878,3869
22,,1.8028781414031982,,1.8028781414031982,3870
22,,1.7172930240631104,,1.7172930240631104,3871
22,,1.8625544309616089,,1.8625544309616089,3872
22,,1.6672110557556152,,1.6672110557556152,3873
22,,1.8059169054031372,,1.8059169054031372,3874
22,,1.604688048362732,,1.604688048362732,3875
22,,1.8040965795516968,,1.8040965795516968,3876
22,,1.7585290670394897,,1.7585290670394897,3877
22,,1.6096265316009521,,1.6096265316009521,3878
22,,1.6707324981689453,,1.6707324981689453,3879
22,,1.8772003650665283,,1.8772003650665283,3880
22,,1.731957197189331,,1.731957197189331,3881
22,,1.7812267541885376,,1.7812267541885376,3882
22,,1.55655837059021,,1.55655837059021,3883
22,,1.8465287685394287,,1.8465287685394287,3884
22,,1.6545273065567017,,1.6545273065567017,3885
22,,1.814445972442627,,1.814445972442627,3886
22,,1.899639368057251,,1.899639368057251,3887
22,,1.5694562196731567,,1.5694562196731567,3888
22,,1.6632014513015747,,1.6632014513015747,3889
22,,1.6386194229125977,,1.6386194229125977,3890
22,,1.6704697608947754,,1.6704697608947754,3891
22,,1.7016046047210693,,1.7016046047210693,3892
22,,1.92724609375,,1.92724609375,3893
22,,1.6320325136184692,,1.6320325136184692,3894
22,,1.6965323686599731,,1.6965323686599731,3895
22,,1.8248668909072876,,1.8248668909072876,3896
22,,1.7045844793319702,,1.7045844793319702,3897
22,,1.7005436420440674,,1.7005436420440674,3898
22,,1.4211885929107666,,1.4211885929107666,3899
22,,1.8010904788970947,,1.8010904788970947,3900
22,,1.6019622087478638,,1.6019622087478638,3901
22,,1.6406495571136475,,1.6406495571136475,3902
22,,1.733436107635498,,1.733436107635498,3903
22,,1.7823121547698975,,1.7823121547698975,3904
22,,1.8820016384124756,,1.8820016384124756,3905
22,,1.7181038856506348,,1.7181038856506348,3906
22,,1.6024972200393677,,1.6024972200393677,3907
22,,1.725368618965149,,1.725368618965149,3908
22,,1.800029993057251,,1.800029993057251,3909
22,1.7394300699234009,,1.7394300699234009,,3909
23,,1.723875641822815,,1.723875641822815,3910
23,,1.7786424160003662,,1.7786424160003662,3911
23,,1.6453709602355957,,1.6453709602355957,3912
23,,1.8187294006347656,,1.8187294006347656,3913
23,,1.8674079179763794,,1.8674079179763794,3914
23,,1.9173533916473389,,1.9173533916473389,3915
23,,1.605185866355896,,1.605185866355896,3916
23,,1.6691980361938477,,1.6691980361938477,3917
23,,1.9188754558563232,,1.9188754558563232,3918
23,,1.6206876039505005,,1.6206876039505005,3919
23,,1.7661293745040894,,1.7661293745040894,3920
23,,1.6395516395568848,,1.6395516395568848,3921
23,,1.6707062721252441,,1.6707062721252441,3922
23,,1.394381046295166,,1.394381046295166,3923
23,,1.8632875680923462,,1.8632875680923462,3924
23,,1.861945390701294,,1.861945390701294,3925
23,,1.6523736715316772,,1.6523736715316772,3926
23,,1.7060877084732056,,1.7060877084732056,3927
23,,1.6838651895523071,,1.6838651895523071,3928
23,,1.815354585647583,,1.815354585647583,3929
23,,1.8535211086273193,,1.8535211086273193,3930
23,,1.7460426092147827,,1.7460426092147827,3931
23,,1.7207533121109009,,1.7207533121109009,3932
23,,1.5571584701538086,,1.5571584701538086,3933
23,,1.8041490316390991,,1.8041490316390991,3934
23,,2.0616183280944824,,2.0616183280944824,3935
23,,1.7145345211029053,,1.7145345211029053,3936
23,,1.7034841775894165,,1.7034841775894165,3937
23,,1.7744183540344238,,1.7744183540344238,3938
23,,1.8416156768798828,,1.8416156768798828,3939
23,,1.882476806640625,,1.882476806640625,3940
23,,1.843869686126709,,1.843869686126709,3941
23,,1.835292100906372,,1.835292100906372,3942
23,,1.6590698957443237,,1.6590698957443237,3943
23,,1.824121117591858,,1.824121117591858,3944
23,,2.0027358531951904,,2.0027358531951904,3945
23,,1.4453219175338745,,1.4453219175338745,3946
23,,1.937287449836731,,1.937287449836731,3947
23,,1.5521118640899658,,1.5521118640899658,3948
23,,1.8306963443756104,,1.8306963443756104,3949
23,,1.6249938011169434,,1.6249938011169434,3950
23,,1.9000043869018555,,1.9000043869018555,3951
23,,1.6903070211410522,,1.6903070211410522,3952
23,,1.6796987056732178,,1.6796987056732178,3953
23,,1.91816246509552,,1.91816246509552,3954
23,,1.619549036026001,,1.619549036026001,3955
23,,1.836296796798706,,1.836296796798706,3956
23,,1.8977864980697632,,1.8977864980697632,3957
23,,1.6036299467086792,,1.6036299467086792,3958
23,,1.6853055953979492,,1.6853055953979492,3959
23,,1.6889498233795166,,1.6889498233795166,3960
23,,1.6743258237838745,,1.6743258237838745,3961
23,,1.7005853652954102,,1.7005853652954102,3962
23,,1.7991442680358887,,1.7991442680358887,3963
23,,1.476239800453186,,1.476239800453186,3964
23,,1.7830140590667725,,1.7830140590667725,3965
23,,1.6573113203048706,,1.6573113203048706,3966
23,,1.7780721187591553,,1.7780721187591553,3967
23,,1.7602283954620361,,1.7602283954620361,3968
23,,1.682381272315979,,1.682381272315979,3969
23,,1.5885049104690552,,1.5885049104690552,3970
23,,1.8883386850357056,,1.8883386850357056,3971
23,,1.8810828924179077,,1.8810828924179077,3972
23,,1.7003117799758911,,1.7003117799758911,3973
23,,1.9170236587524414,,1.9170236587524414,3974
23,,1.6793423891067505,,1.6793423891067505,3975
23,,1.756348967552185,,1.756348967552185,3976
23,,1.7518033981323242,,1.7518033981323242,3977
23,,1.8144956827163696,,1.8144956827163696,3978
23,,1.6459301710128784,,1.6459301710128784,3979
23,,1.6458585262298584,,1.6458585262298584,3980
23,,1.900593876838684,,1.900593876838684,3981
23,,1.5161921977996826,,1.5161921977996826,3982
23,,1.8581149578094482,,1.8581149578094482,3983
23,,1.800272822380066,,1.800272822380066,3984
23,,1.873910665512085,,1.873910665512085,3985
23,,1.7522435188293457,,1.7522435188293457,3986
23,,1.79931640625,,1.79931640625,3987
23,,1.6852883100509644,,1.6852883100509644,3988
23,,1.3973952531814575,,1.3973952531814575,3989
23,,1.7600513696670532,,1.7600513696670532,3990
23,,1.852565884590149,,1.852565884590149,3991
23,,1.783586859703064,,1.783586859703064,3992
23,,1.8338967561721802,,1.8338967561721802,3993
23,,1.6960831880569458,,1.6960831880569458,3994
23,,1.482332706451416,,1.482332706451416,3995
23,,1.4943890571594238,,1.4943890571594238,3996
23,,1.8320388793945312,,1.8320388793945312,3997
23,,1.645285725593567,,1.645285725593567,3998
23,,1.7097656726837158,,1.7097656726837158,3999
23,,1.5347723960876465,,1.5347723960876465,4000
23,,1.5486762523651123,,1.5486762523651123,4001
23,,1.8071186542510986,,1.8071186542510986,4002
23,,1.8983811140060425,,1.8983811140060425,4003
23,,1.9504491090774536,,1.9504491090774536,4004
23,,1.703495979309082,,1.703495979309082,4005
23,,1.8341010808944702,,1.8341010808944702,4006
23,,1.7718132734298706,,1.7718132734298706,4007
23,,1.5716570615768433,,1.5716570615768433,4008
23,,1.5752767324447632,,1.5752767324447632,4009
23,,1.6388839483261108,,1.6388839483261108,4010
23,,1.6732902526855469,,1.6732902526855469,4011
23,,1.5970147848129272,,1.5970147848129272,4012
23,,1.804622769355774,,1.804622769355774,4013
23,,1.7229902744293213,,1.7229902744293213,4014
23,,1.76094651222229,,1.76094651222229,4015
23,,1.821298599243164,,1.821298599243164,4016
23,,1.9153194427490234,,1.9153194427490234,4017
23,,1.8119858503341675,,1.8119858503341675,4018
23,,1.8081742525100708,,1.8081742525100708,4019
23,,1.828176498413086,,1.828176498413086,4020
23,,1.9939653873443604,,1.9939653873443604,4021
23,,1.6054221391677856,,1.6054221391677856,4022
23,,1.6268976926803589,,1.6268976926803589,4023
23,,1.8341431617736816,,1.8341431617736816,4024
23,,1.7728519439697266,,1.7728519439697266,4025
23,,1.758460283279419,,1.758460283279419,4026
23,,1.7449767589569092,,1.7449767589569092,4027
23,,1.8779125213623047,,1.8779125213623047,4028
23,,1.7364994287490845,,1.7364994287490845,4029
23,,1.712221384048462,,1.712221384048462,4030
23,,1.5728400945663452,,1.5728400945663452,4031
23,,1.7570207118988037,,1.7570207118988037,4032
23,,1.7257345914840698,,1.7257345914840698,4033
23,,1.9042869806289673,,1.9042869806289673,4034
23,,1.6764521598815918,,1.6764521598815918,4035
23,,1.680732011795044,,1.680732011795044,4036
23,,2.055243492126465,,2.055243492126465,4037
23,,1.7167154550552368,,1.7167154550552368,4038
23,,1.7543785572052002,,1.7543785572052002,4039
23,,1.6607190370559692,,1.6607190370559692,4040
23,,1.7598717212677002,,1.7598717212677002,4041
23,,1.8311678171157837,,1.8311678171157837,4042
23,,1.606590747833252,,1.606590747833252,4043
23,,1.7506911754608154,,1.7506911754608154,4044
23,,1.7977705001831055,,1.7977705001831055,4045
23,,1.630786418914795,,1.630786418914795,4046
23,,1.8409372568130493,,1.8409372568130493,4047
23,,1.8359849452972412,,1.8359849452972412,4048
23,,1.8584290742874146,,1.8584290742874146,4049
23,,1.6118797063827515,,1.6118797063827515,4050
23,,1.631981611251831,,1.631981611251831,4051
23,,1.6562209129333496,,1.6562209129333496,4052
23,,1.6891320943832397,,1.6891320943832397,4053
23,,1.7348675727844238,,1.7348675727844238,4054
23,,1.9343912601470947,,1.9343912601470947,4055
23,,1.7932522296905518,,1.7932522296905518,4056
23,,1.6788431406021118,,1.6788431406021118,4057
23,,1.6783545017242432,,1.6783545017242432,4058
23,,1.7254854440689087,,1.7254854440689087,4059
23,,1.6687661409378052,,1.6687661409378052,4060
23,,1.8469430208206177,,1.8469430208206177,4061
23,,1.7309871912002563,,1.7309871912002563,4062
23,,1.6489583253860474,,1.6489583253860474,4063
23,,1.7032923698425293,,1.7032923698425293,4064
23,,1.765518307685852,,1.765518307685852,4065
23,,1.743222713470459,,1.743222713470459,4066
23,,1.5423073768615723,,1.5423073768615723,4067
23,,1.8354560136795044,,1.8354560136795044,4068
23,,1.82026207447052,,1.82026207447052,4069
23,,1.7483187913894653,,1.7483187913894653,4070
23,,1.8350238800048828,,1.8350238800048828,4071
23,,1.6184347867965698,,1.6184347867965698,4072
23,,1.5532710552215576,,1.5532710552215576,4073
23,,1.8159722089767456,,1.8159722089767456,4074
23,,1.6746867895126343,,1.6746867895126343,4075
23,,1.9767732620239258,,1.9767732620239258,4076
23,,1.6662907600402832,,1.6662907600402832,4077
23,,1.6492388248443604,,1.6492388248443604,4078
23,,1.8039538860321045,,1.8039538860321045,4079
23,1.741227149963379,,1.741227149963379,,4079
24,,1.7357012033462524,,1.7357012033462524,4080
24,,1.8613760471343994,,1.8613760471343994,4081
24,,1.58254075050354,,1.58254075050354,4082
24,,1.8064210414886475,,1.8064210414886475,4083
24,,1.5051312446594238,,1.5051312446594238,4084
24,,1.775105357170105,,1.775105357170105,4085
24,,1.7758313417434692,,1.7758313417434692,4086
24,,1.5468271970748901,,1.5468271970748901,4087
24,,1.8759880065917969,,1.8759880065917969,4088
24,,1.6787574291229248,,1.6787574291229248,4089
24,,1.6257275342941284,,1.6257275342941284,4090
24,,1.812829613685608,,1.812829613685608,4091
24,,1.8691661357879639,,1.8691661357879639,4092
24,,1.6705139875411987,,1.6705139875411987,4093
24,,1.565520167350769,,1.565520167350769,4094
24,,1.779639720916748,,1.779639720916748,4095
24,,1.656510829925537,,1.656510829925537,4096
24,,1.5894097089767456,,1.5894097089767456,4097
24,,1.6093281507492065,,1.6093281507492065,4098
24,,1.6584893465042114,,1.6584893465042114,4099
24,,1.8436249494552612,,1.8436249494552612,4100
24,,1.4954664707183838,,1.4954664707183838,4101
24,,1.7130539417266846,,1.7130539417266846,4102
24,,1.6297177076339722,,1.6297177076339722,4103
24,,1.7205191850662231,,1.7205191850662231,4104
24,,1.7941066026687622,,1.7941066026687622,4105
24,,1.8743361234664917,,1.8743361234664917,4106
24,,1.9977176189422607,,1.9977176189422607,4107
24,,1.8468056917190552,,1.8468056917190552,4108
24,,1.832735538482666,,1.832735538482666,4109
24,,1.6790224313735962,,1.6790224313735962,4110
24,,1.8285727500915527,,1.8285727500915527,4111
24,,1.6767616271972656,,1.6767616271972656,4112
24,,1.637758731842041,,1.637758731842041,4113
24,,1.631476640701294,,1.631476640701294,4114
24,,1.5725561380386353,,1.5725561380386353,4115
24,,1.8222904205322266,,1.8222904205322266,4116
24,,1.8837172985076904,,1.8837172985076904,4117
24,,1.7611665725708008,,1.7611665725708008,4118
24,,1.7418184280395508,,1.7418184280395508,4119
24,,1.6308382749557495,,1.6308382749557495,4120
24,,1.8936214447021484,,1.8936214447021484,4121
24,,1.7777236700057983,,1.7777236700057983,4122
24,,1.587683081626892,,1.587683081626892,4123
24,,1.5784040689468384,,1.5784040689468384,4124
24,,1.6751898527145386,,1.6751898527145386,4125
24,,1.8629603385925293,,1.8629603385925293,4126
24,,1.7702184915542603,,1.7702184915542603,4127
24,,1.8910208940505981,,1.8910208940505981,4128
24,,1.6997078657150269,,1.6997078657150269,4129
24,,1.5863800048828125,,1.5863800048828125,4130
24,,1.783779501914978,,1.783779501914978,4131
24,,1.7840025424957275,,1.7840025424957275,4132
24,,1.6344428062438965,,1.6344428062438965,4133
24,,1.6731048822402954,,1.6731048822402954,4134
24,,1.663272500038147,,1.663272500038147,4135
24,,1.9860845804214478,,1.9860845804214478,4136
24,,1.8549890518188477,,1.8549890518188477,4137
24,,1.9039833545684814,,1.9039833545684814,4138
24,,1.9476579427719116,,1.9476579427719116,4139
24,,1.83170747756958,,1.83170747756958,4140
24,,1.7142447233200073,,1.7142447233200073,4141
24,,1.7257812023162842,,1.7257812023162842,4142
24,,1.7408727407455444,,1.7408727407455444,4143
24,,1.6831597089767456,,1.6831597089767456,4144
24,,1.7644760608673096,,1.7644760608673096,4145
24,,1.8138446807861328,,1.8138446807861328,4146
24,,1.7883121967315674,,1.7883121967315674,4147
24,,1.7128041982650757,,1.7128041982650757,4148
24,,1.5992087125778198,,1.5992087125778198,4149
24,,1.7864406108856201,,1.7864406108856201,4150
24,,1.8210716247558594,,1.8210716247558594,4151
24,,1.7547247409820557,,1.7547247409820557,4152
24,,1.6034435033798218,,1.6034435033798218,4153
24,,1.8645384311676025,,1.8645384311676025,4154
24,,1.5446916818618774,,1.5446916818618774,4155
24,,1.6706533432006836,,1.6706533432006836,4156
24,,1.6777169704437256,,1.6777169704437256,4157
24,,1.5599420070648193,,1.5599420070648193,4158
24,,1.6148486137390137,,1.6148486137390137,4159
24,,1.531868815422058,,1.531868815422058,4160
24,,1.7023881673812866,,1.7023881673812866,4161
24,,1.6438746452331543,,1.6438746452331543,4162
24,,1.6302697658538818,,1.6302697658538818,4163
24,,1.8632338047027588,,1.8632338047027588,4164
24,,1.9086189270019531,,1.9086189270019531,4165
24,,1.735422968864441,,1.735422968864441,4166
24,,1.6829030513763428,,1.6829030513763428,4167
24,,1.7892359495162964,,1.7892359495162964,4168
24,,1.8514951467514038,,1.8514951467514038,4169
24,,1.7855440378189087,,1.7855440378189087,4170
24,,1.7842328548431396,,1.7842328548431396,4171
24,,1.9746448993682861,,1.9746448993682861,4172
24,,1.7885478734970093,,1.7885478734970093,4173
24,,1.738243579864502,,1.738243579864502,4174
24,,1.6685798168182373,,1.6685798168182373,4175
24,,1.434950351715088,,1.434950351715088,4176
24,,1.7720493078231812,,1.7720493078231812,4177
24,,1.6033685207366943,,1.6033685207366943,4178
24,,1.7555301189422607,,1.7555301189422607,4179
24,,1.7415142059326172,,1.7415142059326172,4180
24,,1.7546288967132568,,1.7546288967132568,4181
24,,1.5725499391555786,,1.5725499391555786,4182
24,,1.8343552350997925,,1.8343552350997925,4183
24,,1.6952394247055054,,1.6952394247055054,4184
24,,1.7866944074630737,,1.7866944074630737,4185
24,,1.6761802434921265,,1.6761802434921265,4186
24,,1.718975305557251,,1.718975305557251,4187
24,,1.4959460496902466,,1.4959460496902466,4188
24,,1.8330737352371216,,1.8330737352371216,4189
24,,1.7946923971176147,,1.7946923971176147,4190
24,,1.8066041469573975,,1.8066041469573975,4191
24,,1.6216812133789062,,1.6216812133789062,4192
24,,1.7307826280593872,,1.7307826280593872,4193
24,,1.57559072971344,,1.57559072971344,4194
24,,1.7840317487716675,,1.7840317487716675,4195
24,,1.4451813697814941,,1.4451813697814941,4196
24,,1.7121950387954712,,1.7121950387954712,4197
24,,1.7328741550445557,,1.7328741550445557,4198
24,,1.516265869140625,,1.516265869140625,4199
24,,1.6552796363830566,,1.6552796363830566,4200
24,,1.7395962476730347,,1.7395962476730347,4201
24,,1.873668909072876,,1.873668909072876,4202
24,,1.6447429656982422,,1.6447429656982422,4203
24,,1.8394954204559326,,1.8394954204559326,4204
24,,1.754402756690979,,1.754402756690979,4205
24,,1.8511744737625122,,1.8511744737625122,4206
24,,1.7003793716430664,,1.7003793716430664,4207
24,,1.7748743295669556,,1.7748743295669556,4208
24,,1.6335135698318481,,1.6335135698318481,4209
24,,1.7113702297210693,,1.7113702297210693,4210
24,,1.8327925205230713,,1.8327925205230713,4211
24,,1.510578989982605,,1.510578989982605,4212
24,,1.775791049003601,,1.775791049003601,4213
24,,1.6024919748306274,,1.6024919748306274,4214
24,,1.8404121398925781,,1.8404121398925781,4215
24,,1.6237919330596924,,1.6237919330596924,4216
24,,1.778633952140808,,1.778633952140808,4217
24,,1.8551701307296753,,1.8551701307296753,4218
24,,1.5210946798324585,,1.5210946798324585,4219
24,,1.6449711322784424,,1.6449711322784424,4220
24,,1.7572453022003174,,1.7572453022003174,4221
24,,1.6819534301757812,,1.6819534301757812,4222
24,,1.7859625816345215,,1.7859625816345215,4223
24,,1.7209755182266235,,1.7209755182266235,4224
24,,1.7295794486999512,,1.7295794486999512,4225
24,,1.7914074659347534,,1.7914074659347534,4226
24,,1.7659752368927002,,1.7659752368927002,4227
24,,1.7961984872817993,,1.7961984872817993,4228
24,,1.7387508153915405,,1.7387508153915405,4229
24,,1.6749018430709839,,1.6749018430709839,4230
24,,1.7725523710250854,,1.7725523710250854,4231
24,,1.7966035604476929,,1.7966035604476929,4232
24,,1.4837220907211304,,1.4837220907211304,4233
24,,1.7443181276321411,,1.7443181276321411,4234
24,,1.7819832563400269,,1.7819832563400269,4235
24,,1.5567729473114014,,1.5567729473114014,4236
24,,1.8411695957183838,,1.8411695957183838,4237
24,,1.4888540506362915,,1.4888540506362915,4238
24,,2.007650136947632,,2.007650136947632,4239
24,,1.4498507976531982,,1.4498507976531982,4240
24,,1.6791590452194214,,1.6791590452194214,4241
24,,1.948026418685913,,1.948026418685913,4242
24,,1.8360235691070557,,1.8360235691070557,4243
24,,1.5459243059158325,,1.5459243059158325,4244
24,,1.8398606777191162,,1.8398606777191162,4245
24,,1.8465622663497925,,1.8465622663497925,4246
24,,1.568359375,,1.568359375,4247
24,,1.9226913452148438,,1.9226913452148438,4248
24,,1.5350250005722046,,1.5350250005722046,4249
24,1.7250986099243164,,1.7250986099243164,,4249
25,,1.6760421991348267,,1.6760421991348267,4250
25,,1.5254231691360474,,1.5254231691360474,4251
25,,1.6238237619400024,,1.6238237619400024,4252
25,,1.8007893562316895,,1.8007893562316895,4253
25,,1.7209481000900269,,1.7209481000900269,4254
25,,1.7464503049850464,,1.7464503049850464,4255
25,,1.6744190454483032,,1.6744190454483032,4256
25,,1.7886395454406738,,1.7886395454406738,4257
25,,1.8449510335922241,,1.8449510335922241,4258
25,,1.768871784210205,,1.768871784210205,4259
25,,1.6425861120224,,1.6425861120224,4260
25,,1.5874552726745605,,1.5874552726745605,4261
25,,1.897404432296753,,1.897404432296753,4262
25,,1.5949974060058594,,1.5949974060058594,4263
25,,1.9032816886901855,,1.9032816886901855,4264
25,,1.7689253091812134,,1.7689253091812134,4265
25,,1.718437910079956,,1.718437910079956,4266
25,,1.9603837728500366,,1.9603837728500366,4267
25,,1.5631377696990967,,1.5631377696990967,4268
25,,1.7304799556732178,,1.7304799556732178,4269
25,,1.6147714853286743,,1.6147714853286743,4270
25,,1.6390821933746338,,1.6390821933746338,4271
25,,1.8561080694198608,,1.8561080694198608,4272
25,,1.7606525421142578,,1.7606525421142578,4273
25,,1.7239528894424438,,1.7239528894424438,4274
25,,1.5006396770477295,,1.5006396770477295,4275
25,,1.6946994066238403,,1.6946994066238403,4276
25,,1.7167017459869385,,1.7167017459869385,4277
25,,1.7511885166168213,,1.7511885166168213,4278
25,,1.644191861152649,,1.644191861152649,4279
25,,1.848466157913208,,1.848466157913208,4280
25,,1.5766369104385376,,1.5766369104385376,4281
25,,1.5900856256484985,,1.5900856256484985,4282
25,,1.8856271505355835,,1.8856271505355835,4283
25,,1.5200212001800537,,1.5200212001800537,4284
25,,1.8395708799362183,,1.8395708799362183,4285
25,,1.9528765678405762,,1.9528765678405762,4286
25,,1.8501702547073364,,1.8501702547073364,4287
25,,1.9909958839416504,,1.9909958839416504,4288
25,,1.5976608991622925,,1.5976608991622925,4289
25,,1.9831843376159668,,1.9831843376159668,4290
25,,1.8657782077789307,,1.8657782077789307,4291
25,,1.714633822441101,,1.714633822441101,4292
25,,1.8089861869812012,,1.8089861869812012,4293
25,,1.7304866313934326,,1.7304866313934326,4294
25,,1.859458088874817,,1.859458088874817,4295
25,,1.7282075881958008,,1.7282075881958008,4296
25,,1.8952919244766235,,1.8952919244766235,4297
25,,1.559282660484314,,1.559282660484314,4298
25,,1.650588870048523,,1.650588870048523,4299
25,,1.6871685981750488,,1.6871685981750488,4300
25,,1.8329347372055054,,1.8329347372055054,4301
25,,1.6888229846954346,,1.6888229846954346,4302
25,,1.7263495922088623,,1.7263495922088623,4303
25,,1.7448031902313232,,1.7448031902313232,4304
25,,1.7452622652053833,,1.7452622652053833,4305
25,,1.6623862981796265,,1.6623862981796265,4306
25,,1.6608704328536987,,1.6608704328536987,4307
25,,1.7950698137283325,,1.7950698137283325,4308
25,,1.5942842960357666,,1.5942842960357666,4309
25,,1.8365089893341064,,1.8365089893341064,4310
25,,1.6520766019821167,,1.6520766019821167,4311
25,,1.6933022737503052,,1.6933022737503052,4312
25,,1.6602874994277954,,1.6602874994277954,4313
25,,1.5925319194793701,,1.5925319194793701,4314
25,,1.7235857248306274,,1.7235857248306274,4315
25,,1.936830759048462,,1.936830759048462,4316
25,,2.020005702972412,,2.020005702972412,4317
25,,1.7862578630447388,,1.7862578630447388,4318
25,,1.7357957363128662,,1.7357957363128662,4319
25,,1.5261414051055908,,1.5261414051055908,4320
25,,1.613910436630249,,1.613910436630249,4321
25,,1.9461394548416138,,1.9461394548416138,4322
25,,1.6953675746917725,,1.6953675746917725,4323
25,,1.7404688596725464,,1.7404688596725464,4324
25,,1.662030816078186,,1.662030816078186,4325
25,,1.6863409280776978,,1.6863409280776978,4326
25,,1.6168628931045532,,1.6168628931045532,4327
25,,1.662123680114746,,1.662123680114746,4328
25,,1.6546317338943481,,1.6546317338943481,4329
25,,1.6608896255493164,,1.6608896255493164,4330
25,,1.6907159090042114,,1.6907159090042114,4331
25,,1.6053320169448853,,1.6053320169448853,4332
25,,1.8389995098114014,,1.8389995098114014,4333
25,,1.6754261255264282,,1.6754261255264282,4334
25,,1.8070945739746094,,1.8070945739746094,4335
25,,1.5721721649169922,,1.5721721649169922,4336
25,,1.5182976722717285,,1.5182976722717285,4337
25,,1.8962823152542114,,1.8962823152542114,4338
25,,1.6318359375,,1.6318359375,4339
25,,1.9942024946212769,,1.9942024946212769,4340
25,,1.802269697189331,,1.802269697189331,4341
25,,1.9454129934310913,,1.9454129934310913,4342
25,,1.816756010055542,,1.816756010055542,4343
25,,1.6271650791168213,,1.6271650791168213,4344
25,,2.0477592945098877,,2.0477592945098877,4345
25,,1.9212740659713745,,1.9212740659713745,4346
25,,1.790436029434204,,1.790436029434204,4347
25,,1.5899174213409424,,1.5899174213409424,4348
25,,1.7405465841293335,,1.7405465841293335,4349
25,,1.689802885055542,,1.689802885055542,4350
25,,1.5665135383605957,,1.5665135383605957,4351
25,,1.7229429483413696,,1.7229429483413696,4352
25,,1.6641762256622314,,1.6641762256622314,4353
25,,1.5534013509750366,,1.5534013509750366,4354
25,,1.6533315181732178,,1.6533315181732178,4355
25,,1.7535178661346436,,1.7535178661346436,4356
25,,1.7945612668991089,,1.7945612668991089,4357
25,,1.8237509727478027,,1.8237509727478027,4358
25,,1.7099465131759644,,1.7099465131759644,4359
25,,1.7515195608139038,,1.7515195608139038,4360
25,,1.6525239944458008,,1.6525239944458008,4361
25,,1.729485273361206,,1.729485273361206,4362
25,,1.6831027269363403,,1.6831027269363403,4363
25,,1.6237131357192993,,1.6237131357192993,4364
25,,1.7932370901107788,,1.7932370901107788,4365
25,,1.7695746421813965,,1.7695746421813965,4366
25,,1.5757616758346558,,1.5757616758346558,4367
25,,1.8445332050323486,,1.8445332050323486,4368
25,,1.6981226205825806,,1.6981226205825806,4369
25,,1.8474361896514893,,1.8474361896514893,4370
25,,1.7460284233093262,,1.7460284233093262,4371
25,,1.9321142435073853,,1.9321142435073853,4372
25,,1.8525805473327637,,1.8525805473327637,4373
25,,1.7800559997558594,,1.7800559997558594,4374
25,,2.006972074508667,,2.006972074508667,4375
25,,1.740029215812683,,1.740029215812683,4376
25,,1.7473944425582886,,1.7473944425582886,4377
25,,1.7746829986572266,,1.7746829986572266,4378
25,,1.9548691511154175,,1.9548691511154175,4379
25,,1.7382590770721436,,1.7382590770721436,4380
25,,1.733839511871338,,1.733839511871338,4381
25,,1.6552183628082275,,1.6552183628082275,4382
25,,1.5862174034118652,,1.5862174034118652,4383
25,,1.6538376808166504,,1.6538376808166504,4384
25,,1.6891355514526367,,1.6891355514526367,4385
25,,1.7633191347122192,,1.7633191347122192,4386
25,,1.7276649475097656,,1.7276649475097656,4387
25,,1.6055166721343994,,1.6055166721343994,4388
25,,1.6061393022537231,,1.6061393022537231,4389
25,,1.8305792808532715,,1.8305792808532715,4390
25,,1.6721526384353638,,1.6721526384353638,4391
25,,1.7372965812683105,,1.7372965812683105,4392
25,,1.6700011491775513,,1.6700011491775513,4393
25,,1.686155915260315,,1.686155915260315,4394
25,,1.5151598453521729,,1.5151598453521729,4395
25,,1.7487269639968872,,1.7487269639968872,4396
25,,1.7066878080368042,,1.7066878080368042,4397
25,,1.6543318033218384,,1.6543318033218384,4398
25,,1.5635204315185547,,1.5635204315185547,4399
25,,1.7537659406661987,,1.7537659406661987,4400
25,,1.678210735321045,,1.678210735321045,4401
25,,1.9496924877166748,,1.9496924877166748,4402
25,,1.7692056894302368,,1.7692056894302368,4403
25,,1.8068815469741821,,1.8068815469741821,4404
25,,1.537864089012146,,1.537864089012146,4405
25,,1.4642654657363892,,1.4642654657363892,4406
25,,1.982046365737915,,1.982046365737915,4407
25,,1.6831244230270386,,1.6831244230270386,4408
25,,1.7197209596633911,,1.7197209596633911,4409
25,,1.8147181272506714,,1.8147181272506714,4410
25,,1.7558238506317139,,1.7558238506317139,4411
25,,1.8803632259368896,,1.8803632259368896,4412
25,,1.8618228435516357,,1.8618228435516357,4413
25,,1.7988691329956055,,1.7988691329956055,4414
25,,1.7221012115478516,,1.7221012115478516,4415
25,,1.8142274618148804,,1.8142274618148804,4416
25,,1.6280720233917236,,1.6280720233917236,4417
25,,1.6763226985931396,,1.6763226985931396,4418
25,,1.711889386177063,,1.711889386177063,4419
25,1.7331838607788086,,1.7331838607788086,,4419
26,,1.7599066495895386,,1.7599066495895386,4420
26,,1.8072253465652466,,1.8072253465652466,4421
26,,1.7726542949676514,,1.7726542949676514,4422
26,,1.672168254852295,,1.672168254852295,4423
26,,1.5639182329177856,,1.5639182329177856,4424
26,,1.880837321281433,,1.880837321281433,4425
26,,1.753382682800293,,1.753382682800293,4426
26,,1.7219988107681274,,1.7219988107681274,4427
26,,1.5702600479125977,,1.5702600479125977,4428
26,,1.8160736560821533,,1.8160736560821533,4429
26,,1.6654508113861084,,1.6654508113861084,4430
26,,1.6699280738830566,,1.6699280738830566,4431
26,,1.7309558391571045,,1.7309558391571045,4432
26,,1.6158356666564941,,1.6158356666564941,4433
26,,1.6343539953231812,,1.6343539953231812,4434
26,,1.7364121675491333,,1.7364121675491333,4435
26,,1.7817003726959229,,1.7817003726959229,4436
26,,1.722097396850586,,1.722097396850586,4437
26,,1.8826435804367065,,1.8826435804367065,4438
26,,1.5977758169174194,,1.5977758169174194,4439
26,,1.5938115119934082,,1.5938115119934082,4440
26,,1.7080860137939453,,1.7080860137939453,4441
26,,1.525087594985962,,1.525087594985962,4442
26,,1.7379934787750244,,1.7379934787750244,4443
26,,1.738889455795288,,1.738889455795288,4444
26,,1.8615952730178833,,1.8615952730178833,4445
26,,1.6669639348983765,,1.6669639348983765,4446
26,,1.7617512941360474,,1.7617512941360474,4447
26,,1.7591201066970825,,1.7591201066970825,4448
26,,1.6400479078292847,,1.6400479078292847,4449
26,,1.6664924621582031,,1.6664924621582031,4450
26,,1.8338381052017212,,1.8338381052017212,4451
26,,1.7798147201538086,,1.7798147201538086,4452
26,,1.785568118095398,,1.785568118095398,4453
26,,1.5269174575805664,,1.5269174575805664,4454
26,,1.7139588594436646,,1.7139588594436646,4455
26,,1.7324097156524658,,1.7324097156524658,4456
26,,1.56619393825531,,1.56619393825531,4457
26,,1.7032920122146606,,1.7032920122146606,4458
26,,1.77505362033844,,1.77505362033844,4459
26,,1.8210625648498535,,1.8210625648498535,4460
26,,1.7307178974151611,,1.7307178974151611,4461
26,,1.7837456464767456,,1.7837456464767456,4462
26,,1.6354769468307495,,1.6354769468307495,4463
26,,1.4681065082550049,,1.4681065082550049,4464
26,,1.9126626253128052,,1.9126626253128052,4465
26,,1.6892468929290771,,1.6892468929290771,4466
26,,1.6807422637939453,,1.6807422637939453,4467
26,,1.6829169988632202,,1.6829169988632202,4468
26,,1.7544896602630615,,1.7544896602630615,4469
26,,1.9919720888137817,,1.9919720888137817,4470
26,,1.9182177782058716,,1.9182177782058716,4471
26,,1.7798442840576172,,1.7798442840576172,4472
26,,1.7126857042312622,,1.7126857042312622,4473
26,,1.6969373226165771,,1.6969373226165771,4474
26,,1.5627700090408325,,1.5627700090408325,4475
26,,1.6903316974639893,,1.6903316974639893,4476
26,,1.4771095514297485,,1.4771095514297485,4477
26,,1.6939975023269653,,1.6939975023269653,4478
26,,1.6469322443008423,,1.6469322443008423,4479
26,,1.7431740760803223,,1.7431740760803223,4480
26,,1.8002958297729492,,1.8002958297729492,4481
26,,1.6846754550933838,,1.6846754550933838,4482
26,,1.5033748149871826,,1.5033748149871826,4483
26,,1.7476191520690918,,1.7476191520690918,4484
26,,1.666399359703064,,1.666399359703064,4485
26,,1.522798776626587,,1.522798776626587,4486
26,,1.6784828901290894,,1.6784828901290894,4487
26,,1.8792318105697632,,1.8792318105697632,4488
26,,1.736554503440857,,1.736554503440857,4489
26,,1.6292871236801147,,1.6292871236801147,4490
26,,1.90318763256073,,1.90318763256073,4491
26,,1.7235586643218994,,1.7235586643218994,4492
26,,1.5801334381103516,,1.5801334381103516,4493
26,,1.6570546627044678,,1.6570546627044678,4494
26,,1.660692572593689,,1.660692572593689,4495
26,,1.7826087474822998,,1.7826087474822998,4496
26,,1.8035693168640137,,1.8035693168640137,4497
26,,1.9860759973526,,1.9860759973526,4498
26,,1.5753533840179443,,1.5753533840179443,4499
26,,1.782355785369873,,1.782355785369873,4500
26,,1.4349238872528076,,1.4349238872528076,4501
26,,1.6576367616653442,,1.6576367616653442,4502
26,,1.8548555374145508,,1.8548555374145508,4503
26,,1.6557927131652832,,1.6557927131652832,4504
26,,1.4650248289108276,,1.4650248289108276,4505
26,,1.678987741470337,,1.678987741470337,4506
26,,1.9678101539611816,,1.9678101539611816,4507
26,,1.7106221914291382,,1.7106221914291382,4508
26,,1.47136652469635,,1.47136652469635,4509
26,,1.8018993139266968,,1.8018993139266968,4510
26,,1.8376699686050415,,1.8376699686050415,4511
26,,1.6335105895996094,,1.6335105895996094,4512
26,,1.5027568340301514,,1.5027568340301514,4513
26,,1.3290748596191406,,1.3290748596191406,4514
26,,1.8691374063491821,,1.8691374063491821,4515
26,,1.6025724411010742,,1.6025724411010742,4516
26,,1.58790123462677,,1.58790123462677,4517
26,,1.3292046785354614,,1.3292046785354614,4518
26,,1.685665488243103,,1.685665488243103,4519
26,,1.6829396486282349,,1.6829396486282349,4520
26,,1.906078815460205,,1.906078815460205,4521
26,,1.7223001718521118,,1.7223001718521118,4522
26,,1.735172152519226,,1.735172152519226,4523
26,,1.8581982851028442,,1.8581982851028442,4524
26,,1.6349077224731445,,1.6349077224731445,4525
26,,1.5706874132156372,,1.5706874132156372,4526
26,,1.7013193368911743,,1.7013193368911743,4527
26,,1.5419505834579468,,1.5419505834579468,4528
26,,1.8167957067489624,,1.8167957067489624,4529
26,,1.7350400686264038,,1.7350400686264038,4530
26,,1.7895549535751343,,1.7895549535751343,4531
26,,1.8807183504104614,,1.8807183504104614,4532
26,,1.5461596250534058,,1.5461596250534058,4533
26,,1.8143032789230347,,1.8143032789230347,4534
26,,1.5136184692382812,,1.5136184692382812,4535
26,,1.993843913078308,,1.993843913078308,4536
26,,1.5510847568511963,,1.5510847568511963,4537
26,,1.7317708730697632,,1.7317708730697632,4538
26,,1.7179721593856812,,1.7179721593856812,4539
26,,1.6966103315353394,,1.6966103315353394,4540
26,,1.7665482759475708,,1.7665482759475708,4541
26,,1.5419859886169434,,1.5419859886169434,4542
26,,1.6454802751541138,,1.6454802751541138,4543
26,,1.6888315677642822,,1.6888315677642822,4544
26,,1.7547712326049805,,1.7547712326049805,4545
26,,1.933983325958252,,1.933983325958252,4546
26,,1.7191301584243774,,1.7191301584243774,4547
26,,1.741234540939331,,1.741234540939331,4548
26,,1.6314834356307983,,1.6314834356307983,4549
26,,1.779146671295166,,1.779146671295166,4550
26,,2.021556854248047,,2.021556854248047,4551
26,,1.8491562604904175,,1.8491562604904175,4552
26,,1.3066468238830566,,1.3066468238830566,4553
26,,1.737471103668213,,1.737471103668213,4554
26,,1.6707698106765747,,1.6707698106765747,4555
26,,1.6082252264022827,,1.6082252264022827,4556
26,,1.8570703268051147,,1.8570703268051147,4557
26,,1.6083950996398926,,1.6083950996398926,4558
26,,1.757776141166687,,1.757776141166687,4559
26,,1.5040972232818604,,1.5040972232818604,4560
26,,1.6091477870941162,,1.6091477870941162,4561
26,,1.8620069026947021,,1.8620069026947021,4562
26,,1.7575594186782837,,1.7575594186782837,4563
26,,1.9632858037948608,,1.9632858037948608,4564
26,,1.8193109035491943,,1.8193109035491943,4565
26,,1.6387919187545776,,1.6387919187545776,4566
26,,1.8425854444503784,,1.8425854444503784,4567
26,,1.8625143766403198,,1.8625143766403198,4568
26,,1.7312994003295898,,1.7312994003295898,4569
26,,1.616725206375122,,1.616725206375122,4570
26,,1.740614414215088,,1.740614414215088,4571
26,,1.721142292022705,,1.721142292022705,4572
26,,1.5770213603973389,,1.5770213603973389,4573
26,,1.7720222473144531,,1.7720222473144531,4574
26,,1.7741436958312988,,1.7741436958312988,4575
26,,1.7795379161834717,,1.7795379161834717,4576
26,,1.6370909214019775,,1.6370909214019775,4577
26,,1.6969237327575684,,1.6969237327575684,4578
26,,1.9309738874435425,,1.9309738874435425,4579
26,,1.8173130750656128,,1.8173130750656128,4580
26,,1.7352393865585327,,1.7352393865585327,4581
26,,1.8304243087768555,,1.8304243087768555,4582
26,,2.004056930541992,,2.004056930541992,4583
26,,1.4737849235534668,,1.4737849235534668,4584
26,,1.734147310256958,,1.734147310256958,4585
26,,1.8657852411270142,,1.8657852411270142,4586
26,,1.9110361337661743,,1.9110361337661743,4587
26,,1.7387093305587769,,1.7387093305587769,4588
26,,1.8021951913833618,,1.8021951913833618,4589
26,1.71376633644104,,1.71376633644104,,4589
27,,1.9927802085876465,,1.9927802085876465,4590
27,,1.892530083656311,,1.892530083656311,4591
27,,1.8229385614395142,,1.8229385614395142,4592
27,,1.7027596235275269,,1.7027596235275269,4593
27,,1.663150429725647,,1.663150429725647,4594
27,,1.9358971118927002,,1.9358971118927002,4595
27,,1.7656875848770142,,1.7656875848770142,4596
27,,1.8854871988296509,,1.8854871988296509,4597
27,,1.7544056177139282,,1.7544056177139282,4598
27,,1.8238636255264282,,1.8238636255264282,4599
27,,1.6831159591674805,,1.6831159591674805,4600
27,,1.4364606142044067,,1.4364606142044067,4601
27,,1.666894555091858,,1.666894555091858,4602
27,,1.7057021856307983,,1.7057021856307983,4603
27,,1.576991319656372,,1.576991319656372,4604
27,,1.774188756942749,,1.774188756942749,4605
27,,1.647552490234375,,1.647552490234375,4606
27,,1.7130699157714844,,1.7130699157714844,4607
27,,1.7428613901138306,,1.7428613901138306,4608
27,,1.4904251098632812,,1.4904251098632812,4609
27,,1.6558303833007812,,1.6558303833007812,4610
27,,1.54756760597229,,1.54756760597229,4611
27,,1.7195460796356201,,1.7195460796356201,4612
27,,1.5807846784591675,,1.5807846784591675,4613
27,,1.6434752941131592,,1.6434752941131592,4614
27,,1.8300350904464722,,1.8300350904464722,4615
27,,1.7092262506484985,,1.7092262506484985,4616
27,,1.8379313945770264,,1.8379313945770264,4617
27,,1.712936282157898,,1.712936282157898,4618
27,,1.8302617073059082,,1.8302617073059082,4619
27,,1.8820666074752808,,1.8820666074752808,4620
27,,1.4889034032821655,,1.4889034032821655,4621
27,,1.6198252439498901,,1.6198252439498901,4622
27,,1.7384637594223022,,1.7384637594223022,4623
27,,1.8259661197662354,,1.8259661197662354,4624
27,,1.8438489437103271,,1.8438489437103271,4625
27,,1.9621483087539673,,1.9621483087539673,4626
27,,1.6959985494613647,,1.6959985494613647,4627
27,,1.7317708730697632,,1.7317708730697632,4628
27,,1.466300368309021,,1.466300368309021,4629
27,,1.8652279376983643,,1.8652279376983643,4630
27,,1.5791879892349243,,1.5791879892349243,4631
27,,1.455464243888855,,1.455464243888855,4632
27,,1.676998257637024,,1.676998257637024,4633
27,,1.6965938806533813,,1.6965938806533813,4634
27,,1.9018315076828003,,1.9018315076828003,4635
27,,1.909936785697937,,1.909936785697937,4636
27,,1.6678223609924316,,1.6678223609924316,4637
27,,1.6592178344726562,,1.6592178344726562,4638
27,,1.6689666509628296,,1.6689666509628296,4639
27,,1.656652569770813,,1.656652569770813,4640
27,,1.9154539108276367,,1.9154539108276367,4641
27,,1.824216365814209,,1.824216365814209,4642
27,,1.726533055305481,,1.726533055305481,4643
27,,1.8851877450942993,,1.8851877450942993,4644
27,,1.711352825164795,,1.711352825164795,4645
27,,1.7922180891036987,,1.7922180891036987,4646
27,,1.7060527801513672,,1.7060527801513672,4647
27,,1.6414940357208252,,1.6414940357208252,4648
27,,1.716873288154602,,1.716873288154602,4649
27,,1.809033989906311,,1.809033989906311,4650
27,,1.5952589511871338,,1.5952589511871338,4651
27,,1.6697028875350952,,1.6697028875350952,4652
27,,1.7270861864089966,,1.7270861864089966,4653
27,,1.7135826349258423,,1.7135826349258423,4654
27,,1.6085771322250366,,1.6085771322250366,4655
27,,1.768709659576416,,1.768709659576416,4656
27,,1.9067434072494507,,1.9067434072494507,4657
27,,1.841374158859253,,1.841374158859253,4658
27,,1.7348281145095825,,1.7348281145095825,4659
27,,1.6213551759719849,,1.6213551759719849,4660
27,,1.8578020334243774,,1.8578020334243774,4661
27,,1.9116419553756714,,1.9116419553756714,4662
27,,1.4471532106399536,,1.4471532106399536,4663
27,,1.8273727893829346,,1.8273727893829346,4664
27,,1.500499963760376,,1.500499963760376,4665
27,,1.7504608631134033,,1.7504608631134033,4666
27,,1.6825071573257446,,1.6825071573257446,4667
27,,1.6102898120880127,,1.6102898120880127,4668
27,,1.7227933406829834,,1.7227933406829834,4669
27,,1.7236617803573608,,1.7236617803573608,4670
27,,1.3829017877578735,,1.3829017877578735,4671
27,,1.4036312103271484,,1.4036312103271484,4672
27,,1.4708576202392578,,1.4708576202392578,4673
27,,1.763396978378296,,1.763396978378296,4674
27,,1.5303140878677368,,1.5303140878677368,4675
27,,1.8684587478637695,,1.8684587478637695,4676
27,,1.9365320205688477,,1.9365320205688477,4677
27,,1.5499708652496338,,1.5499708652496338,4678
27,,1.8056844472885132,,1.8056844472885132,4679
27,,1.6777381896972656,,1.6777381896972656,4680
27,,1.841910481452942,,1.841910481452942,4681
27,,1.6870332956314087,,1.6870332956314087,4682
27,,1.771876573562622,,1.771876573562622,4683
27,,1.6856955289840698,,1.6856955289840698,4684
27,,1.704465627670288,,1.704465627670288,4685
27,,1.681111216545105,,1.681111216545105,4686
27,,1.7883760929107666,,1.7883760929107666,4687
27,,1.7634122371673584,,1.7634122371673584,4688
27,,1.8077971935272217,,1.8077971935272217,4689
27,,1.8081717491149902,,1.8081717491149902,4690
27,,1.8174923658370972,,1.8174923658370972,4691
27,,1.7142168283462524,,1.7142168283462524,4692
27,,1.5594885349273682,,1.5594885349273682,4693
27,,1.5943760871887207,,1.5943760871887207,4694
27,,1.8364404439926147,,1.8364404439926147,4695
27,,1.794400691986084,,1.794400691986084,4696
27,,1.8024659156799316,,1.8024659156799316,4697
27,,1.6052483320236206,,1.6052483320236206,4698
27,,1.5632907152175903,,1.5632907152175903,4699
27,,2.0075910091400146,,2.0075910091400146,4700
27,,1.7128205299377441,,1.7128205299377441,4701
27,,1.6808477640151978,,1.6808477640151978,4702
27,,1.6391170024871826,,1.6391170024871826,4703
27,,1.5290307998657227,,1.5290307998657227,4704
27,,1.7391833066940308,,1.7391833066940308,4705
27,,1.617148518562317,,1.617148518562317,4706
27,,1.5978283882141113,,1.5978283882141113,4707
27,,1.6261483430862427,,1.6261483430862427,4708
27,,1.6861110925674438,,1.6861110925674438,4709
27,,1.7994221448898315,,1.7994221448898315,4710
27,,1.7085622549057007,,1.7085622549057007,4711
27,,1.7726807594299316,,1.7726807594299316,4712
27,,1.5747984647750854,,1.5747984647750854,4713
27,,1.6274008750915527,,1.6274008750915527,4714
27,,1.6254767179489136,,1.6254767179489136,4715
27,,1.6576329469680786,,1.6576329469680786,4716
27,,1.8112894296646118,,1.8112894296646118,4717
27,,1.6185064315795898,,1.6185064315795898,4718
27,,1.902299165725708,,1.902299165725708,4719
27,,1.4904537200927734,,1.4904537200927734,4720
27,,1.771493911743164,,1.771493911743164,4721
27,,1.879488229751587,,1.879488229751587,4722
27,,1.7204965353012085,,1.7204965353012085,4723
27,,1.7697131633758545,,1.7697131633758545,4724
27,,1.925611138343811,,1.925611138343811,4725
27,,1.6995123624801636,,1.6995123624801636,4726
27,,1.6622467041015625,,1.6622467041015625,4727
27,,1.9538756608963013,,1.9538756608963013,4728
27,,1.8887345790863037,,1.8887345790863037,4729
27,,1.8305492401123047,,1.8305492401123047,4730
27,,1.714258074760437,,1.714258074760437,4731
27,,1.5878188610076904,,1.5878188610076904,4732
27,,1.7750895023345947,,1.7750895023345947,4733
27,,1.8297295570373535,,1.8297295570373535,4734
27,,1.6638091802597046,,1.6638091802597046,4735
27,,1.6195194721221924,,1.6195194721221924,4736
27,,1.6973845958709717,,1.6973845958709717,4737
27,,1.580008864402771,,1.580008864402771,4738
27,,1.760886549949646,,1.760886549949646,4739
27,,1.6660590171813965,,1.6660590171813965,4740
27,,1.7759102582931519,,1.7759102582931519,4741
27,,1.6803385019302368,,1.6803385019302368,4742
27,,1.803705096244812,,1.803705096244812,4743
27,,1.6309314966201782,,1.6309314966201782,4744
27,,1.8926210403442383,,1.8926210403442383,4745
27,,1.7812750339508057,,1.7812750339508057,4746
27,,2.055243968963623,,2.055243968963623,4747
27,,1.51580011844635,,1.51580011844635,4748
27,,1.7379122972488403,,1.7379122972488403,4749
27,,1.690721869468689,,1.690721869468689,4750
27,,1.5345847606658936,,1.5345847606658936,4751
27,,1.7380253076553345,,1.7380253076553345,4752
27,,1.7838553190231323,,1.7838553190231323,4753
27,,1.7263240814208984,,1.7263240814208984,4754
27,,1.5969406366348267,,1.5969406366348267,4755
27,,1.87693190574646,,1.87693190574646,4756
27,,1.8142527341842651,,1.8142527341842651,4757
27,,1.8553738594055176,,1.8553738594055176,4758
27,,1.5252885818481445,,1.5252885818481445,4759
27,1.7203683853149414,,1.7203683853149414,,4759
28,,1.627626895904541,,1.627626895904541,4760
28,,1.8004287481307983,,1.8004287481307983,4761
28,,1.8170113563537598,,1.8170113563537598,4762
28,,1.8858623504638672,,1.8858623504638672,4763
28,,1.7935701608657837,,1.7935701608657837,4764
28,,1.9502112865447998,,1.9502112865447998,4765
28,,1.7140580415725708,,1.7140580415725708,4766
28,,1.5072354078292847,,1.5072354078292847,4767
28,,1.6764039993286133,,1.6764039993286133,4768
28,,1.8729678392410278,,1.8729678392410278,4769
28,,1.6529754400253296,,1.6529754400253296,4770
28,,1.4525079727172852,,1.4525079727172852,4771
28,,1.6547430753707886,,1.6547430753707886,4772
28,,1.8093798160552979,,1.8093798160552979,4773
28,,1.6352038383483887,,1.6352038383483887,4774
28,,1.6277008056640625,,1.6277008056640625,4775
28,,1.5780810117721558,,1.5780810117721558,4776
28,,1.79850172996521,,1.79850172996521,4777
28,,1.675562858581543,,1.675562858581543,4778
28,,1.6283544301986694,,1.6283544301986694,4779
28,,1.515599012374878,,1.515599012374878,4780
28,,1.5336899757385254,,1.5336899757385254,4781
28,,1.7704980373382568,,1.7704980373382568,4782
28,,1.8907755613327026,,1.8907755613327026,4783
28,,1.6894997358322144,,1.6894997358322144,4784
28,,1.812487244606018,,1.812487244606018,4785
28,,1.8509641885757446,,1.8509641885757446,4786
28,,1.37957763671875,,1.37957763671875,4787
28,,1.7403838634490967,,1.7403838634490967,4788
28,,1.755708932876587,,1.755708932876587,4789
28,,1.852571964263916,,1.852571964263916,4790
28,,1.595056414604187,,1.595056414604187,4791
28,,1.8021399974822998,,1.8021399974822998,4792
28,,1.6438210010528564,,1.6438210010528564,4793
28,,1.6860754489898682,,1.6860754489898682,4794
28,,1.6893643140792847,,1.6893643140792847,4795
28,,1.7191914319992065,,1.7191914319992065,4796
28,,1.6969903707504272,,1.6969903707504272,4797
28,,1.754868507385254,,1.754868507385254,4798
28,,1.7411280870437622,,1.7411280870437622,4799
28,,1.3889778852462769,,1.3889778852462769,4800
28,,1.779051661491394,,1.779051661491394,4801
28,,1.803910255432129,,1.803910255432129,4802
28,,1.7067221403121948,,1.7067221403121948,4803
28,,1.7613239288330078,,1.7613239288330078,4804
28,,1.8096380233764648,,1.8096380233764648,4805
28,,1.6741589307785034,,1.6741589307785034,4806
28,,1.777037501335144,,1.777037501335144,4807
28,,1.4548218250274658,,1.4548218250274658,4808
28,,1.9818217754364014,,1.9818217754364014,4809
28,,1.753230333328247,,1.753230333328247,4810
28,,1.7120604515075684,,1.7120604515075684,4811
28,,1.6866894960403442,,1.6866894960403442,4812
28,,1.5456348657608032,,1.5456348657608032,4813
28,,1.8977057933807373,,1.8977057933807373,4814
28,,1.7780712842941284,,1.7780712842941284,4815
28,,1.8354865312576294,,1.8354865312576294,4816
28,,1.6584590673446655,,1.6584590673446655,4817
28,,1.6413387060165405,,1.6413387060165405,4818
28,,1.7526074647903442,,1.7526074647903442,4819
28,,1.915000319480896,,1.915000319480896,4820
28,,1.6972264051437378,,1.6972264051437378,4821
28,,1.4331316947937012,,1.4331316947937012,4822
28,,1.712457299232483,,1.712457299232483,4823
28,,1.518575668334961,,1.518575668334961,4824
28,,1.6477395296096802,,1.6477395296096802,4825
28,,1.5413745641708374,,1.5413745641708374,4826
28,,1.8713572025299072,,1.8713572025299072,4827
28,,1.979718804359436,,1.979718804359436,4828
28,,1.6863411664962769,,1.6863411664962769,4829
28,,1.6509382724761963,,1.6509382724761963,4830
28,,1.7030720710754395,,1.7030720710754395,4831
28,,1.618385910987854,,1.618385910987854,4832
28,,1.5386205911636353,,1.5386205911636353,4833
28,,1.800275206565857,,1.800275206565857,4834
28,,1.606209635734558,,1.606209635734558,4835
28,,1.842890977859497,,1.842890977859497,4836
28,,1.7984389066696167,,1.7984389066696167,4837
28,,1.733422875404358,,1.733422875404358,4838
28,,1.7722724676132202,,1.7722724676132202,4839
28,,1.7229806184768677,,1.7229806184768677,4840
28,,1.7372313737869263,,1.7372313737869263,4841
28,,1.6632355451583862,,1.6632355451583862,4842
28,,1.700574517250061,,1.700574517250061,4843
28,,1.6074655055999756,,1.6074655055999756,4844
28,,1.7456234693527222,,1.7456234693527222,4845
28,,1.7927054166793823,,1.7927054166793823,4846
28,,1.5957884788513184,,1.5957884788513184,4847
28,,1.7650775909423828,,1.7650775909423828,4848
28,,1.5916070938110352,,1.5916070938110352,4849
28,,1.6450482606887817,,1.6450482606887817,4850
28,,1.9425740242004395,,1.9425740242004395,4851
28,,1.696942687034607,,1.696942687034607,4852
28,,1.6923805475234985,,1.6923805475234985,4853
28,,1.5801218748092651,,1.5801218748092651,4854
28,,1.9357258081436157,,1.9357258081436157,4855
28,,1.6697907447814941,,1.6697907447814941,4856
28,,1.5639920234680176,,1.5639920234680176,4857
28,,1.7090754508972168,,1.7090754508972168,4858
28,,1.701073169708252,,1.701073169708252,4859
28,,1.7070767879486084,,1.7070767879486084,4860
28,,1.9495819807052612,,1.9495819807052612,4861
28,,1.6476341485977173,,1.6476341485977173,4862
28,,1.6999094486236572,,1.6999094486236572,4863
28,,1.8194316625595093,,1.8194316625595093,4864
28,,1.8289642333984375,,1.8289642333984375,4865
28,,1.7482165098190308,,1.7482165098190308,4866
28,,1.8154568672180176,,1.8154568672180176,4867
28,,1.621221661567688,,1.621221661567688,4868
28,,1.5013678073883057,,1.5013678073883057,4869
28,,1.7703214883804321,,1.7703214883804321,4870
28,,1.6767011880874634,,1.6767011880874634,4871
28,,1.76677405834198,,1.76677405834198,4872
28,,1.7353298664093018,,1.7353298664093018,4873
28,,1.644599437713623,,1.644599437713623,4874
28,,1.6274489164352417,,1.6274489164352417,4875
28,,1.684006690979004,,1.684006690979004,4876
28,,1.727911114692688,,1.727911114692688,4877
28,,1.7973895072937012,,1.7973895072937012,4878
28,,1.7257936000823975,,1.7257936000823975,4879
28,,1.6330418586730957,,1.6330418586730957,4880
28,,1.5655207633972168,,1.5655207633972168,4881
28,,1.866147518157959,,1.866147518157959,4882
28,,1.6085461378097534,,1.6085461378097534,4883
28,,1.5044655799865723,,1.5044655799865723,4884
28,,1.7975349426269531,,1.7975349426269531,4885
28,,1.6195175647735596,,1.6195175647735596,4886
28,,1.5462528467178345,,1.5462528467178345,4887
28,,1.8768279552459717,,1.8768279552459717,4888
28,,1.6938128471374512,,1.6938128471374512,4889
28,,1.641245722770691,,1.641245722770691,4890
28,,1.6836191415786743,,1.6836191415786743,4891
28,,1.4931834936141968,,1.4931834936141968,4892
28,,1.5592581033706665,,1.5592581033706665,4893
28,,1.5036709308624268,,1.5036709308624268,4894
28,,1.7769197225570679,,1.7769197225570679,4895
28,,1.6658661365509033,,1.6658661365509033,4896
28,,1.6618965864181519,,1.6618965864181519,4897
28,,1.7904082536697388,,1.7904082536697388,4898
28,,1.584710955619812,,1.584710955619812,4899
28,,1.7226390838623047,,1.7226390838623047,4900
28,,1.5886965990066528,,1.5886965990066528,4901
28,,1.5492035150527954,,1.5492035150527954,4902
28,,1.7032482624053955,,1.7032482624053955,4903
28,,1.7561674118041992,,1.7561674118041992,4904
28,,1.5571467876434326,,1.5571467876434326,4905
28,,1.8342608213424683,,1.8342608213424683,4906
28,,1.5077621936798096,,1.5077621936798096,4907
28,,1.6321686506271362,,1.6321686506271362,4908
28,,1.6850106716156006,,1.6850106716156006,4909
28,,1.6454150676727295,,1.6454150676727295,4910
28,,1.5487761497497559,,1.5487761497497559,4911
28,,1.62973952293396,,1.62973952293396,4912
28,,1.714516043663025,,1.714516043663025,4913
28,,1.523708462715149,,1.523708462715149,4914
28,,1.891192078590393,,1.891192078590393,4915
28,,1.777786374092102,,1.777786374092102,4916
28,,1.6911742687225342,,1.6911742687225342,4917
28,,1.4286843538284302,,1.4286843538284302,4918
28,,1.6892062425613403,,1.6892062425613403,4919
28,,1.558009386062622,,1.558009386062622,4920
28,,1.6950368881225586,,1.6950368881225586,4921
28,,1.5908644199371338,,1.5908644199371338,4922
28,,1.7164115905761719,,1.7164115905761719,4923
28,,1.8428703546524048,,1.8428703546524048,4924
28,,1.5555548667907715,,1.5555548667907715,4925
28,,1.9348664283752441,,1.9348664283752441,4926
28,,1.7332202196121216,,1.7332202196121216,4927
28,,1.7084165811538696,,1.7084165811538696,4928
28,,1.9401041269302368,,1.9401041269302368,4929
28,1.6974811553955078,,1.6974811553955078,,4929
29,,1.654929518699646,,1.654929518699646,4930
29,,1.7158008813858032,,1.7158008813858032,4931
29,,1.5873726606369019,,1.5873726606369019,4932
29,,1.3936097621917725,,1.3936097621917725,4933
29,,1.8836792707443237,,1.8836792707443237,4934
29,,1.8020174503326416,,1.8020174503326416,4935
29,,1.514805555343628,,1.514805555343628,4936
29,,1.4790079593658447,,1.4790079593658447,4937
29,,1.5277355909347534,,1.5277355909347534,4938
29,,1.685060739517212,,1.685060739517212,4939
29,,1.6828153133392334,,1.6828153133392334,4940
29,,1.711879014968872,,1.711879014968872,4941
29,,1.5892778635025024,,1.5892778635025024,4942
29,,1.5542666912078857,,1.5542666912078857,4943
29,,1.7592631578445435,,1.7592631578445435,4944
29,,1.9341685771942139,,1.9341685771942139,4945
29,,1.7517955303192139,,1.7517955303192139,4946
29,,1.8477267026901245,,1.8477267026901245,4947
29,,1.6869480609893799,,1.6869480609893799,4948
29,,1.6083769798278809,,1.6083769798278809,4949
29,,1.6785593032836914,,1.6785593032836914,4950
29,,1.80690336227417,,1.80690336227417,4951
29,,1.5235905647277832,,1.5235905647277832,4952
29,,1.6495040655136108,,1.6495040655136108,4953
29,,1.5404046773910522,,1.5404046773910522,4954
29,,1.7234102487564087,,1.7234102487564087,4955
29,,1.525604009628296,,1.525604009628296,4956
29,,1.66922926902771,,1.66922926902771,4957
29,,1.5865000486373901,,1.5865000486373901,4958
29,,1.6469063758850098,,1.6469063758850098,4959
29,,1.6214383840560913,,1.6214383840560913,4960
29,,1.7548855543136597,,1.7548855543136597,4961
29,,1.5782395601272583,,1.5782395601272583,4962
29,,1.6640506982803345,,1.6640506982803345,4963
29,,1.5866131782531738,,1.5866131782531738,4964
29,,1.6517398357391357,,1.6517398357391357,4965
29,,1.7439855337142944,,1.7439855337142944,4966
29,,1.8605468273162842,,1.8605468273162842,4967
29,,1.5262566804885864,,1.5262566804885864,4968
29,,1.8034073114395142,,1.8034073114395142,4969
29,,1.516532301902771,,1.516532301902771,4970
29,,1.5805420875549316,,1.5805420875549316,4971
29,,1.822925329208374,,1.822925329208374,4972
29,,1.6400425434112549,,1.6400425434112549,4973
29,,1.7352912425994873,,1.7352912425994873,4974
29,,1.8896002769470215,,1.8896002769470215,4975
29,,1.6330509185791016,,1.6330509185791016,4976
29,,1.7934527397155762,,1.7934527397155762,4977
29,,1.5058661699295044,,1.5058661699295044,4978
29,,1.3682324886322021,,1.3682324886322021,4979
29,,1.7004069089889526,,1.7004069089889526,4980
29,,1.5848455429077148,,1.5848455429077148,4981
29,,1.747707724571228,,1.747707724571228,4982
29,,1.6300612688064575,,1.6300612688064575,4983
29,,1.6570180654525757,,1.6570180654525757,4984
29,,1.6244386434555054,,1.6244386434555054,4985
29,,1.50165855884552,,1.50165855884552,4986
29,,1.7247745990753174,,1.7247745990753174,4987
29,,1.9591490030288696,,1.9591490030288696,4988
29,,1.6956573724746704,,1.6956573724746704,4989
29,,1.400577425956726,,1.400577425956726,4990
29,,1.739242672920227,,1.739242672920227,4991
29,,1.877055287361145,,1.877055287361145,4992
29,,1.740427851676941,,1.740427851676941,4993
29,,1.706526517868042,,1.706526517868042,4994
29,,1.8683301210403442,,1.8683301210403442,4995
29,,1.7689692974090576,,1.7689692974090576,4996
29,,1.8115482330322266,,1.8115482330322266,4997
29,,1.5146918296813965,,1.5146918296813965,4998
29,,1.7062660455703735,,1.7062660455703735,4999
29,,1.8156071901321411,,1.8156071901321411,5000
29,,1.8741059303283691,,1.8741059303283691,5001
29,,1.8751765489578247,,1.8751765489578247,5002
29,,1.4570181369781494,,1.4570181369781494,5003
29,,1.7135392427444458,,1.7135392427444458,5004
29,,1.6034035682678223,,1.6034035682678223,5005
29,,1.4365023374557495,,1.4365023374557495,5006
29,,1.6676080226898193,,1.6676080226898193,5007
29,,1.7271538972854614,,1.7271538972854614,5008
29,,1.7513505220413208,,1.7513505220413208,5009
29,,1.654491901397705,,1.654491901397705,5010
29,,1.6790672540664673,,1.6790672540664673,5011
29,,1.5625711679458618,,1.5625711679458618,5012
29,,1.7083854675292969,,1.7083854675292969,5013
29,,1.624071717262268,,1.624071717262268,5014
29,,1.7438960075378418,,1.7438960075378418,5015
29,,1.8001887798309326,,1.8001887798309326,5016
29,,1.6357953548431396,,1.6357953548431396,5017
29,,1.7379423379898071,,1.7379423379898071,5018
29,,1.7686021327972412,,1.7686021327972412,5019
29,,1.4485533237457275,,1.4485533237457275,5020
29,,1.6767725944519043,,1.6767725944519043,5021
29,,1.6242947578430176,,1.6242947578430176,5022
29,,1.5528898239135742,,1.5528898239135742,5023
29,,1.5899215936660767,,1.5899215936660767,5024
29,,1.5090081691741943,,1.5090081691741943,5025
29,,1.662055253982544,,1.662055253982544,5026
29,,1.4655654430389404,,1.4655654430389404,5027
29,,1.617140769958496,,1.617140769958496,5028
29,,1.7940641641616821,,1.7940641641616821,5029
29,,1.527178406715393,,1.527178406715393,5030
29,,1.8477144241333008,,1.8477144241333008,5031
29,,1.5824095010757446,,1.5824095010757446,5032
29,,1.696772575378418,,1.696772575378418,5033
29,,1.944222331047058,,1.944222331047058,5034
29,,1.6617317199707031,,1.6617317199707031,5035
29,,1.8833361864089966,,1.8833361864089966,5036
29,,1.6508758068084717,,1.6508758068084717,5037
29,,1.7884483337402344,,1.7884483337402344,5038
29,,1.7527987957000732,,1.7527987957000732,5039
29,,1.5489743947982788,,1.5489743947982788,5040
29,,1.7934367656707764,,1.7934367656707764,5041
29,,1.6718429327011108,,1.6718429327011108,5042
29,,1.808781623840332,,1.808781623840332,5043
29,,1.6801577806472778,,1.6801577806472778,5044
29,,1.8300145864486694,,1.8300145864486694,5045
29,,1.8991618156433105,,1.8991618156433105,5046
29,,1.7008157968521118,,1.7008157968521118,5047
29,,1.5881179571151733,,1.5881179571151733,5048
29,,1.604556679725647,,1.604556679725647,5049
29,,1.7259114980697632,,1.7259114980697632,5050
29,,1.7270877361297607,,1.7270877361297607,5051
29,,1.6045507192611694,,1.6045507192611694,5052
29,,1.8693290948867798,,1.8693290948867798,5053
29,,1.7084076404571533,,1.7084076404571533,5054
29,,1.8355213403701782,,1.8355213403701782,5055
29,,1.7127488851547241,,1.7127488851547241,5056
29,,1.8667902946472168,,1.8667902946472168,5057
29,,1.5961538553237915,,1.5961538553237915,5058
29,,1.6345387697219849,,1.6345387697219849,5059
29,,1.7516648769378662,,1.7516648769378662,5060
29,,1.6551029682159424,,1.6551029682159424,5061
29,,1.7053251266479492,,1.7053251266479492,5062
29,,1.6258891820907593,,1.6258891820907593,5063
29,,1.6964207887649536,,1.6964207887649536,5064
29,,1.5180610418319702,,1.5180610418319702,5065
29,,1.639311671257019,,1.639311671257019,5066
29,,1.7274457216262817,,1.7274457216262817,5067
29,,1.9056041240692139,,1.9056041240692139,5068
29,,1.8453797101974487,,1.8453797101974487,5069
29,,1.6763617992401123,,1.6763617992401123,5070
29,,1.5953649282455444,,1.5953649282455444,5071
29,,1.8293001651763916,,1.8293001651763916,5072
29,,1.541529655456543,,1.541529655456543,5073
29,,1.7627300024032593,,1.7627300024032593,5074
29,,1.6513824462890625,,1.6513824462890625,5075
29,,1.6451425552368164,,1.6451425552368164,5076
29,,1.7808433771133423,,1.7808433771133423,5077
29,,1.5810490846633911,,1.5810490846633911,5078
29,,1.7330880165100098,,1.7330880165100098,5079
29,,1.4606516361236572,,1.4606516361236572,5080
29,,1.5776467323303223,,1.5776467323303223,5081
29,,1.866170048713684,,1.866170048713684,5082
29,,1.9212629795074463,,1.9212629795074463,5083
29,,1.762987732887268,,1.762987732887268,5084
29,,1.7328025102615356,,1.7328025102615356,5085
29,,1.6426891088485718,,1.6426891088485718,5086
29,,1.5690925121307373,,1.5690925121307373,5087
29,,1.6566085815429688,,1.6566085815429688,5088
29,,1.5871871709823608,,1.5871871709823608,5089
29,,1.810567855834961,,1.810567855834961,5090
29,,1.7133177518844604,,1.7133177518844604,5091
29,,1.5533497333526611,,1.5533497333526611,5092
29,,1.6268764734268188,,1.6268764734268188,5093
29,,1.4891419410705566,,1.4891419410705566,5094
29,,1.722330093383789,,1.722330093383789,5095
29,,1.579372525215149,,1.579372525215149,5096
29,,1.8354381322860718,,1.8354381322860718,5097
29,,1.5516911745071411,,1.5516911745071411,5098
29,,1.693721055984497,,1.693721055984497,5099
29,1.680517554283142,,1.680517554283142,,5099
30,,1.5489486455917358,,1.5489486455917358,5100
30,,1.510456919670105,,1.510456919670105,5101
30,,1.6926331520080566,,1.6926331520080566,5102
30,,1.7109750509262085,,1.7109750509262085,5103
30,,1.699807047843933,,1.699807047843933,5104
30,,1.5765676498413086,,1.5765676498413086,5105
30,,1.6532481908798218,,1.6532481908798218,5106
30,,1.6849347352981567,,1.6849347352981567,5107
30,,1.53334379196167,,1.53334379196167,5108
30,,1.5055408477783203,,1.5055408477783203,5109
30,,1.5504610538482666,,1.5504610538482666,5110
30,,1.638285517692566,,1.638285517692566,5111
30,,1.6183644533157349,,1.6183644533157349,5112
30,,1.528898000717163,,1.528898000717163,5113
30,,1.5770307779312134,,1.5770307779312134,5114
30,,1.5680445432662964,,1.5680445432662964,5115
30,,1.4841502904891968,,1.4841502904891968,5116
30,,1.5487916469573975,,1.5487916469573975,5117
30,,1.8730791807174683,,1.8730791807174683,5118
30,,1.7663445472717285,,1.7663445472717285,5119
30,,1.6644325256347656,,1.6644325256347656,5120
30,,1.7345786094665527,,1.7345786094665527,5121
30,,1.694826602935791,,1.694826602935791,5122
30,,1.6517837047576904,,1.6517837047576904,5123
30,,1.7955352067947388,,1.7955352067947388,5124
30,,1.8268393278121948,,1.8268393278121948,5125
30,,1.7216036319732666,,1.7216036319732666,5126
30,,1.8873939514160156,,1.8873939514160156,5127
30,,1.8797338008880615,,1.8797338008880615,5128
30,,1.870444655418396,,1.870444655418396,5129
30,,1.8578760623931885,,1.8578760623931885,5130
30,,1.8906974792480469,,1.8906974792480469,5131
30,,1.6546351909637451,,1.6546351909637451,5132
30,,1.9738672971725464,,1.9738672971725464,5133
30,,1.7400082349777222,,1.7400082349777222,5134
30,,1.6638720035552979,,1.6638720035552979,5135
30,,1.5646605491638184,,1.5646605491638184,5136
30,,1.6642017364501953,,1.6642017364501953,5137
30,,1.8082020282745361,,1.8082020282745361,5138
30,,1.6344891786575317,,1.6344891786575317,5139
30,,1.7500556707382202,,1.7500556707382202,5140
30,,1.8925503492355347,,1.8925503492355347,5141
30,,1.6611173152923584,,1.6611173152923584,5142
30,,1.6083000898361206,,1.6083000898361206,5143
30,,1.6694910526275635,,1.6694910526275635,5144
30,,1.6161619424819946,,1.6161619424819946,5145
30,,1.5865639448165894,,1.5865639448165894,5146
30,,1.4455116987228394,,1.4455116987228394,5147
30,,1.5481071472167969,,1.5481071472167969,5148
30,,1.4456676244735718,,1.4456676244735718,5149
30,,1.6565136909484863,,1.6565136909484863,5150
30,,1.7845886945724487,,1.7845886945724487,5151
30,,1.6746010780334473,,1.6746010780334473,5152
30,,1.6640413999557495,,1.6640413999557495,5153
30,,1.7459887266159058,,1.7459887266159058,5154
30,,1.508768081665039,,1.508768081665039,5155
30,,1.7509819269180298,,1.7509819269180298,5156
30,,1.6818722486495972,,1.6818722486495972,5157
30,,1.7010105848312378,,1.7010105848312378,5158
30,,1.8086626529693604,,1.8086626529693604,5159
30,,1.7677420377731323,,1.7677420377731323,5160
30,,1.8320022821426392,,1.8320022821426392,5161
30,,1.7029714584350586,,1.7029714584350586,5162
30,,1.6212090253829956,,1.6212090253829956,5163
30,,1.6546943187713623,,1.6546943187713623,5164
30,,1.6287848949432373,,1.6287848949432373,5165
30,,1.8093185424804688,,1.8093185424804688,5166
30,,1.671292781829834,,1.671292781829834,5167
30,,1.7403849363327026,,1.7403849363327026,5168
30,,1.4368082284927368,,1.4368082284927368,5169
30,,1.8621196746826172,,1.8621196746826172,5170
30,,1.6576433181762695,,1.6576433181762695,5171
30,,1.668717861175537,,1.668717861175537,5172
30,,1.8367292881011963,,1.8367292881011963,5173
30,,1.6359866857528687,,1.6359866857528687,5174
30,,1.6429845094680786,,1.6429845094680786,5175
30,,1.7414605617523193,,1.7414605617523193,5176
30,,1.4687917232513428,,1.4687917232513428,5177
30,,1.942490577697754,,1.942490577697754,5178
30,,1.8323209285736084,,1.8323209285736084,5179
30,,1.5775724649429321,,1.5775724649429321,5180
30,,1.4772135019302368,,1.4772135019302368,5181
30,,1.740697979927063,,1.740697979927063,5182
30,,1.601963758468628,,1.601963758468628,5183
30,,1.6781671047210693,,1.6781671047210693,5184
30,,1.5778416395187378,,1.5778416395187378,5185
30,,1.4209104776382446,,1.4209104776382446,5186
30,,1.8756026029586792,,1.8756026029586792,5187
30,,1.6068365573883057,,1.6068365573883057,5188
30,,1.6785119771957397,,1.6785119771957397,5189
30,,1.484216570854187,,1.484216570854187,5190
30,,1.6707379817962646,,1.6707379817962646,5191
30,,1.6549478769302368,,1.6549478769302368,5192
30,,1.6009975671768188,,1.6009975671768188,5193
30,,1.6510816812515259,,1.6510816812515259,5194
30,,1.7080193758010864,,1.7080193758010864,5195
30,,1.7381879091262817,,1.7381879091262817,5196
30,,1.5136431455612183,,1.5136431455612183,5197
30,,1.5344874858856201,,1.5344874858856201,5198
30,,1.9375622272491455,,1.9375622272491455,5199
30,,1.6435526609420776,,1.6435526609420776,5200
30,,1.8039472103118896,,1.8039472103118896,5201
30,,1.5722826719284058,,1.5722826719284058,5202
30,,1.8472827672958374,,1.8472827672958374,5203
30,,1.6468559503555298,,1.6468559503555298,5204
30,,1.571975588798523,,1.571975588798523,5205
30,,1.689696192741394,,1.689696192741394,5206
30,,1.6458343267440796,,1.6458343267440796,5207
30,,1.6480778455734253,,1.6480778455734253,5208
30,,1.7331353425979614,,1.7331353425979614,5209
30,,1.5041663646697998,,1.5041663646697998,5210
30,,1.6209040880203247,,1.6209040880203247,5211
30,,1.4786607027053833,,1.4786607027053833,5212
30,,1.5881456136703491,,1.5881456136703491,5213
30,,1.5788097381591797,,1.5788097381591797,5214
30,,1.8391753435134888,,1.8391753435134888,5215
30,,1.50846529006958,,1.50846529006958,5216
30,,1.6702449321746826,,1.6702449321746826,5217
30,,1.8811758756637573,,1.8811758756637573,5218
30,,1.8260091543197632,,1.8260091543197632,5219
30,,1.6554828882217407,,1.6554828882217407,5220
30,,1.6032836437225342,,1.6032836437225342,5221
30,,1.7875474691390991,,1.7875474691390991,5222
30,,1.866172194480896,,1.866172194480896,5223
30,,1.8305426836013794,,1.8305426836013794,5224
30,,1.8780019283294678,,1.8780019283294678,5225
30,,1.6908560991287231,,1.6908560991287231,5226
30,,1.882782220840454,,1.882782220840454,5227
30,,1.6386505365371704,,1.6386505365371704,5228
30,,1.5930842161178589,,1.5930842161178589,5229
30,,1.854893445968628,,1.854893445968628,5230
30,,1.7055752277374268,,1.7055752277374268,5231
30,,1.8059335947036743,,1.8059335947036743,5232
30,,1.7380011081695557,,1.7380011081695557,5233
30,,1.5842783451080322,,1.5842783451080322,5234
30,,1.7068730592727661,,1.7068730592727661,5235
30,,1.6350164413452148,,1.6350164413452148,5236
30,,1.6804320812225342,,1.6804320812225342,5237
30,,1.4498798847198486,,1.4498798847198486,5238
30,,1.561505675315857,,1.561505675315857,5239
30,,1.768145203590393,,1.768145203590393,5240
30,,1.7057771682739258,,1.7057771682739258,5241
30,,1.637723684310913,,1.637723684310913,5242
30,,1.7432806491851807,,1.7432806491851807,5243
30,,1.6924946308135986,,1.6924946308135986,5244
30,,1.9452636241912842,,1.9452636241912842,5245
30,,1.462890625,,1.462890625,5246
30,,1.731597661972046,,1.731597661972046,5247
30,,1.7249805927276611,,1.7249805927276611,5248
30,,1.6490099430084229,,1.6490099430084229,5249
30,,1.4959880113601685,,1.4959880113601685,5250
30,,1.7852973937988281,,1.7852973937988281,5251
30,,1.7044631242752075,,1.7044631242752075,5252
30,,1.4922584295272827,,1.4922584295272827,5253
30,,1.9455006122589111,,1.9455006122589111,5254
30,,1.7915620803833008,,1.7915620803833008,5255
30,,1.5512659549713135,,1.5512659549713135,5256
30,,1.7312191724777222,,1.7312191724777222,5257
30,,1.7541917562484741,,1.7541917562484741,5258
30,,1.478819489479065,,1.478819489479065,5259
30,,1.800251841545105,,1.800251841545105,5260
30,,1.6442487239837646,,1.6442487239837646,5261
30,,1.6145007610321045,,1.6145007610321045,5262
30,,1.6506710052490234,,1.6506710052490234,5263
30,,1.628948450088501,,1.628948450088501,5264
30,,1.6821601390838623,,1.6821601390838623,5265
30,,1.819130778312683,,1.819130778312683,5266
30,,1.555511236190796,,1.555511236190796,5267
30,,1.553336501121521,,1.553336501121521,5268
30,,1.8725800514221191,,1.8725800514221191,5269
30,1.679254174232483,,1.679254174232483,,5269
31,,1.5207692384719849,,1.5207692384719849,5270
31,,1.691280722618103,,1.691280722618103,5271
31,,1.9478257894515991,,1.9478257894515991,5272
31,,1.5560884475708008,,1.5560884475708008,5273
31,,1.7205359935760498,,1.7205359935760498,5274
31,,1.6907217502593994,,1.6907217502593994,5275
31,,1.5978999137878418,,1.5978999137878418,5276
31,,1.8366340398788452,,1.8366340398788452,5277
31,,1.5522401332855225,,1.5522401332855225,5278
31,,1.45772385597229,,1.45772385597229,5279
31,,1.6774601936340332,,1.6774601936340332,5280
31,,1.6767780780792236,,1.6767780780792236,5281
31,,1.8841463327407837,,1.8841463327407837,5282
31,,1.6439862251281738,,1.6439862251281738,5283
31,,1.502913236618042,,1.502913236618042,5284
31,,1.5932711362838745,,1.5932711362838745,5285
31,,1.887649416923523,,1.887649416923523,5286
31,,1.8007981777191162,,1.8007981777191162,5287
31,,1.8163267374038696,,1.8163267374038696,5288
31,,1.8062336444854736,,1.8062336444854736,5289
31,,1.6721185445785522,,1.6721185445785522,5290
31,,1.5867282152175903,,1.5867282152175903,5291
31,,1.732275128364563,,1.732275128364563,5292
31,,1.406017541885376,,1.406017541885376,5293
31,,1.623926043510437,,1.623926043510437,5294
31,,1.808814525604248,,1.808814525604248,5295
31,,1.6367701292037964,,1.6367701292037964,5296
31,,1.7947129011154175,,1.7947129011154175,5297
31,,1.8059349060058594,,1.8059349060058594,5298
31,,1.733672857284546,,1.733672857284546,5299
31,,1.4015032052993774,,1.4015032052993774,5300
31,,1.7310656309127808,,1.7310656309127808,5301
31,,1.7476030588150024,,1.7476030588150024,5302
31,,1.6020957231521606,,1.6020957231521606,5303
31,,1.536373257637024,,1.536373257637024,5304
31,,1.6734493970870972,,1.6734493970870972,5305
31,,1.7366992235183716,,1.7366992235183716,5306
31,,1.6564491987228394,,1.6564491987228394,5307
31,,1.6324639320373535,,1.6324639320373535,5308
31,,1.9034605026245117,,1.9034605026245117,5309
31,,1.70575749874115,,1.70575749874115,5310
31,,1.691547155380249,,1.691547155380249,5311
31,,1.707155466079712,,1.707155466079712,5312
31,,1.7365657091140747,,1.7365657091140747,5313
31,,2.0762009620666504,,2.0762009620666504,5314
31,,1.6749639511108398,,1.6749639511108398,5315
31,,1.6152507066726685,,1.6152507066726685,5316
31,,1.6560066938400269,,1.6560066938400269,5317
31,,1.563072681427002,,1.563072681427002,5318
31,,1.5138128995895386,,1.5138128995895386,5319
31,,1.812695860862732,,1.812695860862732,5320
31,,1.8977998495101929,,1.8977998495101929,5321
31,,1.6317161321640015,,1.6317161321640015,5322
31,,1.4325252771377563,,1.4325252771377563,5323
31,,1.8254090547561646,,1.8254090547561646,5324
31,,1.937118411064148,,1.937118411064148,5325
31,,1.405897617340088,,1.405897617340088,5326
31,,1.8597859144210815,,1.8597859144210815,5327
31,,1.6962506771087646,,1.6962506771087646,5328
31,,1.6921648979187012,,1.6921648979187012,5329
31,,1.7507765293121338,,1.7507765293121338,5330
31,,1.6839590072631836,,1.6839590072631836,5331
31,,1.6391310691833496,,1.6391310691833496,5332
31,,1.7816084623336792,,1.7816084623336792,5333
31,,1.6718837022781372,,1.6718837022781372,5334
31,,1.4796149730682373,,1.4796149730682373,5335
31,,1.834681510925293,,1.834681510925293,5336
31,,1.75882089138031,,1.75882089138031,5337
31,,1.5296955108642578,,1.5296955108642578,5338
31,,1.7420604228973389,,1.7420604228973389,5339
31,,1.6373475790023804,,1.6373475790023804,5340
31,,1.688980221748352,,1.688980221748352,5341
31,,1.6997227668762207,,1.6997227668762207,5342
31,,1.4463839530944824,,1.4463839530944824,5343
31,,1.6540169715881348,,1.6540169715881348,5344
31,,1.69302499294281,,1.69302499294281,5345
31,,1.662145733833313,,1.662145733833313,5346
31,,1.729526400566101,,1.729526400566101,5347
31,,1.728286862373352,,1.728286862373352,5348
31,,1.8755080699920654,,1.8755080699920654,5349
31,,1.560510277748108,,1.560510277748108,5350
31,,1.641657829284668,,1.641657829284668,5351
31,,1.8063623905181885,,1.8063623905181885,5352
31,,1.8481464385986328,,1.8481464385986328,5353
31,,1.5606950521469116,,1.5606950521469116,5354
31,,1.8061668872833252,,1.8061668872833252,5355
31,,1.6605641841888428,,1.6605641841888428,5356
31,,1.8418009281158447,,1.8418009281158447,5357
31,,1.6270477771759033,,1.6270477771759033,5358
31,,1.5509155988693237,,1.5509155988693237,5359
31,,1.7423827648162842,,1.7423827648162842,5360
31,,1.9791303873062134,,1.9791303873062134,5361
31,,1.7740634679794312,,1.7740634679794312,5362
31,,1.7109564542770386,,1.7109564542770386,5363
31,,1.45847487449646,,1.45847487449646,5364
31,,1.6625192165374756,,1.6625192165374756,5365
31,,1.4879401922225952,,1.4879401922225952,5366
31,,1.5603396892547607,,1.5603396892547607,5367
31,,1.6669995784759521,,1.6669995784759521,5368
31,,1.6467403173446655,,1.6467403173446655,5369
31,,1.6858758926391602,,1.6858758926391602,5370
31,,1.8983341455459595,,1.8983341455459595,5371
31,,1.8648567199707031,,1.8648567199707031,5372
31,,1.8142268657684326,,1.8142268657684326,5373
31,,1.5941762924194336,,1.5941762924194336,5374
31,,1.6011378765106201,,1.6011378765106201,5375
31,,1.743260383605957,,1.743260383605957,5376
31,,1.505630612373352,,1.505630612373352,5377
31,,1.7417486906051636,,1.7417486906051636,5378
31,,1.4892480373382568,,1.4892480373382568,5379
31,,1.803766131401062,,1.803766131401062,5380
31,,1.7417916059494019,,1.7417916059494019,5381
31,,1.9894375801086426,,1.9894375801086426,5382
31,,1.5835108757019043,,1.5835108757019043,5383
31,,1.702313780784607,,1.702313780784607,5384
31,,1.551225185394287,,1.551225185394287,5385
31,,1.493971347808838,,1.493971347808838,5386
31,,1.634839653968811,,1.634839653968811,5387
31,,1.6884880065917969,,1.6884880065917969,5388
31,,1.6496007442474365,,1.6496007442474365,5389
31,,1.4682846069335938,,1.4682846069335938,5390
31,,1.4988950490951538,,1.4988950490951538,5391
31,,1.8470515012741089,,1.8470515012741089,5392
31,,1.7030953168869019,,1.7030953168869019,5393
31,,1.8374974727630615,,1.8374974727630615,5394
31,,1.3443262577056885,,1.3443262577056885,5395
31,,1.8944520950317383,,1.8944520950317383,5396
31,,1.5922174453735352,,1.5922174453735352,5397
31,,1.7821143865585327,,1.7821143865585327,5398
31,,1.5617973804473877,,1.5617973804473877,5399
31,,1.46671462059021,,1.46671462059021,5400
31,,1.8176096677780151,,1.8176096677780151,5401
31,,1.736311912536621,,1.736311912536621,5402
31,,1.8490902185440063,,1.8490902185440063,5403
31,,1.6940637826919556,,1.6940637826919556,5404
31,,2.0260777473449707,,2.0260777473449707,5405
31,,1.5858757495880127,,1.5858757495880127,5406
31,,1.891206979751587,,1.891206979751587,5407
31,,1.6159636974334717,,1.6159636974334717,5408
31,,1.7667677402496338,,1.7667677402496338,5409
31,,1.5670030117034912,,1.5670030117034912,5410
31,,1.8474253416061401,,1.8474253416061401,5411
31,,1.8062769174575806,,1.8062769174575806,5412
31,,1.8103766441345215,,1.8103766441345215,5413
31,,1.727486252784729,,1.727486252784729,5414
31,,1.489174485206604,,1.489174485206604,5415
31,,1.7791972160339355,,1.7791972160339355,5416
31,,1.67570960521698,,1.67570960521698,5417
31,,1.5730983018875122,,1.5730983018875122,5418
31,,1.793605923652649,,1.793605923652649,5419
31,,1.6931408643722534,,1.6931408643722534,5420
31,,1.6435165405273438,,1.6435165405273438,5421
31,,1.5505412817001343,,1.5505412817001343,5422
31,,1.7356843948364258,,1.7356843948364258,5423
31,,1.6783602237701416,,1.6783602237701416,5424
31,,1.8156676292419434,,1.8156676292419434,5425
31,,1.7055907249450684,,1.7055907249450684,5426
31,,1.6482144594192505,,1.6482144594192505,5427
31,,1.464117169380188,,1.464117169380188,5428
31,,1.7096117734909058,,1.7096117734909058,5429
31,,1.6087440252304077,,1.6087440252304077,5430
31,,1.485329031944275,,1.485329031944275,5431
31,,1.5731472969055176,,1.5731472969055176,5432
31,,1.677893877029419,,1.677893877029419,5433
31,,1.609609842300415,,1.609609842300415,5434
31,,1.4957162141799927,,1.4957162141799927,5435
31,,1.7112658023834229,,1.7112658023834229,5436
31,,1.718819260597229,,1.718819260597229,5437
31,,1.4144693613052368,,1.4144693613052368,5438
31,,1.6936101913452148,,1.6936101913452148,5439
31,1.6832263469696045,,1.6832263469696045,,5439
32,,1.6999067068099976,,1.6999067068099976,5440
32,,1.52623450756073,,1.52623450756073,5441
32,,1.725717306137085,,1.725717306137085,5442
32,,1.6202293634414673,,1.6202293634414673,5443
32,,1.8923835754394531,,1.8923835754394531,5444
32,,1.7575243711471558,,1.7575243711471558,5445
32,,1.5416957139968872,,1.5416957139968872,5446
32,,1.9012783765792847,,1.9012783765792847,5447
32,,1.7456918954849243,,1.7456918954849243,5448
32,,1.6587660312652588,,1.6587660312652588,5449
32,,1.621279001235962,,1.621279001235962,5450
32,,1.8507533073425293,,1.8507533073425293,5451
32,,1.8750934600830078,,1.8750934600830078,5452
32,,1.7340234518051147,,1.7340234518051147,5453
32,,1.4630811214447021,,1.4630811214447021,5454
32,,1.5393967628479004,,1.5393967628479004,5455
32,,1.5533008575439453,,1.5533008575439453,5456
32,,1.7428754568099976,,1.7428754568099976,5457
32,,1.620363473892212,,1.620363473892212,5458
32,,1.4702438116073608,,1.4702438116073608,5459
32,,1.7389285564422607,,1.7389285564422607,5460
32,,1.4769585132598877,,1.4769585132598877,5461
32,,1.5318852663040161,,1.5318852663040161,5462
32,,1.6584141254425049,,1.6584141254425049,5463
32,,1.4283109903335571,,1.4283109903335571,5464
32,,1.5719455480575562,,1.5719455480575562,5465
32,,1.7282942533493042,,1.7282942533493042,5466
32,,1.5906025171279907,,1.5906025171279907,5467
32,,1.7813801765441895,,1.7813801765441895,5468
32,,1.6307013034820557,,1.6307013034820557,5469
32,,1.7140893936157227,,1.7140893936157227,5470
32,,1.511139988899231,,1.511139988899231,5471
32,,1.5093169212341309,,1.5093169212341309,5472
32,,1.5934466123580933,,1.5934466123580933,5473
32,,1.7500041723251343,,1.7500041723251343,5474
32,,1.4725090265274048,,1.4725090265274048,5475
32,,1.8132189512252808,,1.8132189512252808,5476
32,,1.8175959587097168,,1.8175959587097168,5477
32,,1.6619092226028442,,1.6619092226028442,5478
32,,1.4963436126708984,,1.4963436126708984,5479
32,,1.712472677230835,,1.712472677230835,5480
32,,1.8938788175582886,,1.8938788175582886,5481
32,,1.5123003721237183,,1.5123003721237183,5482
32,,1.5996708869934082,,1.5996708869934082,5483
32,,1.653417944908142,,1.653417944908142,5484
32,,1.8050214052200317,,1.8050214052200317,5485
32,,1.5751891136169434,,1.5751891136169434,5486
32,,1.8380043506622314,,1.8380043506622314,5487
32,,1.5610195398330688,,1.5610195398330688,5488
32,,1.7763935327529907,,1.7763935327529907,5489
32,,1.6630347967147827,,1.6630347967147827,5490
32,,1.6578502655029297,,1.6578502655029297,5491
32,,1.7785534858703613,,1.7785534858703613,5492
32,,1.8553558588027954,,1.8553558588027954,5493
32,,1.6995251178741455,,1.6995251178741455,5494
32,,1.7523059844970703,,1.7523059844970703,5495
32,,1.6241341829299927,,1.6241341829299927,5496
32,,1.8349641561508179,,1.8349641561508179,5497
32,,1.5198343992233276,,1.5198343992233276,5498
32,,1.6771050691604614,,1.6771050691604614,5499
32,,1.8317707777023315,,1.8317707777023315,5500
32,,1.7496527433395386,,1.7496527433395386,5501
32,,1.675508975982666,,1.675508975982666,5502
32,,1.5119279623031616,,1.5119279623031616,5503
32,,1.6528806686401367,,1.6528806686401367,5504
32,,1.5580378770828247,,1.5580378770828247,5505
32,,1.6631600856781006,,1.6631600856781006,5506
32,,1.8095979690551758,,1.8095979690551758,5507
32,,1.6449384689331055,,1.6449384689331055,5508
32,,1.6948906183242798,,1.6948906183242798,5509
32,,1.6052024364471436,,1.6052024364471436,5510
32,,1.5119478702545166,,1.5119478702545166,5511
32,,1.598679780960083,,1.598679780960083,5512
32,,1.6971004009246826,,1.6971004009246826,5513
32,,1.7688199281692505,,1.7688199281692505,5514
32,,1.8525173664093018,,1.8525173664093018,5515
32,,1.7591577768325806,,1.7591577768325806,5516
32,,1.9369736909866333,,1.9369736909866333,5517
32,,1.6340181827545166,,1.6340181827545166,5518
32,,1.8285335302352905,,1.8285335302352905,5519
32,,1.607421875,,1.607421875,5520
32,,1.7022210359573364,,1.7022210359573364,5521
32,,1.6484392881393433,,1.6484392881393433,5522
32,,1.5417975187301636,,1.5417975187301636,5523
32,,1.5989634990692139,,1.5989634990692139,5524
32,,1.6754683256149292,,1.6754683256149292,5525
32,,1.6894207000732422,,1.6894207000732422,5526
32,,1.6357829570770264,,1.6357829570770264,5527
32,,1.7566877603530884,,1.7566877603530884,5528
32,,1.6884979009628296,,1.6884979009628296,5529
32,,1.7682453393936157,,1.7682453393936157,5530
32,,1.7451481819152832,,1.7451481819152832,5531
32,,1.847374677658081,,1.847374677658081,5532
32,,1.3394654989242554,,1.3394654989242554,5533
32,,1.6173306703567505,,1.6173306703567505,5534
32,,1.668622612953186,,1.668622612953186,5535
32,,1.5944726467132568,,1.5944726467132568,5536
32,,1.8026381731033325,,1.8026381731033325,5537
32,,1.4661105871200562,,1.4661105871200562,5538
32,,1.5336613655090332,,1.5336613655090332,5539
32,,1.6755661964416504,,1.6755661964416504,5540
32,,1.6861838102340698,,1.6861838102340698,5541
32,,1.5960875749588013,,1.5960875749588013,5542
32,,1.5028877258300781,,1.5028877258300781,5543
32,,1.6868892908096313,,1.6868892908096313,5544
32,,1.6271953582763672,,1.6271953582763672,5545
32,,1.7568624019622803,,1.7568624019622803,5546
32,,1.619246006011963,,1.619246006011963,5547
32,,1.4161765575408936,,1.4161765575408936,5548
32,,1.6007744073867798,,1.6007744073867798,5549
32,,1.8418604135513306,,1.8418604135513306,5550
32,,1.7079225778579712,,1.7079225778579712,5551
32,,1.6808643341064453,,1.6808643341064453,5552
32,,1.2545515298843384,,1.2545515298843384,5553
32,,1.496330976486206,,1.496330976486206,5554
32,,1.7005513906478882,,1.7005513906478882,5555
32,,1.7623437643051147,,1.7623437643051147,5556
32,,1.605842113494873,,1.605842113494873,5557
32,,1.6587715148925781,,1.6587715148925781,5558
32,,1.8603240251541138,,1.8603240251541138,5559
32,,1.685887098312378,,1.685887098312378,5560
32,,1.636626958847046,,1.636626958847046,5561
32,,1.483162760734558,,1.483162760734558,5562
32,,1.4633699655532837,,1.4633699655532837,5563
32,,1.5420167446136475,,1.5420167446136475,5564
32,,1.826709508895874,,1.826709508895874,5565
32,,1.7533009052276611,,1.7533009052276611,5566
32,,1.791005253791809,,1.791005253791809,5567
32,,1.6418852806091309,,1.6418852806091309,5568
32,,1.688951015472412,,1.688951015472412,5569
32,,1.9492790699005127,,1.9492790699005127,5570
32,,1.740194320678711,,1.740194320678711,5571
32,,1.7289172410964966,,1.7289172410964966,5572
32,,1.8528753519058228,,1.8528753519058228,5573
32,,1.6998636722564697,,1.6998636722564697,5574
32,,1.4683012962341309,,1.4683012962341309,5575
32,,1.5528056621551514,,1.5528056621551514,5576
32,,1.4731602668762207,,1.4731602668762207,5577
32,,1.67845618724823,,1.67845618724823,5578
32,,1.6158814430236816,,1.6158814430236816,5579
32,,1.6742310523986816,,1.6742310523986816,5580
32,,1.751671314239502,,1.751671314239502,5581
32,,1.2645083665847778,,1.2645083665847778,5582
32,,1.7014565467834473,,1.7014565467834473,5583
32,,1.7010654211044312,,1.7010654211044312,5584
32,,1.7264620065689087,,1.7264620065689087,5585
32,,1.7697559595108032,,1.7697559595108032,5586
32,,1.4636424779891968,,1.4636424779891968,5587
32,,1.7078967094421387,,1.7078967094421387,5588
32,,1.7900749444961548,,1.7900749444961548,5589
32,,1.7691650390625,,1.7691650390625,5590
32,,1.8898470401763916,,1.8898470401763916,5591
32,,1.7083810567855835,,1.7083810567855835,5592
32,,1.657665491104126,,1.657665491104126,5593
32,,1.7273201942443848,,1.7273201942443848,5594
32,,1.6714731454849243,,1.6714731454849243,5595
32,,1.4442293643951416,,1.4442293643951416,5596
32,,1.544588565826416,,1.544588565826416,5597
32,,1.922773003578186,,1.922773003578186,5598
32,,1.8059834241867065,,1.8059834241867065,5599
32,,1.637100338935852,,1.637100338935852,5600
32,,1.4612774848937988,,1.4612774848937988,5601
32,,1.5312528610229492,,1.5312528610229492,5602
32,,1.5624042749404907,,1.5624042749404907,5603
32,,1.6855608224868774,,1.6855608224868774,5604
32,,1.749467372894287,,1.749467372894287,5605
32,,1.897308111190796,,1.897308111190796,5606
32,,1.6042156219482422,,1.6042156219482422,5607
32,,1.7712552547454834,,1.7712552547454834,5608
32,,1.630587100982666,,1.630587100982666,5609
32,1.66573166847229,,1.66573166847229,,5609
33,,1.4908384084701538,,1.4908384084701538,5610
33,,1.824649453163147,,1.824649453163147,5611
33,,1.5919818878173828,,1.5919818878173828,5612
33,,1.6117266416549683,,1.6117266416549683,5613
33,,1.5771948099136353,,1.5771948099136353,5614
33,,1.8068757057189941,,1.8068757057189941,5615
33,,1.394378900527954,,1.394378900527954,5616
33,,1.3060004711151123,,1.3060004711151123,5617
33,,1.749281644821167,,1.749281644821167,5618
33,,1.8591187000274658,,1.8591187000274658,5619
33,,1.7552433013916016,,1.7552433013916016,5620
33,,1.5765973329544067,,1.5765973329544067,5621
33,,1.6903361082077026,,1.6903361082077026,5622
33,,1.4421037435531616,,1.4421037435531616,5623
33,,1.6465765237808228,,1.6465765237808228,5624
33,,1.623561978340149,,1.623561978340149,5625
33,,1.7868596315383911,,1.7868596315383911,5626
33,,1.6791043281555176,,1.6791043281555176,5627
33,,1.5471398830413818,,1.5471398830413818,5628
33,,1.6631053686141968,,1.6631053686141968,5629
33,,1.529191017150879,,1.529191017150879,5630
33,,1.661962628364563,,1.661962628364563,5631
33,,1.6932361125946045,,1.6932361125946045,5632
33,,1.75733482837677,,1.75733482837677,5633
33,,2.0057263374328613,,2.0057263374328613,5634
33,,1.6337072849273682,,1.6337072849273682,5635
33,,1.6356759071350098,,1.6356759071350098,5636
33,,1.752022385597229,,1.752022385597229,5637
33,,1.507819414138794,,1.507819414138794,5638
33,,1.64593505859375,,1.64593505859375,5639
33,,1.730588436126709,,1.730588436126709,5640
33,,1.5095051527023315,,1.5095051527023315,5641
33,,1.646142840385437,,1.646142840385437,5642
33,,1.8389679193496704,,1.8389679193496704,5643
33,,1.687728762626648,,1.687728762626648,5644
33,,1.5644475221633911,,1.5644475221633911,5645
33,,1.6521185636520386,,1.6521185636520386,5646
33,,1.6014819145202637,,1.6014819145202637,5647
33,,1.804822325706482,,1.804822325706482,5648
33,,1.4815216064453125,,1.4815216064453125,5649
33,,1.569708228111267,,1.569708228111267,5650
33,,1.4271528720855713,,1.4271528720855713,5651
33,,1.8080310821533203,,1.8080310821533203,5652
33,,1.8132685422897339,,1.8132685422897339,5653
33,,1.6242023706436157,,1.6242023706436157,5654
33,,1.586248755455017,,1.586248755455017,5655
33,,1.8073508739471436,,1.8073508739471436,5656
33,,1.4523855447769165,,1.4523855447769165,5657
33,,1.678289771080017,,1.678289771080017,5658
33,,1.7554599046707153,,1.7554599046707153,5659
33,,1.661954402923584,,1.661954402923584,5660
33,,1.6088470220565796,,1.6088470220565796,5661
33,,1.6440733671188354,,1.6440733671188354,5662
33,,1.7344423532485962,,1.7344423532485962,5663
33,,1.5624021291732788,,1.5624021291732788,5664
33,,1.736354947090149,,1.736354947090149,5665
33,,1.3923637866973877,,1.3923637866973877,5666
33,,1.663405418395996,,1.663405418395996,5667
33,,1.8036741018295288,,1.8036741018295288,5668
33,,1.6481034755706787,,1.6481034755706787,5669
33,,1.667899250984192,,1.667899250984192,5670
33,,1.783432960510254,,1.783432960510254,5671
33,,1.5416815280914307,,1.5416815280914307,5672
33,,1.6419907808303833,,1.6419907808303833,5673
33,,1.6175541877746582,,1.6175541877746582,5674
33,,1.4232866764068604,,1.4232866764068604,5675
33,,1.416824221611023,,1.416824221611023,5676
33,,1.578102946281433,,1.578102946281433,5677
33,,1.6155531406402588,,1.6155531406402588,5678
33,,1.705680251121521,,1.705680251121521,5679
33,,1.6887376308441162,,1.6887376308441162,5680
33,,1.7894991636276245,,1.7894991636276245,5681
33,,1.871376872062683,,1.871376872062683,5682
33,,1.503761887550354,,1.503761887550354,5683
33,,1.4397786855697632,,1.4397786855697632,5684
33,,1.6110113859176636,,1.6110113859176636,5685
33,,1.8329472541809082,,1.8329472541809082,5686
33,,1.5498299598693848,,1.5498299598693848,5687
33,,1.8723945617675781,,1.8723945617675781,5688
33,,1.6185840368270874,,1.6185840368270874,5689
33,,1.4963680505752563,,1.4963680505752563,5690
33,,1.3241009712219238,,1.3241009712219238,5691
33,,1.6835010051727295,,1.6835010051727295,5692
33,,1.6758174896240234,,1.6758174896240234,5693
33,,1.8108373880386353,,1.8108373880386353,5694
33,,1.5572082996368408,,1.5572082996368408,5695
33,,1.543154001235962,,1.543154001235962,5696
33,,1.7094029188156128,,1.7094029188156128,5697
33,,1.6249865293502808,,1.6249865293502808,5698
33,,1.7913528680801392,,1.7913528680801392,5699
33,,1.1810576915740967,,1.1810576915740967,5700
33,,1.7066107988357544,,1.7066107988357544,5701
33,,1.6770710945129395,,1.6770710945129395,5702
33,,1.4724856615066528,,1.4724856615066528,5703
33,,1.7472710609436035,,1.7472710609436035,5704
33,,1.6177129745483398,,1.6177129745483398,5705
33,,1.4743123054504395,,1.4743123054504395,5706
33,,1.5719705820083618,,1.5719705820083618,5707
33,,1.5732735395431519,,1.5732735395431519,5708
33,,1.7703125476837158,,1.7703125476837158,5709
33,,1.623242974281311,,1.623242974281311,5710
33,,1.6793385744094849,,1.6793385744094849,5711
33,,1.573642373085022,,1.573642373085022,5712
33,,1.6950759887695312,,1.6950759887695312,5713
33,,1.619153618812561,,1.619153618812561,5714
33,,1.5297579765319824,,1.5297579765319824,5715
33,,1.8013854026794434,,1.8013854026794434,5716
33,,1.5846703052520752,,1.5846703052520752,5717
33,,1.5443198680877686,,1.5443198680877686,5718
33,,1.5834358930587769,,1.5834358930587769,5719
33,,1.5658105611801147,,1.5658105611801147,5720
33,,1.7120699882507324,,1.7120699882507324,5721
33,,1.967684268951416,,1.967684268951416,5722
33,,1.7047302722930908,,1.7047302722930908,5723
33,,1.6873968839645386,,1.6873968839645386,5724
33,,1.8129003047943115,,1.8129003047943115,5725
33,,1.6812736988067627,,1.6812736988067627,5726
33,,1.8293675184249878,,1.8293675184249878,5727
33,,1.7302223443984985,,1.7302223443984985,5728
33,,1.6677052974700928,,1.6677052974700928,5729
33,,1.6353861093521118,,1.6353861093521118,5730
33,,1.8226767778396606,,1.8226767778396606,5731
33,,1.567988395690918,,1.567988395690918,5732
33,,1.5204819440841675,,1.5204819440841675,5733
33,,1.6166735887527466,,1.6166735887527466,5734
33,,1.5207809209823608,,1.5207809209823608,5735
33,,1.6120493412017822,,1.6120493412017822,5736
33,,1.6136188507080078,,1.6136188507080078,5737
33,,1.566597580909729,,1.566597580909729,5738
33,,1.5908203125,,1.5908203125,5739
33,,1.5883803367614746,,1.5883803367614746,5740
33,,1.5547341108322144,,1.5547341108322144,5741
33,,1.7740302085876465,,1.7740302085876465,5742
33,,1.5987190008163452,,1.5987190008163452,5743
33,,1.944654107093811,,1.944654107093811,5744
33,,1.616947889328003,,1.616947889328003,5745
33,,1.798088788986206,,1.798088788986206,5746
33,,1.777285099029541,,1.777285099029541,5747
33,,1.845597267150879,,1.845597267150879,5748
33,,1.8025370836257935,,1.8025370836257935,5749
33,,1.7934949398040771,,1.7934949398040771,5750
33,,1.5604608058929443,,1.5604608058929443,5751
33,,1.6625316143035889,,1.6625316143035889,5752
33,,1.882881999015808,,1.882881999015808,5753
33,,1.6748254299163818,,1.6748254299163818,5754
33,,1.521762490272522,,1.521762490272522,5755
33,,1.505849003791809,,1.505849003791809,5756
33,,1.5766074657440186,,1.5766074657440186,5757
33,,1.6595631837844849,,1.6595631837844849,5758
33,,1.6784871816635132,,1.6784871816635132,5759
33,,1.598156452178955,,1.598156452178955,5760
33,,2.013260841369629,,2.013260841369629,5761
33,,1.6017695665359497,,1.6017695665359497,5762
33,,1.5754433870315552,,1.5754433870315552,5763
33,,1.554016351699829,,1.554016351699829,5764
33,,1.7194782495498657,,1.7194782495498657,5765
33,,1.572488784790039,,1.572488784790039,5766
33,,1.629583716392517,,1.629583716392517,5767
33,,1.6315059661865234,,1.6315059661865234,5768
33,,1.434617519378662,,1.434617519378662,5769
33,,1.4881099462509155,,1.4881099462509155,5770
33,,1.6804354190826416,,1.6804354190826416,5771
33,,1.5461163520812988,,1.5461163520812988,5772
33,,1.584355115890503,,1.584355115890503,5773
33,,1.3762767314910889,,1.3762767314910889,5774
33,,1.4014391899108887,,1.4014391899108887,5775
33,,1.7130937576293945,,1.7130937576293945,5776
33,,1.7989559173583984,,1.7989559173583984,5777
33,,1.787567377090454,,1.787567377090454,5778
33,,1.3467371463775635,,1.3467371463775635,5779
33,1.6437397003173828,,1.6437397003173828,,5779
34,,1.8843915462493896,,1.8843915462493896,5780
34,,1.6832380294799805,,1.6832380294799805,5781
34,,1.801832914352417,,1.801832914352417,5782
34,,1.4779446125030518,,1.4779446125030518,5783
34,,1.7397469282150269,,1.7397469282150269,5784
34,,1.679813265800476,,1.679813265800476,5785
34,,1.7737478017807007,,1.7737478017807007,5786
34,,1.5824534893035889,,1.5824534893035889,5787
34,,1.6310018301010132,,1.6310018301010132,5788
34,,1.4487841129302979,,1.4487841129302979,5789
34,,1.6132704019546509,,1.6132704019546509,5790
34,,1.7106119394302368,,1.7106119394302368,5791
34,,1.8356242179870605,,1.8356242179870605,5792
34,,1.6723110675811768,,1.6723110675811768,5793
34,,1.6630501747131348,,1.6630501747131348,5794
34,,1.584877610206604,,1.584877610206604,5795
34,,1.7427470684051514,,1.7427470684051514,5796
34,,1.5640513896942139,,1.5640513896942139,5797
34,,1.5016379356384277,,1.5016379356384277,5798
34,,1.598523497581482,,1.598523497581482,5799
34,,1.633411169052124,,1.633411169052124,5800
34,,1.8875415325164795,,1.8875415325164795,5801
34,,1.6691608428955078,,1.6691608428955078,5802
34,,1.43602454662323,,1.43602454662323,5803
34,,1.7594690322875977,,1.7594690322875977,5804
34,,1.8931118249893188,,1.8931118249893188,5805
34,,1.4909919500350952,,1.4909919500350952,5806
34,,1.5716344118118286,,1.5716344118118286,5807
34,,1.6959242820739746,,1.6959242820739746,5808
34,,1.613756775856018,,1.613756775856018,5809
34,,1.6920620203018188,,1.6920620203018188,5810
34,,1.8138370513916016,,1.8138370513916016,5811
34,,1.709381103515625,,1.709381103515625,5812
34,,1.4740873575210571,,1.4740873575210571,5813
34,,1.860603928565979,,1.860603928565979,5814
34,,1.6444575786590576,,1.6444575786590576,5815
34,,1.6737912893295288,,1.6737912893295288,5816
34,,1.6744641065597534,,1.6744641065597534,5817
34,,1.5391446352005005,,1.5391446352005005,5818
34,,1.595302700996399,,1.595302700996399,5819
34,,1.543847680091858,,1.543847680091858,5820
34,,1.5519572496414185,,1.5519572496414185,5821
34,,1.8539865016937256,,1.8539865016937256,5822
34,,1.8912822008132935,,1.8912822008132935,5823
34,,1.4901286363601685,,1.4901286363601685,5824
34,,1.5908418893814087,,1.5908418893814087,5825
34,,1.6234155893325806,,1.6234155893325806,5826
34,,1.5601253509521484,,1.5601253509521484,5827
34,,1.4435440301895142,,1.4435440301895142,5828
34,,1.510797142982483,,1.510797142982483,5829
34,,1.807808518409729,,1.807808518409729,5830
34,,1.7778465747833252,,1.7778465747833252,5831
34,,1.6343722343444824,,1.6343722343444824,5832
34,,1.6897375583648682,,1.6897375583648682,5833
34,,1.7564765214920044,,1.7564765214920044,5834
34,,1.625773310661316,,1.625773310661316,5835
34,,1.7437435388565063,,1.7437435388565063,5836
34,,1.5991744995117188,,1.5991744995117188,5837
34,,1.688472032546997,,1.688472032546997,5838
34,,1.7997523546218872,,1.7997523546218872,5839
34,,1.6026420593261719,,1.6026420593261719,5840
34,,1.5135153532028198,,1.5135153532028198,5841
34,,1.6815567016601562,,1.6815567016601562,5842
34,,1.737052083015442,,1.737052083015442,5843
34,,1.897797703742981,,1.897797703742981,5844
34,,1.5085707902908325,,1.5085707902908325,5845
34,,1.7689708471298218,,1.7689708471298218,5846
34,,1.6971447467803955,,1.6971447467803955,5847
34,,1.6018562316894531,,1.6018562316894531,5848
34,,1.8167880773544312,,1.8167880773544312,5849
34,,1.8617048263549805,,1.8617048263549805,5850
34,,1.417865514755249,,1.417865514755249,5851
34,,1.787566065788269,,1.787566065788269,5852
34,,1.9068454504013062,,1.9068454504013062,5853
34,,1.515383243560791,,1.515383243560791,5854
34,,1.389489769935608,,1.389489769935608,5855
34,,1.754248857498169,,1.754248857498169,5856
34,,1.8683542013168335,,1.8683542013168335,5857
34,,1.8337770700454712,,1.8337770700454712,5858
34,,1.6999282836914062,,1.6999282836914062,5859
34,,1.6344786882400513,,1.6344786882400513,5860
34,,1.7431046962738037,,1.7431046962738037,5861
34,,1.5168813467025757,,1.5168813467025757,5862
34,,1.632299780845642,,1.632299780845642,5863
34,,1.5120924711227417,,1.5120924711227417,5864
34,,1.793464183807373,,1.793464183807373,5865
34,,1.78662109375,,1.78662109375,5866
34,,1.492295265197754,,1.492295265197754,5867
34,,1.6721469163894653,,1.6721469163894653,5868
34,,1.6852028369903564,,1.6852028369903564,5869
34,,1.5603021383285522,,1.5603021383285522,5870
34,,1.695042610168457,,1.695042610168457,5871
34,,1.5896761417388916,,1.5896761417388916,5872
34,,1.7624180316925049,,1.7624180316925049,5873
34,,1.591019630432129,,1.591019630432129,5874
34,,1.7977726459503174,,1.7977726459503174,5875
34,,1.8004143238067627,,1.8004143238067627,5876
34,,1.564615249633789,,1.564615249633789,5877
34,,1.829719066619873,,1.829719066619873,5878
34,,1.7270137071609497,,1.7270137071609497,5879
34,,1.6650444269180298,,1.6650444269180298,5880
34,,1.3185184001922607,,1.3185184001922607,5881
34,,1.7838103771209717,,1.7838103771209717,5882
34,,1.728763222694397,,1.728763222694397,5883
34,,1.4586597681045532,,1.4586597681045532,5884
34,,1.3523938655853271,,1.3523938655853271,5885
34,,1.739311933517456,,1.739311933517456,5886
34,,1.7740967273712158,,1.7740967273712158,5887
34,,1.609914779663086,,1.609914779663086,5888
34,,1.7821547985076904,,1.7821547985076904,5889
34,,1.7220914363861084,,1.7220914363861084,5890
34,,1.5801934003829956,,1.5801934003829956,5891
34,,1.7025998830795288,,1.7025998830795288,5892
34,,1.57855224609375,,1.57855224609375,5893
34,,1.6759237051010132,,1.6759237051010132,5894
34,,1.7102841138839722,,1.7102841138839722,5895
34,,1.5080047845840454,,1.5080047845840454,5896
34,,1.2395638227462769,,1.2395638227462769,5897
34,,1.6979739665985107,,1.6979739665985107,5898
34,,1.6613185405731201,,1.6613185405731201,5899
34,,1.7210733890533447,,1.7210733890533447,5900
34,,1.7240179777145386,,1.7240179777145386,5901
34,,1.622999668121338,,1.622999668121338,5902
34,,1.5879473686218262,,1.5879473686218262,5903
34,,1.6697536706924438,,1.6697536706924438,5904
34,,1.5226998329162598,,1.5226998329162598,5905
34,,1.7953102588653564,,1.7953102588653564,5906
34,,1.561805248260498,,1.561805248260498,5907
34,,1.6637386083602905,,1.6637386083602905,5908
34,,1.5154616832733154,,1.5154616832733154,5909
34,,1.6501632928848267,,1.6501632928848267,5910
34,,1.6676698923110962,,1.6676698923110962,5911
34,,1.9245922565460205,,1.9245922565460205,5912
34,,1.55078125,,1.55078125,5913
34,,1.6748582124710083,,1.6748582124710083,5914
34,,1.6268361806869507,,1.6268361806869507,5915
34,,1.5580812692642212,,1.5580812692642212,5916
34,,1.5781784057617188,,1.5781784057617188,5917
34,,1.6715216636657715,,1.6715216636657715,5918
34,,1.6444252729415894,,1.6444252729415894,5919
34,,1.5326430797576904,,1.5326430797576904,5920
34,,1.6573197841644287,,1.6573197841644287,5921
34,,1.7660733461380005,,1.7660733461380005,5922
34,,1.733879566192627,,1.733879566192627,5923
34,,1.7171599864959717,,1.7171599864959717,5924
34,,1.647878885269165,,1.647878885269165,5925
34,,1.5706828832626343,,1.5706828832626343,5926
34,,1.7430866956710815,,1.7430866956710815,5927
34,,1.5337101221084595,,1.5337101221084595,5928
34,,1.5476632118225098,,1.5476632118225098,5929
34,,1.7599365711212158,,1.7599365711212158,5930
34,,1.5912495851516724,,1.5912495851516724,5931
34,,1.6531625986099243,,1.6531625986099243,5932
34,,1.7037224769592285,,1.7037224769592285,5933
34,,1.4877214431762695,,1.4877214431762695,5934
34,,1.5725394487380981,,1.5725394487380981,5935
34,,1.5631093978881836,,1.5631093978881836,5936
34,,1.749069333076477,,1.749069333076477,5937
34,,1.7461117506027222,,1.7461117506027222,5938
34,,1.6072043180465698,,1.6072043180465698,5939
34,,1.784408688545227,,1.784408688545227,5940
34,,1.892707347869873,,1.892707347869873,5941
34,,1.617141604423523,,1.617141604423523,5942
34,,1.8142926692962646,,1.8142926692962646,5943
34,,1.7599917650222778,,1.7599917650222778,5944
34,,1.6828255653381348,,1.6828255653381348,5945
34,,1.6811726093292236,,1.6811726093292236,5946
34,,1.4510271549224854,,1.4510271549224854,5947
34,,1.7840163707733154,,1.7840163707733154,5948
34,,1.7589812278747559,,1.7589812278747559,5949
34,1.6601072549819946,,1.6601072549819946,,5949
35,,1.5886766910552979,,1.5886766910552979,5950
35,,1.5987555980682373,,1.5987555980682373,5951
35,,1.6051361560821533,,1.6051361560821533,5952
35,,1.61321222782135,,1.61321222782135,5953
35,,1.3556987047195435,,1.3556987047195435,5954
35,,1.7345499992370605,,1.7345499992370605,5955
35,,1.6952747106552124,,1.6952747106552124,5956
35,,1.618399977684021,,1.618399977684021,5957
35,,1.547213077545166,,1.547213077545166,5958
35,,1.671331763267517,,1.671331763267517,5959
35,,1.6187074184417725,,1.6187074184417725,5960
35,,1.6098191738128662,,1.6098191738128662,5961
35,,1.5110986232757568,,1.5110986232757568,5962
35,,1.6230827569961548,,1.6230827569961548,5963
35,,1.800484538078308,,1.800484538078308,5964
35,,1.4866011142730713,,1.4866011142730713,5965
35,,1.7790522575378418,,1.7790522575378418,5966
35,,1.3343833684921265,,1.3343833684921265,5967
35,,1.5756152868270874,,1.5756152868270874,5968
35,,1.7857842445373535,,1.7857842445373535,5969
35,,1.78489089012146,,1.78489089012146,5970
35,,1.7680957317352295,,1.7680957317352295,5971
35,,1.7823841571807861,,1.7823841571807861,5972
35,,1.6175440549850464,,1.6175440549850464,5973
35,,1.6380311250686646,,1.6380311250686646,5974
35,,1.3871763944625854,,1.3871763944625854,5975
35,,1.685809850692749,,1.685809850692749,5976
35,,1.736538052558899,,1.736538052558899,5977
35,,1.7077654600143433,,1.7077654600143433,5978
35,,1.6712162494659424,,1.6712162494659424,5979
35,,1.8796215057373047,,1.8796215057373047,5980
35,,1.7480137348175049,,1.7480137348175049,5981
35,,1.831483006477356,,1.831483006477356,5982
35,,1.522749662399292,,1.522749662399292,5983
35,,1.700410008430481,,1.700410008430481,5984
35,,1.6418163776397705,,1.6418163776397705,5985
35,,1.4625849723815918,,1.4625849723815918,5986
35,,1.8627252578735352,,1.8627252578735352,5987
35,,1.4145586490631104,,1.4145586490631104,5988
35,,1.8168069124221802,,1.8168069124221802,5989
35,,1.5920863151550293,,1.5920863151550293,5990
35,,1.5317444801330566,,1.5317444801330566,5991
35,,1.5879052877426147,,1.5879052877426147,5992
35,,1.5840380191802979,,1.5840380191802979,5993
35,,1.686327338218689,,1.686327338218689,5994
35,,1.7272956371307373,,1.7272956371307373,5995
35,,1.7497451305389404,,1.7497451305389404,5996
35,,1.7225881814956665,,1.7225881814956665,5997
35,,1.8447238206863403,,1.8447238206863403,5998
35,,1.6103689670562744,,1.6103689670562744,5999
35,,1.701928734779358,,1.701928734779358,6000
35,,1.7200230360031128,,1.7200230360031128,6001
35,,1.6996835470199585,,1.6996835470199585,6002
35,,1.774660348892212,,1.774660348892212,6003
35,,1.5816036462783813,,1.5816036462783813,6004
35,,1.586716651916504,,1.586716651916504,6005
35,,1.8051791191101074,,1.8051791191101074,6006
35,,1.7508600950241089,,1.7508600950241089,6007
35,,1.4552637338638306,,1.4552637338638306,6008
35,,1.424043893814087,,1.424043893814087,6009
35,,1.9382247924804688,,1.9382247924804688,6010
35,,1.5468029975891113,,1.5468029975891113,6011
35,,1.7391761541366577,,1.7391761541366577,6012
35,,1.8177378177642822,,1.8177378177642822,6013
35,,1.6236259937286377,,1.6236259937286377,6014
35,,1.6472258567810059,,1.6472258567810059,6015
35,,1.772233247756958,,1.772233247756958,6016
35,,2.0239574909210205,,2.0239574909210205,6017
35,,1.6686111688613892,,1.6686111688613892,6018
35,,1.606082558631897,,1.606082558631897,6019
35,,1.5691587924957275,,1.5691587924957275,6020
35,,1.7541290521621704,,1.7541290521621704,6021
35,,1.6666393280029297,,1.6666393280029297,6022
35,,1.4673161506652832,,1.4673161506652832,6023
35,,1.6516603231430054,,1.6516603231430054,6024
35,,1.6741305589675903,,1.6741305589675903,6025
35,,1.6643961668014526,,1.6643961668014526,6026
35,,1.7454743385314941,,1.7454743385314941,6027
35,,1.566365122795105,,1.566365122795105,6028
35,,1.8477884531021118,,1.8477884531021118,6029
35,,1.551970362663269,,1.551970362663269,6030
35,,1.5671806335449219,,1.5671806335449219,6031
35,,1.6698994636535645,,1.6698994636535645,6032
35,,1.727190613746643,,1.727190613746643,6033
35,,1.7835001945495605,,1.7835001945495605,6034
35,,1.5522149801254272,,1.5522149801254272,6035
35,,1.7035967111587524,,1.7035967111587524,6036
35,,1.756656289100647,,1.756656289100647,6037
35,,1.8533520698547363,,1.8533520698547363,6038
35,,1.8757007122039795,,1.8757007122039795,6039
35,,1.6543110609054565,,1.6543110609054565,6040
35,,1.6856322288513184,,1.6856322288513184,6041
35,,1.6034090518951416,,1.6034090518951416,6042
35,,1.497234582901001,,1.497234582901001,6043
35,,1.646335482597351,,1.646335482597351,6044
35,,1.6082987785339355,,1.6082987785339355,6045
35,,1.5205774307250977,,1.5205774307250977,6046
35,,1.7764923572540283,,1.7764923572540283,6047
35,,1.9664400815963745,,1.9664400815963745,6048
35,,1.6135765314102173,,1.6135765314102173,6049
35,,1.7864155769348145,,1.7864155769348145,6050
35,,1.3626283407211304,,1.3626283407211304,6051
35,,1.7114653587341309,,1.7114653587341309,6052
35,,1.7269946336746216,,1.7269946336746216,6053
35,,1.7186108827590942,,1.7186108827590942,6054
35,,1.6567283868789673,,1.6567283868789673,6055
35,,1.5972590446472168,,1.5972590446472168,6056
35,,1.4084224700927734,,1.4084224700927734,6057
35,,1.7971593141555786,,1.7971593141555786,6058
35,,1.5193365812301636,,1.5193365812301636,6059
35,,1.9205762147903442,,1.9205762147903442,6060
35,,1.682590126991272,,1.682590126991272,6061
35,,1.7552177906036377,,1.7552177906036377,6062
35,,1.61283278465271,,1.61283278465271,6063
35,,1.7801753282546997,,1.7801753282546997,6064
35,,1.7153469324111938,,1.7153469324111938,6065
35,,1.6067726612091064,,1.6067726612091064,6066
35,,1.7585209608078003,,1.7585209608078003,6067
35,,1.6635921001434326,,1.6635921001434326,6068
35,,1.4232056140899658,,1.4232056140899658,6069
35,,1.8505113124847412,,1.8505113124847412,6070
35,,1.7935421466827393,,1.7935421466827393,6071
35,,1.5995254516601562,,1.5995254516601562,6072
35,,1.8316365480422974,,1.8316365480422974,6073
35,,1.5676779747009277,,1.5676779747009277,6074
35,,1.5873976945877075,,1.5873976945877075,6075
35,,1.6405117511749268,,1.6405117511749268,6076
35,,1.8546950817108154,,1.8546950817108154,6077
35,,1.6348140239715576,,1.6348140239715576,6078
35,,1.5985779762268066,,1.5985779762268066,6079
35,,1.6398056745529175,,1.6398056745529175,6080
35,,1.8243582248687744,,1.8243582248687744,6081
35,,1.9031829833984375,,1.9031829833984375,6082
35,,1.563751220703125,,1.563751220703125,6083
35,,1.5506912469863892,,1.5506912469863892,6084
35,,1.7462048530578613,,1.7462048530578613,6085
35,,1.618696689605713,,1.618696689605713,6086
35,,1.6071585416793823,,1.6071585416793823,6087
35,,1.6401413679122925,,1.6401413679122925,6088
35,,1.5385667085647583,,1.5385667085647583,6089
35,,1.42713463306427,,1.42713463306427,6090
35,,1.681640625,,1.681640625,6091
35,,1.661112904548645,,1.661112904548645,6092
35,,1.7954827547073364,,1.7954827547073364,6093
35,,1.5270657539367676,,1.5270657539367676,6094
35,,1.6938420534133911,,1.6938420534133911,6095
35,,1.827430248260498,,1.827430248260498,6096
35,,1.7557663917541504,,1.7557663917541504,6097
35,,1.6027179956436157,,1.6027179956436157,6098
35,,1.341529130935669,,1.341529130935669,6099
35,,1.6535614728927612,,1.6535614728927612,6100
35,,1.4115055799484253,,1.4115055799484253,6101
35,,1.6223410367965698,,1.6223410367965698,6102
35,,1.7311105728149414,,1.7311105728149414,6103
35,,1.5041818618774414,,1.5041818618774414,6104
35,,1.7575442790985107,,1.7575442790985107,6105
35,,1.8011327981948853,,1.8011327981948853,6106
35,,1.5655641555786133,,1.5655641555786133,6107
35,,1.7108181715011597,,1.7108181715011597,6108
35,,1.574924349784851,,1.574924349784851,6109
35,,1.88959801197052,,1.88959801197052,6110
35,,1.7134437561035156,,1.7134437561035156,6111
35,,1.6072235107421875,,1.6072235107421875,6112
35,,1.6909300088882446,,1.6909300088882446,6113
35,,1.4670873880386353,,1.4670873880386353,6114
35,,1.6902679204940796,,1.6902679204940796,6115
35,,1.5318129062652588,,1.5318129062652588,6116
35,,1.6293137073516846,,1.6293137073516846,6117
35,,1.7996673583984375,,1.7996673583984375,6118
35,,1.3255354166030884,,1.3255354166030884,6119
35,1.662065029144287,,1.662065029144287,,6119
36,,1.7840043306350708,,1.7840043306350708,6120
36,,1.5901037454605103,,1.5901037454605103,6121
36,,1.7766590118408203,,1.7766590118408203,6122
36,,1.7285517454147339,,1.7285517454147339,6123
36,,1.717126727104187,,1.717126727104187,6124
36,,1.663360357284546,,1.663360357284546,6125
36,,1.8180242776870728,,1.8180242776870728,6126
36,,1.7870911359786987,,1.7870911359786987,6127
36,,1.8988828659057617,,1.8988828659057617,6128
36,,1.6329572200775146,,1.6329572200775146,6129
36,,1.8447210788726807,,1.8447210788726807,6130
36,,1.678016185760498,,1.678016185760498,6131
36,,1.6164698600769043,,1.6164698600769043,6132
36,,1.6451619863510132,,1.6451619863510132,6133
36,,1.7622606754302979,,1.7622606754302979,6134
36,,1.7932443618774414,,1.7932443618774414,6135
36,,1.738295555114746,,1.738295555114746,6136
36,,1.6382113695144653,,1.6382113695144653,6137
36,,1.8217453956604004,,1.8217453956604004,6138
36,,1.5740963220596313,,1.5740963220596313,6139
36,,1.6064167022705078,,1.6064167022705078,6140
36,,1.4134340286254883,,1.4134340286254883,6141
36,,1.710318922996521,,1.710318922996521,6142
36,,1.6512881517410278,,1.6512881517410278,6143
36,,1.5964871644973755,,1.5964871644973755,6144
36,,1.4493069648742676,,1.4493069648742676,6145
36,,1.6975975036621094,,1.6975975036621094,6146
36,,1.5235810279846191,,1.5235810279846191,6147
36,,1.581727147102356,,1.581727147102356,6148
36,,1.6462408304214478,,1.6462408304214478,6149
36,,1.8505278825759888,,1.8505278825759888,6150
36,,1.6313862800598145,,1.6313862800598145,6151
36,,1.5312457084655762,,1.5312457084655762,6152
36,,1.40106999874115,,1.40106999874115,6153
36,,1.692016839981079,,1.692016839981079,6154
36,,1.6190820932388306,,1.6190820932388306,6155
36,,1.7057151794433594,,1.7057151794433594,6156
36,,1.635699987411499,,1.635699987411499,6157
36,,1.4824535846710205,,1.4824535846710205,6158
36,,1.9798060655593872,,1.9798060655593872,6159
36,,1.5382792949676514,,1.5382792949676514,6160
36,,1.6327152252197266,,1.6327152252197266,6161
36,,1.7286536693572998,,1.7286536693572998,6162
36,,1.6688899993896484,,1.6688899993896484,6163
36,,1.7030788660049438,,1.7030788660049438,6164
36,,1.7729226350784302,,1.7729226350784302,6165
36,,1.5158933401107788,,1.5158933401107788,6166
36,,1.855717658996582,,1.855717658996582,6167
36,,1.6713340282440186,,1.6713340282440186,6168
36,,1.6733356714248657,,1.6733356714248657,6169
36,,1.820227026939392,,1.820227026939392,6170
36,,1.5645071268081665,,1.5645071268081665,6171
36,,1.622180700302124,,1.622180700302124,6172
36,,1.5979019403457642,,1.5979019403457642,6173
36,,1.693297266960144,,1.693297266960144,6174
36,,1.6844731569290161,,1.6844731569290161,6175
36,,1.7790638208389282,,1.7790638208389282,6176
36,,1.6511707305908203,,1.6511707305908203,6177
36,,1.7322593927383423,,1.7322593927383423,6178
36,,1.4298855066299438,,1.4298855066299438,6179
36,,1.5243494510650635,,1.5243494510650635,6180
36,,1.6041676998138428,,1.6041676998138428,6181
36,,1.6647199392318726,,1.6647199392318726,6182
36,,1.5598680973052979,,1.5598680973052979,6183
36,,1.694016933441162,,1.694016933441162,6184
36,,1.5213510990142822,,1.5213510990142822,6185
36,,1.5998741388320923,,1.5998741388320923,6186
36,,1.6488018035888672,,1.6488018035888672,6187
36,,1.5184640884399414,,1.5184640884399414,6188
36,,1.4364947080612183,,1.4364947080612183,6189
36,,1.605873942375183,,1.605873942375183,6190
36,,1.5119684934616089,,1.5119684934616089,6191
36,,1.3158077001571655,,1.3158077001571655,6192
36,,1.30172598361969,,1.30172598361969,6193
36,,1.6251888275146484,,1.6251888275146484,6194
36,,1.5785739421844482,,1.5785739421844482,6195
36,,1.6202378273010254,,1.6202378273010254,6196
36,,1.549841284751892,,1.549841284751892,6197
36,,1.5453428030014038,,1.5453428030014038,6198
36,,1.6806000471115112,,1.6806000471115112,6199
36,,1.4609248638153076,,1.4609248638153076,6200
36,,1.7628079652786255,,1.7628079652786255,6201
36,,1.2347804307937622,,1.2347804307937622,6202
36,,1.5373525619506836,,1.5373525619506836,6203
36,,1.4379013776779175,,1.4379013776779175,6204
36,,1.7141278982162476,,1.7141278982162476,6205
36,,1.7121485471725464,,1.7121485471725464,6206
36,,1.6581848859786987,,1.6581848859786987,6207
36,,1.5714446306228638,,1.5714446306228638,6208
36,,1.556946039199829,,1.556946039199829,6209
36,,1.7087074518203735,,1.7087074518203735,6210
36,,1.7124367952346802,,1.7124367952346802,6211
36,,1.606162190437317,,1.606162190437317,6212
36,,1.6693278551101685,,1.6693278551101685,6213
36,,1.8715251684188843,,1.8715251684188843,6214
36,,2.041721820831299,,2.041721820831299,6215
36,,1.6380831003189087,,1.6380831003189087,6216
36,,1.3541589975357056,,1.3541589975357056,6217
36,,1.6240547895431519,,1.6240547895431519,6218
36,,1.7280861139297485,,1.7280861139297485,6219
36,,1.6765271425247192,,1.6765271425247192,6220
36,,1.4383753538131714,,1.4383753538131714,6221
36,,1.703526258468628,,1.703526258468628,6222
36,,1.579343557357788,,1.579343557357788,6223
36,,1.8606834411621094,,1.8606834411621094,6224
36,,1.7907524108886719,,1.7907524108886719,6225
36,,1.6749601364135742,,1.6749601364135742,6226
36,,1.594294548034668,,1.594294548034668,6227
36,,1.6407526731491089,,1.6407526731491089,6228
36,,1.451969861984253,,1.451969861984253,6229
36,,1.5152463912963867,,1.5152463912963867,6230
36,,1.561651349067688,,1.561651349067688,6231
36,,1.3988157510757446,,1.3988157510757446,6232
36,,1.7131911516189575,,1.7131911516189575,6233
36,,1.6216408014297485,,1.6216408014297485,6234
36,,1.5082902908325195,,1.5082902908325195,6235
36,,1.5885844230651855,,1.5885844230651855,6236
36,,1.4501984119415283,,1.4501984119415283,6237
36,,1.546207070350647,,1.546207070350647,6238
36,,1.8680428266525269,,1.8680428266525269,6239
36,,1.7299479246139526,,1.7299479246139526,6240
36,,1.6431117057800293,,1.6431117057800293,6241
36,,1.843073844909668,,1.843073844909668,6242
36,,1.7259284257888794,,1.7259284257888794,6243
36,,1.9449360370635986,,1.9449360370635986,6244
36,,1.4899423122406006,,1.4899423122406006,6245
36,,1.425121545791626,,1.425121545791626,6246
36,,1.8358207941055298,,1.8358207941055298,6247
36,,1.6123499870300293,,1.6123499870300293,6248
36,,1.5310609340667725,,1.5310609340667725,6249
36,,1.6366550922393799,,1.6366550922393799,6250
36,,1.6205965280532837,,1.6205965280532837,6251
36,,1.733738899230957,,1.733738899230957,6252
36,,1.5020115375518799,,1.5020115375518799,6253
36,,1.7398704290390015,,1.7398704290390015,6254
36,,1.9463046789169312,,1.9463046789169312,6255
36,,1.7006384134292603,,1.7006384134292603,6256
36,,1.731555700302124,,1.731555700302124,6257
36,,1.6454583406448364,,1.6454583406448364,6258
36,,1.682991623878479,,1.682991623878479,6259
36,,1.6281001567840576,,1.6281001567840576,6260
36,,1.8716188669204712,,1.8716188669204712,6261
36,,1.7316486835479736,,1.7316486835479736,6262
36,,1.6260915994644165,,1.6260915994644165,6263
36,,1.847541332244873,,1.847541332244873,6264
36,,1.7721567153930664,,1.7721567153930664,6265
36,,1.565407395362854,,1.565407395362854,6266
36,,1.7110648155212402,,1.7110648155212402,6267
36,,2.049365282058716,,2.049365282058716,6268
36,,1.6892457008361816,,1.6892457008361816,6269
36,,1.6113760471343994,,1.6113760471343994,6270
36,,1.8099836111068726,,1.8099836111068726,6271
36,,1.8576650619506836,,1.8576650619506836,6272
36,,1.5487419366836548,,1.5487419366836548,6273
36,,1.534926414489746,,1.534926414489746,6274
36,,1.5224937200546265,,1.5224937200546265,6275
36,,1.5789947509765625,,1.5789947509765625,6276
36,,1.3506773710250854,,1.3506773710250854,6277
36,,1.712563395500183,,1.712563395500183,6278
36,,1.8338370323181152,,1.8338370323181152,6279
36,,1.6289465427398682,,1.6289465427398682,6280
36,,1.4435430765151978,,1.4435430765151978,6281
36,,1.7797465324401855,,1.7797465324401855,6282
36,,1.5290842056274414,,1.5290842056274414,6283
36,,1.5773259401321411,,1.5773259401321411,6284
36,,1.7204744815826416,,1.7204744815826416,6285
36,,1.517392635345459,,1.517392635345459,6286
36,,1.6976451873779297,,1.6976451873779297,6287
36,,1.4069961309432983,,1.4069961309432983,6288
36,,1.558807373046875,,1.558807373046875,6289
36,1.6448804140090942,,1.6448804140090942,,6289
37,,1.7818135023117065,,1.7818135023117065,6290
37,,1.6733359098434448,,1.6733359098434448,6291
37,,1.7631653547286987,,1.7631653547286987,6292
37,,1.5623680353164673,,1.5623680353164673,6293
37,,1.466856598854065,,1.466856598854065,6294
37,,1.7613270282745361,,1.7613270282745361,6295
37,,1.4360837936401367,,1.4360837936401367,6296
37,,1.8218051195144653,,1.8218051195144653,6297
37,,1.4572073221206665,,1.4572073221206665,6298
37,,1.681768536567688,,1.681768536567688,6299
37,,1.7316066026687622,,1.7316066026687622,6300
37,,1.6891077756881714,,1.6891077756881714,6301
37,,1.9141900539398193,,1.9141900539398193,6302
37,,1.6684160232543945,,1.6684160232543945,6303
37,,1.5563236474990845,,1.5563236474990845,6304
37,,1.696375846862793,,1.696375846862793,6305
37,,1.4437464475631714,,1.4437464475631714,6306
37,,1.8355437517166138,,1.8355437517166138,6307
37,,1.5530591011047363,,1.5530591011047363,6308
37,,1.5050632953643799,,1.5050632953643799,6309
37,,1.615309476852417,,1.615309476852417,6310
37,,1.4266233444213867,,1.4266233444213867,6311
37,,1.3850167989730835,,1.3850167989730835,6312
37,,1.7097015380859375,,1.7097015380859375,6313
37,,1.5601862668991089,,1.5601862668991089,6314
37,,1.6932299137115479,,1.6932299137115479,6315
37,,1.6812552213668823,,1.6812552213668823,6316
37,,1.4626827239990234,,1.4626827239990234,6317
37,,1.8001399040222168,,1.8001399040222168,6318
37,,1.7853670120239258,,1.7853670120239258,6319
37,,1.503894329071045,,1.503894329071045,6320
37,,1.495340347290039,,1.495340347290039,6321
37,,1.6606149673461914,,1.6606149673461914,6322
37,,1.4791765213012695,,1.4791765213012695,6323
37,,1.7042709589004517,,1.7042709589004517,6324
37,,1.5662662982940674,,1.5662662982940674,6325
37,,1.4834851026535034,,1.4834851026535034,6326
37,,1.6467533111572266,,1.6467533111572266,6327
37,,1.7273662090301514,,1.7273662090301514,6328
37,,1.7880611419677734,,1.7880611419677734,6329
37,,1.3850324153900146,,1.3850324153900146,6330
37,,1.6742347478866577,,1.6742347478866577,6331
37,,1.505976915359497,,1.505976915359497,6332
37,,1.7139739990234375,,1.7139739990234375,6333
37,,1.5649794340133667,,1.5649794340133667,6334
37,,1.4881798028945923,,1.4881798028945923,6335
37,,1.4014828205108643,,1.4014828205108643,6336
37,,1.581221580505371,,1.581221580505371,6337
37,,1.7593038082122803,,1.7593038082122803,6338
37,,1.384515643119812,,1.384515643119812,6339
37,,1.7073943614959717,,1.7073943614959717,6340
37,,1.685687780380249,,1.685687780380249,6341
37,,1.6741156578063965,,1.6741156578063965,6342
37,,1.512377381324768,,1.512377381324768,6343
37,,1.813104510307312,,1.813104510307312,6344
37,,1.6147727966308594,,1.6147727966308594,6345
37,,1.6348401308059692,,1.6348401308059692,6346
37,,1.4762417078018188,,1.4762417078018188,6347
37,,1.8210172653198242,,1.8210172653198242,6348
37,,1.6970853805541992,,1.6970853805541992,6349
37,,1.6926895380020142,,1.6926895380020142,6350
37,,1.720585823059082,,1.720585823059082,6351
37,,1.7291920185089111,,1.7291920185089111,6352
37,,1.7097638845443726,,1.7097638845443726,6353
37,,1.635303258895874,,1.635303258895874,6354
37,,1.5692307949066162,,1.5692307949066162,6355
37,,1.5867847204208374,,1.5867847204208374,6356
37,,1.5242513418197632,,1.5242513418197632,6357
37,,1.4144160747528076,,1.4144160747528076,6358
37,,1.7505358457565308,,1.7505358457565308,6359
37,,1.5671597719192505,,1.5671597719192505,6360
37,,1.7412242889404297,,1.7412242889404297,6361
37,,1.7051467895507812,,1.7051467895507812,6362
37,,1.8781421184539795,,1.8781421184539795,6363
37,,1.539345145225525,,1.539345145225525,6364
37,,1.2923877239227295,,1.2923877239227295,6365
37,,1.9525574445724487,,1.9525574445724487,6366
37,,1.465772032737732,,1.465772032737732,6367
37,,1.5182136297225952,,1.5182136297225952,6368
37,,1.5903645753860474,,1.5903645753860474,6369
37,,1.6709774732589722,,1.6709774732589722,6370
37,,1.5291451215744019,,1.5291451215744019,6371
37,,1.9263056516647339,,1.9263056516647339,6372
37,,1.6108778715133667,,1.6108778715133667,6373
37,,1.4677015542984009,,1.4677015542984009,6374
37,,1.6700688600540161,,1.6700688600540161,6375
37,,1.6056702136993408,,1.6056702136993408,6376
37,,1.3593173027038574,,1.3593173027038574,6377
37,,1.5282762050628662,,1.5282762050628662,6378
37,,1.7305901050567627,,1.7305901050567627,6379
37,,1.7553430795669556,,1.7553430795669556,6380
37,,1.5017037391662598,,1.5017037391662598,6381
37,,1.535172700881958,,1.535172700881958,6382
37,,1.5463505983352661,,1.5463505983352661,6383
37,,1.5397061109542847,,1.5397061109542847,6384
37,,1.6702067852020264,,1.6702067852020264,6385
37,,1.357836127281189,,1.357836127281189,6386
37,,1.703989863395691,,1.703989863395691,6387
37,,1.506323218345642,,1.506323218345642,6388
37,,1.717645287513733,,1.717645287513733,6389
37,,1.6300297975540161,,1.6300297975540161,6390
37,,1.8270447254180908,,1.8270447254180908,6391
37,,1.6040769815444946,,1.6040769815444946,6392
37,,2.041858434677124,,2.041858434677124,6393
37,,1.5960067510604858,,1.5960067510604858,6394
37,,1.4082107543945312,,1.4082107543945312,6395
37,,1.6117366552352905,,1.6117366552352905,6396
37,,1.9812854528427124,,1.9812854528427124,6397
37,,1.6708831787109375,,1.6708831787109375,6398
37,,1.5754494667053223,,1.5754494667053223,6399
37,,1.6565097570419312,,1.6565097570419312,6400
37,,1.3930867910385132,,1.3930867910385132,6401
37,,1.439314603805542,,1.439314603805542,6402
37,,1.984311580657959,,1.984311580657959,6403
37,,1.5140315294265747,,1.5140315294265747,6404
37,,1.8284074068069458,,1.8284074068069458,6405
37,,1.779543399810791,,1.779543399810791,6406
37,,1.7366267442703247,,1.7366267442703247,6407
37,,1.3368605375289917,,1.3368605375289917,6408
37,,1.4647774696350098,,1.4647774696350098,6409
37,,1.7867926359176636,,1.7867926359176636,6410
37,,1.7336125373840332,,1.7336125373840332,6411
37,,1.7274502515792847,,1.7274502515792847,6412
37,,1.941760540008545,,1.941760540008545,6413
37,,1.6691839694976807,,1.6691839694976807,6414
37,,1.5679577589035034,,1.5679577589035034,6415
37,,1.5811941623687744,,1.5811941623687744,6416
37,,1.705591082572937,,1.705591082572937,6417
37,,1.6593623161315918,,1.6593623161315918,6418
37,,1.75283944606781,,1.75283944606781,6419
37,,1.8226650953292847,,1.8226650953292847,6420
37,,1.6172022819519043,,1.6172022819519043,6421
37,,1.500178337097168,,1.500178337097168,6422
37,,1.4887018203735352,,1.4887018203735352,6423
37,,1.5233287811279297,,1.5233287811279297,6424
37,,1.8857264518737793,,1.8857264518737793,6425
37,,1.711464762687683,,1.711464762687683,6426
37,,1.5793331861495972,,1.5793331861495972,6427
37,,1.7984414100646973,,1.7984414100646973,6428
37,,1.4128811359405518,,1.4128811359405518,6429
37,,1.6801984310150146,,1.6801984310150146,6430
37,,1.3048369884490967,,1.3048369884490967,6431
37,,1.5604428052902222,,1.5604428052902222,6432
37,,1.776045799255371,,1.776045799255371,6433
37,,1.7674497365951538,,1.7674497365951538,6434
37,,1.6773947477340698,,1.6773947477340698,6435
37,,1.7429559230804443,,1.7429559230804443,6436
37,,1.4946646690368652,,1.4946646690368652,6437
37,,1.6464147567749023,,1.6464147567749023,6438
37,,1.6749732494354248,,1.6749732494354248,6439
37,,1.400451898574829,,1.400451898574829,6440
37,,1.7460821866989136,,1.7460821866989136,6441
37,,1.6063565015792847,,1.6063565015792847,6442
37,,1.6009516716003418,,1.6009516716003418,6443
37,,1.5271172523498535,,1.5271172523498535,6444
37,,1.6408560276031494,,1.6408560276031494,6445
37,,1.422025203704834,,1.422025203704834,6446
37,,1.7491055727005005,,1.7491055727005005,6447
37,,1.827262043952942,,1.827262043952942,6448
37,,1.7011200189590454,,1.7011200189590454,6449
37,,1.795660138130188,,1.795660138130188,6450
37,,1.507624864578247,,1.507624864578247,6451
37,,1.7015286684036255,,1.7015286684036255,6452
37,,1.6595064401626587,,1.6595064401626587,6453
37,,1.6457927227020264,,1.6457927227020264,6454
37,,1.8410040140151978,,1.8410040140151978,6455
37,,1.4565852880477905,,1.4565852880477905,6456
37,,1.6766718626022339,,1.6766718626022339,6457
37,,1.692551851272583,,1.692551851272583,6458
37,,1.5437085628509521,,1.5437085628509521,6459
37,1.632082462310791,,1.632082462310791,,6459
38,,1.6101245880126953,,1.6101245880126953,6460
38,,1.8508837223052979,,1.8508837223052979,6461
38,,1.751004695892334,,1.751004695892334,6462
38,,1.7366267442703247,,1.7366267442703247,6463
38,,1.5939462184906006,,1.5939462184906006,6464
38,,1.7430684566497803,,1.7430684566497803,6465
38,,1.5922198295593262,,1.5922198295593262,6466
38,,1.6440993547439575,,1.6440993547439575,6467
38,,1.8917348384857178,,1.8917348384857178,6468
38,,1.4994598627090454,,1.4994598627090454,6469
38,,1.7815566062927246,,1.7815566062927246,6470
38,,1.6550965309143066,,1.6550965309143066,6471
38,,1.787787675857544,,1.787787675857544,6472
38,,1.8808386325836182,,1.8808386325836182,6473
38,,1.7330750226974487,,1.7330750226974487,6474
38,,1.4619216918945312,,1.4619216918945312,6475
38,,1.2494680881500244,,1.2494680881500244,6476
38,,1.5971312522888184,,1.5971312522888184,6477
38,,1.7951043844223022,,1.7951043844223022,6478
38,,1.587392807006836,,1.587392807006836,6479
38,,1.2789607048034668,,1.2789607048034668,6480
38,,1.5003015995025635,,1.5003015995025635,6481
38,,1.60836923122406,,1.60836923122406,6482
38,,1.9774714708328247,,1.9774714708328247,6483
38,,1.6206650733947754,,1.6206650733947754,6484
38,,1.6432279348373413,,1.6432279348373413,6485
38,,1.613602876663208,,1.613602876663208,6486
38,,1.622363567352295,,1.622363567352295,6487
38,,1.6384154558181763,,1.6384154558181763,6488
38,,1.472235918045044,,1.472235918045044,6489
38,,1.6426786184310913,,1.6426786184310913,6490
38,,1.6749885082244873,,1.6749885082244873,6491
38,,1.3798922300338745,,1.3798922300338745,6492
38,,1.6879551410675049,,1.6879551410675049,6493
38,,1.7572485208511353,,1.7572485208511353,6494
38,,1.7923532724380493,,1.7923532724380493,6495
38,,1.1792802810668945,,1.1792802810668945,6496
38,,1.651623010635376,,1.651623010635376,6497
38,,1.5392918586730957,,1.5392918586730957,6498
38,,1.6554590463638306,,1.6554590463638306,6499
38,,1.7281510829925537,,1.7281510829925537,6500
38,,1.750800609588623,,1.750800609588623,6501
38,,1.6562747955322266,,1.6562747955322266,6502
38,,1.6786142587661743,,1.6786142587661743,6503
38,,1.637323021888733,,1.637323021888733,6504
38,,1.6971285343170166,,1.6971285343170166,6505
38,,1.4385591745376587,,1.4385591745376587,6506
38,,1.6205265522003174,,1.6205265522003174,6507
38,,1.6106677055358887,,1.6106677055358887,6508
38,,1.5533502101898193,,1.5533502101898193,6509
38,,1.731690764427185,,1.731690764427185,6510
38,,1.7947871685028076,,1.7947871685028076,6511
38,,1.7571641206741333,,1.7571641206741333,6512
38,,1.859707236289978,,1.859707236289978,6513
38,,1.5260416269302368,,1.5260416269302368,6514
38,,1.7147672176361084,,1.7147672176361084,6515
38,,1.6973059177398682,,1.6973059177398682,6516
38,,1.3497833013534546,,1.3497833013534546,6517
38,,1.5447639226913452,,1.5447639226913452,6518
38,,1.864708423614502,,1.864708423614502,6519
38,,1.9960542917251587,,1.9960542917251587,6520
38,,1.5149097442626953,,1.5149097442626953,6521
38,,1.4567687511444092,,1.4567687511444092,6522
38,,1.7483627796173096,,1.7483627796173096,6523
38,,1.424739956855774,,1.424739956855774,6524
38,,1.6070526838302612,,1.6070526838302612,6525
38,,1.6812694072723389,,1.6812694072723389,6526
38,,1.474465012550354,,1.474465012550354,6527
38,,1.5841703414916992,,1.5841703414916992,6528
38,,1.576508641242981,,1.576508641242981,6529
38,,1.5405828952789307,,1.5405828952789307,6530
38,,1.6359058618545532,,1.6359058618545532,6531
38,,1.7819794416427612,,1.7819794416427612,6532
38,,1.6838394403457642,,1.6838394403457642,6533
38,,1.614337682723999,,1.614337682723999,6534
38,,1.4363845586776733,,1.4363845586776733,6535
38,,1.679591178894043,,1.679591178894043,6536
38,,1.5797457695007324,,1.5797457695007324,6537
38,,1.4755430221557617,,1.4755430221557617,6538
38,,1.5623522996902466,,1.5623522996902466,6539
38,,1.6246440410614014,,1.6246440410614014,6540
38,,1.5827540159225464,,1.5827540159225464,6541
38,,1.5007474422454834,,1.5007474422454834,6542
38,,1.6915909051895142,,1.6915909051895142,6543
38,,1.2771157026290894,,1.2771157026290894,6544
38,,1.894760012626648,,1.894760012626648,6545
38,,1.44705069065094,,1.44705069065094,6546
38,,1.3989583253860474,,1.3989583253860474,6547
38,,1.6083827018737793,,1.6083827018737793,6548
38,,1.6132228374481201,,1.6132228374481201,6549
38,,1.4164490699768066,,1.4164490699768066,6550
38,,1.5569957494735718,,1.5569957494735718,6551
38,,1.780385136604309,,1.780385136604309,6552
38,,1.6553947925567627,,1.6553947925567627,6553
38,,1.4083306789398193,,1.4083306789398193,6554
38,,1.6767991781234741,,1.6767991781234741,6555
38,,1.6965209245681763,,1.6965209245681763,6556
38,,1.5070363283157349,,1.5070363283157349,6557
38,,1.6008167266845703,,1.6008167266845703,6558
38,,1.835634469985962,,1.835634469985962,6559
38,,1.6218149662017822,,1.6218149662017822,6560
38,,1.443841576576233,,1.443841576576233,6561
38,,1.3230278491973877,,1.3230278491973877,6562
38,,1.5298874378204346,,1.5298874378204346,6563
38,,1.7765547037124634,,1.7765547037124634,6564
38,,1.657700777053833,,1.657700777053833,6565
38,,1.3976500034332275,,1.3976500034332275,6566
38,,1.4801498651504517,,1.4801498651504517,6567
38,,1.6792939901351929,,1.6792939901351929,6568
38,,1.2736870050430298,,1.2736870050430298,6569
38,,1.4890069961547852,,1.4890069961547852,6570
38,,1.6215895414352417,,1.6215895414352417,6571
38,,1.466586947441101,,1.466586947441101,6572
38,,1.5824661254882812,,1.5824661254882812,6573
38,,1.792429804801941,,1.792429804801941,6574
38,,1.747586965560913,,1.747586965560913,6575
38,,1.6593043804168701,,1.6593043804168701,6576
38,,1.7632240056991577,,1.7632240056991577,6577
38,,1.65077543258667,,1.65077543258667,6578
38,,1.6377036571502686,,1.6377036571502686,6579
38,,1.5315464735031128,,1.5315464735031128,6580
38,,1.9349168539047241,,1.9349168539047241,6581
38,,1.5513769388198853,,1.5513769388198853,6582
38,,1.7671436071395874,,1.7671436071395874,6583
38,,1.4250565767288208,,1.4250565767288208,6584
38,,1.6369034051895142,,1.6369034051895142,6585
38,,1.773892879486084,,1.773892879486084,6586
38,,1.7661153078079224,,1.7661153078079224,6587
38,,1.6817032098770142,,1.6817032098770142,6588
38,,1.3525129556655884,,1.3525129556655884,6589
38,,1.672067403793335,,1.672067403793335,6590
38,,1.658284306526184,,1.658284306526184,6591
38,,1.7725002765655518,,1.7725002765655518,6592
38,,1.771651029586792,,1.771651029586792,6593
38,,1.6596934795379639,,1.6596934795379639,6594
38,,1.5908807516098022,,1.5908807516098022,6595
38,,1.5971163511276245,,1.5971163511276245,6596
38,,1.6658049821853638,,1.6658049821853638,6597
38,,1.6737273931503296,,1.6737273931503296,6598
38,,1.6075224876403809,,1.6075224876403809,6599
38,,1.6060082912445068,,1.6060082912445068,6600
38,,1.7622888088226318,,1.7622888088226318,6601
38,,1.7261083126068115,,1.7261083126068115,6602
38,,1.8016785383224487,,1.8016785383224487,6603
38,,1.8238525390625,,1.8238525390625,6604
38,,1.636430263519287,,1.636430263519287,6605
38,,1.4677703380584717,,1.4677703380584717,6606
38,,1.5761539936065674,,1.5761539936065674,6607
38,,1.8115265369415283,,1.8115265369415283,6608
38,,1.7247051000595093,,1.7247051000595093,6609
38,,1.6787385940551758,,1.6787385940551758,6610
38,,1.9180351495742798,,1.9180351495742798,6611
38,,1.3389629125595093,,1.3389629125595093,6612
38,,1.5829190015792847,,1.5829190015792847,6613
38,,1.5931042432785034,,1.5931042432785034,6614
38,,1.533524990081787,,1.533524990081787,6615
38,,1.4752787351608276,,1.4752787351608276,6616
38,,1.4670754671096802,,1.4670754671096802,6617
38,,1.5885671377182007,,1.5885671377182007,6618
38,,1.4916267395019531,,1.4916267395019531,6619
38,,1.5633043050765991,,1.5633043050765991,6620
38,,1.4485551118850708,,1.4485551118850708,6621
38,,1.5607202053070068,,1.5607202053070068,6622
38,,1.3660818338394165,,1.3660818338394165,6623
38,,1.5084682703018188,,1.5084682703018188,6624
38,,1.4866589307785034,,1.4866589307785034,6625
38,,1.7133433818817139,,1.7133433818817139,6626
38,,1.6608459949493408,,1.6608459949493408,6627
38,,1.7077827453613281,,1.7077827453613281,6628
38,,1.7935295104980469,,1.7935295104980469,6629
38,1.6200534105300903,,1.6200534105300903,,6629
39,,1.6968101263046265,,1.6968101263046265,6630
39,,1.8371490240097046,,1.8371490240097046,6631
39,,1.891301155090332,,1.891301155090332,6632
39,,1.8504359722137451,,1.8504359722137451,6633
39,,1.422283411026001,,1.422283411026001,6634
39,,1.5666595697402954,,1.5666595697402954,6635
39,,1.6401021480560303,,1.6401021480560303,6636
39,,1.7638742923736572,,1.7638742923736572,6637
39,,1.4102258682250977,,1.4102258682250977,6638
39,,1.7240970134735107,,1.7240970134735107,6639
39,,1.4728708267211914,,1.4728708267211914,6640
39,,1.4911770820617676,,1.4911770820617676,6641
39,,1.672609806060791,,1.672609806060791,6642
39,,1.4356365203857422,,1.4356365203857422,6643
39,,1.466796875,,1.466796875,6644
39,,1.7940574884414673,,1.7940574884414673,6645
39,,1.5546263456344604,,1.5546263456344604,6646
39,,1.6075470447540283,,1.6075470447540283,6647
39,,1.4654350280761719,,1.4654350280761719,6648
39,,1.3418793678283691,,1.3418793678283691,6649
39,,1.62233567237854,,1.62233567237854,6650
39,,1.748332142829895,,1.748332142829895,6651
39,,1.5940312147140503,,1.5940312147140503,6652
39,,1.4654924869537354,,1.4654924869537354,6653
39,,1.373213529586792,,1.373213529586792,6654
39,,1.6391762495040894,,1.6391762495040894,6655
39,,1.6239449977874756,,1.6239449977874756,6656
39,,1.6483235359191895,,1.6483235359191895,6657
39,,1.8947620391845703,,1.8947620391845703,6658
39,,1.8498998880386353,,1.8498998880386353,6659
39,,1.6984994411468506,,1.6984994411468506,6660
39,,1.424154281616211,,1.424154281616211,6661
39,,1.5923283100128174,,1.5923283100128174,6662
39,,1.6579926013946533,,1.6579926013946533,6663
39,,1.5737676620483398,,1.5737676620483398,6664
39,,1.4401540756225586,,1.4401540756225586,6665
39,,1.47655189037323,,1.47655189037323,6666
39,,1.5400390625,,1.5400390625,6667
39,,1.4716397523880005,,1.4716397523880005,6668
39,,1.800300121307373,,1.800300121307373,6669
39,,1.5285671949386597,,1.5285671949386597,6670
39,,1.562401294708252,,1.562401294708252,6671
39,,1.3565841913223267,,1.3565841913223267,6672
39,,1.4078880548477173,,1.4078880548477173,6673
39,,1.3238122463226318,,1.3238122463226318,6674
39,,1.8487120866775513,,1.8487120866775513,6675
39,,1.440503716468811,,1.440503716468811,6676
39,,1.8324989080429077,,1.8324989080429077,6677
39,,1.5918197631835938,,1.5918197631835938,6678
39,,1.7463352680206299,,1.7463352680206299,6679
39,,1.5014088153839111,,1.5014088153839111,6680
39,,1.648740530014038,,1.648740530014038,6681
39,,1.6387908458709717,,1.6387908458709717,6682
39,,1.5134433507919312,,1.5134433507919312,6683
39,,1.553029179573059,,1.553029179573059,6684
39,,1.7604166269302368,,1.7604166269302368,6685
39,,1.54571533203125,,1.54571533203125,6686
39,,1.60994291305542,,1.60994291305542,6687
39,,1.792588472366333,,1.792588472366333,6688
39,,1.461263656616211,,1.461263656616211,6689
39,,1.6309516429901123,,1.6309516429901123,6690
39,,1.3540796041488647,,1.3540796041488647,6691
39,,1.507047176361084,,1.507047176361084,6692
39,,1.8883535861968994,,1.8883535861968994,6693
39,,1.5428142547607422,,1.5428142547607422,6694
39,,1.6030687093734741,,1.6030687093734741,6695
39,,1.6796499490737915,,1.6796499490737915,6696
39,,1.715423345565796,,1.715423345565796,6697
39,,1.6170545816421509,,1.6170545816421509,6698
39,,1.508985161781311,,1.508985161781311,6699
39,,1.6425577402114868,,1.6425577402114868,6700
39,,1.699154019355774,,1.699154019355774,6701
39,,1.8178120851516724,,1.8178120851516724,6702
39,,1.5494451522827148,,1.5494451522827148,6703
39,,1.3521182537078857,,1.3521182537078857,6704
39,,1.7619414329528809,,1.7619414329528809,6705
39,,1.2769376039505005,,1.2769376039505005,6706
39,,1.8949096202850342,,1.8949096202850342,6707
39,,1.4187103509902954,,1.4187103509902954,6708
39,,1.65751051902771,,1.65751051902771,6709
39,,1.6737016439437866,,1.6737016439437866,6710
39,,1.9221885204315186,,1.9221885204315186,6711
39,,1.7436292171478271,,1.7436292171478271,6712
39,,1.932654857635498,,1.932654857635498,6713
39,,1.5932594537734985,,1.5932594537734985,6714
39,,1.7812365293502808,,1.7812365293502808,6715
39,,1.5215442180633545,,1.5215442180633545,6716
39,,1.5068048238754272,,1.5068048238754272,6717
39,,1.7395861148834229,,1.7395861148834229,6718
39,,1.726989507675171,,1.726989507675171,6719
39,,1.674026370048523,,1.674026370048523,6720
39,,1.6949187517166138,,1.6949187517166138,6721
39,,1.8548407554626465,,1.8548407554626465,6722
39,,1.4878416061401367,,1.4878416061401367,6723
39,,1.5095889568328857,,1.5095889568328857,6724
39,,1.624178409576416,,1.624178409576416,6725
39,,1.5355753898620605,,1.5355753898620605,6726
39,,1.7085460424423218,,1.7085460424423218,6727
39,,1.669551968574524,,1.669551968574524,6728
39,,1.3080371618270874,,1.3080371618270874,6729
39,,1.5635169744491577,,1.5635169744491577,6730
39,,1.6685841083526611,,1.6685841083526611,6731
39,,1.5183497667312622,,1.5183497667312622,6732
39,,1.7088558673858643,,1.7088558673858643,6733
39,,1.3826298713684082,,1.3826298713684082,6734
39,,1.4431114196777344,,1.4431114196777344,6735
39,,1.657720685005188,,1.657720685005188,6736
39,,1.469679832458496,,1.469679832458496,6737
39,,1.6630282402038574,,1.6630282402038574,6738
39,,1.6969068050384521,,1.6969068050384521,6739
39,,1.7096096277236938,,1.7096096277236938,6740
39,,1.6224119663238525,,1.6224119663238525,6741
39,,1.598536729812622,,1.598536729812622,6742
39,,1.8208163976669312,,1.8208163976669312,6743
39,,1.7210618257522583,,1.7210618257522583,6744
39,,1.4698010683059692,,1.4698010683059692,6745
39,,1.7023340463638306,,1.7023340463638306,6746
39,,1.483210802078247,,1.483210802078247,6747
39,,1.5717387199401855,,1.5717387199401855,6748
39,,1.3753890991210938,,1.3753890991210938,6749
39,,1.8185633420944214,,1.8185633420944214,6750
39,,1.6568496227264404,,1.6568496227264404,6751
39,,1.5787853002548218,,1.5787853002548218,6752
39,,1.842216968536377,,1.842216968536377,6753
39,,1.8938723802566528,,1.8938723802566528,6754
39,,1.715427041053772,,1.715427041053772,6755
39,,1.4545555114746094,,1.4545555114746094,6756
39,,1.5852292776107788,,1.5852292776107788,6757
39,,1.61009681224823,,1.61009681224823,6758
39,,1.5464922189712524,,1.5464922189712524,6759
39,,1.5325301885604858,,1.5325301885604858,6760
39,,1.7833726406097412,,1.7833726406097412,6761
39,,1.5239853858947754,,1.5239853858947754,6762
39,,1.5456047058105469,,1.5456047058105469,6763
39,,1.5941660404205322,,1.5941660404205322,6764
39,,1.602310299873352,,1.602310299873352,6765
39,,1.5949393510818481,,1.5949393510818481,6766
39,,1.7488713264465332,,1.7488713264465332,6767
39,,1.550214171409607,,1.550214171409607,6768
39,,1.7698478698730469,,1.7698478698730469,6769
39,,1.2866942882537842,,1.2866942882537842,6770
39,,1.662628412246704,,1.662628412246704,6771
39,,1.6608691215515137,,1.6608691215515137,6772
39,,1.5238395929336548,,1.5238395929336548,6773
39,,1.5188086032867432,,1.5188086032867432,6774
39,,1.6954776048660278,,1.6954776048660278,6775
39,,1.3908299207687378,,1.3908299207687378,6776
39,,1.5188459157943726,,1.5188459157943726,6777
39,,1.7892544269561768,,1.7892544269561768,6778
39,,1.6952108144760132,,1.6952108144760132,6779
39,,1.59088134765625,,1.59088134765625,6780
39,,1.8816750049591064,,1.8816750049591064,6781
39,,1.5556674003601074,,1.5556674003601074,6782
39,,1.6883742809295654,,1.6883742809295654,6783
39,,1.4505068063735962,,1.4505068063735962,6784
39,,1.8101911544799805,,1.8101911544799805,6785
39,,1.4651515483856201,,1.4651515483856201,6786
39,,1.7681022882461548,,1.7681022882461548,6787
39,,1.5262274742126465,,1.5262274742126465,6788
39,,1.8014354705810547,,1.8014354705810547,6789
39,,1.7129846811294556,,1.7129846811294556,6790
39,,1.4906421899795532,,1.4906421899795532,6791
39,,1.7187446355819702,,1.7187446355819702,6792
39,,1.4828722476959229,,1.4828722476959229,6793
39,,1.8381025791168213,,1.8381025791168213,6794
39,,1.6427503824234009,,1.6427503824234009,6795
39,,1.2725049257278442,,1.2725049257278442,6796
39,,1.429582118988037,,1.429582118988037,6797
39,,1.675723671913147,,1.675723671913147,6798
39,,1.5042105913162231,,1.5042105913162231,6799
39,1.6126115322113037,,1.6126115322113037,,6799
40,,1.4707133769989014,,1.4707133769989014,6800
40,,1.9262657165527344,,1.9262657165527344,6801
40,,1.426892876625061,,1.426892876625061,6802
40,,1.651763677597046,,1.651763677597046,6803
40,,1.8289899826049805,,1.8289899826049805,6804
40,,1.685941457748413,,1.685941457748413,6805
40,,1.6732635498046875,,1.6732635498046875,6806
40,,1.6307768821716309,,1.6307768821716309,6807
40,,1.7041149139404297,,1.7041149139404297,6808
40,,1.3343474864959717,,1.3343474864959717,6809
40,,1.6751519441604614,,1.6751519441604614,6810
40,,1.634859561920166,,1.634859561920166,6811
40,,1.5571565628051758,,1.5571565628051758,6812
40,,1.552642583847046,,1.552642583847046,6813
40,,1.6260005235671997,,1.6260005235671997,6814
40,,1.7324013710021973,,1.7324013710021973,6815
40,,1.6356974840164185,,1.6356974840164185,6816
40,,1.6174854040145874,,1.6174854040145874,6817
40,,1.412378191947937,,1.412378191947937,6818
40,,1.6755485534667969,,1.6755485534667969,6819
40,,1.6882224082946777,,1.6882224082946777,6820
40,,1.6500072479248047,,1.6500072479248047,6821
40,,1.6561107635498047,,1.6561107635498047,6822
40,,1.4781105518341064,,1.4781105518341064,6823
40,,1.6009888648986816,,1.6009888648986816,6824
40,,1.608946442604065,,1.608946442604065,6825
40,,1.5404176712036133,,1.5404176712036133,6826
40,,1.4689648151397705,,1.4689648151397705,6827
40,,1.9631024599075317,,1.9631024599075317,6828
40,,1.872751235961914,,1.872751235961914,6829
40,,1.6261041164398193,,1.6261041164398193,6830
40,,1.6179792881011963,,1.6179792881011963,6831
40,,1.5496456623077393,,1.5496456623077393,6832
40,,1.4998128414154053,,1.4998128414154053,6833
40,,1.54506254196167,,1.54506254196167,6834
40,,1.6392817497253418,,1.6392817497253418,6835
40,,1.515601396560669,,1.515601396560669,6836
40,,1.6323555707931519,,1.6323555707931519,6837
40,,1.5636121034622192,,1.5636121034622192,6838
40,,1.7189792394638062,,1.7189792394638062,6839
40,,1.8135876655578613,,1.8135876655578613,6840
40,,1.7547824382781982,,1.7547824382781982,6841
40,,1.720800757408142,,1.720800757408142,6842
40,,1.6468169689178467,,1.6468169689178467,6843
40,,1.684521198272705,,1.684521198272705,6844
40,,1.4945908784866333,,1.4945908784866333,6845
40,,1.8789438009262085,,1.8789438009262085,6846
40,,1.938654899597168,,1.938654899597168,6847
40,,1.481925129890442,,1.481925129890442,6848
40,,1.5426689386367798,,1.5426689386367798,6849
40,,1.5931278467178345,,1.5931278467178345,6850
40,,1.5050501823425293,,1.5050501823425293,6851
40,,1.9261198043823242,,1.9261198043823242,6852
40,,1.7360442876815796,,1.7360442876815796,6853
40,,1.4203377962112427,,1.4203377962112427,6854
40,,1.649096965789795,,1.649096965789795,6855
40,,1.8894550800323486,,1.8894550800323486,6856
40,,1.563091516494751,,1.563091516494751,6857
40,,1.8229366540908813,,1.8229366540908813,6858
40,,1.4726008176803589,,1.4726008176803589,6859
40,,1.5971559286117554,,1.5971559286117554,6860
40,,1.6692368984222412,,1.6692368984222412,6861
40,,1.6751608848571777,,1.6751608848571777,6862
40,,1.536950945854187,,1.536950945854187,6863
40,,1.6558674573898315,,1.6558674573898315,6864
40,,1.6389776468276978,,1.6389776468276978,6865
40,,1.657259464263916,,1.657259464263916,6866
40,,1.7591215372085571,,1.7591215372085571,6867
40,,1.5517578125,,1.5517578125,6868
40,,1.4438179731369019,,1.4438179731369019,6869
40,,1.6058540344238281,,1.6058540344238281,6870
40,,1.7161809206008911,,1.7161809206008911,6871
40,,1.4548723697662354,,1.4548723697662354,6872
40,,1.6322262287139893,,1.6322262287139893,6873
40,,1.5493428707122803,,1.5493428707122803,6874
40,,1.7040576934814453,,1.7040576934814453,6875
40,,1.7869199514389038,,1.7869199514389038,6876
40,,1.41167151927948,,1.41167151927948,6877
40,,1.6099814176559448,,1.6099814176559448,6878
40,,1.7880792617797852,,1.7880792617797852,6879
40,,1.718632459640503,,1.718632459640503,6880
40,,1.84703528881073,,1.84703528881073,6881
40,,1.4842504262924194,,1.4842504262924194,6882
40,,1.7894303798675537,,1.7894303798675537,6883
40,,1.802552342414856,,1.802552342414856,6884
40,,1.8058336973190308,,1.8058336973190308,6885
40,,1.625170350074768,,1.625170350074768,6886
40,,1.5481082201004028,,1.5481082201004028,6887
40,,1.6326693296432495,,1.6326693296432495,6888
40,,1.5559498071670532,,1.5559498071670532,6889
40,,1.7111573219299316,,1.7111573219299316,6890
40,,1.3209233283996582,,1.3209233283996582,6891
40,,1.6904053688049316,,1.6904053688049316,6892
40,,1.6479884386062622,,1.6479884386062622,6893
40,,1.5570333003997803,,1.5570333003997803,6894
40,,1.3190593719482422,,1.3190593719482422,6895
40,,1.7525970935821533,,1.7525970935821533,6896
40,,1.4026964902877808,,1.4026964902877808,6897
40,,1.5537222623825073,,1.5537222623825073,6898
40,,1.6213399171829224,,1.6213399171829224,6899
40,,1.4917311668395996,,1.4917311668395996,6900
40,,1.557395100593567,,1.557395100593567,6901
40,,1.682603359222412,,1.682603359222412,6902
40,,1.3937737941741943,,1.3937737941741943,6903
40,,1.751009225845337,,1.751009225845337,6904
40,,1.4681289196014404,,1.4681289196014404,6905
40,,1.584729790687561,,1.584729790687561,6906
40,,1.3812581300735474,,1.3812581300735474,6907
40,,1.4580103158950806,,1.4580103158950806,6908
40,,1.5030654668807983,,1.5030654668807983,6909
40,,1.3887593746185303,,1.3887593746185303,6910
40,,1.6794449090957642,,1.6794449090957642,6911
40,,1.6148991584777832,,1.6148991584777832,6912
40,,1.6510827541351318,,1.6510827541351318,6913
40,,1.53838050365448,,1.53838050365448,6914
40,,1.6630291938781738,,1.6630291938781738,6915
40,,1.7305604219436646,,1.7305604219436646,6916
40,,1.8140147924423218,,1.8140147924423218,6917
40,,1.5580990314483643,,1.5580990314483643,6918
40,,1.6782374382019043,,1.6782374382019043,6919
40,,1.5590122938156128,,1.5590122938156128,6920
40,,1.7534434795379639,,1.7534434795379639,6921
40,,1.3942047357559204,,1.3942047357559204,6922
40,,1.4404586553573608,,1.4404586553573608,6923
40,,1.7710685729980469,,1.7710685729980469,6924
40,,1.6165846586227417,,1.6165846586227417,6925
40,,1.731096863746643,,1.731096863746643,6926
40,,1.7666212320327759,,1.7666212320327759,6927
40,,1.549171805381775,,1.549171805381775,6928
40,,1.670294165611267,,1.670294165611267,6929
40,,1.6045949459075928,,1.6045949459075928,6930
40,,1.3976058959960938,,1.3976058959960938,6931
40,,1.6112806797027588,,1.6112806797027588,6932
40,,1.755651831626892,,1.755651831626892,6933
40,,1.4039939641952515,,1.4039939641952515,6934
40,,1.7534189224243164,,1.7534189224243164,6935
40,,1.6312183141708374,,1.6312183141708374,6936
40,,1.7609745264053345,,1.7609745264053345,6937
40,,1.6732430458068848,,1.6732430458068848,6938
40,,1.8327754735946655,,1.8327754735946655,6939
40,,1.8196054697036743,,1.8196054697036743,6940
40,,1.6503416299819946,,1.6503416299819946,6941
40,,1.6611456871032715,,1.6611456871032715,6942
40,,1.5633246898651123,,1.5633246898651123,6943
40,,1.7499386072158813,,1.7499386072158813,6944
40,,1.7364366054534912,,1.7364366054534912,6945
40,,1.804360032081604,,1.804360032081604,6946
40,,1.5031535625457764,,1.5031535625457764,6947
40,,1.618588924407959,,1.618588924407959,6948
40,,1.6272131204605103,,1.6272131204605103,6949
40,,1.5450159311294556,,1.5450159311294556,6950
40,,1.6238999366760254,,1.6238999366760254,6951
40,,1.5831304788589478,,1.5831304788589478,6952
40,,1.772416353225708,,1.772416353225708,6953
40,,1.7198086977005005,,1.7198086977005005,6954
40,,1.4428918361663818,,1.4428918361663818,6955
40,,1.739675760269165,,1.739675760269165,6956
40,,1.5489252805709839,,1.5489252805709839,6957
40,,1.5028972625732422,,1.5028972625732422,6958
40,,1.498386025428772,,1.498386025428772,6959
40,,1.6843012571334839,,1.6843012571334839,6960
40,,1.578519582748413,,1.578519582748413,6961
40,,1.644767165184021,,1.644767165184021,6962
40,,1.5710808038711548,,1.5710808038711548,6963
40,,1.5012705326080322,,1.5012705326080322,6964
40,,1.7760570049285889,,1.7760570049285889,6965
40,,1.4407401084899902,,1.4407401084899902,6966
40,,1.8260165452957153,,1.8260165452957153,6967
40,,1.5546199083328247,,1.5546199083328247,6968
40,,1.6031745672225952,,1.6031745672225952,6969
40,1.6260329484939575,,1.6260329484939575,,6969
41,,1.598188877105713,,1.598188877105713,6970
41,,1.8433934450149536,,1.8433934450149536,6971
41,,1.5684877634048462,,1.5684877634048462,6972
41,,1.663913607597351,,1.663913607597351,6973
41,,1.5628368854522705,,1.5628368854522705,6974
41,,1.5189025402069092,,1.5189025402069092,6975
41,,1.790605068206787,,1.790605068206787,6976
41,,1.75772225856781,,1.75772225856781,6977
41,,1.8213844299316406,,1.8213844299316406,6978
41,,1.4720792770385742,,1.4720792770385742,6979
41,,1.5834836959838867,,1.5834836959838867,6980
41,,1.6559087038040161,,1.6559087038040161,6981
41,,1.6709970235824585,,1.6709970235824585,6982
41,,1.6714733839035034,,1.6714733839035034,6983
41,,1.7911399602890015,,1.7911399602890015,6984
41,,1.8578776121139526,,1.8578776121139526,6985
41,,1.580398440361023,,1.580398440361023,6986
41,,1.7742352485656738,,1.7742352485656738,6987
41,,1.7433825731277466,,1.7433825731277466,6988
41,,1.6638603210449219,,1.6638603210449219,6989
41,,1.3467028141021729,,1.3467028141021729,6990
41,,1.5713053941726685,,1.5713053941726685,6991
41,,1.4832040071487427,,1.4832040071487427,6992
41,,1.512500524520874,,1.512500524520874,6993
41,,1.555932641029358,,1.555932641029358,6994
41,,1.7063156366348267,,1.7063156366348267,6995
41,,1.4580355882644653,,1.4580355882644653,6996
41,,1.492830753326416,,1.492830753326416,6997
41,,1.7562446594238281,,1.7562446594238281,6998
41,,1.7156802415847778,,1.7156802415847778,6999
41,,1.3716790676116943,,1.3716790676116943,7000
41,,1.671968936920166,,1.671968936920166,7001
41,,1.5582786798477173,,1.5582786798477173,7002
41,,1.5808594226837158,,1.5808594226837158,7003
41,,1.5628228187561035,,1.5628228187561035,7004
41,,1.5118494033813477,,1.5118494033813477,7005
41,,1.6233869791030884,,1.6233869791030884,7006
41,,1.6359854936599731,,1.6359854936599731,7007
41,,1.7026026248931885,,1.7026026248931885,7008
41,,1.479712963104248,,1.479712963104248,7009
41,,1.709716796875,,1.709716796875,7010
41,,1.6131017208099365,,1.6131017208099365,7011
41,,1.5765827894210815,,1.5765827894210815,7012
41,,1.5241976976394653,,1.5241976976394653,7013
41,,1.6741667985916138,,1.6741667985916138,7014
41,,1.6658133268356323,,1.6658133268356323,7015
41,,1.7223401069641113,,1.7223401069641113,7016
41,,1.6066468954086304,,1.6066468954086304,7017
41,,1.707602858543396,,1.707602858543396,7018
41,,1.5051515102386475,,1.5051515102386475,7019
41,,1.618134617805481,,1.618134617805481,7020
41,,1.4977751970291138,,1.4977751970291138,7021
41,,1.5492157936096191,,1.5492157936096191,7022
41,,1.7720320224761963,,1.7720320224761963,7023
41,,1.508148193359375,,1.508148193359375,7024
41,,1.4857971668243408,,1.4857971668243408,7025
41,,1.510814905166626,,1.510814905166626,7026
41,,1.4704221487045288,,1.4704221487045288,7027
41,,1.4448437690734863,,1.4448437690734863,7028
41,,1.5503753423690796,,1.5503753423690796,7029
41,,1.5991430282592773,,1.5991430282592773,7030
41,,1.9116864204406738,,1.9116864204406738,7031
41,,1.5824942588806152,,1.5824942588806152,7032
41,,1.7551878690719604,,1.7551878690719604,7033
41,,1.3950532674789429,,1.3950532674789429,7034
41,,1.644309639930725,,1.644309639930725,7035
41,,1.2641706466674805,,1.2641706466674805,7036
41,,1.4273844957351685,,1.4273844957351685,7037
41,,1.7053097486495972,,1.7053097486495972,7038
41,,1.7114851474761963,,1.7114851474761963,7039
41,,1.5524169206619263,,1.5524169206619263,7040
41,,1.772666335105896,,1.772666335105896,7041
41,,1.7608764171600342,,1.7608764171600342,7042
41,,1.727701187133789,,1.727701187133789,7043
41,,1.636441946029663,,1.636441946029663,7044
41,,1.7241438627243042,,1.7241438627243042,7045
41,,1.4975926876068115,,1.4975926876068115,7046
41,,1.4518845081329346,,1.4518845081329346,7047
41,,1.7470866441726685,,1.7470866441726685,7048
41,,1.4099112749099731,,1.4099112749099731,7049
41,,1.529889702796936,,1.529889702796936,7050
41,,1.7599635124206543,,1.7599635124206543,7051
41,,1.7573039531707764,,1.7573039531707764,7052
41,,1.7972010374069214,,1.7972010374069214,7053
41,,1.6618844270706177,,1.6618844270706177,7054
41,,1.8285447359085083,,1.8285447359085083,7055
41,,1.6009290218353271,,1.6009290218353271,7056
41,,1.4759432077407837,,1.4759432077407837,7057
41,,1.6726970672607422,,1.6726970672607422,7058
41,,1.7116765975952148,,1.7116765975952148,7059
41,,1.5355167388916016,,1.5355167388916016,7060
41,,1.6090121269226074,,1.6090121269226074,7061
41,,1.6518813371658325,,1.6518813371658325,7062
41,,1.692380666732788,,1.692380666732788,7063
41,,1.5862853527069092,,1.5862853527069092,7064
41,,1.6400234699249268,,1.6400234699249268,7065
41,,1.5953783988952637,,1.5953783988952637,7066
41,,1.5483258962631226,,1.5483258962631226,7067
41,,1.6494395732879639,,1.6494395732879639,7068
41,,1.7871334552764893,,1.7871334552764893,7069
41,,1.7118148803710938,,1.7118148803710938,7070
41,,1.5919450521469116,,1.5919450521469116,7071
41,,1.4733517169952393,,1.4733517169952393,7072
41,,1.7311315536499023,,1.7311315536499023,7073
41,,1.5866799354553223,,1.5866799354553223,7074
41,,1.689807415008545,,1.689807415008545,7075
41,,1.6931906938552856,,1.6931906938552856,7076
41,,1.8491721153259277,,1.8491721153259277,7077
41,,1.4530489444732666,,1.4530489444732666,7078
41,,1.6078819036483765,,1.6078819036483765,7079
41,,1.5354863405227661,,1.5354863405227661,7080
41,,1.6764614582061768,,1.6764614582061768,7081
41,,1.6408332586288452,,1.6408332586288452,7082
41,,1.6645058393478394,,1.6645058393478394,7083
41,,1.7424265146255493,,1.7424265146255493,7084
41,,1.518115520477295,,1.518115520477295,7085
41,,1.6851444244384766,,1.6851444244384766,7086
41,,1.4907718896865845,,1.4907718896865845,7087
41,,1.6335352659225464,,1.6335352659225464,7088
41,,1.581715703010559,,1.581715703010559,7089
41,,1.8287526369094849,,1.8287526369094849,7090
41,,1.749692678451538,,1.749692678451538,7091
41,,1.6704814434051514,,1.6704814434051514,7092
41,,1.9295547008514404,,1.9295547008514404,7093
41,,1.4056980609893799,,1.4056980609893799,7094
41,,1.5707489252090454,,1.5707489252090454,7095
41,,1.8687719106674194,,1.8687719106674194,7096
41,,1.7823982238769531,,1.7823982238769531,7097
41,,1.6322885751724243,,1.6322885751724243,7098
41,,1.5759493112564087,,1.5759493112564087,7099
41,,1.6174882650375366,,1.6174882650375366,7100
41,,1.3620679378509521,,1.3620679378509521,7101
41,,1.4935539960861206,,1.4935539960861206,7102
41,,1.792410135269165,,1.792410135269165,7103
41,,1.7321574687957764,,1.7321574687957764,7104
41,,1.822833776473999,,1.822833776473999,7105
41,,1.7595586776733398,,1.7595586776733398,7106
41,,1.6402944326400757,,1.6402944326400757,7107
41,,1.635507345199585,,1.635507345199585,7108
41,,1.6737329959869385,,1.6737329959869385,7109
41,,1.776784062385559,,1.776784062385559,7110
41,,1.6719197034835815,,1.6719197034835815,7111
41,,1.7713263034820557,,1.7713263034820557,7112
41,,1.732042908668518,,1.732042908668518,7113
41,,1.788632869720459,,1.788632869720459,7114
41,,1.555615782737732,,1.555615782737732,7115
41,,1.4820425510406494,,1.4820425510406494,7116
41,,1.7175157070159912,,1.7175157070159912,7117
41,,1.5330655574798584,,1.5330655574798584,7118
41,,1.587632417678833,,1.587632417678833,7119
41,,1.827346682548523,,1.827346682548523,7120
41,,1.7614420652389526,,1.7614420652389526,7121
41,,1.5436018705368042,,1.5436018705368042,7122
41,,1.6101694107055664,,1.6101694107055664,7123
41,,1.865958571434021,,1.865958571434021,7124
41,,1.448222279548645,,1.448222279548645,7125
41,,1.5028678178787231,,1.5028678178787231,7126
41,,1.4829176664352417,,1.4829176664352417,7127
41,,1.6029456853866577,,1.6029456853866577,7128
41,,1.419480323791504,,1.419480323791504,7129
41,,1.58222234249115,,1.58222234249115,7130
41,,1.6142914295196533,,1.6142914295196533,7131
41,,1.5478700399398804,,1.5478700399398804,7132
41,,1.5549159049987793,,1.5549159049987793,7133
41,,1.775299072265625,,1.775299072265625,7134
41,,1.895795464515686,,1.895795464515686,7135
41,,1.4346460103988647,,1.4346460103988647,7136
41,,1.5814913511276245,,1.5814913511276245,7137
41,,1.483828067779541,,1.483828067779541,7138
41,,1.536523461341858,,1.536523461341858,7139
41,1.6283299922943115,,1.6283299922943115,,7139
42,,1.471621036529541,,1.471621036529541,7140
42,,1.6392935514450073,,1.6392935514450073,7141
42,,1.5942943096160889,,1.5942943096160889,7142
42,,1.7084577083587646,,1.7084577083587646,7143
42,,1.4839279651641846,,1.4839279651641846,7144
42,,1.5765882730484009,,1.5765882730484009,7145
42,,1.2265058755874634,,1.2265058755874634,7146
42,,1.675616979598999,,1.675616979598999,7147
42,,1.5812137126922607,,1.5812137126922607,7148
42,,1.6168266534805298,,1.6168266534805298,7149
42,,1.7470030784606934,,1.7470030784606934,7150
42,,1.537739634513855,,1.537739634513855,7151
42,,1.4384260177612305,,1.4384260177612305,7152
42,,1.638317346572876,,1.638317346572876,7153
42,,1.569900631904602,,1.569900631904602,7154
42,,1.7601184844970703,,1.7601184844970703,7155
42,,1.5263183116912842,,1.5263183116912842,7156
42,,1.5890624523162842,,1.5890624523162842,7157
42,,1.5254707336425781,,1.5254707336425781,7158
42,,1.4106814861297607,,1.4106814861297607,7159
42,,1.7044484615325928,,1.7044484615325928,7160
42,,1.5530271530151367,,1.5530271530151367,7161
42,,1.526443362236023,,1.526443362236023,7162
42,,1.5988898277282715,,1.5988898277282715,7163
42,,1.556321620941162,,1.556321620941162,7164
42,,1.9520620107650757,,1.9520620107650757,7165
42,,1.4554773569107056,,1.4554773569107056,7166
42,,1.743399739265442,,1.743399739265442,7167
42,,1.5885343551635742,,1.5885343551635742,7168
42,,1.2182289361953735,,1.2182289361953735,7169
42,,1.5508419275283813,,1.5508419275283813,7170
42,,1.7134498357772827,,1.7134498357772827,7171
42,,1.7332595586776733,,1.7332595586776733,7172
42,,1.4443702697753906,,1.4443702697753906,7173
42,,1.567499041557312,,1.567499041557312,7174
42,,1.6067332029342651,,1.6067332029342651,7175
42,,1.4826215505599976,,1.4826215505599976,7176
42,,1.5002001523971558,,1.5002001523971558,7177
42,,1.8647615909576416,,1.8647615909576416,7178
42,,1.8551703691482544,,1.8551703691482544,7179
42,,1.4165990352630615,,1.4165990352630615,7180
42,,1.3568652868270874,,1.3568652868270874,7181
42,,1.8239696025848389,,1.8239696025848389,7182
42,,1.4811854362487793,,1.4811854362487793,7183
42,,1.461714506149292,,1.461714506149292,7184
42,,1.6249343156814575,,1.6249343156814575,7185
42,,1.388553261756897,,1.388553261756897,7186
42,,1.721393346786499,,1.721393346786499,7187
42,,1.651308298110962,,1.651308298110962,7188
42,,1.453911304473877,,1.453911304473877,7189
42,,1.7824218273162842,,1.7824218273162842,7190
42,,1.4411811828613281,,1.4411811828613281,7191
42,,1.5756850242614746,,1.5756850242614746,7192
42,,1.444078803062439,,1.444078803062439,7193
42,,1.521154761314392,,1.521154761314392,7194
42,,1.323759913444519,,1.323759913444519,7195
42,,1.537816047668457,,1.537816047668457,7196
42,,1.7335180044174194,,1.7335180044174194,7197
42,,1.8008800745010376,,1.8008800745010376,7198
42,,1.5963224172592163,,1.5963224172592163,7199
42,,1.5551528930664062,,1.5551528930664062,7200
42,,1.8750579357147217,,1.8750579357147217,7201
42,,1.8261888027191162,,1.8261888027191162,7202
42,,1.4329719543457031,,1.4329719543457031,7203
42,,1.4447035789489746,,1.4447035789489746,7204
42,,1.4377235174179077,,1.4377235174179077,7205
42,,1.5516724586486816,,1.5516724586486816,7206
42,,1.3489792346954346,,1.3489792346954346,7207
42,,1.608197569847107,,1.608197569847107,7208
42,,1.6190168857574463,,1.6190168857574463,7209
42,,1.770670771598816,,1.770670771598816,7210
42,,1.7298378944396973,,1.7298378944396973,7211
42,,1.6574808359146118,,1.6574808359146118,7212
42,,1.661360740661621,,1.661360740661621,7213
42,,1.612628698348999,,1.612628698348999,7214
42,,1.5935901403427124,,1.5935901403427124,7215
42,,1.9489513635635376,,1.9489513635635376,7216
42,,1.4444687366485596,,1.4444687366485596,7217
42,,1.4365127086639404,,1.4365127086639404,7218
42,,1.6094064712524414,,1.6094064712524414,7219
42,,1.5528538227081299,,1.5528538227081299,7220
42,,1.9404728412628174,,1.9404728412628174,7221
42,,1.3325427770614624,,1.3325427770614624,7222
42,,1.7803541421890259,,1.7803541421890259,7223
42,,1.6680673360824585,,1.6680673360824585,7224
42,,1.5199437141418457,,1.5199437141418457,7225
42,,1.6265647411346436,,1.6265647411346436,7226
42,,1.7322328090667725,,1.7322328090667725,7227
42,,1.6529316902160645,,1.6529316902160645,7228
42,,1.5250935554504395,,1.5250935554504395,7229
42,,1.6403906345367432,,1.6403906345367432,7230
42,,1.630143642425537,,1.630143642425537,7231
42,,1.5696184635162354,,1.5696184635162354,7232
42,,1.7775096893310547,,1.7775096893310547,7233
42,,1.5381975173950195,,1.5381975173950195,7234
42,,1.5438816547393799,,1.5438816547393799,7235
42,,1.6742241382598877,,1.6742241382598877,7236
42,,1.6117810010910034,,1.6117810010910034,7237
42,,1.722145676612854,,1.722145676612854,7238
42,,1.5775943994522095,,1.5775943994522095,7239
42,,1.6495366096496582,,1.6495366096496582,7240
42,,1.6201434135437012,,1.6201434135437012,7241
42,,1.7128725051879883,,1.7128725051879883,7242
42,,1.6839433908462524,,1.6839433908462524,7243
42,,1.8212165832519531,,1.8212165832519531,7244
42,,1.5582293272018433,,1.5582293272018433,7245
42,,1.571399450302124,,1.571399450302124,7246
42,,1.6081604957580566,,1.6081604957580566,7247
42,,1.5017726421356201,,1.5017726421356201,7248
42,,1.5253182649612427,,1.5253182649612427,7249
42,,1.3367048501968384,,1.3367048501968384,7250
42,,1.42247474193573,,1.42247474193573,7251
42,,1.5847431421279907,,1.5847431421279907,7252
42,,1.6203360557556152,,1.6203360557556152,7253
42,,1.681260347366333,,1.681260347366333,7254
42,,1.548959493637085,,1.548959493637085,7255
42,,1.5121865272521973,,1.5121865272521973,7256
42,,1.548561453819275,,1.548561453819275,7257
42,,1.7682466506958008,,1.7682466506958008,7258
42,,1.6244494915008545,,1.6244494915008545,7259
42,,1.6829266548156738,,1.6829266548156738,7260
42,,1.7172988653182983,,1.7172988653182983,7261
42,,1.6173946857452393,,1.6173946857452393,7262
42,,1.58446204662323,,1.58446204662323,7263
42,,1.6272268295288086,,1.6272268295288086,7264
42,,1.38886559009552,,1.38886559009552,7265
42,,1.4014012813568115,,1.4014012813568115,7266
42,,1.3734610080718994,,1.3734610080718994,7267
42,,1.3855574131011963,,1.3855574131011963,7268
42,,1.6753190755844116,,1.6753190755844116,7269
42,,1.5890792608261108,,1.5890792608261108,7270
42,,1.809028148651123,,1.809028148651123,7271
42,,1.4999793767929077,,1.4999793767929077,7272
42,,1.3365448713302612,,1.3365448713302612,7273
42,,1.3897045850753784,,1.3897045850753784,7274
42,,1.6926658153533936,,1.6926658153533936,7275
42,,1.6535413265228271,,1.6535413265228271,7276
42,,1.8543057441711426,,1.8543057441711426,7277
42,,1.6483120918273926,,1.6483120918273926,7278
42,,1.604849934577942,,1.604849934577942,7279
42,,1.6275593042373657,,1.6275593042373657,7280
42,,1.9490000009536743,,1.9490000009536743,7281
42,,1.5091471672058105,,1.5091471672058105,7282
42,,1.6793330907821655,,1.6793330907821655,7283
42,,1.4533125162124634,,1.4533125162124634,7284
42,,1.525458812713623,,1.525458812713623,7285
42,,1.6394520998001099,,1.6394520998001099,7286
42,,1.3434244394302368,,1.3434244394302368,7287
42,,1.7873276472091675,,1.7873276472091675,7288
42,,1.799186110496521,,1.799186110496521,7289
42,,1.311278223991394,,1.311278223991394,7290
42,,1.5613007545471191,,1.5613007545471191,7291
42,,1.6371756792068481,,1.6371756792068481,7292
42,,1.739687204360962,,1.739687204360962,7293
42,,1.7098276615142822,,1.7098276615142822,7294
42,,1.8185538053512573,,1.8185538053512573,7295
42,,1.4085643291473389,,1.4085643291473389,7296
42,,1.6461857557296753,,1.6461857557296753,7297
42,,1.4376295804977417,,1.4376295804977417,7298
42,,1.6471823453903198,,1.6471823453903198,7299
42,,1.5210868120193481,,1.5210868120193481,7300
42,,1.8066667318344116,,1.8066667318344116,7301
42,,1.5548615455627441,,1.5548615455627441,7302
42,,1.6003637313842773,,1.6003637313842773,7303
42,,1.757269024848938,,1.757269024848938,7304
42,,1.711524248123169,,1.711524248123169,7305
42,,1.5532244443893433,,1.5532244443893433,7306
42,,1.7791777849197388,,1.7791777849197388,7307
42,,1.7649222612380981,,1.7649222612380981,7308
42,,1.1405134201049805,,1.1405134201049805,7309
42,1.59758722782135,,1.59758722782135,,7309
43,,1.4017261266708374,,1.4017261266708374,7310
43,,1.572144865989685,,1.572144865989685,7311
43,,1.405634880065918,,1.405634880065918,7312
43,,1.634890079498291,,1.634890079498291,7313
43,,1.5664176940917969,,1.5664176940917969,7314
43,,1.3833637237548828,,1.3833637237548828,7315
43,,1.6309255361557007,,1.6309255361557007,7316
43,,1.3799488544464111,,1.3799488544464111,7317
43,,1.5027285814285278,,1.5027285814285278,7318
43,,1.5757132768630981,,1.5757132768630981,7319
43,,1.6538671255111694,,1.6538671255111694,7320
43,,1.6367746591567993,,1.6367746591567993,7321
43,,1.6133544445037842,,1.6133544445037842,7322
43,,1.5819034576416016,,1.5819034576416016,7323
43,,1.597457766532898,,1.597457766532898,7324
43,,1.5483733415603638,,1.5483733415603638,7325
43,,1.5901867151260376,,1.5901867151260376,7326
43,,1.4917035102844238,,1.4917035102844238,7327
43,,1.6032226085662842,,1.6032226085662842,7328
43,,1.6910326480865479,,1.6910326480865479,7329
43,,1.763604998588562,,1.763604998588562,7330
43,,1.5324138402938843,,1.5324138402938843,7331
43,,1.6788029670715332,,1.6788029670715332,7332
43,,1.5865970849990845,,1.5865970849990845,7333
43,,1.5416048765182495,,1.5416048765182495,7334
43,,1.9435842037200928,,1.9435842037200928,7335
43,,1.4412546157836914,,1.4412546157836914,7336
43,,1.7911666631698608,,1.7911666631698608,7337
43,,1.6212016344070435,,1.6212016344070435,7338
43,,1.7001619338989258,,1.7001619338989258,7339
43,,1.6878621578216553,,1.6878621578216553,7340
43,,1.763806700706482,,1.763806700706482,7341
43,,1.7277028560638428,,1.7277028560638428,7342
43,,1.5516732931137085,,1.5516732931137085,7343
43,,1.7857794761657715,,1.7857794761657715,7344
43,,1.704878568649292,,1.704878568649292,7345
43,,1.59716796875,,1.59716796875,7346
43,,1.6210521459579468,,1.6210521459579468,7347
43,,1.7450251579284668,,1.7450251579284668,7348
43,,1.5905334949493408,,1.5905334949493408,7349
43,,1.6161614656448364,,1.6161614656448364,7350
43,,1.460958480834961,,1.460958480834961,7351
43,,1.7603025436401367,,1.7603025436401367,7352
43,,1.5659409761428833,,1.5659409761428833,7353
43,,1.704769492149353,,1.704769492149353,7354
43,,1.6201790571212769,,1.6201790571212769,7355
43,,1.4957053661346436,,1.4957053661346436,7356
43,,1.615697979927063,,1.615697979927063,7357
43,,1.4910136461257935,,1.4910136461257935,7358
43,,1.3327414989471436,,1.3327414989471436,7359
43,,1.5737254619598389,,1.5737254619598389,7360
43,,1.5696465969085693,,1.5696465969085693,7361
43,,1.4055514335632324,,1.4055514335632324,7362
43,,1.5742610692977905,,1.5742610692977905,7363
43,,1.651576280593872,,1.651576280593872,7364
43,,1.4526517391204834,,1.4526517391204834,7365
43,,1.660297155380249,,1.660297155380249,7366
43,,1.390507698059082,,1.390507698059082,7367
43,,1.7193069458007812,,1.7193069458007812,7368
43,,1.5468673706054688,,1.5468673706054688,7369
43,,1.770275592803955,,1.770275592803955,7370
43,,1.555669903755188,,1.555669903755188,7371
43,,1.6214792728424072,,1.6214792728424072,7372
43,,1.5809577703475952,,1.5809577703475952,7373
43,,1.683249592781067,,1.683249592781067,7374
43,,1.6962413787841797,,1.6962413787841797,7375
43,,1.4487648010253906,,1.4487648010253906,7376
43,,1.6731783151626587,,1.6731783151626587,7377
43,,1.6088577508926392,,1.6088577508926392,7378
43,,1.8026982545852661,,1.8026982545852661,7379
43,,1.5130566358566284,,1.5130566358566284,7380
43,,1.6210765838623047,,1.6210765838623047,7381
43,,1.7256479263305664,,1.7256479263305664,7382
43,,1.4677879810333252,,1.4677879810333252,7383
43,,1.3682491779327393,,1.3682491779327393,7384
43,,1.9035332202911377,,1.9035332202911377,7385
43,,1.6396149396896362,,1.6396149396896362,7386
43,,1.4516348838806152,,1.4516348838806152,7387
43,,1.699198842048645,,1.699198842048645,7388
43,,1.842664122581482,,1.842664122581482,7389
43,,1.5591739416122437,,1.5591739416122437,7390
43,,1.6726621389389038,,1.6726621389389038,7391
43,,1.2793954610824585,,1.2793954610824585,7392
43,,1.514516830444336,,1.514516830444336,7393
43,,1.30161452293396,,1.30161452293396,7394
43,,1.4191972017288208,,1.4191972017288208,7395
43,,1.6056748628616333,,1.6056748628616333,7396
43,,1.752668023109436,,1.752668023109436,7397
43,,1.621076226234436,,1.621076226234436,7398
43,,1.5964226722717285,,1.5964226722717285,7399
43,,1.32720148563385,,1.32720148563385,7400
43,,1.7562131881713867,,1.7562131881713867,7401
43,,1.5087265968322754,,1.5087265968322754,7402
43,,1.4236314296722412,,1.4236314296722412,7403
43,,1.56484055519104,,1.56484055519104,7404
43,,1.9053380489349365,,1.9053380489349365,7405
43,,1.4709625244140625,,1.4709625244140625,7406
43,,1.7438117265701294,,1.7438117265701294,7407
43,,1.753456473350525,,1.753456473350525,7408
43,,1.2996642589569092,,1.2996642589569092,7409
43,,1.5706911087036133,,1.5706911087036133,7410
43,,1.5571677684783936,,1.5571677684783936,7411
43,,1.5708471536636353,,1.5708471536636353,7412
43,,1.7228727340698242,,1.7228727340698242,7413
43,,1.594055414199829,,1.594055414199829,7414
43,,1.3857004642486572,,1.3857004642486572,7415
43,,1.8128650188446045,,1.8128650188446045,7416
43,,1.4380289316177368,,1.4380289316177368,7417
43,,1.7667655944824219,,1.7667655944824219,7418
43,,1.5780491828918457,,1.5780491828918457,7419
43,,1.704421043395996,,1.704421043395996,7420
43,,1.6749591827392578,,1.6749591827392578,7421
43,,1.717427134513855,,1.717427134513855,7422
43,,1.6032922267913818,,1.6032922267913818,7423
43,,1.7789283990859985,,1.7789283990859985,7424
43,,1.685367465019226,,1.685367465019226,7425
43,,1.6919755935668945,,1.6919755935668945,7426
43,,1.53629469871521,,1.53629469871521,7427
43,,1.5570671558380127,,1.5570671558380127,7428
43,,1.5558055639266968,,1.5558055639266968,7429
43,,1.7847837209701538,,1.7847837209701538,7430
43,,1.6783324480056763,,1.6783324480056763,7431
43,,1.421062707901001,,1.421062707901001,7432
43,,1.6072490215301514,,1.6072490215301514,7433
43,,1.5629456043243408,,1.5629456043243408,7434
43,,1.6454532146453857,,1.6454532146453857,7435
43,,1.6161614656448364,,1.6161614656448364,7436
43,,1.6001701354980469,,1.6001701354980469,7437
43,,1.8244762420654297,,1.8244762420654297,7438
43,,1.7255377769470215,,1.7255377769470215,7439
43,,1.6236978769302368,,1.6236978769302368,7440
43,,1.452895164489746,,1.452895164489746,7441
43,,1.6494011878967285,,1.6494011878967285,7442
43,,1.7226203680038452,,1.7226203680038452,7443
43,,1.4881242513656616,,1.4881242513656616,7444
43,,1.6347746849060059,,1.6347746849060059,7445
43,,1.7326698303222656,,1.7326698303222656,7446
43,,1.8249322175979614,,1.8249322175979614,7447
43,,1.816459059715271,,1.816459059715271,7448
43,,1.5064761638641357,,1.5064761638641357,7449
43,,1.706575632095337,,1.706575632095337,7450
43,,1.667368769645691,,1.667368769645691,7451
43,,1.735800862312317,,1.735800862312317,7452
43,,1.750916600227356,,1.750916600227356,7453
43,,1.6751984357833862,,1.6751984357833862,7454
43,,1.4966617822647095,,1.4966617822647095,7455
43,,1.5945991277694702,,1.5945991277694702,7456
43,,1.67405104637146,,1.67405104637146,7457
43,,1.4067274332046509,,1.4067274332046509,7458
43,,1.4825360774993896,,1.4825360774993896,7459
43,,1.3329973220825195,,1.3329973220825195,7460
43,,1.553882122039795,,1.553882122039795,7461
43,,1.6119848489761353,,1.6119848489761353,7462
43,,1.6865755319595337,,1.6865755319595337,7463
43,,2.06856369972229,,2.06856369972229,7464
43,,1.7314155101776123,,1.7314155101776123,7465
43,,1.4659005403518677,,1.4659005403518677,7466
43,,1.4983447790145874,,1.4983447790145874,7467
43,,1.5139687061309814,,1.5139687061309814,7468
43,,1.672322392463684,,1.672322392463684,7469
43,,1.6249794960021973,,1.6249794960021973,7470
43,,1.3323278427124023,,1.3323278427124023,7471
43,,1.796568512916565,,1.796568512916565,7472
43,,1.7173035144805908,,1.7173035144805908,7473
43,,1.5207973718643188,,1.5207973718643188,7474
43,,1.4205125570297241,,1.4205125570297241,7475
43,,1.4331495761871338,,1.4331495761871338,7476
43,,1.5075925588607788,,1.5075925588607788,7477
43,,1.471483826637268,,1.471483826637268,7478
43,,1.514727234840393,,1.514727234840393,7479
43,1.6031594276428223,,1.6031594276428223,,7479
44,,1.5099372863769531,,1.5099372863769531,7480
44,,1.643722653388977,,1.643722653388977,7481
44,,1.9180002212524414,,1.9180002212524414,7482
44,,1.7732133865356445,,1.7732133865356445,7483
44,,1.7651580572128296,,1.7651580572128296,7484
44,,1.6760681867599487,,1.6760681867599487,7485
44,,1.7152618169784546,,1.7152618169784546,7486
44,,1.5548198223114014,,1.5548198223114014,7487
44,,1.490044116973877,,1.490044116973877,7488
44,,1.52583646774292,,1.52583646774292,7489
44,,1.5384502410888672,,1.5384502410888672,7490
44,,1.4609003067016602,,1.4609003067016602,7491
44,,1.58461332321167,,1.58461332321167,7492
44,,1.5562019348144531,,1.5562019348144531,7493
44,,1.5278486013412476,,1.5278486013412476,7494
44,,1.6629382371902466,,1.6629382371902466,7495
44,,1.8284285068511963,,1.8284285068511963,7496
44,,1.4887579679489136,,1.4887579679489136,7497
44,,1.711782455444336,,1.711782455444336,7498
44,,1.6795902252197266,,1.6795902252197266,7499
44,,1.5369511842727661,,1.5369511842727661,7500
44,,1.7821297645568848,,1.7821297645568848,7501
44,,1.6514456272125244,,1.6514456272125244,7502
44,,1.740634799003601,,1.740634799003601,7503
44,,1.4531453847885132,,1.4531453847885132,7504
44,,1.6317650079727173,,1.6317650079727173,7505
44,,1.5667566061019897,,1.5667566061019897,7506
44,,1.913939118385315,,1.913939118385315,7507
44,,1.5618318319320679,,1.5618318319320679,7508
44,,1.595329999923706,,1.595329999923706,7509
44,,1.5737160444259644,,1.5737160444259644,7510
44,,1.314092755317688,,1.314092755317688,7511
44,,1.548619031906128,,1.548619031906128,7512
44,,1.556158423423767,,1.556158423423767,7513
44,,1.6697311401367188,,1.6697311401367188,7514
44,,1.7217814922332764,,1.7217814922332764,7515
44,,1.5881450176239014,,1.5881450176239014,7516
44,,1.8642538785934448,,1.8642538785934448,7517
44,,1.8523988723754883,,1.8523988723754883,7518
44,,1.724937915802002,,1.724937915802002,7519
44,,1.7573206424713135,,1.7573206424713135,7520
44,,1.8370517492294312,,1.8370517492294312,7521
44,,1.3204296827316284,,1.3204296827316284,7522
44,,1.4674568176269531,,1.4674568176269531,7523
44,,1.8425198793411255,,1.8425198793411255,7524
44,,1.395758867263794,,1.395758867263794,7525
44,,1.648093581199646,,1.648093581199646,7526
44,,1.6234710216522217,,1.6234710216522217,7527
44,,1.728492259979248,,1.728492259979248,7528
44,,1.4657117128372192,,1.4657117128372192,7529
44,,1.6220836639404297,,1.6220836639404297,7530
44,,1.6094374656677246,,1.6094374656677246,7531
44,,1.6605473756790161,,1.6605473756790161,7532
44,,1.6744003295898438,,1.6744003295898438,7533
44,,1.6838475465774536,,1.6838475465774536,7534
44,,1.661317229270935,,1.661317229270935,7535
44,,1.6443647146224976,,1.6443647146224976,7536
44,,1.6775060892105103,,1.6775060892105103,7537
44,,1.2777601480484009,,1.2777601480484009,7538
44,,1.6477649211883545,,1.6477649211883545,7539
44,,1.3654035329818726,,1.3654035329818726,7540
44,,1.6915228366851807,,1.6915228366851807,7541
44,,1.5327401161193848,,1.5327401161193848,7542
44,,1.6302907466888428,,1.6302907466888428,7543
44,,1.5993226766586304,,1.5993226766586304,7544
44,,1.5157626867294312,,1.5157626867294312,7545
44,,1.4242318868637085,,1.4242318868637085,7546
44,,1.7530680894851685,,1.7530680894851685,7547
44,,1.963842511177063,,1.963842511177063,7548
44,,1.5114355087280273,,1.5114355087280273,7549
44,,1.5821056365966797,,1.5821056365966797,7550
44,,1.5003762245178223,,1.5003762245178223,7551
44,,1.7021430730819702,,1.7021430730819702,7552
44,,1.805044174194336,,1.805044174194336,7553
44,,1.688800573348999,,1.688800573348999,7554
44,,1.6179438829421997,,1.6179438829421997,7555
44,,1.637265920639038,,1.637265920639038,7556
44,,1.5288472175598145,,1.5288472175598145,7557
44,,1.6681987047195435,,1.6681987047195435,7558
44,,1.7152389287948608,,1.7152389287948608,7559
44,,1.6887661218643188,,1.6887661218643188,7560
44,,1.3880434036254883,,1.3880434036254883,7561
44,,1.5982856750488281,,1.5982856750488281,7562
44,,1.5709537267684937,,1.5709537267684937,7563
44,,1.605795979499817,,1.605795979499817,7564
44,,1.4492138624191284,,1.4492138624191284,7565
44,,1.613323450088501,,1.613323450088501,7566
44,,1.8267651796340942,,1.8267651796340942,7567
44,,1.5324044227600098,,1.5324044227600098,7568
44,,1.751495599746704,,1.751495599746704,7569
44,,1.8450560569763184,,1.8450560569763184,7570
44,,1.766156792640686,,1.766156792640686,7571
44,,1.527840495109558,,1.527840495109558,7572
44,,1.4508254528045654,,1.4508254528045654,7573
44,,1.6534936428070068,,1.6534936428070068,7574
44,,1.2234678268432617,,1.2234678268432617,7575
44,,1.6813918352127075,,1.6813918352127075,7576
44,,1.4347466230392456,,1.4347466230392456,7577
44,,1.7092077732086182,,1.7092077732086182,7578
44,,1.772004246711731,,1.772004246711731,7579
44,,1.540152668952942,,1.540152668952942,7580
44,,1.63877534866333,,1.63877534866333,7581
44,,1.4220516681671143,,1.4220516681671143,7582
44,,1.7767839431762695,,1.7767839431762695,7583
44,,1.4410920143127441,,1.4410920143127441,7584
44,,1.6425713300704956,,1.6425713300704956,7585
44,,1.8331893682479858,,1.8331893682479858,7586
44,,1.7860971689224243,,1.7860971689224243,7587
44,,1.6032484769821167,,1.6032484769821167,7588
44,,1.523999571800232,,1.523999571800232,7589
44,,1.490729570388794,,1.490729570388794,7590
44,,1.6124396324157715,,1.6124396324157715,7591
44,,1.52037513256073,,1.52037513256073,7592
44,,1.4291983842849731,,1.4291983842849731,7593
44,,1.7535194158554077,,1.7535194158554077,7594
44,,1.6680797338485718,,1.6680797338485718,7595
44,,1.5220810174942017,,1.5220810174942017,7596
44,,1.5857293605804443,,1.5857293605804443,7597
44,,1.4246565103530884,,1.4246565103530884,7598
44,,1.539428472518921,,1.539428472518921,7599
44,,1.7347368001937866,,1.7347368001937866,7600
44,,1.644801139831543,,1.644801139831543,7601
44,,1.5033211708068848,,1.5033211708068848,7602
44,,1.4311507940292358,,1.4311507940292358,7603
44,,1.4406174421310425,,1.4406174421310425,7604
44,,1.6234829425811768,,1.6234829425811768,7605
44,,1.6810306310653687,,1.6810306310653687,7606
44,,1.489138126373291,,1.489138126373291,7607
44,,1.5618427991867065,,1.5618427991867065,7608
44,,1.6160627603530884,,1.6160627603530884,7609
44,,1.6035840511322021,,1.6035840511322021,7610
44,,1.7608658075332642,,1.7608658075332642,7611
44,,1.708984375,,1.708984375,7612
44,,1.6349177360534668,,1.6349177360534668,7613
44,,1.5659196376800537,,1.5659196376800537,7614
44,,1.5537441968917847,,1.5537441968917847,7615
44,,1.6824703216552734,,1.6824703216552734,7616
44,,1.4569593667984009,,1.4569593667984009,7617
44,,1.5062657594680786,,1.5062657594680786,7618
44,,1.7232980728149414,,1.7232980728149414,7619
44,,1.6869301795959473,,1.6869301795959473,7620
44,,1.5785456895828247,,1.5785456895828247,7621
44,,1.670702576637268,,1.670702576637268,7622
44,,1.2931010723114014,,1.2931010723114014,7623
44,,1.2950043678283691,,1.2950043678283691,7624
44,,1.7229869365692139,,1.7229869365692139,7625
44,,1.5430364608764648,,1.5430364608764648,7626
44,,1.6497596502304077,,1.6497596502304077,7627
44,,1.5766119956970215,,1.5766119956970215,7628
44,,1.639665126800537,,1.639665126800537,7629
44,,1.4039263725280762,,1.4039263725280762,7630
44,,1.7503570318222046,,1.7503570318222046,7631
44,,1.4201375246047974,,1.4201375246047974,7632
44,,1.5524299144744873,,1.5524299144744873,7633
44,,1.4192445278167725,,1.4192445278167725,7634
44,,1.2953646183013916,,1.2953646183013916,7635
44,,1.611855387687683,,1.611855387687683,7636
44,,1.591069221496582,,1.591069221496582,7637
44,,1.5420600175857544,,1.5420600175857544,7638
44,,1.5374518632888794,,1.5374518632888794,7639
44,,1.6677920818328857,,1.6677920818328857,7640
44,,1.5088932514190674,,1.5088932514190674,7641
44,,1.6240750551223755,,1.6240750551223755,7642
44,,1.3422374725341797,,1.3422374725341797,7643
44,,1.804006576538086,,1.804006576538086,7644
44,,1.7285195589065552,,1.7285195589065552,7645
44,,1.633913278579712,,1.633913278579712,7646
44,,1.5421782732009888,,1.5421782732009888,7647
44,,1.4754787683486938,,1.4754787683486938,7648
44,,1.9585767984390259,,1.9585767984390259,7649
44,1.6044083833694458,,1.6044083833694458,,7649
45,,1.6536301374435425,,1.6536301374435425,7650
45,,1.679352879524231,,1.679352879524231,7651
45,,1.530334711074829,,1.530334711074829,7652
45,,1.6734333038330078,,1.6734333038330078,7653
45,,1.6321498155593872,,1.6321498155593872,7654
45,,1.71142578125,,1.71142578125,7655
45,,1.5000587701797485,,1.5000587701797485,7656
45,,1.640336275100708,,1.640336275100708,7657
45,,1.6687458753585815,,1.6687458753585815,7658
45,,1.5452014207839966,,1.5452014207839966,7659
45,,1.805297613143921,,1.805297613143921,7660
45,,1.5904157161712646,,1.5904157161712646,7661
45,,1.626489281654358,,1.626489281654358,7662
45,,1.3113478422164917,,1.3113478422164917,7663
45,,1.6218857765197754,,1.6218857765197754,7664
45,,1.6733795404434204,,1.6733795404434204,7665
45,,1.305478572845459,,1.305478572845459,7666
45,,1.6337056159973145,,1.6337056159973145,7667
45,,1.5045418739318848,,1.5045418739318848,7668
45,,1.3958396911621094,,1.3958396911621094,7669
45,,1.382167100906372,,1.382167100906372,7670
45,,1.8524291515350342,,1.8524291515350342,7671
45,,1.7014418840408325,,1.7014418840408325,7672
45,,1.529080867767334,,1.529080867767334,7673
45,,1.8915352821350098,,1.8915352821350098,7674
45,,1.5989892482757568,,1.5989892482757568,7675
45,,1.6465928554534912,,1.6465928554534912,7676
45,,1.6720331907272339,,1.6720331907272339,7677
45,,1.7984333038330078,,1.7984333038330078,7678
45,,1.5117722749710083,,1.5117722749710083,7679
45,,1.6010065078735352,,1.6010065078735352,7680
45,,1.6246289014816284,,1.6246289014816284,7681
45,,1.7755422592163086,,1.7755422592163086,7682
45,,1.7307586669921875,,1.7307586669921875,7683
45,,1.608496904373169,,1.608496904373169,7684
45,,1.7641292810440063,,1.7641292810440063,7685
45,,1.8506357669830322,,1.8506357669830322,7686
45,,1.6164339780807495,,1.6164339780807495,7687
45,,1.4433276653289795,,1.4433276653289795,7688
45,,1.5834542512893677,,1.5834542512893677,7689
45,,1.7746336460113525,,1.7746336460113525,7690
45,,1.4752542972564697,,1.4752542972564697,7691
45,,1.4673974514007568,,1.4673974514007568,7692
45,,1.8583312034606934,,1.8583312034606934,7693
45,,1.8686991930007935,,1.8686991930007935,7694
45,,1.741640567779541,,1.741640567779541,7695
45,,1.6293339729309082,,1.6293339729309082,7696
45,,1.4557722806930542,,1.4557722806930542,7697
45,,1.3995471000671387,,1.3995471000671387,7698
45,,1.7022336721420288,,1.7022336721420288,7699
45,,1.8532326221466064,,1.8532326221466064,7700
45,,1.4797999858856201,,1.4797999858856201,7701
45,,1.5490939617156982,,1.5490939617156982,7702
45,,1.8557214736938477,,1.8557214736938477,7703
45,,1.6482518911361694,,1.6482518911361694,7704
45,,1.447988510131836,,1.447988510131836,7705
45,,1.6884359121322632,,1.6884359121322632,7706
45,,1.701043725013733,,1.701043725013733,7707
45,,1.6541321277618408,,1.6541321277618408,7708
45,,1.4507513046264648,,1.4507513046264648,7709
45,,1.4114532470703125,,1.4114532470703125,7710
45,,1.5339813232421875,,1.5339813232421875,7711
45,,1.5320802927017212,,1.5320802927017212,7712
45,,1.5145841836929321,,1.5145841836929321,7713
45,,1.5817240476608276,,1.5817240476608276,7714
45,,1.4959105253219604,,1.4959105253219604,7715
45,,1.6422635316848755,,1.6422635316848755,7716
45,,1.640764832496643,,1.640764832496643,7717
45,,1.5791836977005005,,1.5791836977005005,7718
45,,1.5557700395584106,,1.5557700395584106,7719
45,,1.9177592992782593,,1.9177592992782593,7720
45,,1.7626783847808838,,1.7626783847808838,7721
45,,1.4760892391204834,,1.4760892391204834,7722
45,,1.3373634815216064,,1.3373634815216064,7723
45,,1.799247145652771,,1.799247145652771,7724
45,,1.5895735025405884,,1.5895735025405884,7725
45,,1.6145528554916382,,1.6145528554916382,7726
45,,1.642082691192627,,1.642082691192627,7727
45,,1.6091471910476685,,1.6091471910476685,7728
45,,1.7727622985839844,,1.7727622985839844,7729
45,,1.585572600364685,,1.585572600364685,7730
45,,1.616707444190979,,1.616707444190979,7731
45,,1.5412319898605347,,1.5412319898605347,7732
45,,1.7306181192398071,,1.7306181192398071,7733
45,,1.7214760780334473,,1.7214760780334473,7734
45,,1.6581919193267822,,1.6581919193267822,7735
45,,1.8875937461853027,,1.8875937461853027,7736
45,,1.6282051801681519,,1.6282051801681519,7737
45,,1.572825312614441,,1.572825312614441,7738
45,,1.3486769199371338,,1.3486769199371338,7739
45,,1.219173550605774,,1.219173550605774,7740
45,,1.746720790863037,,1.746720790863037,7741
45,,1.5252469778060913,,1.5252469778060913,7742
45,,1.5575841665267944,,1.5575841665267944,7743
45,,1.7129653692245483,,1.7129653692245483,7744
45,,1.4792568683624268,,1.4792568683624268,7745
45,,1.5897332429885864,,1.5897332429885864,7746
45,,1.7162503004074097,,1.7162503004074097,7747
45,,1.4234474897384644,,1.4234474897384644,7748
45,,1.5618489980697632,,1.5618489980697632,7749
45,,1.733902931213379,,1.733902931213379,7750
45,,1.4418108463287354,,1.4418108463287354,7751
45,,1.6864749193191528,,1.6864749193191528,7752
45,,1.4995969533920288,,1.4995969533920288,7753
45,,1.642529010772705,,1.642529010772705,7754
45,,1.610325813293457,,1.610325813293457,7755
45,,1.784250020980835,,1.784250020980835,7756
45,,1.6686373949050903,,1.6686373949050903,7757
45,,1.7142138481140137,,1.7142138481140137,7758
45,,1.6550822257995605,,1.6550822257995605,7759
45,,1.5913176536560059,,1.5913176536560059,7760
45,,1.4054746627807617,,1.4054746627807617,7761
45,,1.562572956085205,,1.562572956085205,7762
45,,1.7640900611877441,,1.7640900611877441,7763
45,,1.5475901365280151,,1.5475901365280151,7764
45,,1.7039308547973633,,1.7039308547973633,7765
45,,1.6269062757492065,,1.6269062757492065,7766
45,,1.2834049463272095,,1.2834049463272095,7767
45,,1.5722638368606567,,1.5722638368606567,7768
45,,1.4125362634658813,,1.4125362634658813,7769
45,,1.7377991676330566,,1.7377991676330566,7770
45,,1.541015625,,1.541015625,7771
45,,1.6043206453323364,,1.6043206453323364,7772
45,,1.7213983535766602,,1.7213983535766602,7773
45,,1.5639394521713257,,1.5639394521713257,7774
45,,1.6636935472488403,,1.6636935472488403,7775
45,,1.5202815532684326,,1.5202815532684326,7776
45,,1.5831094980239868,,1.5831094980239868,7777
45,,1.4905407428741455,,1.4905407428741455,7778
45,,1.3241914510726929,,1.3241914510726929,7779
45,,1.5519113540649414,,1.5519113540649414,7780
45,,1.2362507581710815,,1.2362507581710815,7781
45,,1.765878677368164,,1.765878677368164,7782
45,,1.7504222393035889,,1.7504222393035889,7783
45,,1.490173578262329,,1.490173578262329,7784
45,,1.5986660718917847,,1.5986660718917847,7785
45,,1.8373526334762573,,1.8373526334762573,7786
45,,1.5883251428604126,,1.5883251428604126,7787
45,,1.6231881380081177,,1.6231881380081177,7788
45,,1.4271777868270874,,1.4271777868270874,7789
45,,1.5968221426010132,,1.5968221426010132,7790
45,,1.44408118724823,,1.44408118724823,7791
45,,1.6527588367462158,,1.6527588367462158,7792
45,,1.4235405921936035,,1.4235405921936035,7793
45,,1.47071373462677,,1.47071373462677,7794
45,,1.5489997863769531,,1.5489997863769531,7795
45,,1.6752771139144897,,1.6752771139144897,7796
45,,1.705701231956482,,1.705701231956482,7797
45,,1.6577668190002441,,1.6577668190002441,7798
45,,1.6263234615325928,,1.6263234615325928,7799
45,,1.7544723749160767,,1.7544723749160767,7800
45,,1.6226801872253418,,1.6226801872253418,7801
45,,1.8104629516601562,,1.8104629516601562,7802
45,,1.520890712738037,,1.520890712738037,7803
45,,1.2902405261993408,,1.2902405261993408,7804
45,,1.6261628866195679,,1.6261628866195679,7805
45,,1.5265272855758667,,1.5265272855758667,7806
45,,1.584532618522644,,1.584532618522644,7807
45,,1.4411892890930176,,1.4411892890930176,7808
45,,1.5296446084976196,,1.5296446084976196,7809
45,,1.6331150531768799,,1.6331150531768799,7810
45,,1.3873969316482544,,1.3873969316482544,7811
45,,1.5094075202941895,,1.5094075202941895,7812
45,,1.4728314876556396,,1.4728314876556396,7813
45,,1.4100890159606934,,1.4100890159606934,7814
45,,1.4862114191055298,,1.4862114191055298,7815
45,,1.584614872932434,,1.584614872932434,7816
45,,1.885995626449585,,1.885995626449585,7817
45,,1.434301733970642,,1.434301733970642,7818
45,,1.5689514875411987,,1.5689514875411987,7819
45,1.5990978479385376,,1.5990978479385376,,7819
46,,1.4456928968429565,,1.4456928968429565,7820
46,,1.3561651706695557,,1.3561651706695557,7821
46,,1.7080283164978027,,1.7080283164978027,7822
46,,1.7761739492416382,,1.7761739492416382,7823
46,,1.4434685707092285,,1.4434685707092285,7824
46,,1.8280919790267944,,1.8280919790267944,7825
46,,1.4806386232376099,,1.4806386232376099,7826
46,,1.3612136840820312,,1.3612136840820312,7827
46,,1.4495680332183838,,1.4495680332183838,7828
46,,1.7065759897232056,,1.7065759897232056,7829
46,,1.7241325378417969,,1.7241325378417969,7830
46,,1.7076307535171509,,1.7076307535171509,7831
46,,1.5030344724655151,,1.5030344724655151,7832
46,,1.514464020729065,,1.514464020729065,7833
46,,1.6411499977111816,,1.6411499977111816,7834
46,,1.6603107452392578,,1.6603107452392578,7835
46,,1.5504708290100098,,1.5504708290100098,7836
46,,1.6728785037994385,,1.6728785037994385,7837
46,,1.4920767545700073,,1.4920767545700073,7838
46,,1.6372802257537842,,1.6372802257537842,7839
46,,1.7822513580322266,,1.7822513580322266,7840
46,,1.2870701551437378,,1.2870701551437378,7841
46,,1.486592173576355,,1.486592173576355,7842
46,,1.2545795440673828,,1.2545795440673828,7843
46,,1.690458059310913,,1.690458059310913,7844
46,,1.6769994497299194,,1.6769994497299194,7845
46,,1.7751034498214722,,1.7751034498214722,7846
46,,1.5542118549346924,,1.5542118549346924,7847
46,,1.5867173671722412,,1.5867173671722412,7848
46,,1.6022534370422363,,1.6022534370422363,7849
46,,1.678608775138855,,1.678608775138855,7850
46,,1.3674800395965576,,1.3674800395965576,7851
46,,1.4866963624954224,,1.4866963624954224,7852
46,,1.5632692575454712,,1.5632692575454712,7853
46,,1.5802432298660278,,1.5802432298660278,7854
46,,1.658432960510254,,1.658432960510254,7855
46,,1.6887084245681763,,1.6887084245681763,7856
46,,1.7807048559188843,,1.7807048559188843,7857
46,,1.7974692583084106,,1.7974692583084106,7858
46,,1.758726954460144,,1.758726954460144,7859
46,,1.6485297679901123,,1.6485297679901123,7860
46,,1.5786197185516357,,1.5786197185516357,7861
46,,1.251159906387329,,1.251159906387329,7862
46,,1.6506807804107666,,1.6506807804107666,7863
46,,1.629931926727295,,1.629931926727295,7864
46,,1.5372802019119263,,1.5372802019119263,7865
46,,1.6089006662368774,,1.6089006662368774,7866
46,,1.4970085620880127,,1.4970085620880127,7867
46,,1.5773533582687378,,1.5773533582687378,7868
46,,1.6321858167648315,,1.6321858167648315,7869
46,,1.4118068218231201,,1.4118068218231201,7870
46,,1.6480587720870972,,1.6480587720870972,7871
46,,1.4436876773834229,,1.4436876773834229,7872
46,,1.8116849660873413,,1.8116849660873413,7873
46,,1.6394764184951782,,1.6394764184951782,7874
46,,1.4827258586883545,,1.4827258586883545,7875
46,,1.7892252206802368,,1.7892252206802368,7876
46,,1.7247815132141113,,1.7247815132141113,7877
46,,1.5142521858215332,,1.5142521858215332,7878
46,,1.5428452491760254,,1.5428452491760254,7879
46,,1.785334825515747,,1.785334825515747,7880
46,,1.470522403717041,,1.470522403717041,7881
46,,1.3903765678405762,,1.3903765678405762,7882
46,,1.7223738431930542,,1.7223738431930542,7883
46,,1.6240273714065552,,1.6240273714065552,7884
46,,1.6104320287704468,,1.6104320287704468,7885
46,,1.5521806478500366,,1.5521806478500366,7886
46,,1.5443174839019775,,1.5443174839019775,7887
46,,1.460739254951477,,1.460739254951477,7888
46,,1.3493750095367432,,1.3493750095367432,7889
46,,1.855484127998352,,1.855484127998352,7890
46,,1.767621397972107,,1.767621397972107,7891
46,,1.6397795677185059,,1.6397795677185059,7892
46,,1.5049554109573364,,1.5049554109573364,7893
46,,1.4293912649154663,,1.4293912649154663,7894
46,,1.7088732719421387,,1.7088732719421387,7895
46,,1.5899977684020996,,1.5899977684020996,7896
46,,1.5629533529281616,,1.5629533529281616,7897
46,,1.6517311334609985,,1.6517311334609985,7898
46,,1.838417649269104,,1.838417649269104,7899
46,,1.6528645753860474,,1.6528645753860474,7900
46,,1.243980050086975,,1.243980050086975,7901
46,,1.3735418319702148,,1.3735418319702148,7902
46,,1.453993797302246,,1.453993797302246,7903
46,,1.543145775794983,,1.543145775794983,7904
46,,1.575624942779541,,1.575624942779541,7905
46,,1.5711513757705688,,1.5711513757705688,7906
46,,1.6227213144302368,,1.6227213144302368,7907
46,,1.5742613077163696,,1.5742613077163696,7908
46,,1.658810019493103,,1.658810019493103,7909
46,,1.4535590410232544,,1.4535590410232544,7910
46,,1.7006384134292603,,1.7006384134292603,7911
46,,1.6829524040222168,,1.6829524040222168,7912
46,,1.525781273841858,,1.525781273841858,7913
46,,1.4890217781066895,,1.4890217781066895,7914
46,,1.3914471864700317,,1.3914471864700317,7915
46,,1.447852611541748,,1.447852611541748,7916
46,,1.994705319404602,,1.994705319404602,7917
46,,1.4916175603866577,,1.4916175603866577,7918
46,,1.6065294742584229,,1.6065294742584229,7919
46,,1.6299734115600586,,1.6299734115600586,7920
46,,1.523587703704834,,1.523587703704834,7921
46,,1.536798119544983,,1.536798119544983,7922
46,,1.5982962846755981,,1.5982962846755981,7923
46,,1.6640899181365967,,1.6640899181365967,7924
46,,1.5228667259216309,,1.5228667259216309,7925
46,,1.3527917861938477,,1.3527917861938477,7926
46,,1.4185221195220947,,1.4185221195220947,7927
46,,1.7156469821929932,,1.7156469821929932,7928
46,,1.517512321472168,,1.517512321472168,7929
46,,1.5582057237625122,,1.5582057237625122,7930
46,,1.7573400735855103,,1.7573400735855103,7931
46,,1.4627571105957031,,1.4627571105957031,7932
46,,1.6279373168945312,,1.6279373168945312,7933
46,,1.5632368326187134,,1.5632368326187134,7934
46,,1.5718523263931274,,1.5718523263931274,7935
46,,1.5127134323120117,,1.5127134323120117,7936
46,,1.6358963251113892,,1.6358963251113892,7937
46,,1.2894366979599,,1.2894366979599,7938
46,,1.7293986082077026,,1.7293986082077026,7939
46,,1.479236364364624,,1.479236364364624,7940
46,,1.409897804260254,,1.409897804260254,7941
46,,1.5030555725097656,,1.5030555725097656,7942
46,,1.6099801063537598,,1.6099801063537598,7943
46,,1.67094087600708,,1.67094087600708,7944
46,,1.5638021230697632,,1.5638021230697632,7945
46,,1.8156752586364746,,1.8156752586364746,7946
46,,1.4469929933547974,,1.4469929933547974,7947
46,,1.5035114288330078,,1.5035114288330078,7948
46,,1.6180850267410278,,1.6180850267410278,7949
46,,1.3692400455474854,,1.3692400455474854,7950
46,,1.569261908531189,,1.569261908531189,7951
46,,1.410048007965088,,1.410048007965088,7952
46,,1.5246220827102661,,1.5246220827102661,7953
46,,1.619807481765747,,1.619807481765747,7954
46,,1.6098967790603638,,1.6098967790603638,7955
46,,1.6077167987823486,,1.6077167987823486,7956
46,,1.7368825674057007,,1.7368825674057007,7957
46,,1.6275402307510376,,1.6275402307510376,7958
46,,1.6397751569747925,,1.6397751569747925,7959
46,,1.759037971496582,,1.759037971496582,7960
46,,1.4496797323226929,,1.4496797323226929,7961
46,,1.9135538339614868,,1.9135538339614868,7962
46,,1.5241127014160156,,1.5241127014160156,7963
46,,1.6803004741668701,,1.6803004741668701,7964
46,,1.5848584175109863,,1.5848584175109863,7965
46,,1.5407204627990723,,1.5407204627990723,7966
46,,1.7316744327545166,,1.7316744327545166,7967
46,,1.7655971050262451,,1.7655971050262451,7968
46,,1.3176195621490479,,1.3176195621490479,7969
46,,1.543461799621582,,1.543461799621582,7970
46,,1.3342092037200928,,1.3342092037200928,7971
46,,1.5251702070236206,,1.5251702070236206,7972
46,,1.564249038696289,,1.564249038696289,7973
46,,1.705836534500122,,1.705836534500122,7974
46,,1.7255613803863525,,1.7255613803863525,7975
46,,1.5923265218734741,,1.5923265218734741,7976
46,,1.4561587572097778,,1.4561587572097778,7977
46,,1.5803560018539429,,1.5803560018539429,7978
46,,1.515917420387268,,1.515917420387268,7979
46,,1.8592604398727417,,1.8592604398727417,7980
46,,1.3961281776428223,,1.3961281776428223,7981
46,,1.572261095046997,,1.572261095046997,7982
46,,1.5557942390441895,,1.5557942390441895,7983
46,,1.3742179870605469,,1.3742179870605469,7984
46,,1.6352249383926392,,1.6352249383926392,7985
46,,1.639651894569397,,1.639651894569397,7986
46,,1.619140625,,1.619140625,7987
46,,1.6332145929336548,,1.6332145929336548,7988
46,,1.772247314453125,,1.772247314453125,7989
46,1.5807150602340698,,1.5807150602340698,,7989
47,,1.4841974973678589,,1.4841974973678589,7990
47,,1.4088407754898071,,1.4088407754898071,7991
47,,1.390602469444275,,1.390602469444275,7992
47,,1.800674557685852,,1.800674557685852,7993
47,,1.6156625747680664,,1.6156625747680664,7994
47,,1.5165431499481201,,1.5165431499481201,7995
47,,1.5892192125320435,,1.5892192125320435,7996
47,,1.5561922788619995,,1.5561922788619995,7997
47,,1.557731032371521,,1.557731032371521,7998
47,,1.6170459985733032,,1.6170459985733032,7999
47,,1.6849225759506226,,1.6849225759506226,8000
47,,1.686036229133606,,1.686036229133606,8001
47,,1.433667540550232,,1.433667540550232,8002
47,,1.8245755434036255,,1.8245755434036255,8003
47,,1.7956207990646362,,1.7956207990646362,8004
47,,1.4932773113250732,,1.4932773113250732,8005
47,,1.336161494255066,,1.336161494255066,8006
47,,1.5371636152267456,,1.5371636152267456,8007
47,,1.7381882667541504,,1.7381882667541504,8008
47,,1.7169339656829834,,1.7169339656829834,8009
47,,1.4896188974380493,,1.4896188974380493,8010
47,,1.4789592027664185,,1.4789592027664185,8011
47,,1.7767030000686646,,1.7767030000686646,8012
47,,1.7077958583831787,,1.7077958583831787,8013
47,,1.474507212638855,,1.474507212638855,8014
47,,1.7491545677185059,,1.7491545677185059,8015
47,,1.6924618482589722,,1.6924618482589722,8016
47,,1.4055509567260742,,1.4055509567260742,8017
47,,1.5152803659439087,,1.5152803659439087,8018
47,,1.6580065488815308,,1.6580065488815308,8019
47,,1.6603198051452637,,1.6603198051452637,8020
47,,1.5299650430679321,,1.5299650430679321,8021
47,,1.5837278366088867,,1.5837278366088867,8022
47,,1.3221232891082764,,1.3221232891082764,8023
47,,1.575300931930542,,1.575300931930542,8024
47,,1.6464725732803345,,1.6464725732803345,8025
47,,1.569350242614746,,1.569350242614746,8026
47,,1.5104230642318726,,1.5104230642318726,8027
47,,1.3398056030273438,,1.3398056030273438,8028
47,,1.674033761024475,,1.674033761024475,8029
47,,1.7257236242294312,,1.7257236242294312,8030
47,,1.6284555196762085,,1.6284555196762085,8031
47,,1.5618350505828857,,1.5618350505828857,8032
47,,1.633937954902649,,1.633937954902649,8033
47,,1.6404181718826294,,1.6404181718826294,8034
47,,1.5479905605316162,,1.5479905605316162,8035
47,,1.9052814245224,,1.9052814245224,8036
47,,1.5648167133331299,,1.5648167133331299,8037
47,,1.5619643926620483,,1.5619643926620483,8038
47,,1.6588239669799805,,1.6588239669799805,8039
47,,1.8239010572433472,,1.8239010572433472,8040
47,,1.3940379619598389,,1.3940379619598389,8041
47,,1.6931711435317993,,1.6931711435317993,8042
47,,1.6337486505508423,,1.6337486505508423,8043
47,,1.4450559616088867,,1.4450559616088867,8044
47,,1.4973230361938477,,1.4973230361938477,8045
47,,1.6643400192260742,,1.6643400192260742,8046
47,,1.7059786319732666,,1.7059786319732666,8047
47,,1.5141453742980957,,1.5141453742980957,8048
47,,1.8370989561080933,,1.8370989561080933,8049
47,,1.617573618888855,,1.617573618888855,8050
47,,1.2751188278198242,,1.2751188278198242,8051
47,,1.254552960395813,,1.254552960395813,8052
47,,1.5194463729858398,,1.5194463729858398,8053
47,,1.8466837406158447,,1.8466837406158447,8054
47,,1.526732325553894,,1.526732325553894,8055
47,,1.6827218532562256,,1.6827218532562256,8056
47,,1.548903226852417,,1.548903226852417,8057
47,,1.7412028312683105,,1.7412028312683105,8058
47,,1.5077128410339355,,1.5077128410339355,8059
47,,1.412186622619629,,1.412186622619629,8060
47,,1.7155040502548218,,1.7155040502548218,8061
47,,1.5749304294586182,,1.5749304294586182,8062
47,,1.4506036043167114,,1.4506036043167114,8063
47,,1.475998878479004,,1.475998878479004,8064
47,,1.671622633934021,,1.671622633934021,8065
47,,1.6765131950378418,,1.6765131950378418,8066
47,,1.6806217432022095,,1.6806217432022095,8067
47,,1.5690661668777466,,1.5690661668777466,8068
47,,1.6469483375549316,,1.6469483375549316,8069
47,,1.7350919246673584,,1.7350919246673584,8070
47,,1.7569960355758667,,1.7569960355758667,8071
47,,1.5751463174819946,,1.5751463174819946,8072
47,,1.2983019351959229,,1.2983019351959229,8073
47,,1.6169787645339966,,1.6169787645339966,8074
47,,1.7950359582901,,1.7950359582901,8075
47,,1.4619823694229126,,1.4619823694229126,8076
47,,1.6770926713943481,,1.6770926713943481,8077
47,,1.5762044191360474,,1.5762044191360474,8078
47,,1.7378674745559692,,1.7378674745559692,8079
47,,1.6058402061462402,,1.6058402061462402,8080
47,,1.5117268562316895,,1.5117268562316895,8081
47,,1.7193036079406738,,1.7193036079406738,8082
47,,1.64495849609375,,1.64495849609375,8083
47,,1.5531854629516602,,1.5531854629516602,8084
47,,1.685035228729248,,1.685035228729248,8085
47,,1.4937719106674194,,1.4937719106674194,8086
47,,1.7843105792999268,,1.7843105792999268,8087
47,,1.5757554769515991,,1.5757554769515991,8088
47,,1.73542320728302,,1.73542320728302,8089
47,,1.4092754125595093,,1.4092754125595093,8090
47,,1.4898781776428223,,1.4898781776428223,8091
47,,1.440384864807129,,1.440384864807129,8092
47,,1.720543384552002,,1.720543384552002,8093
47,,1.5755921602249146,,1.5755921602249146,8094
47,,1.531027913093567,,1.531027913093567,8095
47,,1.5869534015655518,,1.5869534015655518,8096
47,,1.644086241722107,,1.644086241722107,8097
47,,1.8790558576583862,,1.8790558576583862,8098
47,,1.6508334875106812,,1.6508334875106812,8099
47,,1.327264428138733,,1.327264428138733,8100
47,,1.4666070938110352,,1.4666070938110352,8101
47,,1.5664310455322266,,1.5664310455322266,8102
47,,1.3792387247085571,,1.3792387247085571,8103
47,,1.4916545152664185,,1.4916545152664185,8104
47,,1.5491943359375,,1.5491943359375,8105
47,,1.6417549848556519,,1.6417549848556519,8106
47,,1.8172566890716553,,1.8172566890716553,8107
47,,1.657621145248413,,1.657621145248413,8108
47,,1.6834471225738525,,1.6834471225738525,8109
47,,1.7670469284057617,,1.7670469284057617,8110
47,,1.4843660593032837,,1.4843660593032837,8111
47,,1.7151402235031128,,1.7151402235031128,8112
47,,1.7299450635910034,,1.7299450635910034,8113
47,,1.6044687032699585,,1.6044687032699585,8114
47,,1.4183471202850342,,1.4183471202850342,8115
47,,1.6434376239776611,,1.6434376239776611,8116
47,,1.5200607776641846,,1.5200607776641846,8117
47,,1.5753676891326904,,1.5753676891326904,8118
47,,1.8036119937896729,,1.8036119937896729,8119
47,,1.7144237756729126,,1.7144237756729126,8120
47,,1.7760120630264282,,1.7760120630264282,8121
47,,1.6637842655181885,,1.6637842655181885,8122
47,,1.6494781970977783,,1.6494781970977783,8123
47,,1.5004347562789917,,1.5004347562789917,8124
47,,1.4195284843444824,,1.4195284843444824,8125
47,,1.6647599935531616,,1.6647599935531616,8126
47,,1.3855469226837158,,1.3855469226837158,8127
47,,1.4348998069763184,,1.4348998069763184,8128
47,,1.6344883441925049,,1.6344883441925049,8129
47,,1.7844090461730957,,1.7844090461730957,8130
47,,1.654435157775879,,1.654435157775879,8131
47,,1.684572458267212,,1.684572458267212,8132
47,,1.39627206325531,,1.39627206325531,8133
47,,1.612383246421814,,1.612383246421814,8134
47,,1.833722472190857,,1.833722472190857,8135
47,,1.5653525590896606,,1.5653525590896606,8136
47,,1.6653751134872437,,1.6653751134872437,8137
47,,1.5990806818008423,,1.5990806818008423,8138
47,,1.4097509384155273,,1.4097509384155273,8139
47,,1.5173205137252808,,1.5173205137252808,8140
47,,1.542863130569458,,1.542863130569458,8141
47,,1.5153595209121704,,1.5153595209121704,8142
47,,1.566523551940918,,1.566523551940918,8143
47,,1.4780703783035278,,1.4780703783035278,8144
47,,1.5407328605651855,,1.5407328605651855,8145
47,,1.500720500946045,,1.500720500946045,8146
47,,1.5470036268234253,,1.5470036268234253,8147
47,,1.7780793905258179,,1.7780793905258179,8148
47,,1.642359972000122,,1.642359972000122,8149
47,,1.6466020345687866,,1.6466020345687866,8150
47,,1.5127389430999756,,1.5127389430999756,8151
47,,1.479326844215393,,1.479326844215393,8152
47,,1.8990437984466553,,1.8990437984466553,8153
47,,1.5944265127182007,,1.5944265127182007,8154
47,,1.6730514764785767,,1.6730514764785767,8155
47,,1.3648666143417358,,1.3648666143417358,8156
47,,1.684144139289856,,1.684144139289856,8157
47,,1.5933737754821777,,1.5933737754821777,8158
47,,1.6651289463043213,,1.6651289463043213,8159
47,1.5954843759536743,,1.5954843759536743,,8159
48,,1.6403497457504272,,1.6403497457504272,8160
48,,1.2545249462127686,,1.2545249462127686,8161
48,,1.6690106391906738,,1.6690106391906738,8162
48,,1.6474730968475342,,1.6474730968475342,8163
48,,1.6282594203948975,,1.6282594203948975,8164
48,,1.492266297340393,,1.492266297340393,8165
48,,1.8457297086715698,,1.8457297086715698,8166
48,,1.2634646892547607,,1.2634646892547607,8167
48,,1.702953577041626,,1.702953577041626,8168
48,,1.4201189279556274,,1.4201189279556274,8169
48,,1.7061704397201538,,1.7061704397201538,8170
48,,1.5570422410964966,,1.5570422410964966,8171
48,,1.5313793420791626,,1.5313793420791626,8172
48,,1.5619512796401978,,1.5619512796401978,8173
48,,1.646156668663025,,1.646156668663025,8174
48,,1.7189053297042847,,1.7189053297042847,8175
48,,1.3867700099945068,,1.3867700099945068,8176
48,,1.7730529308319092,,1.7730529308319092,8177
48,,1.3772218227386475,,1.3772218227386475,8178
48,,1.7804237604141235,,1.7804237604141235,8179
48,,1.4553951025009155,,1.4553951025009155,8180
48,,1.5611183643341064,,1.5611183643341064,8181
48,,1.4768128395080566,,1.4768128395080566,8182
48,,1.5689746141433716,,1.5689746141433716,8183
48,,1.4345078468322754,,1.4345078468322754,8184
48,,1.6651824712753296,,1.6651824712753296,8185
48,,1.3235220909118652,,1.3235220909118652,8186
48,,1.773074984550476,,1.773074984550476,8187
48,,1.542251706123352,,1.542251706123352,8188
48,,1.4832127094268799,,1.4832127094268799,8189
48,,1.8538016080856323,,1.8538016080856323,8190
48,,1.6642993688583374,,1.6642993688583374,8191
48,,1.7886255979537964,,1.7886255979537964,8192
48,,1.753156065940857,,1.753156065940857,8193
48,,1.5321365594863892,,1.5321365594863892,8194
48,,1.4196360111236572,,1.4196360111236572,8195
48,,1.5844752788543701,,1.5844752788543701,8196
48,,1.675310730934143,,1.675310730934143,8197
48,,1.4083244800567627,,1.4083244800567627,8198
48,,1.8179723024368286,,1.8179723024368286,8199
48,,1.8302001953125,,1.8302001953125,8200
48,,1.6209628582000732,,1.6209628582000732,8201
48,,1.7446553707122803,,1.7446553707122803,8202
48,,1.665737509727478,,1.665737509727478,8203
48,,1.7025680541992188,,1.7025680541992188,8204
48,,1.647355556488037,,1.647355556488037,8205
48,,1.6263973712921143,,1.6263973712921143,8206
48,,1.6281828880310059,,1.6281828880310059,8207
48,,1.5197139978408813,,1.5197139978408813,8208
48,,1.5655171871185303,,1.5655171871185303,8209
48,,1.471066951751709,,1.471066951751709,8210
48,,1.4668526649475098,,1.4668526649475098,8211
48,,1.4614830017089844,,1.4614830017089844,8212
48,,1.7214115858078003,,1.7214115858078003,8213
48,,1.410346269607544,,1.410346269607544,8214
48,,1.8854387998580933,,1.8854387998580933,8215
48,,1.5645220279693604,,1.5645220279693604,8216
48,,1.5983083248138428,,1.5983083248138428,8217
48,,1.5491139888763428,,1.5491139888763428,8218
48,,1.2182031869888306,,1.2182031869888306,8219
48,,1.4465901851654053,,1.4465901851654053,8220
48,,1.5795750617980957,,1.5795750617980957,8221
48,,1.434363603591919,,1.434363603591919,8222
48,,1.6431140899658203,,1.6431140899658203,8223
48,,1.146071195602417,,1.146071195602417,8224
48,,1.7723289728164673,,1.7723289728164673,8225
48,,1.6583505868911743,,1.6583505868911743,8226
48,,1.6601502895355225,,1.6601502895355225,8227
48,,1.5819059610366821,,1.5819059610366821,8228
48,,1.5487929582595825,,1.5487929582595825,8229
48,,1.5478335618972778,,1.5478335618972778,8230
48,,1.4513756036758423,,1.4513756036758423,8231
48,,1.5370607376098633,,1.5370607376098633,8232
48,,1.299242377281189,,1.299242377281189,8233
48,,1.7581956386566162,,1.7581956386566162,8234
48,,1.416516661643982,,1.416516661643982,8235
48,,1.911042332649231,,1.911042332649231,8236
48,,1.828313946723938,,1.828313946723938,8237
48,,1.662318229675293,,1.662318229675293,8238
48,,1.7264366149902344,,1.7264366149902344,8239
48,,1.3816136121749878,,1.3816136121749878,8240
48,,1.5305310487747192,,1.5305310487747192,8241
48,,1.647050380706787,,1.647050380706787,8242
48,,1.481343388557434,,1.481343388557434,8243
48,,1.4661612510681152,,1.4661612510681152,8244
48,,1.9291460514068604,,1.9291460514068604,8245
48,,1.7568522691726685,,1.7568522691726685,8246
48,,1.317913293838501,,1.317913293838501,8247
48,,1.7764785289764404,,1.7764785289764404,8248
48,,1.316712498664856,,1.316712498664856,8249
48,,1.627119541168213,,1.627119541168213,8250
48,,1.4386283159255981,,1.4386283159255981,8251
48,,1.5434561967849731,,1.5434561967849731,8252
48,,1.5009727478027344,,1.5009727478027344,8253
48,,1.6543768644332886,,1.6543768644332886,8254
48,,1.4120100736618042,,1.4120100736618042,8255
48,,1.5203585624694824,,1.5203585624694824,8256
48,,1.4112911224365234,,1.4112911224365234,8257
48,,1.5246059894561768,,1.5246059894561768,8258
48,,1.3883353471755981,,1.3883353471755981,8259
48,,1.3682892322540283,,1.3682892322540283,8260
48,,1.3125728368759155,,1.3125728368759155,8261
48,,1.8497233390808105,,1.8497233390808105,8262
48,,1.6270461082458496,,1.6270461082458496,8263
48,,1.3714388608932495,,1.3714388608932495,8264
48,,1.3381191492080688,,1.3381191492080688,8265
48,,1.742445945739746,,1.742445945739746,8266
48,,1.536855697631836,,1.536855697631836,8267
48,,1.6713389158248901,,1.6713389158248901,8268
48,,1.6024616956710815,,1.6024616956710815,8269
48,,1.6738240718841553,,1.6738240718841553,8270
48,,1.4588109254837036,,1.4588109254837036,8271
48,,1.5568243265151978,,1.5568243265151978,8272
48,,1.610553503036499,,1.610553503036499,8273
48,,1.5210436582565308,,1.5210436582565308,8274
48,,1.4501912593841553,,1.4501912593841553,8275
48,,1.5077269077301025,,1.5077269077301025,8276
48,,1.4940969944000244,,1.4940969944000244,8277
48,,1.4625459909439087,,1.4625459909439087,8278
48,,1.7008740901947021,,1.7008740901947021,8279
48,,1.5812290906906128,,1.5812290906906128,8280
48,,1.7826482057571411,,1.7826482057571411,8281
48,,1.4328380823135376,,1.4328380823135376,8282
48,,1.32878577709198,,1.32878577709198,8283
48,,1.597416877746582,,1.597416877746582,8284
48,,1.7045671939849854,,1.7045671939849854,8285
48,,1.6916933059692383,,1.6916933059692383,8286
48,,1.585862636566162,,1.585862636566162,8287
48,,1.7961113452911377,,1.7961113452911377,8288
48,,1.672780156135559,,1.672780156135559,8289
48,,1.8912525177001953,,1.8912525177001953,8290
48,,1.4508107900619507,,1.4508107900619507,8291
48,,1.838147521018982,,1.838147521018982,8292
48,,1.4632248878479004,,1.4632248878479004,8293
48,,1.3604286909103394,,1.3604286909103394,8294
48,,1.5855531692504883,,1.5855531692504883,8295
48,,1.5213454961776733,,1.5213454961776733,8296
48,,1.52200448513031,,1.52200448513031,8297
48,,1.655704379081726,,1.655704379081726,8298
48,,1.4219363927841187,,1.4219363927841187,8299
48,,1.6040009260177612,,1.6040009260177612,8300
48,,1.6594736576080322,,1.6594736576080322,8301
48,,1.6184855699539185,,1.6184855699539185,8302
48,,1.4466646909713745,,1.4466646909713745,8303
48,,1.390458583831787,,1.390458583831787,8304
48,,1.4867857694625854,,1.4867857694625854,8305
48,,1.2273690700531006,,1.2273690700531006,8306
48,,1.490977168083191,,1.490977168083191,8307
48,,1.5994840860366821,,1.5994840860366821,8308
48,,1.6119853258132935,,1.6119853258132935,8309
48,,1.3767791986465454,,1.3767791986465454,8310
48,,1.5303080081939697,,1.5303080081939697,8311
48,,1.5931633710861206,,1.5931633710861206,8312
48,,1.331181287765503,,1.331181287765503,8313
48,,1.7129695415496826,,1.7129695415496826,8314
48,,1.54691743850708,,1.54691743850708,8315
48,,1.469049334526062,,1.469049334526062,8316
48,,1.6544225215911865,,1.6544225215911865,8317
48,,1.6840794086456299,,1.6840794086456299,8318
48,,1.7705157995224,,1.7705157995224,8319
48,,1.608991026878357,,1.608991026878357,8320
48,,1.690940022468567,,1.690940022468567,8321
48,,1.4511512517929077,,1.4511512517929077,8322
48,,1.825399398803711,,1.825399398803711,8323
48,,1.4738153219223022,,1.4738153219223022,8324
48,,1.5878058671951294,,1.5878058671951294,8325
48,,1.4814062118530273,,1.4814062118530273,8326
48,,1.5027045011520386,,1.5027045011520386,8327
48,,1.4123096466064453,,1.4123096466064453,8328
48,,1.7355250120162964,,1.7355250120162964,8329
48,1.5689984560012817,,1.5689984560012817,,8329
49,,1.8036198616027832,,1.8036198616027832,8330
49,,1.503822922706604,,1.503822922706604,8331
49,,1.85944664478302,,1.85944664478302,8332
49,,1.4212578535079956,,1.4212578535079956,8333
49,,1.5605096817016602,,1.5605096817016602,8334
49,,1.5991426706314087,,1.5991426706314087,8335
49,,1.5007195472717285,,1.5007195472717285,8336
49,,1.5999597311019897,,1.5999597311019897,8337
49,,1.5200903415679932,,1.5200903415679932,8338
49,,1.5452073812484741,,1.5452073812484741,8339
49,,1.5199878215789795,,1.5199878215789795,8340
49,,1.6257102489471436,,1.6257102489471436,8341
49,,1.5294519662857056,,1.5294519662857056,8342
49,,1.447505235671997,,1.447505235671997,8343
49,,1.6359444856643677,,1.6359444856643677,8344
49,,1.684598445892334,,1.684598445892334,8345
49,,1.7065447568893433,,1.7065447568893433,8346
49,,1.3722522258758545,,1.3722522258758545,8347
49,,1.5354818105697632,,1.5354818105697632,8348
49,,1.5875093936920166,,1.5875093936920166,8349
49,,1.5360887050628662,,1.5360887050628662,8350
49,,1.4617152214050293,,1.4617152214050293,8351
49,,1.584950566291809,,1.584950566291809,8352
49,,1.5691533088684082,,1.5691533088684082,8353
49,,1.6600672006607056,,1.6600672006607056,8354
49,,1.6148273944854736,,1.6148273944854736,8355
49,,1.693298101425171,,1.693298101425171,8356
49,,1.4814598560333252,,1.4814598560333252,8357
49,,1.4199897050857544,,1.4199897050857544,8358
49,,1.5760772228240967,,1.5760772228240967,8359
49,,1.6070709228515625,,1.6070709228515625,8360
49,,1.4605402946472168,,1.4605402946472168,8361
49,,1.7210088968276978,,1.7210088968276978,8362
49,,1.5455471277236938,,1.5455471277236938,8363
49,,1.4727013111114502,,1.4727013111114502,8364
49,,1.7328554391860962,,1.7328554391860962,8365
49,,1.7553889751434326,,1.7553889751434326,8366
49,,1.7594400644302368,,1.7594400644302368,8367
49,,1.4060189723968506,,1.4060189723968506,8368
49,,1.5779014825820923,,1.5779014825820923,8369
49,,1.6171115636825562,,1.6171115636825562,8370
49,,1.648512840270996,,1.648512840270996,8371
49,,1.6489920616149902,,1.6489920616149902,8372
49,,1.813942551612854,,1.813942551612854,8373
49,,1.9418758153915405,,1.9418758153915405,8374
49,,1.5239661931991577,,1.5239661931991577,8375
49,,1.345142126083374,,1.345142126083374,8376
49,,1.8741199970245361,,1.8741199970245361,8377
49,,1.8152756690979004,,1.8152756690979004,8378
49,,1.7774771451950073,,1.7774771451950073,8379
49,,1.486063003540039,,1.486063003540039,8380
49,,1.6430631875991821,,1.6430631875991821,8381
49,,1.5371320247650146,,1.5371320247650146,8382
49,,1.6403303146362305,,1.6403303146362305,8383
49,,1.5013571977615356,,1.5013571977615356,8384
49,,1.7446396350860596,,1.7446396350860596,8385
49,,1.6077020168304443,,1.6077020168304443,8386
49,,1.7111088037490845,,1.7111088037490845,8387
49,,1.3687094449996948,,1.3687094449996948,8388
49,,1.6519606113433838,,1.6519606113433838,8389
49,,1.863054633140564,,1.863054633140564,8390
49,,1.6581224203109741,,1.6581224203109741,8391
49,,1.2972484827041626,,1.2972484827041626,8392
49,,1.5972425937652588,,1.5972425937652588,8393
49,,1.6935639381408691,,1.6935639381408691,8394
49,,1.5946604013442993,,1.5946604013442993,8395
49,,1.6485215425491333,,1.6485215425491333,8396
49,,1.751900553703308,,1.751900553703308,8397
49,,1.8348103761672974,,1.8348103761672974,8398
49,,1.6025497913360596,,1.6025497913360596,8399
49,,1.5070054531097412,,1.5070054531097412,8400
49,,1.8161334991455078,,1.8161334991455078,8401
49,,1.6718683242797852,,1.6718683242797852,8402
49,,1.6013399362564087,,1.6013399362564087,8403
49,,1.6385802030563354,,1.6385802030563354,8404
49,,1.55075204372406,,1.55075204372406,8405
49,,1.7182368040084839,,1.7182368040084839,8406
49,,1.5600252151489258,,1.5600252151489258,8407
49,,1.65133535861969,,1.65133535861969,8408
49,,1.2559702396392822,,1.2559702396392822,8409
49,,1.5819507837295532,,1.5819507837295532,8410
49,,1.401540756225586,,1.401540756225586,8411
49,,1.5996747016906738,,1.5996747016906738,8412
49,,1.6970322132110596,,1.6970322132110596,8413
49,,1.620153784751892,,1.620153784751892,8414
49,,1.3298654556274414,,1.3298654556274414,8415
49,,1.5706413984298706,,1.5706413984298706,8416
49,,1.3589061498641968,,1.3589061498641968,8417
49,,1.6066222190856934,,1.6066222190856934,8418
49,,1.67970609664917,,1.67970609664917,8419
49,,1.3474756479263306,,1.3474756479263306,8420
49,,1.7311158180236816,,1.7311158180236816,8421
49,,1.500126600265503,,1.500126600265503,8422
49,,1.7117646932601929,,1.7117646932601929,8423
49,,1.7670146226882935,,1.7670146226882935,8424
49,,1.3107073307037354,,1.3107073307037354,8425
49,,1.5135116577148438,,1.5135116577148438,8426
49,,1.7528759241104126,,1.7528759241104126,8427
49,,1.5147281885147095,,1.5147281885147095,8428
49,,1.2917075157165527,,1.2917075157165527,8429
49,,1.7023686170578003,,1.7023686170578003,8430
49,,1.3891059160232544,,1.3891059160232544,8431
49,,1.727150797843933,,1.727150797843933,8432
49,,1.8230332136154175,,1.8230332136154175,8433
49,,1.9234514236450195,,1.9234514236450195,8434
49,,1.5560775995254517,,1.5560775995254517,8435
49,,1.6485705375671387,,1.6485705375671387,8436
49,,1.4366332292556763,,1.4366332292556763,8437
49,,1.6285239458084106,,1.6285239458084106,8438
49,,1.4580744504928589,,1.4580744504928589,8439
49,,1.3798635005950928,,1.3798635005950928,8440
49,,1.6678807735443115,,1.6678807735443115,8441
49,,1.5481235980987549,,1.5481235980987549,8442
49,,1.7542648315429688,,1.7542648315429688,8443
49,,1.5942267179489136,,1.5942267179489136,8444
49,,1.3156768083572388,,1.3156768083572388,8445
49,,1.5370800495147705,,1.5370800495147705,8446
49,,1.627465009689331,,1.627465009689331,8447
49,,1.3758164644241333,,1.3758164644241333,8448
49,,1.4947463274002075,,1.4947463274002075,8449
49,,1.790013313293457,,1.790013313293457,8450
49,,1.7019120454788208,,1.7019120454788208,8451
49,,1.7537049055099487,,1.7537049055099487,8452
49,,1.2684886455535889,,1.2684886455535889,8453
49,,1.445341944694519,,1.445341944694519,8454
49,,1.7175322771072388,,1.7175322771072388,8455
49,,1.410198450088501,,1.410198450088501,8456
49,,1.5200533866882324,,1.5200533866882324,8457
49,,1.354250192642212,,1.354250192642212,8458
49,,1.5664613246917725,,1.5664613246917725,8459
49,,1.6045312881469727,,1.6045312881469727,8460
49,,1.4163559675216675,,1.4163559675216675,8461
49,,1.7731901407241821,,1.7731901407241821,8462
49,,1.3335808515548706,,1.3335808515548706,8463
49,,1.6081832647323608,,1.6081832647323608,8464
49,,1.3925831317901611,,1.3925831317901611,8465
49,,1.8004646301269531,,1.8004646301269531,8466
49,,1.8006342649459839,,1.8006342649459839,8467
49,,1.4612711668014526,,1.4612711668014526,8468
49,,1.6596193313598633,,1.6596193313598633,8469
49,,1.6457078456878662,,1.6457078456878662,8470
49,,1.6816316843032837,,1.6816316843032837,8471
49,,1.8014419078826904,,1.8014419078826904,8472
49,,1.3588193655014038,,1.3588193655014038,8473
49,,1.7019052505493164,,1.7019052505493164,8474
49,,1.4634746313095093,,1.4634746313095093,8475
49,,1.6218873262405396,,1.6218873262405396,8476
49,,1.1666090488433838,,1.1666090488433838,8477
49,,1.5140055418014526,,1.5140055418014526,8478
49,,1.7234827280044556,,1.7234827280044556,8479
49,,1.750408411026001,,1.750408411026001,8480
49,,1.7312687635421753,,1.7312687635421753,8481
49,,1.58744215965271,,1.58744215965271,8482
49,,1.4177769422531128,,1.4177769422531128,8483
49,,1.7462944984436035,,1.7462944984436035,8484
49,,1.678217887878418,,1.678217887878418,8485
49,,1.5494197607040405,,1.5494197607040405,8486
49,,1.285339117050171,,1.285339117050171,8487
49,,1.4562054872512817,,1.4562054872512817,8488
49,,1.2629860639572144,,1.2629860639572144,8489
49,,1.747776985168457,,1.747776985168457,8490
49,,1.6635346412658691,,1.6635346412658691,8491
49,,1.512090802192688,,1.512090802192688,8492
49,,1.585473895072937,,1.585473895072937,8493
49,,1.610007405281067,,1.610007405281067,8494
49,,1.8823009729385376,,1.8823009729385376,8495
49,,1.4888070821762085,,1.4888070821762085,8496
49,,1.5450903177261353,,1.5450903177261353,8497
49,,1.4153306484222412,,1.4153306484222412,8498
49,,1.358123540878296,,1.358123540878296,8499
49,1.585617184638977,,1.585617184638977,,8499
50,,1.7119140625,,1.7119140625,8500
50,,1.422486424446106,,1.422486424446106,8501
50,,1.4782522916793823,,1.4782522916793823,8502
50,,1.7184584140777588,,1.7184584140777588,8503
50,,1.2471212148666382,,1.2471212148666382,8504
50,,1.6033457517623901,,1.6033457517623901,8505
50,,1.472872257232666,,1.472872257232666,8506
50,,1.5337711572647095,,1.5337711572647095,8507
50,,1.5819233655929565,,1.5819233655929565,8508
50,,1.4507241249084473,,1.4507241249084473,8509
50,,1.4034379720687866,,1.4034379720687866,8510
50,,1.823348879814148,,1.823348879814148,8511
50,,1.5034877061843872,,1.5034877061843872,8512
50,,1.6641088724136353,,1.6641088724136353,8513
50,,1.772087574005127,,1.772087574005127,8514
50,,1.5463061332702637,,1.5463061332702637,8515
50,,1.6191014051437378,,1.6191014051437378,8516
50,,1.773958683013916,,1.773958683013916,8517
50,,1.3403820991516113,,1.3403820991516113,8518
50,,1.5728083848953247,,1.5728083848953247,8519
50,,1.719037652015686,,1.719037652015686,8520
50,,1.4933773279190063,,1.4933773279190063,8521
50,,1.5566061735153198,,1.5566061735153198,8522
50,,1.7275621891021729,,1.7275621891021729,8523
50,,1.4267995357513428,,1.4267995357513428,8524
50,,1.2961570024490356,,1.2961570024490356,8525
50,,1.7096216678619385,,1.7096216678619385,8526
50,,1.7466607093811035,,1.7466607093811035,8527
50,,1.6935992240905762,,1.6935992240905762,8528
50,,1.5933043956756592,,1.5933043956756592,8529
50,,1.594170331954956,,1.594170331954956,8530
50,,1.2323330640792847,,1.2323330640792847,8531
50,,1.2991124391555786,,1.2991124391555786,8532
50,,1.6450645923614502,,1.6450645923614502,8533
50,,1.4169782400131226,,1.4169782400131226,8534
50,,1.5487018823623657,,1.5487018823623657,8535
50,,1.8552595376968384,,1.8552595376968384,8536
50,,1.6358094215393066,,1.6358094215393066,8537
50,,1.7113263607025146,,1.7113263607025146,8538
50,,1.6995238065719604,,1.6995238065719604,8539
50,,1.429422378540039,,1.429422378540039,8540
50,,1.7168858051300049,,1.7168858051300049,8541
50,,1.3741872310638428,,1.3741872310638428,8542
50,,1.5604774951934814,,1.5604774951934814,8543
50,,1.7031595706939697,,1.7031595706939697,8544
50,,1.86056649684906,,1.86056649684906,8545
50,,1.4129897356033325,,1.4129897356033325,8546
50,,1.5175530910491943,,1.5175530910491943,8547
50,,1.4761792421340942,,1.4761792421340942,8548
50,,1.7114602327346802,,1.7114602327346802,8549
50,,1.429381251335144,,1.429381251335144,8550
50,,1.497220754623413,,1.497220754623413,8551
50,,1.8173680305480957,,1.8173680305480957,8552
50,,1.361592411994934,,1.361592411994934,8553
50,,1.6986393928527832,,1.6986393928527832,8554
50,,1.4839117527008057,,1.4839117527008057,8555
50,,1.6442466974258423,,1.6442466974258423,8556
50,,1.6718347072601318,,1.6718347072601318,8557
50,,1.6359719038009644,,1.6359719038009644,8558
50,,1.1963706016540527,,1.1963706016540527,8559
50,,1.4656916856765747,,1.4656916856765747,8560
50,,1.474402666091919,,1.474402666091919,8561
50,,1.7009639739990234,,1.7009639739990234,8562
50,,1.6985325813293457,,1.6985325813293457,8563
50,,1.532561182975769,,1.532561182975769,8564
50,,1.674662709236145,,1.674662709236145,8565
50,,1.5892542600631714,,1.5892542600631714,8566
50,,1.6846120357513428,,1.6846120357513428,8567
50,,1.4886261224746704,,1.4886261224746704,8568
50,,1.708531141281128,,1.708531141281128,8569
50,,1.5030782222747803,,1.5030782222747803,8570
50,,1.5239228010177612,,1.5239228010177612,8571
50,,1.7199327945709229,,1.7199327945709229,8572
50,,1.5230433940887451,,1.5230433940887451,8573
50,,1.584740400314331,,1.584740400314331,8574
50,,1.6648311614990234,,1.6648311614990234,8575
50,,1.6931480169296265,,1.6931480169296265,8576
50,,1.753909707069397,,1.753909707069397,8577
50,,1.6079435348510742,,1.6079435348510742,8578
50,,1.540967583656311,,1.540967583656311,8579
50,,1.5696512460708618,,1.5696512460708618,8580
50,,1.5469493865966797,,1.5469493865966797,8581
50,,1.6524442434310913,,1.6524442434310913,8582
50,,1.4927146434783936,,1.4927146434783936,8583
50,,1.8221427202224731,,1.8221427202224731,8584
50,,1.511364221572876,,1.511364221572876,8585
50,,1.3860987424850464,,1.3860987424850464,8586
50,,1.5969822406768799,,1.5969822406768799,8587
50,,1.710057258605957,,1.710057258605957,8588
50,,1.5708073377609253,,1.5708073377609253,8589
50,,1.7233226299285889,,1.7233226299285889,8590
50,,1.597978949546814,,1.597978949546814,8591
50,,1.5157464742660522,,1.5157464742660522,8592
50,,1.7392138242721558,,1.7392138242721558,8593
50,,1.7970964908599854,,1.7970964908599854,8594
50,,1.5715433359146118,,1.5715433359146118,8595
50,,1.4009212255477905,,1.4009212255477905,8596
50,,1.6784411668777466,,1.6784411668777466,8597
50,,1.5166876316070557,,1.5166876316070557,8598
50,,1.7173770666122437,,1.7173770666122437,8599
50,,1.6110954284667969,,1.6110954284667969,8600
50,,1.680656909942627,,1.680656909942627,8601
50,,1.4977947473526,,1.4977947473526,8602
50,,1.7250007390975952,,1.7250007390975952,8603
50,,1.5991564989089966,,1.5991564989089966,8604
50,,1.6856565475463867,,1.6856565475463867,8605
50,,1.2436034679412842,,1.2436034679412842,8606
50,,1.4842716455459595,,1.4842716455459595,8607
50,,1.3908989429473877,,1.3908989429473877,8608
50,,1.7552638053894043,,1.7552638053894043,8609
50,,1.2890117168426514,,1.2890117168426514,8610
50,,1.6956950426101685,,1.6956950426101685,8611
50,,1.4905658960342407,,1.4905658960342407,8612
50,,1.7363330125808716,,1.7363330125808716,8613
50,,1.7887592315673828,,1.7887592315673828,8614
50,,1.5311304330825806,,1.5311304330825806,8615
50,,1.6911523342132568,,1.6911523342132568,8616
50,,1.4232728481292725,,1.4232728481292725,8617
50,,1.8615671396255493,,1.8615671396255493,8618
50,,1.3632837533950806,,1.3632837533950806,8619
50,,1.4144343137741089,,1.4144343137741089,8620
50,,1.6953420639038086,,1.6953420639038086,8621
50,,1.6812238693237305,,1.6812238693237305,8622
50,,1.676576852798462,,1.676576852798462,8623
50,,1.4932010173797607,,1.4932010173797607,8624
50,,1.4357904195785522,,1.4357904195785522,8625
50,,1.6305553913116455,,1.6305553913116455,8626
50,,1.5236438512802124,,1.5236438512802124,8627
50,,1.6416679620742798,,1.6416679620742798,8628
50,,1.4404369592666626,,1.4404369592666626,8629
50,,1.465649127960205,,1.465649127960205,8630
50,,1.4653302431106567,,1.4653302431106567,8631
50,,1.6737866401672363,,1.6737866401672363,8632
50,,1.6714049577713013,,1.6714049577713013,8633
50,,1.568709135055542,,1.568709135055542,8634
50,,1.5703848600387573,,1.5703848600387573,8635
50,,1.396202802658081,,1.396202802658081,8636
50,,1.621228575706482,,1.621228575706482,8637
50,,1.766448974609375,,1.766448974609375,8638
50,,1.4093430042266846,,1.4093430042266846,8639
50,,1.7833224534988403,,1.7833224534988403,8640
50,,1.520456075668335,,1.520456075668335,8641
50,,1.4411693811416626,,1.4411693811416626,8642
50,,1.42055082321167,,1.42055082321167,8643
50,,1.4581583738327026,,1.4581583738327026,8644
50,,1.5298418998718262,,1.5298418998718262,8645
50,,1.6040812730789185,,1.6040812730789185,8646
50,,1.5358529090881348,,1.5358529090881348,8647
50,,1.5647906064987183,,1.5647906064987183,8648
50,,1.6760071516036987,,1.6760071516036987,8649
50,,1.5813466310501099,,1.5813466310501099,8650
50,,1.5469387769699097,,1.5469387769699097,8651
50,,1.607304334640503,,1.607304334640503,8652
50,,1.6111787557601929,,1.6111787557601929,8653
50,,1.7581394910812378,,1.7581394910812378,8654
50,,1.4529670476913452,,1.4529670476913452,8655
50,,1.3379333019256592,,1.3379333019256592,8656
50,,1.659301519393921,,1.659301519393921,8657
50,,1.506759524345398,,1.506759524345398,8658
50,,1.6367591619491577,,1.6367591619491577,8659
50,,1.4528089761734009,,1.4528089761734009,8660
50,,1.3806648254394531,,1.3806648254394531,8661
50,,1.6314973831176758,,1.6314973831176758,8662
50,,1.5056415796279907,,1.5056415796279907,8663
50,,1.4807618856430054,,1.4807618856430054,8664
50,,1.575990080833435,,1.575990080833435,8665
50,,1.5124473571777344,,1.5124473571777344,8666
50,,1.3985600471496582,,1.3985600471496582,8667
50,,1.5414384603500366,,1.5414384603500366,8668
50,,1.3226617574691772,,1.3226617574691772,8669
50,1.5721651315689087,,1.5721651315689087,,8669
51,,1.8868346214294434,,1.8868346214294434,8670
51,,1.5640348196029663,,1.5640348196029663,8671
51,,1.4602280855178833,,1.4602280855178833,8672
51,,1.3192923069000244,,1.3192923069000244,8673
51,,1.6610445976257324,,1.6610445976257324,8674
51,,1.7412184476852417,,1.7412184476852417,8675
51,,1.5218250751495361,,1.5218250751495361,8676
51,,1.5983803272247314,,1.5983803272247314,8677
51,,1.5462971925735474,,1.5462971925735474,8678
51,,1.7399113178253174,,1.7399113178253174,8679
51,,1.2992067337036133,,1.2992067337036133,8680
51,,1.253493070602417,,1.253493070602417,8681
51,,1.4891706705093384,,1.4891706705093384,8682
51,,1.373568058013916,,1.373568058013916,8683
51,,1.7689028978347778,,1.7689028978347778,8684
51,,1.6854416131973267,,1.6854416131973267,8685
51,,1.4400149583816528,,1.4400149583816528,8686
51,,1.4309033155441284,,1.4309033155441284,8687
51,,1.9099204540252686,,1.9099204540252686,8688
51,,1.692673683166504,,1.692673683166504,8689
51,,1.3665058612823486,,1.3665058612823486,8690
51,,1.6180312633514404,,1.6180312633514404,8691
51,,1.5873692035675049,,1.5873692035675049,8692
51,,1.641171932220459,,1.641171932220459,8693
51,,1.561797857284546,,1.561797857284546,8694
51,,1.528654932975769,,1.528654932975769,8695
51,,1.6104453802108765,,1.6104453802108765,8696
51,,1.516599178314209,,1.516599178314209,8697
51,,1.2889654636383057,,1.2889654636383057,8698
51,,1.50363290309906,,1.50363290309906,8699
51,,1.8087303638458252,,1.8087303638458252,8700
51,,1.5741347074508667,,1.5741347074508667,8701
51,,1.6859434843063354,,1.6859434843063354,8702
51,,1.4203819036483765,,1.4203819036483765,8703
51,,1.6036618947982788,,1.6036618947982788,8704
51,,1.4348448514938354,,1.4348448514938354,8705
51,,1.540380835533142,,1.540380835533142,8706
51,,1.5788516998291016,,1.5788516998291016,8707
51,,1.398465633392334,,1.398465633392334,8708
51,,1.4614416360855103,,1.4614416360855103,8709
51,,1.2027931213378906,,1.2027931213378906,8710
51,,1.782012701034546,,1.782012701034546,8711
51,,1.6628247499465942,,1.6628247499465942,8712
51,,1.713402271270752,,1.713402271270752,8713
51,,1.7604037523269653,,1.7604037523269653,8714
51,,1.6353800296783447,,1.6353800296783447,8715
51,,1.6605814695358276,,1.6605814695358276,8716
51,,1.7271158695220947,,1.7271158695220947,8717
51,,1.3027563095092773,,1.3027563095092773,8718
51,,1.5810673236846924,,1.5810673236846924,8719
51,,1.8812466859817505,,1.8812466859817505,8720
51,,1.4275518655776978,,1.4275518655776978,8721
51,,1.6940213441848755,,1.6940213441848755,8722
51,,1.417365550994873,,1.417365550994873,8723
51,,1.4670610427856445,,1.4670610427856445,8724
51,,1.630354642868042,,1.630354642868042,8725
51,,1.4681661128997803,,1.4681661128997803,8726
51,,1.7067097425460815,,1.7067097425460815,8727
51,,1.3795777559280396,,1.3795777559280396,8728
51,,1.3082433938980103,,1.3082433938980103,8729
51,,1.6824041604995728,,1.6824041604995728,8730
51,,1.6788462400436401,,1.6788462400436401,8731
51,,1.5814918279647827,,1.5814918279647827,8732
51,,1.8437955379486084,,1.8437955379486084,8733
51,,1.5342071056365967,,1.5342071056365967,8734
51,,1.6073267459869385,,1.6073267459869385,8735
51,,1.6216248273849487,,1.6216248273849487,8736
51,,1.7138996124267578,,1.7138996124267578,8737
51,,1.4468516111373901,,1.4468516111373901,8738
51,,1.4907320737838745,,1.4907320737838745,8739
51,,1.8082391023635864,,1.8082391023635864,8740
51,,1.2780171632766724,,1.2780171632766724,8741
51,,1.6433911323547363,,1.6433911323547363,8742
51,,1.4810072183609009,,1.4810072183609009,8743
51,,1.437616229057312,,1.437616229057312,8744
51,,1.7095751762390137,,1.7095751762390137,8745
51,,1.5885725021362305,,1.5885725021362305,8746
51,,1.4952024221420288,,1.4952024221420288,8747
51,,1.5507612228393555,,1.5507612228393555,8748
51,,1.8409987688064575,,1.8409987688064575,8749
51,,1.7603468894958496,,1.7603468894958496,8750
51,,1.6445354223251343,,1.6445354223251343,8751
51,,1.318359375,,1.318359375,8752
51,,1.5219769477844238,,1.5219769477844238,8753
51,,1.7217519283294678,,1.7217519283294678,8754
51,,1.5732558965682983,,1.5732558965682983,8755
51,,1.283431887626648,,1.283431887626648,8756
51,,1.2832533121109009,,1.2832533121109009,8757
51,,1.4766840934753418,,1.4766840934753418,8758
51,,1.8601731061935425,,1.8601731061935425,8759
51,,1.7087997198104858,,1.7087997198104858,8760
51,,1.7280582189559937,,1.7280582189559937,8761
51,,1.609453797340393,,1.609453797340393,8762
51,,1.704789161682129,,1.704789161682129,8763
51,,1.4889708757400513,,1.4889708757400513,8764
51,,1.4750080108642578,,1.4750080108642578,8765
51,,1.627776026725769,,1.627776026725769,8766
51,,1.785291075706482,,1.785291075706482,8767
51,,1.606637716293335,,1.606637716293335,8768
51,,1.522544264793396,,1.522544264793396,8769
51,,1.6314529180526733,,1.6314529180526733,8770
51,,1.5138719081878662,,1.5138719081878662,8771
51,,1.745250940322876,,1.745250940322876,8772
51,,1.7453535795211792,,1.7453535795211792,8773
51,,1.647190809249878,,1.647190809249878,8774
51,,1.3172624111175537,,1.3172624111175537,8775
51,,1.40229332447052,,1.40229332447052,8776
51,,1.8521696329116821,,1.8521696329116821,8777
51,,1.4011338949203491,,1.4011338949203491,8778
51,,1.4087196588516235,,1.4087196588516235,8779
51,,1.2767994403839111,,1.2767994403839111,8780
51,,1.633868932723999,,1.633868932723999,8781
51,,1.633752703666687,,1.633752703666687,8782
51,,1.69617760181427,,1.69617760181427,8783
51,,1.4246962070465088,,1.4246962070465088,8784
51,,1.8080430030822754,,1.8080430030822754,8785
51,,1.6446092128753662,,1.6446092128753662,8786
51,,1.731429100036621,,1.731429100036621,8787
51,,1.4767308235168457,,1.4767308235168457,8788
51,,1.7364259958267212,,1.7364259958267212,8789
51,,1.8219995498657227,,1.8219995498657227,8790
51,,1.5243374109268188,,1.5243374109268188,8791
51,,1.2253117561340332,,1.2253117561340332,8792
51,,1.6154260635375977,,1.6154260635375977,8793
51,,1.242669701576233,,1.242669701576233,8794
51,,1.2980728149414062,,1.2980728149414062,8795
51,,1.4799678325653076,,1.4799678325653076,8796
51,,1.8198039531707764,,1.8198039531707764,8797
51,,1.5055315494537354,,1.5055315494537354,8798
51,,1.7021653652191162,,1.7021653652191162,8799
51,,1.533524513244629,,1.533524513244629,8800
51,,1.403978705406189,,1.403978705406189,8801
51,,1.7353615760803223,,1.7353615760803223,8802
51,,1.4394100904464722,,1.4394100904464722,8803
51,,1.7583215236663818,,1.7583215236663818,8804
51,,1.5661884546279907,,1.5661884546279907,8805
51,,1.465643286705017,,1.465643286705017,8806
51,,1.5333797931671143,,1.5333797931671143,8807
51,,1.6556354761123657,,1.6556354761123657,8808
51,,1.871209740638733,,1.871209740638733,8809
51,,1.5403399467468262,,1.5403399467468262,8810
51,,1.6762105226516724,,1.6762105226516724,8811
51,,1.4174436330795288,,1.4174436330795288,8812
51,,1.510648250579834,,1.510648250579834,8813
51,,1.425758957862854,,1.425758957862854,8814
51,,1.4716286659240723,,1.4716286659240723,8815
51,,1.6919751167297363,,1.6919751167297363,8816
51,,1.4602428674697876,,1.4602428674697876,8817
51,,1.360901117324829,,1.360901117324829,8818
51,,1.6110094785690308,,1.6110094785690308,8819
51,,1.8306884765625,,1.8306884765625,8820
51,,1.656429409980774,,1.656429409980774,8821
51,,1.813370704650879,,1.813370704650879,8822
51,,1.4295654296875,,1.4295654296875,8823
51,,1.5544625520706177,,1.5544625520706177,8824
51,,1.6322880983352661,,1.6322880983352661,8825
51,,1.5136630535125732,,1.5136630535125732,8826
51,,1.5581786632537842,,1.5581786632537842,8827
51,,1.5072723627090454,,1.5072723627090454,8828
51,,1.1371623277664185,,1.1371623277664185,8829
51,,1.5385445356369019,,1.5385445356369019,8830
51,,1.7758342027664185,,1.7758342027664185,8831
51,,1.4719692468643188,,1.4719692468643188,8832
51,,1.60518479347229,,1.60518479347229,8833
51,,1.5479503870010376,,1.5479503870010376,8834
51,,1.6386851072311401,,1.6386851072311401,8835
51,,1.7083531618118286,,1.7083531618118286,8836
51,,1.5501148700714111,,1.5501148700714111,8837
51,,1.5606266260147095,,1.5606266260147095,8838
51,,1.4420572519302368,,1.4420572519302368,8839
51,1.5700021982192993,,1.5700021982192993,,8839
52,,1.4676250219345093,,1.4676250219345093,8840
52,,1.7542750835418701,,1.7542750835418701,8841
52,,1.7033483982086182,,1.7033483982086182,8842
52,,1.6020060777664185,,1.6020060777664185,8843
52,,1.592462420463562,,1.592462420463562,8844
52,,1.651642918586731,,1.651642918586731,8845
52,,1.5062822103500366,,1.5062822103500366,8846
52,,1.5366841554641724,,1.5366841554641724,8847
52,,1.3833330869674683,,1.3833330869674683,8848
52,,1.8640975952148438,,1.8640975952148438,8849
52,,1.4866483211517334,,1.4866483211517334,8850
52,,1.4047151803970337,,1.4047151803970337,8851
52,,1.8314540386199951,,1.8314540386199951,8852
52,,1.6372803449630737,,1.6372803449630737,8853
52,,1.7657288312911987,,1.7657288312911987,8854
52,,1.6289173364639282,,1.6289173364639282,8855
52,,1.616549015045166,,1.616549015045166,8856
52,,1.4384993314743042,,1.4384993314743042,8857
52,,1.5629419088363647,,1.5629419088363647,8858
52,,1.5586297512054443,,1.5586297512054443,8859
52,,1.5912847518920898,,1.5912847518920898,8860
52,,1.4199172258377075,,1.4199172258377075,8861
52,,1.3519154787063599,,1.3519154787063599,8862
52,,1.5544761419296265,,1.5544761419296265,8863
52,,1.8865339756011963,,1.8865339756011963,8864
52,,1.5929231643676758,,1.5929231643676758,8865
52,,1.4887953996658325,,1.4887953996658325,8866
52,,1.4174282550811768,,1.4174282550811768,8867
52,,1.6389985084533691,,1.6389985084533691,8868
52,,1.6761937141418457,,1.6761937141418457,8869
52,,1.4445147514343262,,1.4445147514343262,8870
52,,1.6000558137893677,,1.6000558137893677,8871
52,,1.5211492776870728,,1.5211492776870728,8872
52,,1.6588084697723389,,1.6588084697723389,8873
52,,1.5236318111419678,,1.5236318111419678,8874
52,,1.6226180791854858,,1.6226180791854858,8875
52,,1.5772264003753662,,1.5772264003753662,8876
52,,1.7698748111724854,,1.7698748111724854,8877
52,,1.7280305624008179,,1.7280305624008179,8878
52,,1.41883385181427,,1.41883385181427,8879
52,,1.5154240131378174,,1.5154240131378174,8880
52,,1.647828459739685,,1.647828459739685,8881
52,,1.6054738759994507,,1.6054738759994507,8882
52,,1.6129049062728882,,1.6129049062728882,8883
52,,1.5840864181518555,,1.5840864181518555,8884
52,,1.3268566131591797,,1.3268566131591797,8885
52,,1.5306086540222168,,1.5306086540222168,8886
52,,1.5268385410308838,,1.5268385410308838,8887
52,,1.5914864540100098,,1.5914864540100098,8888
52,,1.7679523229599,,1.7679523229599,8889
52,,1.6257011890411377,,1.6257011890411377,8890
52,,1.5428820848464966,,1.5428820848464966,8891
52,,1.206902265548706,,1.206902265548706,8892
52,,1.7004247903823853,,1.7004247903823853,8893
52,,1.6711841821670532,,1.6711841821670532,8894
52,,1.4725834131240845,,1.4725834131240845,8895
52,,1.4688185453414917,,1.4688185453414917,8896
52,,1.4247852563858032,,1.4247852563858032,8897
52,,1.3818613290786743,,1.3818613290786743,8898
52,,1.5546672344207764,,1.5546672344207764,8899
52,,1.803612470626831,,1.803612470626831,8900
52,,1.4420511722564697,,1.4420511722564697,8901
52,,1.506577491760254,,1.506577491760254,8902
52,,1.7964868545532227,,1.7964868545532227,8903
52,,1.6376559734344482,,1.6376559734344482,8904
52,,1.569070816040039,,1.569070816040039,8905
52,,1.4474436044692993,,1.4474436044692993,8906
52,,1.3965920209884644,,1.3965920209884644,8907
52,,1.4348732233047485,,1.4348732233047485,8908
52,,1.6076619625091553,,1.6076619625091553,8909
52,,1.2882887125015259,,1.2882887125015259,8910
52,,1.490535020828247,,1.490535020828247,8911
52,,1.4677209854125977,,1.4677209854125977,8912
52,,1.6237701177597046,,1.6237701177597046,8913
52,,1.5219229459762573,,1.5219229459762573,8914
52,,1.274811863899231,,1.274811863899231,8915
52,,1.5466910600662231,,1.5466910600662231,8916
52,,1.4448485374450684,,1.4448485374450684,8917
52,,1.6722052097320557,,1.6722052097320557,8918
52,,1.2498629093170166,,1.2498629093170166,8919
52,,1.6768205165863037,,1.6768205165863037,8920
52,,1.64534330368042,,1.64534330368042,8921
52,,1.4474529027938843,,1.4474529027938843,8922
52,,1.688655138015747,,1.688655138015747,8923
52,,1.4328715801239014,,1.4328715801239014,8924
52,,1.6555050611495972,,1.6555050611495972,8925
52,,1.1930681467056274,,1.1930681467056274,8926
52,,1.202353835105896,,1.202353835105896,8927
52,,1.6474554538726807,,1.6474554538726807,8928
52,,1.584376573562622,,1.584376573562622,8929
52,,1.5026872158050537,,1.5026872158050537,8930
52,,1.7218021154403687,,1.7218021154403687,8931
52,,1.283415675163269,,1.283415675163269,8932
52,,1.530027151107788,,1.530027151107788,8933
52,,1.5050780773162842,,1.5050780773162842,8934
52,,1.3189785480499268,,1.3189785480499268,8935
52,,1.6329624652862549,,1.6329624652862549,8936
52,,1.7314653396606445,,1.7314653396606445,8937
52,,1.5319373607635498,,1.5319373607635498,8938
52,,1.4701420068740845,,1.4701420068740845,8939
52,,1.5984995365142822,,1.5984995365142822,8940
52,,1.7004146575927734,,1.7004146575927734,8941
52,,1.4526314735412598,,1.4526314735412598,8942
52,,1.54514741897583,,1.54514741897583,8943
52,,1.423069953918457,,1.423069953918457,8944
52,,1.5558382272720337,,1.5558382272720337,8945
52,,1.5994501113891602,,1.5994501113891602,8946
52,,1.4302939176559448,,1.4302939176559448,8947
52,,1.681486964225769,,1.681486964225769,8948
52,,1.623171091079712,,1.623171091079712,8949
52,,1.4412109851837158,,1.4412109851837158,8950
52,,1.4761914014816284,,1.4761914014816284,8951
52,,1.565954566001892,,1.565954566001892,8952
52,,1.3736283779144287,,1.3736283779144287,8953
52,,1.6521931886672974,,1.6521931886672974,8954
52,,1.6170903444290161,,1.6170903444290161,8955
52,,1.6705466508865356,,1.6705466508865356,8956
52,,1.5486087799072266,,1.5486087799072266,8957
52,,1.7966378927230835,,1.7966378927230835,8958
52,,1.616407036781311,,1.616407036781311,8959
52,,1.3301689624786377,,1.3301689624786377,8960
52,,1.3883476257324219,,1.3883476257324219,8961
52,,1.6451613903045654,,1.6451613903045654,8962
52,,1.5897413492202759,,1.5897413492202759,8963
52,,1.3334935903549194,,1.3334935903549194,8964
52,,1.7514066696166992,,1.7514066696166992,8965
52,,1.676828384399414,,1.676828384399414,8966
52,,1.6665068864822388,,1.6665068864822388,8967
52,,1.500312089920044,,1.500312089920044,8968
52,,1.4806212186813354,,1.4806212186813354,8969
52,,1.6640645265579224,,1.6640645265579224,8970
52,,1.7389073371887207,,1.7389073371887207,8971
52,,1.7261210680007935,,1.7261210680007935,8972
52,,1.4192942380905151,,1.4192942380905151,8973
52,,1.7127327919006348,,1.7127327919006348,8974
52,,1.640352487564087,,1.640352487564087,8975
52,,1.5654826164245605,,1.5654826164245605,8976
52,,1.2813746929168701,,1.2813746929168701,8977
52,,1.4452779293060303,,1.4452779293060303,8978
52,,1.6090095043182373,,1.6090095043182373,8979
52,,1.9126542806625366,,1.9126542806625366,8980
52,,1.3760875463485718,,1.3760875463485718,8981
52,,1.6832164525985718,,1.6832164525985718,8982
52,,1.6354657411575317,,1.6354657411575317,8983
52,,1.781333327293396,,1.781333327293396,8984
52,,1.6398826837539673,,1.6398826837539673,8985
52,,1.5939351320266724,,1.5939351320266724,8986
52,,1.6621520519256592,,1.6621520519256592,8987
52,,1.7329163551330566,,1.7329163551330566,8988
52,,1.6619993448257446,,1.6619993448257446,8989
52,,1.5737262964248657,,1.5737262964248657,8990
52,,1.2236380577087402,,1.2236380577087402,8991
52,,1.6047232151031494,,1.6047232151031494,8992
52,,1.749890685081482,,1.749890685081482,8993
52,,1.5149909257888794,,1.5149909257888794,8994
52,,1.6320910453796387,,1.6320910453796387,8995
52,,1.488398551940918,,1.488398551940918,8996
52,,1.5986677408218384,,1.5986677408218384,8997
52,,1.471587061882019,,1.471587061882019,8998
52,,1.5752073526382446,,1.5752073526382446,8999
52,,1.6176161766052246,,1.6176161766052246,9000
52,,1.467117190361023,,1.467117190361023,9001
52,,1.701009750366211,,1.701009750366211,9002
52,,1.371551752090454,,1.371551752090454,9003
52,,1.5742384195327759,,1.5742384195327759,9004
52,,1.7201155424118042,,1.7201155424118042,9005
52,,1.5018054246902466,,1.5018054246902466,9006
52,,1.7432042360305786,,1.7432042360305786,9007
52,,1.4408035278320312,,1.4408035278320312,9008
52,,2.187520742416382,,2.187520742416382,9009
52,1.5614148378372192,,1.5614148378372192,,9009
53,,1.4265227317810059,,1.4265227317810059,9010
53,,1.4194092750549316,,1.4194092750549316,9011
53,,1.7316133975982666,,1.7316133975982666,9012
53,,1.4327667951583862,,1.4327667951583862,9013
53,,1.608878493309021,,1.608878493309021,9014
53,,1.3647675514221191,,1.3647675514221191,9015
53,,1.3750897645950317,,1.3750897645950317,9016
53,,1.5596214532852173,,1.5596214532852173,9017
53,,1.659087896347046,,1.659087896347046,9018
53,,1.502719759941101,,1.502719759941101,9019
53,,1.3763099908828735,,1.3763099908828735,9020
53,,1.5603361129760742,,1.5603361129760742,9021
53,,1.7270445823669434,,1.7270445823669434,9022
53,,1.6704543828964233,,1.6704543828964233,9023
53,,1.3041399717330933,,1.3041399717330933,9024
53,,1.5171810388565063,,1.5171810388565063,9025
53,,1.5410547256469727,,1.5410547256469727,9026
53,,1.38968026638031,,1.38968026638031,9027
53,,1.5839265584945679,,1.5839265584945679,9028
53,,1.598232626914978,,1.598232626914978,9029
53,,1.6330212354660034,,1.6330212354660034,9030
53,,1.4987742900848389,,1.4987742900848389,9031
53,,1.6307806968688965,,1.6307806968688965,9032
53,,1.4474178552627563,,1.4474178552627563,9033
53,,1.4324908256530762,,1.4324908256530762,9034
53,,1.599473237991333,,1.599473237991333,9035
53,,1.647974967956543,,1.647974967956543,9036
53,,1.2815016508102417,,1.2815016508102417,9037
53,,1.5517659187316895,,1.5517659187316895,9038
53,,1.5086331367492676,,1.5086331367492676,9039
53,,1.5241330862045288,,1.5241330862045288,9040
53,,1.5266139507293701,,1.5266139507293701,9041
53,,1.6412073373794556,,1.6412073373794556,9042
53,,1.4655250310897827,,1.4655250310897827,9043
53,,1.6478939056396484,,1.6478939056396484,9044
53,,1.792947769165039,,1.792947769165039,9045
53,,1.45663583278656,,1.45663583278656,9046
53,,1.6597737073898315,,1.6597737073898315,9047
53,,1.6267179250717163,,1.6267179250717163,9048
53,,1.6144754886627197,,1.6144754886627197,9049
53,,1.2856194972991943,,1.2856194972991943,9050
53,,1.6528388261795044,,1.6528388261795044,9051
53,,1.5123531818389893,,1.5123531818389893,9052
53,,1.0961723327636719,,1.0961723327636719,9053
53,,1.7188972234725952,,1.7188972234725952,9054
53,,1.4646037817001343,,1.4646037817001343,9055
53,,1.6321455240249634,,1.6321455240249634,9056
53,,1.557131290435791,,1.557131290435791,9057
53,,1.417556643486023,,1.417556643486023,9058
53,,1.2215712070465088,,1.2215712070465088,9059
53,,1.6821787357330322,,1.6821787357330322,9060
53,,1.3818960189819336,,1.3818960189819336,9061
53,,1.2735995054244995,,1.2735995054244995,9062
53,,1.4816433191299438,,1.4816433191299438,9063
53,,1.4962400197982788,,1.4962400197982788,9064
53,,1.5323091745376587,,1.5323091745376587,9065
53,,1.4560834169387817,,1.4560834169387817,9066
53,,1.541954517364502,,1.541954517364502,9067
53,,1.4829860925674438,,1.4829860925674438,9068
53,,1.5881671905517578,,1.5881671905517578,9069
53,,1.4904358386993408,,1.4904358386993408,9070
53,,1.5794419050216675,,1.5794419050216675,9071
53,,1.8184856176376343,,1.8184856176376343,9072
53,,1.7581062316894531,,1.7581062316894531,9073
53,,1.6773477792739868,,1.6773477792739868,9074
53,,1.4256815910339355,,1.4256815910339355,9075
53,,1.4163720607757568,,1.4163720607757568,9076
53,,1.686944603919983,,1.686944603919983,9077
53,,1.3476108312606812,,1.3476108312606812,9078
53,,1.4539295434951782,,1.4539295434951782,9079
53,,1.4828739166259766,,1.4828739166259766,9080
53,,1.5797841548919678,,1.5797841548919678,9081
53,,1.5834081172943115,,1.5834081172943115,9082
53,,1.4183728694915771,,1.4183728694915771,9083
53,,1.4269182682037354,,1.4269182682037354,9084
53,,1.6967469453811646,,1.6967469453811646,9085
53,,1.6529887914657593,,1.6529887914657593,9086
53,,1.5340802669525146,,1.5340802669525146,9087
53,,1.7186962366104126,,1.7186962366104126,9088
53,,1.749122142791748,,1.749122142791748,9089
53,,1.615418791770935,,1.615418791770935,9090
53,,1.282840609550476,,1.282840609550476,9091
53,,1.598158836364746,,1.598158836364746,9092
53,,1.776767611503601,,1.776767611503601,9093
53,,1.4140230417251587,,1.4140230417251587,9094
53,,1.5192420482635498,,1.5192420482635498,9095
53,,1.5334234237670898,,1.5334234237670898,9096
53,,1.5692706108093262,,1.5692706108093262,9097
53,,1.5517703294754028,,1.5517703294754028,9098
53,,1.778906226158142,,1.778906226158142,9099
53,,1.5543454885482788,,1.5543454885482788,9100
53,,1.6580206155776978,,1.6580206155776978,9101
53,,1.6103001832962036,,1.6103001832962036,9102
53,,1.6324150562286377,,1.6324150562286377,9103
53,,1.357323169708252,,1.357323169708252,9104
53,,1.4767869710922241,,1.4767869710922241,9105
53,,1.3660259246826172,,1.3660259246826172,9106
53,,1.6787422895431519,,1.6787422895431519,9107
53,,1.5061439275741577,,1.5061439275741577,9108
53,,1.4130611419677734,,1.4130611419677734,9109
53,,1.5495656728744507,,1.5495656728744507,9110
53,,1.4780771732330322,,1.4780771732330322,9111
53,,1.3492463827133179,,1.3492463827133179,9112
53,,1.6581166982650757,,1.6581166982650757,9113
53,,1.6357132196426392,,1.6357132196426392,9114
53,,1.379898190498352,,1.379898190498352,9115
53,,1.568840503692627,,1.568840503692627,9116
53,,1.5943211317062378,,1.5943211317062378,9117
53,,1.6310944557189941,,1.6310944557189941,9118
53,,1.4601751565933228,,1.4601751565933228,9119
53,,1.4709138870239258,,1.4709138870239258,9120
53,,1.8211437463760376,,1.8211437463760376,9121
53,,1.614518404006958,,1.614518404006958,9122
53,,1.6439883708953857,,1.6439883708953857,9123
53,,1.6192048788070679,,1.6192048788070679,9124
53,,1.6606413125991821,,1.6606413125991821,9125
53,,1.7470850944519043,,1.7470850944519043,9126
53,,1.7953107357025146,,1.7953107357025146,9127
53,,1.7377687692642212,,1.7377687692642212,9128
53,,1.74154531955719,,1.74154531955719,9129
53,,1.6576992273330688,,1.6576992273330688,9130
53,,1.76100492477417,,1.76100492477417,9131
53,,1.5279412269592285,,1.5279412269592285,9132
53,,1.5038630962371826,,1.5038630962371826,9133
53,,1.3774394989013672,,1.3774394989013672,9134
53,,1.890006422996521,,1.890006422996521,9135
53,,1.2069953680038452,,1.2069953680038452,9136
53,,1.6556519269943237,,1.6556519269943237,9137
53,,1.4050554037094116,,1.4050554037094116,9138
53,,1.68351149559021,,1.68351149559021,9139
53,,1.7177941799163818,,1.7177941799163818,9140
53,,1.8964942693710327,,1.8964942693710327,9141
53,,1.4809223413467407,,1.4809223413467407,9142
53,,1.5904736518859863,,1.5904736518859863,9143
53,,1.3740267753601074,,1.3740267753601074,9144
53,,1.5646352767944336,,1.5646352767944336,9145
53,,1.1885689496994019,,1.1885689496994019,9146
53,,1.608046054840088,,1.608046054840088,9147
53,,1.5107421875,,1.5107421875,9148
53,,1.6412490606307983,,1.6412490606307983,9149
53,,1.5296005010604858,,1.5296005010604858,9150
53,,1.5360710620880127,,1.5360710620880127,9151
53,,1.2561548948287964,,1.2561548948287964,9152
53,,1.7145469188690186,,1.7145469188690186,9153
53,,1.5255416631698608,,1.5255416631698608,9154
53,,1.5944836139678955,,1.5944836139678955,9155
53,,1.4174635410308838,,1.4174635410308838,9156
53,,1.7274879217147827,,1.7274879217147827,9157
53,,1.6429691314697266,,1.6429691314697266,9158
53,,1.425140619277954,,1.425140619277954,9159
53,,1.288970947265625,,1.288970947265625,9160
53,,1.6448038816452026,,1.6448038816452026,9161
53,,1.3185815811157227,,1.3185815811157227,9162
53,,1.8112287521362305,,1.8112287521362305,9163
53,,1.3213262557983398,,1.3213262557983398,9164
53,,1.4065910577774048,,1.4065910577774048,9165
53,,1.675776481628418,,1.675776481628418,9166
53,,1.721494197845459,,1.721494197845459,9167
53,,1.7729227542877197,,1.7729227542877197,9168
53,,1.7915894985198975,,1.7915894985198975,9169
53,,1.549315333366394,,1.549315333366394,9170
53,,1.7055140733718872,,1.7055140733718872,9171
53,,1.5487103462219238,,1.5487103462219238,9172
53,,1.6445423364639282,,1.6445423364639282,9173
53,,1.5832723379135132,,1.5832723379135132,9174
53,,1.6625220775604248,,1.6625220775604248,9175
53,,1.4741491079330444,,1.4741491079330444,9176
53,,1.7001906633377075,,1.7001906633377075,9177
53,,1.534397840499878,,1.534397840499878,9178
53,,1.345720887184143,,1.345720887184143,9179
53,1.5517765283584595,,1.5517765283584595,,9179
54,,1.2767444849014282,,1.2767444849014282,9180
54,,1.5638694763183594,,1.5638694763183594,9181
54,,1.6658138036727905,,1.6658138036727905,9182
54,,1.4343711137771606,,1.4343711137771606,9183
54,,1.6188459396362305,,1.6188459396362305,9184
54,,1.4814066886901855,,1.4814066886901855,9185
54,,1.7437127828598022,,1.7437127828598022,9186
54,,1.3861874341964722,,1.3861874341964722,9187
54,,1.429589033126831,,1.429589033126831,9188
54,,1.3264048099517822,,1.3264048099517822,9189
54,,1.5015959739685059,,1.5015959739685059,9190
54,,1.5083411931991577,,1.5083411931991577,9191
54,,1.4415090084075928,,1.4415090084075928,9192
54,,1.65006685256958,,1.65006685256958,9193
54,,1.5188360214233398,,1.5188360214233398,9194
54,,1.6236572265625,,1.6236572265625,9195
54,,1.8023728132247925,,1.8023728132247925,9196
54,,1.7296457290649414,,1.7296457290649414,9197
54,,1.7654139995574951,,1.7654139995574951,9198
54,,1.5270088911056519,,1.5270088911056519,9199
54,,1.6291322708129883,,1.6291322708129883,9200
54,,1.6218925714492798,,1.6218925714492798,9201
54,,1.699700951576233,,1.699700951576233,9202
54,,1.7713350057601929,,1.7713350057601929,9203
54,,1.456501841545105,,1.456501841545105,9204
54,,1.5053210258483887,,1.5053210258483887,9205
54,,1.6914633512496948,,1.6914633512496948,9206
54,,1.6104546785354614,,1.6104546785354614,9207
54,,1.6401445865631104,,1.6401445865631104,9208
54,,1.6199489831924438,,1.6199489831924438,9209
54,,1.3732117414474487,,1.3732117414474487,9210
54,,1.4187171459197998,,1.4187171459197998,9211
54,,1.8170315027236938,,1.8170315027236938,9212
54,,1.6227737665176392,,1.6227737665176392,9213
54,,1.677734375,,1.677734375,9214
54,,1.5562057495117188,,1.5562057495117188,9215
54,,1.649596095085144,,1.649596095085144,9216
54,,1.5768948793411255,,1.5768948793411255,9217
54,,1.4381219148635864,,1.4381219148635864,9218
54,,1.771278977394104,,1.771278977394104,9219
54,,1.8080517053604126,,1.8080517053604126,9220
54,,1.3851746320724487,,1.3851746320724487,9221
54,,1.508971929550171,,1.508971929550171,9222
54,,1.7171361446380615,,1.7171361446380615,9223
54,,1.5181266069412231,,1.5181266069412231,9224
54,,1.5541800260543823,,1.5541800260543823,9225
54,,1.4036458730697632,,1.4036458730697632,9226
54,,1.5641825199127197,,1.5641825199127197,9227
54,,1.5743036270141602,,1.5743036270141602,9228
54,,1.5988374948501587,,1.5988374948501587,9229
54,,1.235295295715332,,1.235295295715332,9230
54,,1.5062785148620605,,1.5062785148620605,9231
54,,1.7106541395187378,,1.7106541395187378,9232
54,,1.7281017303466797,,1.7281017303466797,9233
54,,1.548262357711792,,1.548262357711792,9234
54,,1.604692816734314,,1.604692816734314,9235
54,,1.7580218315124512,,1.7580218315124512,9236
54,,1.5931544303894043,,1.5931544303894043,9237
54,,1.5201210975646973,,1.5201210975646973,9238
54,,1.4511096477508545,,1.4511096477508545,9239
54,,1.4132194519042969,,1.4132194519042969,9240
54,,1.3403106927871704,,1.3403106927871704,9241
54,,1.6549535989761353,,1.6549535989761353,9242
54,,1.5260316133499146,,1.5260316133499146,9243
54,,1.639761209487915,,1.639761209487915,9244
54,,1.568756103515625,,1.568756103515625,9245
54,,1.4829610586166382,,1.4829610586166382,9246
54,,1.5701276063919067,,1.5701276063919067,9247
54,,1.6930112838745117,,1.6930112838745117,9248
54,,1.44047212600708,,1.44047212600708,9249
54,,1.5294804573059082,,1.5294804573059082,9250
54,,1.5721088647842407,,1.5721088647842407,9251
54,,1.5315945148468018,,1.5315945148468018,9252
54,,1.5723472833633423,,1.5723472833633423,9253
54,,1.701108455657959,,1.701108455657959,9254
54,,1.689827561378479,,1.689827561378479,9255
54,,1.5089271068572998,,1.5089271068572998,9256
54,,1.5228090286254883,,1.5228090286254883,9257
54,,1.5499558448791504,,1.5499558448791504,9258
54,,1.45244562625885,,1.45244562625885,9259
54,,1.4789937734603882,,1.4789937734603882,9260
54,,1.4246933460235596,,1.4246933460235596,9261
54,,1.3071140050888062,,1.3071140050888062,9262
54,,1.730792760848999,,1.730792760848999,9263
54,,1.7095495462417603,,1.7095495462417603,9264
54,,1.437170147895813,,1.437170147895813,9265
54,,1.7241945266723633,,1.7241945266723633,9266
54,,1.4765795469284058,,1.4765795469284058,9267
54,,1.5333868265151978,,1.5333868265151978,9268
54,,1.5004663467407227,,1.5004663467407227,9269
54,,1.5844465494155884,,1.5844465494155884,9270
54,,1.6555397510528564,,1.6555397510528564,9271
54,,1.4460937976837158,,1.4460937976837158,9272
54,,1.4467297792434692,,1.4467297792434692,9273
54,,1.4603804349899292,,1.4603804349899292,9274
54,,1.595654010772705,,1.595654010772705,9275
54,,1.669378399848938,,1.669378399848938,9276
54,,1.620452642440796,,1.620452642440796,9277
54,,1.759788990020752,,1.759788990020752,9278
54,,1.6016137599945068,,1.6016137599945068,9279
54,,1.6732444763183594,,1.6732444763183594,9280
54,,1.5525529384613037,,1.5525529384613037,9281
54,,1.658048391342163,,1.658048391342163,9282
54,,1.5596691370010376,,1.5596691370010376,9283
54,,1.7617539167404175,,1.7617539167404175,9284
54,,1.3937684297561646,,1.3937684297561646,9285
54,,1.6875687837600708,,1.6875687837600708,9286
54,,1.5927788019180298,,1.5927788019180298,9287
54,,1.215124487876892,,1.215124487876892,9288
54,,1.5458126068115234,,1.5458126068115234,9289
54,,1.723523497581482,,1.723523497581482,9290
54,,1.53805673122406,,1.53805673122406,9291
54,,1.5157999992370605,,1.5157999992370605,9292
54,,1.4404157400131226,,1.4404157400131226,9293
54,,1.554587721824646,,1.554587721824646,9294
54,,1.6869300603866577,,1.6869300603866577,9295
54,,1.5215020179748535,,1.5215020179748535,9296
54,,1.3023759126663208,,1.3023759126663208,9297
54,,1.7225788831710815,,1.7225788831710815,9298
54,,1.3805756568908691,,1.3805756568908691,9299
54,,1.6629225015640259,,1.6629225015640259,9300
54,,1.7141207456588745,,1.7141207456588745,9301
54,,1.561840295791626,,1.561840295791626,9302
54,,1.5783960819244385,,1.5783960819244385,9303
54,,1.4319140911102295,,1.4319140911102295,9304
54,,1.5149931907653809,,1.5149931907653809,9305
54,,1.6989444494247437,,1.6989444494247437,9306
54,,1.4851105213165283,,1.4851105213165283,9307
54,,1.6516927480697632,,1.6516927480697632,9308
54,,1.8233522176742554,,1.8233522176742554,9309
54,,1.7593817710876465,,1.7593817710876465,9310
54,,1.593563199043274,,1.593563199043274,9311
54,,1.7383108139038086,,1.7383108139038086,9312
54,,1.7247425317764282,,1.7247425317764282,9313
54,,1.54710054397583,,1.54710054397583,9314
54,,1.675809383392334,,1.675809383392334,9315
54,,1.5583959817886353,,1.5583959817886353,9316
54,,1.38910973072052,,1.38910973072052,9317
54,,1.6368495225906372,,1.6368495225906372,9318
54,,1.3942441940307617,,1.3942441940307617,9319
54,,1.552515983581543,,1.552515983581543,9320
54,,1.4690146446228027,,1.4690146446228027,9321
54,,1.4373596906661987,,1.4373596906661987,9322
54,,1.4724628925323486,,1.4724628925323486,9323
54,,1.3892465829849243,,1.3892465829849243,9324
54,,1.5260392427444458,,1.5260392427444458,9325
54,,1.2921565771102905,,1.2921565771102905,9326
54,,1.182180404663086,,1.182180404663086,9327
54,,1.3916423320770264,,1.3916423320770264,9328
54,,1.3324989080429077,,1.3324989080429077,9329
54,,1.5671430826187134,,1.5671430826187134,9330
54,,1.7042181491851807,,1.7042181491851807,9331
54,,1.355721354484558,,1.355721354484558,9332
54,,1.549619436264038,,1.549619436264038,9333
54,,1.3401497602462769,,1.3401497602462769,9334
54,,1.5817222595214844,,1.5817222595214844,9335
54,,1.3208104372024536,,1.3208104372024536,9336
54,,1.5466421842575073,,1.5466421842575073,9337
54,,1.6088786125183105,,1.6088786125183105,9338
54,,1.5608519315719604,,1.5608519315719604,9339
54,,1.5444399118423462,,1.5444399118423462,9340
54,,1.4715150594711304,,1.4715150594711304,9341
54,,1.4757157564163208,,1.4757157564163208,9342
54,,1.4186429977416992,,1.4186429977416992,9343
54,,1.794469952583313,,1.794469952583313,9344
54,,1.4170992374420166,,1.4170992374420166,9345
54,,1.4255952835083008,,1.4255952835083008,9346
54,,1.7392715215682983,,1.7392715215682983,9347
54,,1.654758334159851,,1.654758334159851,9348
54,,1.5249305963516235,,1.5249305963516235,9349
54,1.555224061012268,,1.555224061012268,,9349
55,,1.3663184642791748,,1.3663184642791748,9350
55,,1.5132524967193604,,1.5132524967193604,9351
55,,1.6474004983901978,,1.6474004983901978,9352
55,,1.7940559387207031,,1.7940559387207031,9353
55,,1.5350754261016846,,1.5350754261016846,9354
55,,1.5768539905548096,,1.5768539905548096,9355
55,,1.4835028648376465,,1.4835028648376465,9356
55,,1.5967085361480713,,1.5967085361480713,9357
55,,1.4863340854644775,,1.4863340854644775,9358
55,,1.6361234188079834,,1.6361234188079834,9359
55,,1.4198490381240845,,1.4198490381240845,9360
55,,1.603634238243103,,1.603634238243103,9361
55,,1.6490154266357422,,1.6490154266357422,9362
55,,1.3551545143127441,,1.3551545143127441,9363
55,,1.7166954278945923,,1.7166954278945923,9364
55,,1.690130352973938,,1.690130352973938,9365
55,,1.7788665294647217,,1.7788665294647217,9366
55,,1.5830525159835815,,1.5830525159835815,9367
55,,1.5961366891860962,,1.5961366891860962,9368
55,,1.4865005016326904,,1.4865005016326904,9369
55,,1.4926562309265137,,1.4926562309265137,9370
55,,1.7466301918029785,,1.7466301918029785,9371
55,,1.7535840272903442,,1.7535840272903442,9372
55,,1.559651494026184,,1.559651494026184,9373
55,,1.6867773532867432,,1.6867773532867432,9374
55,,1.4276765584945679,,1.4276765584945679,9375
55,,1.5052024126052856,,1.5052024126052856,9376
55,,1.4748440980911255,,1.4748440980911255,9377
55,,1.6730904579162598,,1.6730904579162598,9378
55,,1.6145802736282349,,1.6145802736282349,9379
55,,1.503491997718811,,1.503491997718811,9380
55,,1.581257700920105,,1.581257700920105,9381
55,,1.6179840564727783,,1.6179840564727783,9382
55,,1.6595720052719116,,1.6595720052719116,9383
55,,1.4181946516036987,,1.4181946516036987,9384
55,,1.577388048171997,,1.577388048171997,9385
55,,1.6830476522445679,,1.6830476522445679,9386
55,,1.5598547458648682,,1.5598547458648682,9387
55,,1.5159074068069458,,1.5159074068069458,9388
55,,1.394288182258606,,1.394288182258606,9389
55,,1.562970757484436,,1.562970757484436,9390
55,,1.555107831954956,,1.555107831954956,9391
55,,1.628680944442749,,1.628680944442749,9392
55,,1.6238994598388672,,1.6238994598388672,9393
55,,1.690580129623413,,1.690580129623413,9394
55,,1.5127129554748535,,1.5127129554748535,9395
55,,1.5449192523956299,,1.5449192523956299,9396
55,,1.6970571279525757,,1.6970571279525757,9397
55,,1.443052887916565,,1.443052887916565,9398
55,,1.6056963205337524,,1.6056963205337524,9399
55,,1.4781030416488647,,1.4781030416488647,9400
55,,1.391432762145996,,1.391432762145996,9401
55,,1.4221609830856323,,1.4221609830856323,9402
55,,1.4185833930969238,,1.4185833930969238,9403
55,,1.6846439838409424,,1.6846439838409424,9404
55,,1.4431475400924683,,1.4431475400924683,9405
55,,1.4664937257766724,,1.4664937257766724,9406
55,,1.4127753973007202,,1.4127753973007202,9407
55,,1.4880378246307373,,1.4880378246307373,9408
55,,1.704033374786377,,1.704033374786377,9409
55,,1.6410629749298096,,1.6410629749298096,9410
55,,1.4870816469192505,,1.4870816469192505,9411
55,,1.4952106475830078,,1.4952106475830078,9412
55,,1.5699257850646973,,1.5699257850646973,9413
55,,1.6016281843185425,,1.6016281843185425,9414
55,,1.6652764081954956,,1.6652764081954956,9415
55,,1.5687205791473389,,1.5687205791473389,9416
55,,1.4652897119522095,,1.4652897119522095,9417
55,,1.557017207145691,,1.557017207145691,9418
55,,1.4957730770111084,,1.4957730770111084,9419
55,,1.5043737888336182,,1.5043737888336182,9420
55,,1.7438368797302246,,1.7438368797302246,9421
55,,1.7284551858901978,,1.7284551858901978,9422
55,,1.5919811725616455,,1.5919811725616455,9423
55,,1.4080560207366943,,1.4080560207366943,9424
55,,1.5398911237716675,,1.5398911237716675,9425
55,,1.5132906436920166,,1.5132906436920166,9426
55,,1.8859797716140747,,1.8859797716140747,9427
55,,1.573082447052002,,1.573082447052002,9428
55,,1.6329721212387085,,1.6329721212387085,9429
55,,1.2717807292938232,,1.2717807292938232,9430
55,,1.6018166542053223,,1.6018166542053223,9431
55,,1.4726858139038086,,1.4726858139038086,9432
55,,1.610335350036621,,1.610335350036621,9433
55,,1.8669967651367188,,1.8669967651367188,9434
55,,1.0479381084442139,,1.0479381084442139,9435
55,,1.5763942003250122,,1.5763942003250122,9436
55,,1.4460803270339966,,1.4460803270339966,9437
55,,1.549473762512207,,1.549473762512207,9438
55,,1.6198381185531616,,1.6198381185531616,9439
55,,1.4786995649337769,,1.4786995649337769,9440
55,,1.6661943197250366,,1.6661943197250366,9441
55,,1.7086158990859985,,1.7086158990859985,9442
55,,1.5777329206466675,,1.5777329206466675,9443
55,,1.6706154346466064,,1.6706154346466064,9444
55,,1.30744469165802,,1.30744469165802,9445
55,,1.6036180257797241,,1.6036180257797241,9446
55,,1.5042623281478882,,1.5042623281478882,9447
55,,1.634882926940918,,1.634882926940918,9448
55,,1.5137159824371338,,1.5137159824371338,9449
55,,1.7048522233963013,,1.7048522233963013,9450
55,,1.5879597663879395,,1.5879597663879395,9451
55,,1.5895534753799438,,1.5895534753799438,9452
55,,1.7782456874847412,,1.7782456874847412,9453
55,,1.598337173461914,,1.598337173461914,9454
55,,1.5278685092926025,,1.5278685092926025,9455
55,,1.7988320589065552,,1.7988320589065552,9456
55,,1.5938999652862549,,1.5938999652862549,9457
55,,1.7800853252410889,,1.7800853252410889,9458
55,,1.3703975677490234,,1.3703975677490234,9459
55,,1.3023499250411987,,1.3023499250411987,9460
55,,1.6367965936660767,,1.6367965936660767,9461
55,,1.6653048992156982,,1.6653048992156982,9462
55,,1.706160545349121,,1.706160545349121,9463
55,,1.5593318939208984,,1.5593318939208984,9464
55,,1.3830021619796753,,1.3830021619796753,9465
55,,1.4317947626113892,,1.4317947626113892,9466
55,,1.4917646646499634,,1.4917646646499634,9467
55,,1.5002050399780273,,1.5002050399780273,9468
55,,1.5474218130111694,,1.5474218130111694,9469
55,,1.4383739233016968,,1.4383739233016968,9470
55,,1.4370675086975098,,1.4370675086975098,9471
55,,1.698415756225586,,1.698415756225586,9472
55,,1.7812286615371704,,1.7812286615371704,9473
55,,1.4418021440505981,,1.4418021440505981,9474
55,,1.5269712209701538,,1.5269712209701538,9475
55,,1.5740340948104858,,1.5740340948104858,9476
55,,1.590877652168274,,1.590877652168274,9477
55,,1.5693848133087158,,1.5693848133087158,9478
55,,1.823347568511963,,1.823347568511963,9479
55,,1.4200971126556396,,1.4200971126556396,9480
55,,1.6728816032409668,,1.6728816032409668,9481
55,,1.4945006370544434,,1.4945006370544434,9482
55,,1.363755226135254,,1.363755226135254,9483
55,,1.7136033773422241,,1.7136033773422241,9484
55,,1.311599850654602,,1.311599850654602,9485
55,,1.4414429664611816,,1.4414429664611816,9486
55,,1.3117201328277588,,1.3117201328277588,9487
55,,1.8285188674926758,,1.8285188674926758,9488
55,,1.760867714881897,,1.760867714881897,9489
55,,1.4647084474563599,,1.4647084474563599,9490
55,,1.5479580163955688,,1.5479580163955688,9491
55,,1.4666930437088013,,1.4666930437088013,9492
55,,1.729100227355957,,1.729100227355957,9493
55,,1.6983321905136108,,1.6983321905136108,9494
55,,1.5396193265914917,,1.5396193265914917,9495
55,,1.497104287147522,,1.497104287147522,9496
55,,1.5548900365829468,,1.5548900365829468,9497
55,,1.3883702754974365,,1.3883702754974365,9498
55,,1.5497057437896729,,1.5497057437896729,9499
55,,1.46458101272583,,1.46458101272583,9500
55,,1.66403067111969,,1.66403067111969,9501
55,,1.4894403219223022,,1.4894403219223022,9502
55,,1.7583240270614624,,1.7583240270614624,9503
55,,1.7184057235717773,,1.7184057235717773,9504
55,,1.4351853132247925,,1.4351853132247925,9505
55,,1.4187414646148682,,1.4187414646148682,9506
55,,1.5181841850280762,,1.5181841850280762,9507
55,,1.7716957330703735,,1.7716957330703735,9508
55,,1.620703101158142,,1.620703101158142,9509
55,,1.7221649885177612,,1.7221649885177612,9510
55,,1.4538246393203735,,1.4538246393203735,9511
55,,1.605360746383667,,1.605360746383667,9512
55,,1.683089256286621,,1.683089256286621,9513
55,,1.6268235445022583,,1.6268235445022583,9514
55,,1.385938286781311,,1.385938286781311,9515
55,,1.2769837379455566,,1.2769837379455566,9516
55,,1.323075294494629,,1.323075294494629,9517
55,,1.737618327140808,,1.737618327140808,9518
55,,1.3480626344680786,,1.3480626344680786,9519
55,1.5616428852081299,,1.5616428852081299,,9519
56,,1.633222222328186,,1.633222222328186,9520
56,,1.674104928970337,,1.674104928970337,9521
56,,1.6686590909957886,,1.6686590909957886,9522
56,,1.4735119342803955,,1.4735119342803955,9523
56,,1.515499472618103,,1.515499472618103,9524
56,,1.6613870859146118,,1.6613870859146118,9525
56,,1.8109208345413208,,1.8109208345413208,9526
56,,1.5995303392410278,,1.5995303392410278,9527
56,,1.569169521331787,,1.569169521331787,9528
56,,1.6874760389328003,,1.6874760389328003,9529
56,,1.616753339767456,,1.616753339767456,9530
56,,1.4451274871826172,,1.4451274871826172,9531
56,,1.6033449172973633,,1.6033449172973633,9532
56,,1.7605897188186646,,1.7605897188186646,9533
56,,1.468932867050171,,1.468932867050171,9534
56,,1.5884639024734497,,1.5884639024734497,9535
56,,1.7010083198547363,,1.7010083198547363,9536
56,,1.674502968788147,,1.674502968788147,9537
56,,1.6155633926391602,,1.6155633926391602,9538
56,,1.5266740322113037,,1.5266740322113037,9539
56,,1.6477214097976685,,1.6477214097976685,9540
56,,1.8386521339416504,,1.8386521339416504,9541
56,,1.2772659063339233,,1.2772659063339233,9542
56,,1.8208125829696655,,1.8208125829696655,9543
56,,1.6367673873901367,,1.6367673873901367,9544
56,,1.6567356586456299,,1.6567356586456299,9545
56,,1.763881802558899,,1.763881802558899,9546
56,,1.413163423538208,,1.413163423538208,9547
56,,1.4159375429153442,,1.4159375429153442,9548
56,,1.5089285373687744,,1.5089285373687744,9549
56,,1.4960529804229736,,1.4960529804229736,9550
56,,1.40607488155365,,1.40607488155365,9551
56,,1.402418613433838,,1.402418613433838,9552
56,,1.295647144317627,,1.295647144317627,9553
56,,1.6280404329299927,,1.6280404329299927,9554
56,,1.4058003425598145,,1.4058003425598145,9555
56,,1.7553737163543701,,1.7553737163543701,9556
56,,1.2816556692123413,,1.2816556692123413,9557
56,,1.3978883028030396,,1.3978883028030396,9558
56,,1.4109090566635132,,1.4109090566635132,9559
56,,1.479293704032898,,1.479293704032898,9560
56,,1.7465662956237793,,1.7465662956237793,9561
56,,1.7883243560791016,,1.7883243560791016,9562
56,,1.646663784980774,,1.646663784980774,9563
56,,1.3145636320114136,,1.3145636320114136,9564
56,,1.6876989603042603,,1.6876989603042603,9565
56,,1.4864521026611328,,1.4864521026611328,9566
56,,1.4615641832351685,,1.4615641832351685,9567
56,,1.3653463125228882,,1.3653463125228882,9568
56,,1.7427564859390259,,1.7427564859390259,9569
56,,1.60309898853302,,1.60309898853302,9570
56,,1.4468082189559937,,1.4468082189559937,9571
56,,1.5870795249938965,,1.5870795249938965,9572
56,,1.6075923442840576,,1.6075923442840576,9573
56,,1.5279786586761475,,1.5279786586761475,9574
56,,1.3422054052352905,,1.3422054052352905,9575
56,,1.2335885763168335,,1.2335885763168335,9576
56,,1.4083715677261353,,1.4083715677261353,9577
56,,1.7277261018753052,,1.7277261018753052,9578
56,,1.3921465873718262,,1.3921465873718262,9579
56,,1.7405449151992798,,1.7405449151992798,9580
56,,1.3567270040512085,,1.3567270040512085,9581
56,,1.6398601531982422,,1.6398601531982422,9582
56,,1.6298760175704956,,1.6298760175704956,9583
56,,1.5672317743301392,,1.5672317743301392,9584
56,,1.333414912223816,,1.333414912223816,9585
56,,1.608947992324829,,1.608947992324829,9586
56,,1.4623702764511108,,1.4623702764511108,9587
56,,1.6658945083618164,,1.6658945083618164,9588
56,,1.5777344703674316,,1.5777344703674316,9589
56,,1.705772042274475,,1.705772042274475,9590
56,,1.2204163074493408,,1.2204163074493408,9591
56,,1.7002021074295044,,1.7002021074295044,9592
56,,1.3989800214767456,,1.3989800214767456,9593
56,,1.5906418561935425,,1.5906418561935425,9594
56,,1.5024054050445557,,1.5024054050445557,9595
56,,1.7367680072784424,,1.7367680072784424,9596
56,,1.6422618627548218,,1.6422618627548218,9597
56,,1.4425240755081177,,1.4425240755081177,9598
56,,1.5986000299453735,,1.5986000299453735,9599
56,,1.6500825881958008,,1.6500825881958008,9600
56,,1.8647197484970093,,1.8647197484970093,9601
56,,1.670107364654541,,1.670107364654541,9602
56,,1.4407575130462646,,1.4407575130462646,9603
56,,1.39419424533844,,1.39419424533844,9604
56,,1.430935025215149,,1.430935025215149,9605
56,,1.5867565870285034,,1.5867565870285034,9606
56,,1.6943564414978027,,1.6943564414978027,9607
56,,1.4457138776779175,,1.4457138776779175,9608
56,,1.472582221031189,,1.472582221031189,9609
56,,1.336918830871582,,1.336918830871582,9610
56,,1.5231750011444092,,1.5231750011444092,9611
56,,1.464770793914795,,1.464770793914795,9612
56,,1.733432650566101,,1.733432650566101,9613
56,,1.1008368730545044,,1.1008368730545044,9614
56,,1.5050408840179443,,1.5050408840179443,9615
56,,1.5792304277420044,,1.5792304277420044,9616
56,,1.2863876819610596,,1.2863876819610596,9617
56,,1.4388917684555054,,1.4388917684555054,9618
56,,1.4609547853469849,,1.4609547853469849,9619
56,,1.3109465837478638,,1.3109465837478638,9620
56,,1.2816482782363892,,1.2816482782363892,9621
56,,1.341556191444397,,1.341556191444397,9622
56,,1.2781851291656494,,1.2781851291656494,9623
56,,1.5242574214935303,,1.5242574214935303,9624
56,,1.7783620357513428,,1.7783620357513428,9625
56,,1.4263434410095215,,1.4263434410095215,9626
56,,1.4454562664031982,,1.4454562664031982,9627
56,,1.6479188203811646,,1.6479188203811646,9628
56,,1.7351642847061157,,1.7351642847061157,9629
56,,1.5908093452453613,,1.5908093452453613,9630
56,,1.5421146154403687,,1.5421146154403687,9631
56,,1.4531574249267578,,1.4531574249267578,9632
56,,1.6000784635543823,,1.6000784635543823,9633
56,,1.7027533054351807,,1.7027533054351807,9634
56,,1.5658966302871704,,1.5658966302871704,9635
56,,1.4439955949783325,,1.4439955949783325,9636
56,,1.5628869533538818,,1.5628869533538818,9637
56,,1.6545714139938354,,1.6545714139938354,9638
56,,1.5154523849487305,,1.5154523849487305,9639
56,,1.4022566080093384,,1.4022566080093384,9640
56,,1.488006353378296,,1.488006353378296,9641
56,,1.5503113269805908,,1.5503113269805908,9642
56,,1.476162314414978,,1.476162314414978,9643
56,,1.7151557207107544,,1.7151557207107544,9644
56,,1.4743669033050537,,1.4743669033050537,9645
56,,1.5228873491287231,,1.5228873491287231,9646
56,,1.420095443725586,,1.420095443725586,9647
56,,1.7151222229003906,,1.7151222229003906,9648
56,,1.4471837282180786,,1.4471837282180786,9649
56,,1.74131178855896,,1.74131178855896,9650
56,,1.6657551527023315,,1.6657551527023315,9651
56,,1.7619730234146118,,1.7619730234146118,9652
56,,1.621476173400879,,1.621476173400879,9653
56,,1.5385323762893677,,1.5385323762893677,9654
56,,1.6337648630142212,,1.6337648630142212,9655
56,,1.361747145652771,,1.361747145652771,9656
56,,1.4078600406646729,,1.4078600406646729,9657
56,,1.3518147468566895,,1.3518147468566895,9658
56,,1.2570141553878784,,1.2570141553878784,9659
56,,1.5505667924880981,,1.5505667924880981,9660
56,,1.507014274597168,,1.507014274597168,9661
56,,1.733082890510559,,1.733082890510559,9662
56,,1.4793264865875244,,1.4793264865875244,9663
56,,1.5225045680999756,,1.5225045680999756,9664
56,,1.6778435707092285,,1.6778435707092285,9665
56,,1.406667709350586,,1.406667709350586,9666
56,,1.5444499254226685,,1.5444499254226685,9667
56,,1.6271008253097534,,1.6271008253097534,9668
56,,1.759847640991211,,1.759847640991211,9669
56,,1.599230170249939,,1.599230170249939,9670
56,,1.7873510122299194,,1.7873510122299194,9671
56,,1.7413569688796997,,1.7413569688796997,9672
56,,1.2434484958648682,,1.2434484958648682,9673
56,,1.2944177389144897,,1.2944177389144897,9674
56,,1.6578863859176636,,1.6578863859176636,9675
56,,1.668351411819458,,1.668351411819458,9676
56,,1.3799798488616943,,1.3799798488616943,9677
56,,1.6976120471954346,,1.6976120471954346,9678
56,,1.286097764968872,,1.286097764968872,9679
56,,1.6158578395843506,,1.6158578395843506,9680
56,,1.706237554550171,,1.706237554550171,9681
56,,1.6872144937515259,,1.6872144937515259,9682
56,,1.6357712745666504,,1.6357712745666504,9683
56,,1.6331758499145508,,1.6331758499145508,9684
56,,1.3308603763580322,,1.3308603763580322,9685
56,,1.396409034729004,,1.396409034729004,9686
56,,1.4541975259780884,,1.4541975259780884,9687
56,,1.4141088724136353,,1.4141088724136353,9688
56,,1.5675325393676758,,1.5675325393676758,9689
56,1.541733980178833,,1.541733980178833,,9689
57,,1.53515625,,1.53515625,9690
57,,1.5546828508377075,,1.5546828508377075,9691
57,,1.411399483680725,,1.411399483680725,9692
57,,1.7189652919769287,,1.7189652919769287,9693
57,,1.561526894569397,,1.561526894569397,9694
57,,1.5741994380950928,,1.5741994380950928,9695
57,,1.6227431297302246,,1.6227431297302246,9696
57,,1.4814118146896362,,1.4814118146896362,9697
57,,1.656214714050293,,1.656214714050293,9698
57,,1.4570409059524536,,1.4570409059524536,9699
57,,1.3724881410598755,,1.3724881410598755,9700
57,,1.6753178834915161,,1.6753178834915161,9701
57,,1.5977813005447388,,1.5977813005447388,9702
57,,1.599390983581543,,1.599390983581543,9703
57,,1.4646135568618774,,1.4646135568618774,9704
57,,1.1315621137619019,,1.1315621137619019,9705
57,,1.4174410104751587,,1.4174410104751587,9706
57,,1.257245421409607,,1.257245421409607,9707
57,,1.546202301979065,,1.546202301979065,9708
57,,1.6001052856445312,,1.6001052856445312,9709
57,,1.6712124347686768,,1.6712124347686768,9710
57,,1.580331802368164,,1.580331802368164,9711
57,,1.5624970197677612,,1.5624970197677612,9712
57,,1.5282219648361206,,1.5282219648361206,9713
57,,1.6265593767166138,,1.6265593767166138,9714
57,,1.4241218566894531,,1.4241218566894531,9715
57,,1.556257724761963,,1.556257724761963,9716
57,,1.5033594369888306,,1.5033594369888306,9717
57,,1.4941538572311401,,1.4941538572311401,9718
57,,1.4608802795410156,,1.4608802795410156,9719
57,,1.5406628847122192,,1.5406628847122192,9720
57,,1.6383777856826782,,1.6383777856826782,9721
57,,1.680914044380188,,1.680914044380188,9722
57,,1.5921244621276855,,1.5921244621276855,9723
57,,1.8446364402770996,,1.8446364402770996,9724
57,,1.5366549491882324,,1.5366549491882324,9725
57,,1.6399221420288086,,1.6399221420288086,9726
57,,1.6078649759292603,,1.6078649759292603,9727
57,,1.3736035823822021,,1.3736035823822021,9728
57,,1.1967105865478516,,1.1967105865478516,9729
57,,1.6098289489746094,,1.6098289489746094,9730
57,,1.562205195426941,,1.562205195426941,9731
57,,1.2682087421417236,,1.2682087421417236,9732
57,,1.4054456949234009,,1.4054456949234009,9733
57,,1.6051104068756104,,1.6051104068756104,9734
57,,1.5569777488708496,,1.5569777488708496,9735
57,,1.6347780227661133,,1.6347780227661133,9736
57,,1.606429934501648,,1.606429934501648,9737
57,,1.5620801448822021,,1.5620801448822021,9738
57,,1.5199660062789917,,1.5199660062789917,9739
57,,1.5359736680984497,,1.5359736680984497,9740
57,,1.4688537120819092,,1.4688537120819092,9741
57,,1.7111809253692627,,1.7111809253692627,9742
57,,1.6862136125564575,,1.6862136125564575,9743
57,,1.484775185585022,,1.484775185585022,9744
57,,2.008594274520874,,2.008594274520874,9745
57,,1.7538483142852783,,1.7538483142852783,9746
57,,1.3557488918304443,,1.3557488918304443,9747
57,,1.597408652305603,,1.597408652305603,9748
57,,1.4280894994735718,,1.4280894994735718,9749
57,,1.6890150308609009,,1.6890150308609009,9750
57,,1.7647379636764526,,1.7647379636764526,9751
57,,1.5439138412475586,,1.5439138412475586,9752
57,,1.4384846687316895,,1.4384846687316895,9753
57,,1.5258277654647827,,1.5258277654647827,9754
57,,1.4948443174362183,,1.4948443174362183,9755
57,,1.7463409900665283,,1.7463409900665283,9756
57,,1.594571590423584,,1.594571590423584,9757
57,,1.4230122566223145,,1.4230122566223145,9758
57,,1.6355271339416504,,1.6355271339416504,9759
57,,1.5847834348678589,,1.5847834348678589,9760
57,,1.6467370986938477,,1.6467370986938477,9761
57,,1.8181556463241577,,1.8181556463241577,9762
57,,1.3719773292541504,,1.3719773292541504,9763
57,,1.7050813436508179,,1.7050813436508179,9764
57,,1.7220948934555054,,1.7220948934555054,9765
57,,1.8692612648010254,,1.8692612648010254,9766
57,,1.5230036973953247,,1.5230036973953247,9767
57,,1.8122502565383911,,1.8122502565383911,9768
57,,1.6676971912384033,,1.6676971912384033,9769
57,,1.4675991535186768,,1.4675991535186768,9770
57,,1.5730516910552979,,1.5730516910552979,9771
57,,1.5514848232269287,,1.5514848232269287,9772
57,,1.7447129487991333,,1.7447129487991333,9773
57,,1.5588163137435913,,1.5588163137435913,9774
57,,1.3687341213226318,,1.3687341213226318,9775
57,,1.4880592823028564,,1.4880592823028564,9776
57,,1.3047939538955688,,1.3047939538955688,9777
57,,1.406870722770691,,1.406870722770691,9778
57,,1.4626456499099731,,1.4626456499099731,9779
57,,1.5603152513504028,,1.5603152513504028,9780
57,,1.6250638961791992,,1.6250638961791992,9781
57,,1.6786056756973267,,1.6786056756973267,9782
57,,1.481643795967102,,1.481643795967102,9783
57,,1.5349081754684448,,1.5349081754684448,9784
57,,1.4499560594558716,,1.4499560594558716,9785
57,,1.5327156782150269,,1.5327156782150269,9786
57,,1.6995704174041748,,1.6995704174041748,9787
57,,1.6484230756759644,,1.6484230756759644,9788
57,,1.40663480758667,,1.40663480758667,9789
57,,1.2690805196762085,,1.2690805196762085,9790
57,,1.496308445930481,,1.496308445930481,9791
57,,1.656654953956604,,1.656654953956604,9792
57,,1.57473623752594,,1.57473623752594,9793
57,,1.543809413909912,,1.543809413909912,9794
57,,1.409987449645996,,1.409987449645996,9795
57,,1.779167890548706,,1.779167890548706,9796
57,,1.5124621391296387,,1.5124621391296387,9797
57,,1.6708236932754517,,1.6708236932754517,9798
57,,1.5811619758605957,,1.5811619758605957,9799
57,,1.4836405515670776,,1.4836405515670776,9800
57,,1.6715015172958374,,1.6715015172958374,9801
57,,1.5577163696289062,,1.5577163696289062,9802
57,,1.3667503595352173,,1.3667503595352173,9803
57,,1.4316149950027466,,1.4316149950027466,9804
57,,1.4334810972213745,,1.4334810972213745,9805
57,,1.7461191415786743,,1.7461191415786743,9806
57,,1.6353504657745361,,1.6353504657745361,9807
57,,1.6006801128387451,,1.6006801128387451,9808
57,,1.7457962036132812,,1.7457962036132812,9809
57,,1.805111289024353,,1.805111289024353,9810
57,,1.4577571153640747,,1.4577571153640747,9811
57,,1.4764468669891357,,1.4764468669891357,9812
57,,1.4424012899398804,,1.4424012899398804,9813
57,,1.3431214094161987,,1.3431214094161987,9814
57,,1.559923529624939,,1.559923529624939,9815
57,,1.5085779428482056,,1.5085779428482056,9816
57,,1.3415132761001587,,1.3415132761001587,9817
57,,1.513150691986084,,1.513150691986084,9818
57,,1.4518705606460571,,1.4518705606460571,9819
57,,1.5141708850860596,,1.5141708850860596,9820
57,,1.7965984344482422,,1.7965984344482422,9821
57,,1.2468308210372925,,1.2468308210372925,9822
57,,1.59931480884552,,1.59931480884552,9823
57,,1.6010184288024902,,1.6010184288024902,9824
57,,1.4217976331710815,,1.4217976331710815,9825
57,,1.3319669961929321,,1.3319669961929321,9826
57,,1.6136032342910767,,1.6136032342910767,9827
57,,1.5149035453796387,,1.5149035453796387,9828
57,,1.3592212200164795,,1.3592212200164795,9829
57,,1.761919617652893,,1.761919617652893,9830
57,,1.5645543336868286,,1.5645543336868286,9831
57,,1.7033554315567017,,1.7033554315567017,9832
57,,1.5320801734924316,,1.5320801734924316,9833
57,,1.5348204374313354,,1.5348204374313354,9834
57,,1.4282169342041016,,1.4282169342041016,9835
57,,1.360670566558838,,1.360670566558838,9836
57,,1.5232173204421997,,1.5232173204421997,9837
57,,1.6333357095718384,,1.6333357095718384,9838
57,,1.4666494131088257,,1.4666494131088257,9839
57,,1.6775646209716797,,1.6775646209716797,9840
57,,1.7562097311019897,,1.7562097311019897,9841
57,,1.6824887990951538,,1.6824887990951538,9842
57,,1.5682436227798462,,1.5682436227798462,9843
57,,1.3998432159423828,,1.3998432159423828,9844
57,,1.6544396877288818,,1.6544396877288818,9845
57,,1.71039617061615,,1.71039617061615,9846
57,,1.5375113487243652,,1.5375113487243652,9847
57,,1.5822654962539673,,1.5822654962539673,9848
57,,1.5600488185882568,,1.5600488185882568,9849
57,,1.2265503406524658,,1.2265503406524658,9850
57,,1.622991681098938,,1.622991681098938,9851
57,,1.7518956661224365,,1.7518956661224365,9852
57,,1.2809044122695923,,1.2809044122695923,9853
57,,1.4191020727157593,,1.4191020727157593,9854
57,,1.731844425201416,,1.731844425201416,9855
57,,1.544564962387085,,1.544564962387085,9856
57,,1.7192883491516113,,1.7192883491516113,9857
57,,1.7158575057983398,,1.7158575057983398,9858
57,,1.5758808851242065,,1.5758808851242065,9859
57,1.5532758235931396,,1.5532758235931396,,9859
58,,1.4642199277877808,,1.4642199277877808,9860
58,,1.6045587062835693,,1.6045587062835693,9861
58,,1.5227115154266357,,1.5227115154266357,9862
58,,1.6074402332305908,,1.6074402332305908,9863
58,,1.7123199701309204,,1.7123199701309204,9864
58,,1.5951811075210571,,1.5951811075210571,9865
58,,1.7107651233673096,,1.7107651233673096,9866
58,,1.615310788154602,,1.615310788154602,9867
58,,1.7031744718551636,,1.7031744718551636,9868
58,,1.6293002367019653,,1.6293002367019653,9869
58,,1.3944628238677979,,1.3944628238677979,9870
58,,1.451088547706604,,1.451088547706604,9871
58,,1.6626282930374146,,1.6626282930374146,9872
58,,1.5409284830093384,,1.5409284830093384,9873
58,,1.7158550024032593,,1.7158550024032593,9874
58,,1.5660514831542969,,1.5660514831542969,9875
58,,1.379492163658142,,1.379492163658142,9876
58,,1.6344060897827148,,1.6344060897827148,9877
58,,1.5589102506637573,,1.5589102506637573,9878
58,,1.6184360980987549,,1.6184360980987549,9879
58,,1.3521432876586914,,1.3521432876586914,9880
58,,1.473554253578186,,1.473554253578186,9881
58,,1.3079510927200317,,1.3079510927200317,9882
58,,1.5180224180221558,,1.5180224180221558,9883
58,,1.4998208284378052,,1.4998208284378052,9884
58,,1.55655038356781,,1.55655038356781,9885
58,,1.6565437316894531,,1.6565437316894531,9886
58,,1.6575322151184082,,1.6575322151184082,9887
58,,1.5238231420516968,,1.5238231420516968,9888
58,,1.472154140472412,,1.472154140472412,9889
58,,1.4368449449539185,,1.4368449449539185,9890
58,,1.381434679031372,,1.381434679031372,9891
58,,1.5632102489471436,,1.5632102489471436,9892
58,,1.3603086471557617,,1.3603086471557617,9893
58,,1.2938258647918701,,1.2938258647918701,9894
58,,1.747267484664917,,1.747267484664917,9895
58,,1.675551414489746,,1.675551414489746,9896
58,,1.592902660369873,,1.592902660369873,9897
58,,1.6624611616134644,,1.6624611616134644,9898
58,,1.5848764181137085,,1.5848764181137085,9899
58,,1.6360691785812378,,1.6360691785812378,9900
58,,1.759986400604248,,1.759986400604248,9901
58,,1.576254963874817,,1.576254963874817,9902
58,,1.4564794301986694,,1.4564794301986694,9903
58,,1.6793951988220215,,1.6793951988220215,9904
58,,1.4809927940368652,,1.4809927940368652,9905
58,,1.482493281364441,,1.482493281364441,9906
58,,1.8418742418289185,,1.8418742418289185,9907
58,,1.2875419855117798,,1.2875419855117798,9908
58,,1.6496983766555786,,1.6496983766555786,9909
58,,1.2726384401321411,,1.2726384401321411,9910
58,,1.4376163482666016,,1.4376163482666016,9911
58,,1.794461727142334,,1.794461727142334,9912
58,,1.7015774250030518,,1.7015774250030518,9913
58,,1.4924683570861816,,1.4924683570861816,9914
58,,1.4429271221160889,,1.4429271221160889,9915
58,,1.563178300857544,,1.563178300857544,9916
58,,1.6169610023498535,,1.6169610023498535,9917
58,,1.578697919845581,,1.578697919845581,9918
58,,1.573402762413025,,1.573402762413025,9919
58,,1.5410676002502441,,1.5410676002502441,9920
58,,1.667392611503601,,1.667392611503601,9921
58,,1.6954998970031738,,1.6954998970031738,9922
58,,1.6004427671432495,,1.6004427671432495,9923
58,,1.8624961376190186,,1.8624961376190186,9924
58,,1.7096689939498901,,1.7096689939498901,9925
58,,1.644781470298767,,1.644781470298767,9926
58,,1.4989296197891235,,1.4989296197891235,9927
58,,1.6744277477264404,,1.6744277477264404,9928
58,,1.747138261795044,,1.747138261795044,9929
58,,1.5337313413619995,,1.5337313413619995,9930
58,,1.3732893466949463,,1.3732893466949463,9931
58,,1.7634010314941406,,1.7634010314941406,9932
58,,1.6486501693725586,,1.6486501693725586,9933
58,,1.196824312210083,,1.196824312210083,9934
58,,1.562661051750183,,1.562661051750183,9935
58,,1.2636213302612305,,1.2636213302612305,9936
58,,1.6019786596298218,,1.6019786596298218,9937
58,,1.5066475868225098,,1.5066475868225098,9938
58,,1.5544331073760986,,1.5544331073760986,9939
58,,1.7016375064849854,,1.7016375064849854,9940
58,,1.3806939125061035,,1.3806939125061035,9941
58,,1.9271631240844727,,1.9271631240844727,9942
58,,1.6711825132369995,,1.6711825132369995,9943
58,,1.342005968093872,,1.342005968093872,9944
58,,1.7643240690231323,,1.7643240690231323,9945
58,,1.4173041582107544,,1.4173041582107544,9946
58,,1.6720478534698486,,1.6720478534698486,9947
58,,1.6196789741516113,,1.6196789741516113,9948
58,,1.4633475542068481,,1.4633475542068481,9949
58,,1.6138408184051514,,1.6138408184051514,9950
58,,1.5970191955566406,,1.5970191955566406,9951
58,,1.6927947998046875,,1.6927947998046875,9952
58,,1.556830644607544,,1.556830644607544,9953
58,,1.7544238567352295,,1.7544238567352295,9954
58,,1.5346192121505737,,1.5346192121505737,9955
58,,1.4975260496139526,,1.4975260496139526,9956
58,,1.539354920387268,,1.539354920387268,9957
58,,1.7036293745040894,,1.7036293745040894,9958
58,,1.7098655700683594,,1.7098655700683594,9959
58,,1.354904294013977,,1.354904294013977,9960
58,,1.4570640325546265,,1.4570640325546265,9961
58,,1.4747568368911743,,1.4747568368911743,9962
58,,1.8624122142791748,,1.8624122142791748,9963
58,,1.5836025476455688,,1.5836025476455688,9964
58,,1.3777755498886108,,1.3777755498886108,9965
58,,1.5184956789016724,,1.5184956789016724,9966
58,,1.2991526126861572,,1.2991526126861572,9967
58,,1.5036721229553223,,1.5036721229553223,9968
58,,1.7002876996994019,,1.7002876996994019,9969
58,,1.6640594005584717,,1.6640594005584717,9970
58,,1.8427916765213013,,1.8427916765213013,9971
58,,1.4216654300689697,,1.4216654300689697,9972
58,,1.5978152751922607,,1.5978152751922607,9973
58,,1.7294524908065796,,1.7294524908065796,9974
58,,1.7240785360336304,,1.7240785360336304,9975
58,,1.626169204711914,,1.626169204711914,9976
58,,1.4627163410186768,,1.4627163410186768,9977
58,,1.7626278400421143,,1.7626278400421143,9978
58,,1.7278472185134888,,1.7278472185134888,9979
58,,1.4329404830932617,,1.4329404830932617,9980
58,,1.4067264795303345,,1.4067264795303345,9981
58,,1.5166940689086914,,1.5166940689086914,9982
58,,1.4085701704025269,,1.4085701704025269,9983
58,,1.711308479309082,,1.711308479309082,9984
58,,1.71937096118927,,1.71937096118927,9985
58,,1.5371326208114624,,1.5371326208114624,9986
58,,1.4388824701309204,,1.4388824701309204,9987
58,,1.7369428873062134,,1.7369428873062134,9988
58,,1.6788227558135986,,1.6788227558135986,9989
58,,1.5425364971160889,,1.5425364971160889,9990
58,,1.7282229661941528,,1.7282229661941528,9991
58,,1.346034288406372,,1.346034288406372,9992
58,,1.4983993768692017,,1.4983993768692017,9993
58,,1.5287011861801147,,1.5287011861801147,9994
58,,1.612733006477356,,1.612733006477356,9995
58,,1.6004891395568848,,1.6004891395568848,9996
58,,1.4494283199310303,,1.4494283199310303,9997
58,,1.6417425870895386,,1.6417425870895386,9998
58,,1.5045844316482544,,1.5045844316482544,9999
58,,1.3924052715301514,,1.3924052715301514,10000
58,,1.5989469289779663,,1.5989469289779663,10001
58,,1.42106032371521,,1.42106032371521,10002
58,,1.2955306768417358,,1.2955306768417358,10003
58,,1.3786852359771729,,1.3786852359771729,10004
58,,1.5332814455032349,,1.5332814455032349,10005
58,,1.65779709815979,,1.65779709815979,10006
58,,1.7770087718963623,,1.7770087718963623,10007
58,,1.846063494682312,,1.846063494682312,10008
58,,1.366301417350769,,1.366301417350769,10009
58,,1.4547119140625,,1.4547119140625,10010
58,,1.5576322078704834,,1.5576322078704834,10011
58,,1.4865624904632568,,1.4865624904632568,10012
58,,1.441680669784546,,1.441680669784546,10013
58,,1.6245372295379639,,1.6245372295379639,10014
58,,1.4507695436477661,,1.4507695436477661,10015
58,,1.3685857057571411,,1.3685857057571411,10016
58,,1.4209115505218506,,1.4209115505218506,10017
58,,1.4570026397705078,,1.4570026397705078,10018
58,,1.4431235790252686,,1.4431235790252686,10019
58,,1.801045536994934,,1.801045536994934,10020
58,,1.6128126382827759,,1.6128126382827759,10021
58,,1.3667548894882202,,1.3667548894882202,10022
58,,1.621313452720642,,1.621313452720642,10023
58,,1.391842246055603,,1.391842246055603,10024
58,,1.6893037557601929,,1.6893037557601929,10025
58,,1.5469919443130493,,1.5469919443130493,10026
58,,1.707110047340393,,1.707110047340393,10027
58,,1.2612767219543457,,1.2612767219543457,10028
58,,1.4141885042190552,,1.4141885042190552,10029
58,1.5608453750610352,,1.5608453750610352,,10029
59,,1.5725160837173462,,1.5725160837173462,10030
59,,1.5052483081817627,,1.5052483081817627,10031
59,,1.316704273223877,,1.316704273223877,10032
59,,1.593619704246521,,1.593619704246521,10033
59,,1.6217148303985596,,1.6217148303985596,10034
59,,1.279657006263733,,1.279657006263733,10035
59,,1.5068938732147217,,1.5068938732147217,10036
59,,1.1263916492462158,,1.1263916492462158,10037
59,,1.506382942199707,,1.506382942199707,10038
59,,1.5258740186691284,,1.5258740186691284,10039
59,,1.2404258251190186,,1.2404258251190186,10040
59,,1.3939683437347412,,1.3939683437347412,10041
59,,1.905645489692688,,1.905645489692688,10042
59,,1.4823423624038696,,1.4823423624038696,10043
59,,1.4489798545837402,,1.4489798545837402,10044
59,,1.4686342477798462,,1.4686342477798462,10045
59,,1.51871919631958,,1.51871919631958,10046
59,,1.5970067977905273,,1.5970067977905273,10047
59,,1.6697622537612915,,1.6697622537612915,10048
59,,1.629252314567566,,1.629252314567566,10049
59,,1.7161948680877686,,1.7161948680877686,10050
59,,1.637073278427124,,1.637073278427124,10051
59,,1.554695963859558,,1.554695963859558,10052
59,,1.5970052480697632,,1.5970052480697632,10053
59,,1.5276230573654175,,1.5276230573654175,10054
59,,1.5858491659164429,,1.5858491659164429,10055
59,,1.1948126554489136,,1.1948126554489136,10056
59,,1.5572329759597778,,1.5572329759597778,10057
59,,1.233459711074829,,1.233459711074829,10058
59,,1.3638197183609009,,1.3638197183609009,10059
59,,1.3740451335906982,,1.3740451335906982,10060
59,,1.5875650644302368,,1.5875650644302368,10061
59,,1.5752198696136475,,1.5752198696136475,10062
59,,1.4875946044921875,,1.4875946044921875,10063
59,,1.6966856718063354,,1.6966856718063354,10064
59,,1.4730795621871948,,1.4730795621871948,10065
59,,1.7446997165679932,,1.7446997165679932,10066
59,,1.5691593885421753,,1.5691593885421753,10067
59,,1.7053806781768799,,1.7053806781768799,10068
59,,1.8055214881896973,,1.8055214881896973,10069
59,,1.559385895729065,,1.559385895729065,10070
59,,1.3840413093566895,,1.3840413093566895,10071
59,,1.5527390241622925,,1.5527390241622925,10072
59,,1.2743831872940063,,1.2743831872940063,10073
59,,1.5538500547409058,,1.5538500547409058,10074
59,,1.4287829399108887,,1.4287829399108887,10075
59,,1.8223239183425903,,1.8223239183425903,10076
59,,1.4683115482330322,,1.4683115482330322,10077
59,,1.5648003816604614,,1.5648003816604614,10078
59,,1.7926826477050781,,1.7926826477050781,10079
59,,1.6916800737380981,,1.6916800737380981,10080
59,,1.68293035030365,,1.68293035030365,10081
59,,1.684319019317627,,1.684319019317627,10082
59,,1.6480995416641235,,1.6480995416641235,10083
59,,1.6536906957626343,,1.6536906957626343,10084
59,,1.5814363956451416,,1.5814363956451416,10085
59,,1.368780493736267,,1.368780493736267,10086
59,,1.6006138324737549,,1.6006138324737549,10087
59,,1.6183912754058838,,1.6183912754058838,10088
59,,1.6612299680709839,,1.6612299680709839,10089
59,,1.7593204975128174,,1.7593204975128174,10090
59,,1.3945173025131226,,1.3945173025131226,10091
59,,1.595983862876892,,1.595983862876892,10092
59,,1.7242518663406372,,1.7242518663406372,10093
59,,1.605544924736023,,1.605544924736023,10094
59,,1.3712238073349,,1.3712238073349,10095
59,,1.495248794555664,,1.495248794555664,10096
59,,1.4818884134292603,,1.4818884134292603,10097
59,,1.4933884143829346,,1.4933884143829346,10098
59,,1.3881170749664307,,1.3881170749664307,10099
59,,1.5473135709762573,,1.5473135709762573,10100
59,,1.6154670715332031,,1.6154670715332031,10101
59,,1.4255290031433105,,1.4255290031433105,10102
59,,1.3541659116744995,,1.3541659116744995,10103
59,,1.3982304334640503,,1.3982304334640503,10104
59,,1.5789768695831299,,1.5789768695831299,10105
59,,1.3255667686462402,,1.3255667686462402,10106
59,,1.4582628011703491,,1.4582628011703491,10107
59,,1.491078495979309,,1.491078495979309,10108
59,,1.3018052577972412,,1.3018052577972412,10109
59,,1.3435536623001099,,1.3435536623001099,10110
59,,1.5857980251312256,,1.5857980251312256,10111
59,,1.6721142530441284,,1.6721142530441284,10112
59,,1.653243064880371,,1.653243064880371,10113
59,,1.56228506565094,,1.56228506565094,10114
59,,1.2671884298324585,,1.2671884298324585,10115
59,,1.2963441610336304,,1.2963441610336304,10116
59,,1.7207632064819336,,1.7207632064819336,10117
59,,1.4642553329467773,,1.4642553329467773,10118
59,,1.4802026748657227,,1.4802026748657227,10119
59,,1.4486061334609985,,1.4486061334609985,10120
59,,1.7086719274520874,,1.7086719274520874,10121
59,,1.5746488571166992,,1.5746488571166992,10122
59,,1.474380612373352,,1.474380612373352,10123
59,,1.3939851522445679,,1.3939851522445679,10124
59,,1.588204264640808,,1.588204264640808,10125
59,,1.703365683555603,,1.703365683555603,10126
59,,1.4652665853500366,,1.4652665853500366,10127
59,,1.5738029479980469,,1.5738029479980469,10128
59,,1.716981053352356,,1.716981053352356,10129
59,,1.624356746673584,,1.624356746673584,10130
59,,1.7578630447387695,,1.7578630447387695,10131
59,,1.484771966934204,,1.484771966934204,10132
59,,1.432176113128662,,1.432176113128662,10133
59,,1.478219747543335,,1.478219747543335,10134
59,,1.7582085132598877,,1.7582085132598877,10135
59,,1.435449242591858,,1.435449242591858,10136
59,,1.5275514125823975,,1.5275514125823975,10137
59,,1.4752686023712158,,1.4752686023712158,10138
59,,1.5541982650756836,,1.5541982650756836,10139
59,,1.2591900825500488,,1.2591900825500488,10140
59,,1.5753750801086426,,1.5753750801086426,10141
59,,1.6046464443206787,,1.6046464443206787,10142
59,,1.6076024770736694,,1.6076024770736694,10143
59,,1.4077157974243164,,1.4077157974243164,10144
59,,1.3428322076797485,,1.3428322076797485,10145
59,,1.4694747924804688,,1.4694747924804688,10146
59,,1.586640477180481,,1.586640477180481,10147
59,,1.3485369682312012,,1.3485369682312012,10148
59,,1.3283462524414062,,1.3283462524414062,10149
59,,1.6713528633117676,,1.6713528633117676,10150
59,,1.532975435256958,,1.532975435256958,10151
59,,1.4510135650634766,,1.4510135650634766,10152
59,,1.3691595792770386,,1.3691595792770386,10153
59,,1.73849356174469,,1.73849356174469,10154
59,,1.5594851970672607,,1.5594851970672607,10155
59,,1.3179324865341187,,1.3179324865341187,10156
59,,1.4187737703323364,,1.4187737703323364,10157
59,,1.4882103204727173,,1.4882103204727173,10158
59,,1.8288516998291016,,1.8288516998291016,10159
59,,1.4198362827301025,,1.4198362827301025,10160
59,,1.581056833267212,,1.581056833267212,10161
59,,1.965899109840393,,1.965899109840393,10162
59,,1.4919363260269165,,1.4919363260269165,10163
59,,1.6241800785064697,,1.6241800785064697,10164
59,,1.393204927444458,,1.393204927444458,10165
59,,1.4040499925613403,,1.4040499925613403,10166
59,,1.519229531288147,,1.519229531288147,10167
59,,1.3550245761871338,,1.3550245761871338,10168
59,,1.6023458242416382,,1.6023458242416382,10169
59,,1.344530701637268,,1.344530701637268,10170
59,,1.5760797262191772,,1.5760797262191772,10171
59,,1.6011946201324463,,1.6011946201324463,10172
59,,1.6615407466888428,,1.6615407466888428,10173
59,,1.5146262645721436,,1.5146262645721436,10174
59,,1.5742939710617065,,1.5742939710617065,10175
59,,1.5361689329147339,,1.5361689329147339,10176
59,,1.6125272512435913,,1.6125272512435913,10177
59,,1.507409691810608,,1.507409691810608,10178
59,,1.461168885231018,,1.461168885231018,10179
59,,1.4006623029708862,,1.4006623029708862,10180
59,,1.4487366676330566,,1.4487366676330566,10181
59,,1.6382273435592651,,1.6382273435592651,10182
59,,1.709947109222412,,1.709947109222412,10183
59,,1.5269728899002075,,1.5269728899002075,10184
59,,1.5517457723617554,,1.5517457723617554,10185
59,,1.5425076484680176,,1.5425076484680176,10186
59,,1.3960329294204712,,1.3960329294204712,10187
59,,1.724334955215454,,1.724334955215454,10188
59,,1.4128512144088745,,1.4128512144088745,10189
59,,1.4682599306106567,,1.4682599306106567,10190
59,,1.7386796474456787,,1.7386796474456787,10191
59,,1.40369713306427,,1.40369713306427,10192
59,,1.564717411994934,,1.564717411994934,10193
59,,1.6913824081420898,,1.6913824081420898,10194
59,,1.6851001977920532,,1.6851001977920532,10195
59,,1.502954125404358,,1.502954125404358,10196
59,,1.406724214553833,,1.406724214553833,10197
59,,1.4893333911895752,,1.4893333911895752,10198
59,,1.3679373264312744,,1.3679373264312744,10199
59,1.529064416885376,,1.529064416885376,,10199
60,,1.3955583572387695,,1.3955583572387695,10200
60,,1.5298587083816528,,1.5298587083816528,10201
60,,1.31952965259552,,1.31952965259552,10202
60,,1.6264885663986206,,1.6264885663986206,10203
60,,1.5253571271896362,,1.5253571271896362,10204
60,,1.472559928894043,,1.472559928894043,10205
60,,1.601637601852417,,1.601637601852417,10206
60,,1.6608946323394775,,1.6608946323394775,10207
60,,1.4712015390396118,,1.4712015390396118,10208
60,,1.5701797008514404,,1.5701797008514404,10209
60,,1.564442753791809,,1.564442753791809,10210
60,,1.500468373298645,,1.500468373298645,10211
60,,1.3449376821517944,,1.3449376821517944,10212
60,,1.5007145404815674,,1.5007145404815674,10213
60,,1.3632951974868774,,1.3632951974868774,10214
60,,1.7300771474838257,,1.7300771474838257,10215
60,,1.673156499862671,,1.673156499862671,10216
60,,1.4173507690429688,,1.4173507690429688,10217
60,,1.4039183855056763,,1.4039183855056763,10218
60,,1.5461841821670532,,1.5461841821670532,10219
60,,1.723746657371521,,1.723746657371521,10220
60,,1.5328236818313599,,1.5328236818313599,10221
60,,1.556477665901184,,1.556477665901184,10222
60,,1.5798412561416626,,1.5798412561416626,10223
60,,1.6637786626815796,,1.6637786626815796,10224
60,,1.4435442686080933,,1.4435442686080933,10225
60,,1.4491820335388184,,1.4491820335388184,10226
60,,1.4206434488296509,,1.4206434488296509,10227
60,,1.334763526916504,,1.334763526916504,10228
60,,1.6242235898971558,,1.6242235898971558,10229
60,,1.527862310409546,,1.527862310409546,10230
60,,1.2631398439407349,,1.2631398439407349,10231
60,,1.5720329284667969,,1.5720329284667969,10232
60,,1.3502185344696045,,1.3502185344696045,10233
60,,1.5248557329177856,,1.5248557329177856,10234
60,,1.5693906545639038,,1.5693906545639038,10235
60,,1.5460386276245117,,1.5460386276245117,10236
60,,1.3830664157867432,,1.3830664157867432,10237
60,,1.6804449558258057,,1.6804449558258057,10238
60,,1.673446536064148,,1.673446536064148,10239
60,,1.5945944786071777,,1.5945944786071777,10240
60,,1.5419975519180298,,1.5419975519180298,10241
60,,1.6849559545516968,,1.6849559545516968,10242
60,,1.6916135549545288,,1.6916135549545288,10243
60,,1.6324608325958252,,1.6324608325958252,10244
60,,1.484514832496643,,1.484514832496643,10245
60,,1.6548840999603271,,1.6548840999603271,10246
60,,1.6405725479125977,,1.6405725479125977,10247
60,,1.5417026281356812,,1.5417026281356812,10248
60,,1.5897735357284546,,1.5897735357284546,10249
60,,1.7828330993652344,,1.7828330993652344,10250
60,,1.5301859378814697,,1.5301859378814697,10251
60,,1.5838770866394043,,1.5838770866394043,10252
60,,1.3980573415756226,,1.3980573415756226,10253
60,,1.5802671909332275,,1.5802671909332275,10254
60,,1.557661533355713,,1.557661533355713,10255
60,,1.2991138696670532,,1.2991138696670532,10256
60,,1.4803158044815063,,1.4803158044815063,10257
60,,1.6642063856124878,,1.6642063856124878,10258
60,,1.401252031326294,,1.401252031326294,10259
60,,1.6924035549163818,,1.6924035549163818,10260
60,,1.2645314931869507,,1.2645314931869507,10261
60,,1.587270975112915,,1.587270975112915,10262
60,,1.3261382579803467,,1.3261382579803467,10263
60,,1.2212724685668945,,1.2212724685668945,10264
60,,1.3368098735809326,,1.3368098735809326,10265
60,,1.4259511232376099,,1.4259511232376099,10266
60,,1.715707540512085,,1.715707540512085,10267
60,,1.4706828594207764,,1.4706828594207764,10268
60,,1.5487804412841797,,1.5487804412841797,10269
60,,1.5414506196975708,,1.5414506196975708,10270
60,,1.324269413948059,,1.324269413948059,10271
60,,1.6268696784973145,,1.6268696784973145,10272
60,,1.6976696252822876,,1.6976696252822876,10273
60,,1.4016679525375366,,1.4016679525375366,10274
60,,1.630502462387085,,1.630502462387085,10275
60,,1.7822816371917725,,1.7822816371917725,10276
60,,1.5792545080184937,,1.5792545080184937,10277
60,,1.770991563796997,,1.770991563796997,10278
60,,1.4662723541259766,,1.4662723541259766,10279
60,,1.5370516777038574,,1.5370516777038574,10280
60,,1.660337209701538,,1.660337209701538,10281
60,,1.6684401035308838,,1.6684401035308838,10282
60,,1.5302486419677734,,1.5302486419677734,10283
60,,1.5688139200210571,,1.5688139200210571,10284
60,,1.5751292705535889,,1.5751292705535889,10285
60,,1.44734525680542,,1.44734525680542,10286
60,,1.493210792541504,,1.493210792541504,10287
60,,1.3392000198364258,,1.3392000198364258,10288
60,,1.3228638172149658,,1.3228638172149658,10289
60,,1.4060176610946655,,1.4060176610946655,10290
60,,1.5569783449172974,,1.5569783449172974,10291
60,,1.5299350023269653,,1.5299350023269653,10292
60,,1.5607311725616455,,1.5607311725616455,10293
60,,1.3271981477737427,,1.3271981477737427,10294
60,,1.6240078210830688,,1.6240078210830688,10295
60,,1.6107349395751953,,1.6107349395751953,10296
60,,1.4242374897003174,,1.4242374897003174,10297
60,,1.6401478052139282,,1.6401478052139282,10298
60,,1.1994686126708984,,1.1994686126708984,10299
60,,1.4657098054885864,,1.4657098054885864,10300
60,,1.3178558349609375,,1.3178558349609375,10301
60,,1.7538058757781982,,1.7538058757781982,10302
60,,1.399804711341858,,1.399804711341858,10303
60,,1.7711142301559448,,1.7711142301559448,10304
60,,1.3555150032043457,,1.3555150032043457,10305
60,,1.5962212085723877,,1.5962212085723877,10306
60,,1.3915451765060425,,1.3915451765060425,10307
60,,1.374132513999939,,1.374132513999939,10308
60,,1.2574663162231445,,1.2574663162231445,10309
60,,1.4453744888305664,,1.4453744888305664,10310
60,,1.5875877141952515,,1.5875877141952515,10311
60,,1.382744312286377,,1.382744312286377,10312
60,,1.4739092588424683,,1.4739092588424683,10313
60,,1.4416874647140503,,1.4416874647140503,10314
60,,1.5176273584365845,,1.5176273584365845,10315
60,,1.6208887100219727,,1.6208887100219727,10316
60,,1.5934807062149048,,1.5934807062149048,10317
60,,1.4510788917541504,,1.4510788917541504,10318
60,,1.4787590503692627,,1.4787590503692627,10319
60,,1.57687246799469,,1.57687246799469,10320
60,,1.6882047653198242,,1.6882047653198242,10321
60,,1.5005815029144287,,1.5005815029144287,10322
60,,1.4179850816726685,,1.4179850816726685,10323
60,,1.6728929281234741,,1.6728929281234741,10324
60,,1.3498377799987793,,1.3498377799987793,10325
60,,1.5489205121994019,,1.5489205121994019,10326
60,,1.5782817602157593,,1.5782817602157593,10327
60,,1.7155615091323853,,1.7155615091323853,10328
60,,1.7950397729873657,,1.7950397729873657,10329
60,,1.4641872644424438,,1.4641872644424438,10330
60,,1.418257713317871,,1.418257713317871,10331
60,,1.4005273580551147,,1.4005273580551147,10332
60,,1.4743671417236328,,1.4743671417236328,10333
60,,1.4672428369522095,,1.4672428369522095,10334
60,,1.5200492143630981,,1.5200492143630981,10335
60,,1.6662763357162476,,1.6662763357162476,10336
60,,1.657178282737732,,1.657178282737732,10337
60,,1.5165828466415405,,1.5165828466415405,10338
60,,1.6476619243621826,,1.6476619243621826,10339
60,,1.35563063621521,,1.35563063621521,10340
60,,1.544540286064148,,1.544540286064148,10341
60,,1.719604730606079,,1.719604730606079,10342
60,,1.4236392974853516,,1.4236392974853516,10343
60,,1.3837602138519287,,1.3837602138519287,10344
60,,1.2744170427322388,,1.2744170427322388,10345
60,,1.430099368095398,,1.430099368095398,10346
60,,1.6720141172409058,,1.6720141172409058,10347
60,,1.4691388607025146,,1.4691388607025146,10348
60,,1.3801971673965454,,1.3801971673965454,10349
60,,1.6034318208694458,,1.6034318208694458,10350
60,,1.7595280408859253,,1.7595280408859253,10351
60,,1.3811290264129639,,1.3811290264129639,10352
60,,1.5423855781555176,,1.5423855781555176,10353
60,,1.5323542356491089,,1.5323542356491089,10354
60,,1.2218297719955444,,1.2218297719955444,10355
60,,1.4425320625305176,,1.4425320625305176,10356
60,,1.524063229560852,,1.524063229560852,10357
60,,1.6877740621566772,,1.6877740621566772,10358
60,,1.4907816648483276,,1.4907816648483276,10359
60,,1.4044848680496216,,1.4044848680496216,10360
60,,1.3263179063796997,,1.3263179063796997,10361
60,,1.6689192056655884,,1.6689192056655884,10362
60,,1.5730773210525513,,1.5730773210525513,10363
60,,1.5591914653778076,,1.5591914653778076,10364
60,,1.6534039974212646,,1.6534039974212646,10365
60,,1.478928565979004,,1.478928565979004,10366
60,,1.7269011735916138,,1.7269011735916138,10367
60,,1.340360164642334,,1.340360164642334,10368
60,,1.3127847909927368,,1.3127847909927368,10369
60,1.5186455249786377,,1.5186455249786377,,10369
61,,1.6978224515914917,,1.6978224515914917,10370
61,,1.353238821029663,,1.353238821029663,10371
61,,1.6643251180648804,,1.6643251180648804,10372
61,,1.70722496509552,,1.70722496509552,10373
61,,1.8812509775161743,,1.8812509775161743,10374
61,,1.5505115985870361,,1.5505115985870361,10375
61,,1.7625153064727783,,1.7625153064727783,10376
61,,1.4849048852920532,,1.4849048852920532,10377
61,,1.7858203649520874,,1.7858203649520874,10378
61,,1.312251091003418,,1.312251091003418,10379
61,,1.783727765083313,,1.783727765083313,10380
61,,1.6809287071228027,,1.6809287071228027,10381
61,,1.6007379293441772,,1.6007379293441772,10382
61,,1.5227245092391968,,1.5227245092391968,10383
61,,1.3964614868164062,,1.3964614868164062,10384
61,,1.411682367324829,,1.411682367324829,10385
61,,1.52740478515625,,1.52740478515625,10386
61,,1.569848656654358,,1.569848656654358,10387
61,,1.711539626121521,,1.711539626121521,10388
61,,1.6238528490066528,,1.6238528490066528,10389
61,,1.2026780843734741,,1.2026780843734741,10390
61,,1.3918522596359253,,1.3918522596359253,10391
61,,1.680011510848999,,1.680011510848999,10392
61,,1.5494438409805298,,1.5494438409805298,10393
61,,1.5274862051010132,,1.5274862051010132,10394
61,,1.347569227218628,,1.347569227218628,10395
61,,1.4942348003387451,,1.4942348003387451,10396
61,,1.726640224456787,,1.726640224456787,10397
61,,1.5623356103897095,,1.5623356103897095,10398
61,,1.4807136058807373,,1.4807136058807373,10399
61,,1.4034032821655273,,1.4034032821655273,10400
61,,1.848341703414917,,1.848341703414917,10401
61,,1.3758734464645386,,1.3758734464645386,10402
61,,1.8689446449279785,,1.8689446449279785,10403
61,,1.7009456157684326,,1.7009456157684326,10404
61,,1.6788355112075806,,1.6788355112075806,10405
61,,1.6453841924667358,,1.6453841924667358,10406
61,,1.6383885145187378,,1.6383885145187378,10407
61,,1.5999170541763306,,1.5999170541763306,10408
61,,1.5668781995773315,,1.5668781995773315,10409
61,,1.5188151597976685,,1.5188151597976685,10410
61,,1.5100677013397217,,1.5100677013397217,10411
61,,1.6115880012512207,,1.6115880012512207,10412
61,,1.391058087348938,,1.391058087348938,10413
61,,1.4408180713653564,,1.4408180713653564,10414
61,,1.2872980833053589,,1.2872980833053589,10415
61,,1.4268144369125366,,1.4268144369125366,10416
61,,1.5774366855621338,,1.5774366855621338,10417
61,,1.5163770914077759,,1.5163770914077759,10418
61,,1.5326142311096191,,1.5326142311096191,10419
61,,1.6032087802886963,,1.6032087802886963,10420
61,,1.6634161472320557,,1.6634161472320557,10421
61,,1.4107455015182495,,1.4107455015182495,10422
61,,1.5410370826721191,,1.5410370826721191,10423
61,,1.3673354387283325,,1.3673354387283325,10424
61,,1.5051383972167969,,1.5051383972167969,10425
61,,1.4076218605041504,,1.4076218605041504,10426
61,,1.6103436946868896,,1.6103436946868896,10427
61,,1.5278421640396118,,1.5278421640396118,10428
61,,1.6039077043533325,,1.6039077043533325,10429
61,,1.7088074684143066,,1.7088074684143066,10430
61,,1.4249757528305054,,1.4249757528305054,10431
61,,1.3534613847732544,,1.3534613847732544,10432
61,,1.459577202796936,,1.459577202796936,10433
61,,1.5281496047973633,,1.5281496047973633,10434
61,,1.4809991121292114,,1.4809991121292114,10435
61,,1.4581676721572876,,1.4581676721572876,10436
61,,1.681744933128357,,1.681744933128357,10437
61,,1.5294734239578247,,1.5294734239578247,10438
61,,1.6454524993896484,,1.6454524993896484,10439
61,,1.2888911962509155,,1.2888911962509155,10440
61,,1.3884782791137695,,1.3884782791137695,10441
61,,1.3836753368377686,,1.3836753368377686,10442
61,,1.3705047369003296,,1.3705047369003296,10443
61,,1.472507357597351,,1.472507357597351,10444
61,,1.5724458694458008,,1.5724458694458008,10445
61,,1.522111177444458,,1.522111177444458,10446
61,,1.6189810037612915,,1.6189810037612915,10447
61,,1.4256832599639893,,1.4256832599639893,10448
61,,1.5979467630386353,,1.5979467630386353,10449
61,,1.7090458869934082,,1.7090458869934082,10450
61,,1.757973551750183,,1.757973551750183,10451
61,,1.6026960611343384,,1.6026960611343384,10452
61,,1.515419363975525,,1.515419363975525,10453
61,,1.652963638305664,,1.652963638305664,10454
61,,1.6114355325698853,,1.6114355325698853,10455
61,,1.371712327003479,,1.371712327003479,10456
61,,1.5880802869796753,,1.5880802869796753,10457
61,,1.2807902097702026,,1.2807902097702026,10458
61,,1.4432601928710938,,1.4432601928710938,10459
61,,1.594706654548645,,1.594706654548645,10460
61,,1.4821869134902954,,1.4821869134902954,10461
61,,1.6713560819625854,,1.6713560819625854,10462
61,,1.639868140220642,,1.639868140220642,10463
61,,1.8141365051269531,,1.8141365051269531,10464
61,,1.4823315143585205,,1.4823315143585205,10465
61,,1.4836812019348145,,1.4836812019348145,10466
61,,1.539725422859192,,1.539725422859192,10467
61,,1.6264374256134033,,1.6264374256134033,10468
61,,1.7546265125274658,,1.7546265125274658,10469
61,,1.5572924613952637,,1.5572924613952637,10470
61,,1.6070730686187744,,1.6070730686187744,10471
61,,1.2152072191238403,,1.2152072191238403,10472
61,,1.6793628931045532,,1.6793628931045532,10473
61,,1.582458257675171,,1.582458257675171,10474
61,,1.866963267326355,,1.866963267326355,10475
61,,1.505985140800476,,1.505985140800476,10476
61,,1.4386279582977295,,1.4386279582977295,10477
61,,1.6880428791046143,,1.6880428791046143,10478
61,,1.4672447443008423,,1.4672447443008423,10479
61,,1.4015480279922485,,1.4015480279922485,10480
61,,1.9241547584533691,,1.9241547584533691,10481
61,,1.4376088380813599,,1.4376088380813599,10482
61,,1.5118006467819214,,1.5118006467819214,10483
61,,1.2490558624267578,,1.2490558624267578,10484
61,,1.5371037721633911,,1.5371037721633911,10485
61,,1.6268895864486694,,1.6268895864486694,10486
61,,1.489032506942749,,1.489032506942749,10487
61,,1.478753924369812,,1.478753924369812,10488
61,,1.629990816116333,,1.629990816116333,10489
61,,1.5192720890045166,,1.5192720890045166,10490
61,,1.5211480855941772,,1.5211480855941772,10491
61,,1.5182796716690063,,1.5182796716690063,10492
61,,1.5631650686264038,,1.5631650686264038,10493
61,,1.6924374103546143,,1.6924374103546143,10494
61,,1.5027730464935303,,1.5027730464935303,10495
61,,1.2889307737350464,,1.2889307737350464,10496
61,,1.6137416362762451,,1.6137416362762451,10497
61,,1.303348183631897,,1.303348183631897,10498
61,,1.7762253284454346,,1.7762253284454346,10499
61,,1.5422477722167969,,1.5422477722167969,10500
61,,1.783164620399475,,1.783164620399475,10501
61,,1.467868447303772,,1.467868447303772,10502
61,,1.4386177062988281,,1.4386177062988281,10503
61,,1.271276593208313,,1.271276593208313,10504
61,,1.590345025062561,,1.590345025062561,10505
61,,1.7027294635772705,,1.7027294635772705,10506
61,,1.6646580696105957,,1.6646580696105957,10507
61,,1.4316699504852295,,1.4316699504852295,10508
61,,1.4568345546722412,,1.4568345546722412,10509
61,,1.2850638628005981,,1.2850638628005981,10510
61,,1.8259453773498535,,1.8259453773498535,10511
61,,1.4319459199905396,,1.4319459199905396,10512
61,,1.381372094154358,,1.381372094154358,10513
61,,1.5696117877960205,,1.5696117877960205,10514
61,,1.3975043296813965,,1.3975043296813965,10515
61,,1.6362640857696533,,1.6362640857696533,10516
61,,1.3224129676818848,,1.3224129676818848,10517
61,,1.5065696239471436,,1.5065696239471436,10518
61,,1.3585937023162842,,1.3585937023162842,10519
61,,1.4587202072143555,,1.4587202072143555,10520
61,,1.5860342979431152,,1.5860342979431152,10521
61,,1.6581758260726929,,1.6581758260726929,10522
61,,1.6737579107284546,,1.6737579107284546,10523
61,,1.7696075439453125,,1.7696075439453125,10524
61,,1.336730718612671,,1.336730718612671,10525
61,,1.5661283731460571,,1.5661283731460571,10526
61,,1.544283151626587,,1.544283151626587,10527
61,,1.5742125511169434,,1.5742125511169434,10528
61,,1.4892451763153076,,1.4892451763153076,10529
61,,1.6197408437728882,,1.6197408437728882,10530
61,,1.5844066143035889,,1.5844066143035889,10531
61,,1.473352074623108,,1.473352074623108,10532
61,,1.5211408138275146,,1.5211408138275146,10533
61,,1.549594759941101,,1.549594759941101,10534
61,,1.4485704898834229,,1.4485704898834229,10535
61,,1.6735533475875854,,1.6735533475875854,10536
61,,1.4899752140045166,,1.4899752140045166,10537
61,,1.5714939832687378,,1.5714939832687378,10538
61,,1.6447644233703613,,1.6447644233703613,10539
61,1.5431462526321411,,1.5431462526321411,,10539
62,,1.5984586477279663,,1.5984586477279663,10540
62,,1.5948398113250732,,1.5948398113250732,10541
62,,1.475986123085022,,1.475986123085022,10542
62,,1.580026626586914,,1.580026626586914,10543
62,,1.51025390625,,1.51025390625,10544
62,,1.4128040075302124,,1.4128040075302124,10545
62,,1.629531741142273,,1.629531741142273,10546
62,,1.7687902450561523,,1.7687902450561523,10547
62,,1.3947772979736328,,1.3947772979736328,10548
62,,1.7861498594284058,,1.7861498594284058,10549
62,,1.4098684787750244,,1.4098684787750244,10550
62,,1.6496073007583618,,1.6496073007583618,10551
62,,1.68402099609375,,1.68402099609375,10552
62,,1.5594478845596313,,1.5594478845596313,10553
62,,1.3560030460357666,,1.3560030460357666,10554
62,,1.5399130582809448,,1.5399130582809448,10555
62,,1.4953645467758179,,1.4953645467758179,10556
62,,1.8235620260238647,,1.8235620260238647,10557
62,,1.3364677429199219,,1.3364677429199219,10558
62,,1.4640251398086548,,1.4640251398086548,10559
62,,1.3528509140014648,,1.3528509140014648,10560
62,,1.4454431533813477,,1.4454431533813477,10561
62,,1.604172706604004,,1.604172706604004,10562
62,,1.4126827716827393,,1.4126827716827393,10563
62,,1.6559146642684937,,1.6559146642684937,10564
62,,1.495814323425293,,1.495814323425293,10565
62,,1.5204704999923706,,1.5204704999923706,10566
62,,1.4668762683868408,,1.4668762683868408,10567
62,,1.5267319679260254,,1.5267319679260254,10568
62,,1.5108954906463623,,1.5108954906463623,10569
62,,1.5734769105911255,,1.5734769105911255,10570
62,,1.81228768825531,,1.81228768825531,10571
62,,1.4868249893188477,,1.4868249893188477,10572
62,,1.7121256589889526,,1.7121256589889526,10573
62,,1.485217571258545,,1.485217571258545,10574
62,,1.495846152305603,,1.495846152305603,10575
62,,1.475262999534607,,1.475262999534607,10576
62,,1.3417073488235474,,1.3417073488235474,10577
62,,1.7179412841796875,,1.7179412841796875,10578
62,,1.3516156673431396,,1.3516156673431396,10579
62,,1.5488510131835938,,1.5488510131835938,10580
62,,1.4540890455245972,,1.4540890455245972,10581
62,,1.5550787448883057,,1.5550787448883057,10582
62,,1.6763696670532227,,1.6763696670532227,10583
62,,1.5093669891357422,,1.5093669891357422,10584
62,,1.6891100406646729,,1.6891100406646729,10585
62,,1.3045545816421509,,1.3045545816421509,10586
62,,1.6027240753173828,,1.6027240753173828,10587
62,,1.583079218864441,,1.583079218864441,10588
62,,1.5019941329956055,,1.5019941329956055,10589
62,,1.3690725564956665,,1.3690725564956665,10590
62,,1.702839732170105,,1.702839732170105,10591
62,,1.3150312900543213,,1.3150312900543213,10592
62,,1.8262269496917725,,1.8262269496917725,10593
62,,1.6220782995224,,1.6220782995224,10594
62,,1.5987532138824463,,1.5987532138824463,10595
62,,1.741870641708374,,1.741870641708374,10596
62,,1.4427286386489868,,1.4427286386489868,10597
62,,1.5774155855178833,,1.5774155855178833,10598
62,,1.4985694885253906,,1.4985694885253906,10599
62,,1.574143648147583,,1.574143648147583,10600
62,,1.3842406272888184,,1.3842406272888184,10601
62,,1.4231431484222412,,1.4231431484222412,10602
62,,1.718698263168335,,1.718698263168335,10603
62,,1.495754599571228,,1.495754599571228,10604
62,,1.7774558067321777,,1.7774558067321777,10605
62,,1.7170722484588623,,1.7170722484588623,10606
62,,1.2794044017791748,,1.2794044017791748,10607
62,,1.6118754148483276,,1.6118754148483276,10608
62,,1.6733777523040771,,1.6733777523040771,10609
62,,1.4562052488327026,,1.4562052488327026,10610
62,,1.6710975170135498,,1.6710975170135498,10611
62,,1.6638226509094238,,1.6638226509094238,10612
62,,1.5392107963562012,,1.5392107963562012,10613
62,,1.5911556482315063,,1.5911556482315063,10614
62,,1.5159626007080078,,1.5159626007080078,10615
62,,1.437868356704712,,1.437868356704712,10616
62,,1.1664230823516846,,1.1664230823516846,10617
62,,1.4634126424789429,,1.4634126424789429,10618
62,,1.7669323682785034,,1.7669323682785034,10619
62,,1.504324197769165,,1.504324197769165,10620
62,,1.4798740148544312,,1.4798740148544312,10621
62,,1.473426342010498,,1.473426342010498,10622
62,,1.8106896877288818,,1.8106896877288818,10623
62,,1.4366710186004639,,1.4366710186004639,10624
62,,1.6562763452529907,,1.6562763452529907,10625
62,,1.7412147521972656,,1.7412147521972656,10626
62,,1.311267614364624,,1.311267614364624,10627
62,,1.548128366470337,,1.548128366470337,10628
62,,1.475667119026184,,1.475667119026184,10629
62,,1.5371047258377075,,1.5371047258377075,10630
62,,1.444533348083496,,1.444533348083496,10631
62,,1.443019151687622,,1.443019151687622,10632
62,,1.2434954643249512,,1.2434954643249512,10633
62,,1.6335257291793823,,1.6335257291793823,10634
62,,1.6246963739395142,,1.6246963739395142,10635
62,,1.5600066184997559,,1.5600066184997559,10636
62,,1.7390518188476562,,1.7390518188476562,10637
62,,1.5249289274215698,,1.5249289274215698,10638
62,,1.3947540521621704,,1.3947540521621704,10639
62,,1.4297542572021484,,1.4297542572021484,10640
62,,1.649389386177063,,1.649389386177063,10641
62,,1.5719643831253052,,1.5719643831253052,10642
62,,1.4190142154693604,,1.4190142154693604,10643
62,,1.829693078994751,,1.829693078994751,10644
62,,1.5398257970809937,,1.5398257970809937,10645
62,,1.533042550086975,,1.533042550086975,10646
62,,1.5477644205093384,,1.5477644205093384,10647
62,,1.6286771297454834,,1.6286771297454834,10648
62,,1.7818862199783325,,1.7818862199783325,10649
62,,1.3330358266830444,,1.3330358266830444,10650
62,,1.2046949863433838,,1.2046949863433838,10651
62,,1.4894369840621948,,1.4894369840621948,10652
62,,1.3060157299041748,,1.3060157299041748,10653
62,,1.3254384994506836,,1.3254384994506836,10654
62,,1.2748788595199585,,1.2748788595199585,10655
62,,1.5728518962860107,,1.5728518962860107,10656
62,,1.6036112308502197,,1.6036112308502197,10657
62,,1.7333710193634033,,1.7333710193634033,10658
62,,1.310903549194336,,1.310903549194336,10659
62,,1.5818902254104614,,1.5818902254104614,10660
62,,1.576358675956726,,1.576358675956726,10661
62,,1.6030075550079346,,1.6030075550079346,10662
62,,1.4351478815078735,,1.4351478815078735,10663
62,,1.899897575378418,,1.899897575378418,10664
62,,1.5907498598098755,,1.5907498598098755,10665
62,,1.4484344720840454,,1.4484344720840454,10666
62,,1.3557804822921753,,1.3557804822921753,10667
62,,1.3656054735183716,,1.3656054735183716,10668
62,,1.5891680717468262,,1.5891680717468262,10669
62,,1.5722190141677856,,1.5722190141677856,10670
62,,1.6516560316085815,,1.6516560316085815,10671
62,,1.1298542022705078,,1.1298542022705078,10672
62,,1.5064115524291992,,1.5064115524291992,10673
62,,1.6589689254760742,,1.6589689254760742,10674
62,,1.5931283235549927,,1.5931283235549927,10675
62,,1.7229582071304321,,1.7229582071304321,10676
62,,1.656407356262207,,1.656407356262207,10677
62,,1.5388131141662598,,1.5388131141662598,10678
62,,1.5413148403167725,,1.5413148403167725,10679
62,,1.2945489883422852,,1.2945489883422852,10680
62,,1.4821982383728027,,1.4821982383728027,10681
62,,1.7446237802505493,,1.7446237802505493,10682
62,,1.4220341444015503,,1.4220341444015503,10683
62,,1.6563414335250854,,1.6563414335250854,10684
62,,1.4843841791152954,,1.4843841791152954,10685
62,,1.6645828485488892,,1.6645828485488892,10686
62,,1.380720615386963,,1.380720615386963,10687
62,,1.3525769710540771,,1.3525769710540771,10688
62,,1.6318519115447998,,1.6318519115447998,10689
62,,1.4164819717407227,,1.4164819717407227,10690
62,,1.5364291667938232,,1.5364291667938232,10691
62,,1.545373797416687,,1.545373797416687,10692
62,,1.6280508041381836,,1.6280508041381836,10693
62,,1.3150511980056763,,1.3150511980056763,10694
62,,1.6233854293823242,,1.6233854293823242,10695
62,,1.7115012407302856,,1.7115012407302856,10696
62,,1.3857649564743042,,1.3857649564743042,10697
62,,1.3201634883880615,,1.3201634883880615,10698
62,,1.594438910484314,,1.594438910484314,10699
62,,1.7425025701522827,,1.7425025701522827,10700
62,,1.375626564025879,,1.375626564025879,10701
62,,1.7342225313186646,,1.7342225313186646,10702
62,,1.5933784246444702,,1.5933784246444702,10703
62,,1.6807993650436401,,1.6807993650436401,10704
62,,1.5638632774353027,,1.5638632774353027,10705
62,,1.5388615131378174,,1.5388615131378174,10706
62,,1.6490471363067627,,1.6490471363067627,10707
62,,1.638014793395996,,1.638014793395996,10708
62,,1.5771114826202393,,1.5771114826202393,10709
62,1.5382730960845947,,1.5382730960845947,,10709
63,,1.264671802520752,,1.264671802520752,10710
63,,1.596604585647583,,1.596604585647583,10711
63,,1.5407311916351318,,1.5407311916351318,10712
63,,1.2882812023162842,,1.2882812023162842,10713
63,,1.1651229858398438,,1.1651229858398438,10714
63,,1.472084879875183,,1.472084879875183,10715
63,,1.4331388473510742,,1.4331388473510742,10716
63,,1.486238956451416,,1.486238956451416,10717
63,,1.2070622444152832,,1.2070622444152832,10718
63,,1.4092991352081299,,1.4092991352081299,10719
63,,1.5687118768692017,,1.5687118768692017,10720
63,,1.5514559745788574,,1.5514559745788574,10721
63,,1.9891550540924072,,1.9891550540924072,10722
63,,1.41554594039917,,1.41554594039917,10723
63,,1.380611538887024,,1.380611538887024,10724
63,,1.3075523376464844,,1.3075523376464844,10725
63,,1.5594418048858643,,1.5594418048858643,10726
63,,1.527179479598999,,1.527179479598999,10727
63,,1.296945333480835,,1.296945333480835,10728
63,,1.384910225868225,,1.384910225868225,10729
63,,1.7585153579711914,,1.7585153579711914,10730
63,,1.7165040969848633,,1.7165040969848633,10731
63,,1.8092265129089355,,1.8092265129089355,10732
63,,1.6976213455200195,,1.6976213455200195,10733
63,,1.7355232238769531,,1.7355232238769531,10734
63,,1.2974581718444824,,1.2974581718444824,10735
63,,1.7011827230453491,,1.7011827230453491,10736
63,,1.2500404119491577,,1.2500404119491577,10737
63,,1.6341220140457153,,1.6341220140457153,10738
63,,1.3464159965515137,,1.3464159965515137,10739
63,,1.497942328453064,,1.497942328453064,10740
63,,1.4001232385635376,,1.4001232385635376,10741
63,,1.5751208066940308,,1.5751208066940308,10742
63,,1.625522494316101,,1.625522494316101,10743
63,,1.6144554615020752,,1.6144554615020752,10744
63,,1.4303827285766602,,1.4303827285766602,10745
63,,1.6565371751785278,,1.6565371751785278,10746
63,,1.478147268295288,,1.478147268295288,10747
63,,1.4455639123916626,,1.4455639123916626,10748
63,,1.4567997455596924,,1.4567997455596924,10749
63,,1.3815237283706665,,1.3815237283706665,10750
63,,1.682051420211792,,1.682051420211792,10751
63,,1.4971078634262085,,1.4971078634262085,10752
63,,1.485243797302246,,1.485243797302246,10753
63,,1.4054603576660156,,1.4054603576660156,10754
63,,1.6001276969909668,,1.6001276969909668,10755
63,,1.399868130683899,,1.399868130683899,10756
63,,1.4238767623901367,,1.4238767623901367,10757
63,,1.4698100090026855,,1.4698100090026855,10758
63,,1.372685194015503,,1.372685194015503,10759
63,,1.4421286582946777,,1.4421286582946777,10760
63,,1.7268716096878052,,1.7268716096878052,10761
63,,1.4883955717086792,,1.4883955717086792,10762
63,,1.7708327770233154,,1.7708327770233154,10763
63,,1.4657714366912842,,1.4657714366912842,10764
63,,1.5309902429580688,,1.5309902429580688,10765
63,,1.4278717041015625,,1.4278717041015625,10766
63,,1.4376282691955566,,1.4376282691955566,10767
63,,1.5152448415756226,,1.5152448415756226,10768
63,,1.7712221145629883,,1.7712221145629883,10769
63,,1.616528868675232,,1.616528868675232,10770
63,,1.4574244022369385,,1.4574244022369385,10771
63,,1.5309641361236572,,1.5309641361236572,10772
63,,1.5527855157852173,,1.5527855157852173,10773
63,,1.4964356422424316,,1.4964356422424316,10774
63,,1.5791015625,,1.5791015625,10775
63,,1.3381370306015015,,1.3381370306015015,10776
63,,1.5934319496154785,,1.5934319496154785,10777
63,,1.6778453588485718,,1.6778453588485718,10778
63,,1.4255836009979248,,1.4255836009979248,10779
63,,1.322393774986267,,1.322393774986267,10780
63,,1.433577537536621,,1.433577537536621,10781
63,,1.476324439048767,,1.476324439048767,10782
63,,1.5545483827590942,,1.5545483827590942,10783
63,,1.8153356313705444,,1.8153356313705444,10784
63,,1.2930333614349365,,1.2930333614349365,10785
63,,1.5010937452316284,,1.5010937452316284,10786
63,,1.748841643333435,,1.748841643333435,10787
63,,1.738757610321045,,1.738757610321045,10788
63,,1.767488956451416,,1.767488956451416,10789
63,,1.5677719116210938,,1.5677719116210938,10790
63,,1.6286299228668213,,1.6286299228668213,10791
63,,1.3969461917877197,,1.3969461917877197,10792
63,,1.6205729246139526,,1.6205729246139526,10793
63,,1.434838056564331,,1.434838056564331,10794
63,,1.8338885307312012,,1.8338885307312012,10795
63,,1.4571501016616821,,1.4571501016616821,10796
63,,1.4899271726608276,,1.4899271726608276,10797
63,,1.6678006649017334,,1.6678006649017334,10798
63,,1.6491498947143555,,1.6491498947143555,10799
63,,1.5625,,1.5625,10800
63,,1.5851755142211914,,1.5851755142211914,10801
63,,1.6751331090927124,,1.6751331090927124,10802
63,,1.590235710144043,,1.590235710144043,10803
63,,1.7623322010040283,,1.7623322010040283,10804
63,,1.5411018133163452,,1.5411018133163452,10805
63,,1.5170788764953613,,1.5170788764953613,10806
63,,1.4379332065582275,,1.4379332065582275,10807
63,,1.7632569074630737,,1.7632569074630737,10808
63,,1.7490594387054443,,1.7490594387054443,10809
63,,1.659953236579895,,1.659953236579895,10810
63,,1.5137064456939697,,1.5137064456939697,10811
63,,1.4577124118804932,,1.4577124118804932,10812
63,,1.7989572286605835,,1.7989572286605835,10813
63,,1.8192983865737915,,1.8192983865737915,10814
63,,1.604737401008606,,1.604737401008606,10815
63,,1.3632246255874634,,1.3632246255874634,10816
63,,1.4822869300842285,,1.4822869300842285,10817
63,,1.4245445728302002,,1.4245445728302002,10818
63,,1.2979645729064941,,1.2979645729064941,10819
63,,1.5519883632659912,,1.5519883632659912,10820
63,,1.6597633361816406,,1.6597633361816406,10821
63,,1.399229884147644,,1.399229884147644,10822
63,,1.3888959884643555,,1.3888959884643555,10823
63,,1.3529094457626343,,1.3529094457626343,10824
63,,1.195145606994629,,1.195145606994629,10825
63,,1.3418869972229004,,1.3418869972229004,10826
63,,1.7564308643341064,,1.7564308643341064,10827
63,,1.4581198692321777,,1.4581198692321777,10828
63,,1.4262173175811768,,1.4262173175811768,10829
63,,1.6996989250183105,,1.6996989250183105,10830
63,,1.658767580986023,,1.658767580986023,10831
63,,1.5951887369155884,,1.5951887369155884,10832
63,,1.6628018617630005,,1.6628018617630005,10833
63,,1.7847234010696411,,1.7847234010696411,10834
63,,1.6670522689819336,,1.6670522689819336,10835
63,,1.511989712715149,,1.511989712715149,10836
63,,1.6231822967529297,,1.6231822967529297,10837
63,,1.6157121658325195,,1.6157121658325195,10838
63,,1.4628703594207764,,1.4628703594207764,10839
63,,1.4698052406311035,,1.4698052406311035,10840
63,,1.5943584442138672,,1.5943584442138672,10841
63,,1.2477784156799316,,1.2477784156799316,10842
63,,1.5775046348571777,,1.5775046348571777,10843
63,,1.353527545928955,,1.353527545928955,10844
63,,1.4492812156677246,,1.4492812156677246,10845
63,,1.5023561716079712,,1.5023561716079712,10846
63,,1.610975742340088,,1.610975742340088,10847
63,,1.403609275817871,,1.403609275817871,10848
63,,1.619826078414917,,1.619826078414917,10849
63,,1.7207250595092773,,1.7207250595092773,10850
63,,1.5097421407699585,,1.5097421407699585,10851
63,,1.4648957252502441,,1.4648957252502441,10852
63,,1.516662836074829,,1.516662836074829,10853
63,,1.6914048194885254,,1.6914048194885254,10854
63,,1.602217197418213,,1.602217197418213,10855
63,,1.3883731365203857,,1.3883731365203857,10856
63,,1.3699002265930176,,1.3699002265930176,10857
63,,1.4963414669036865,,1.4963414669036865,10858
63,,1.6568589210510254,,1.6568589210510254,10859
63,,1.556962490081787,,1.556962490081787,10860
63,,1.4002199172973633,,1.4002199172973633,10861
63,,1.9243218898773193,,1.9243218898773193,10862
63,,1.5990407466888428,,1.5990407466888428,10863
63,,1.6273679733276367,,1.6273679733276367,10864
63,,1.7706077098846436,,1.7706077098846436,10865
63,,1.3883838653564453,,1.3883838653564453,10866
63,,1.3662365674972534,,1.3662365674972534,10867
63,,1.4572217464447021,,1.4572217464447021,10868
63,,1.3382596969604492,,1.3382596969604492,10869
63,,1.546776533126831,,1.546776533126831,10870
63,,1.356295108795166,,1.356295108795166,10871
63,,1.6746070384979248,,1.6746070384979248,10872
63,,1.6901386976242065,,1.6901386976242065,10873
63,,1.55876886844635,,1.55876886844635,10874
63,,1.6016854047775269,,1.6016854047775269,10875
63,,1.5785419940948486,,1.5785419940948486,10876
63,,1.5533795356750488,,1.5533795356750488,10877
63,,1.4899566173553467,,1.4899566173553467,10878
63,,1.3149365186691284,,1.3149365186691284,10879
63,1.5325151681900024,,1.5325151681900024,,10879
64,,1.5680181980133057,,1.5680181980133057,10880
64,,1.3111964464187622,,1.3111964464187622,10881
64,,1.8732550144195557,,1.8732550144195557,10882
64,,1.346368432044983,,1.346368432044983,10883
64,,1.691736102104187,,1.691736102104187,10884
64,,1.3994604349136353,,1.3994604349136353,10885
64,,1.491930365562439,,1.491930365562439,10886
64,,1.7590253353118896,,1.7590253353118896,10887
64,,1.5168445110321045,,1.5168445110321045,10888
64,,1.8085346221923828,,1.8085346221923828,10889
64,,1.436400055885315,,1.436400055885315,10890
64,,1.2725706100463867,,1.2725706100463867,10891
64,,1.3772518634796143,,1.3772518634796143,10892
64,,1.6440589427947998,,1.6440589427947998,10893
64,,1.3968210220336914,,1.3968210220336914,10894
64,,1.3884211778640747,,1.3884211778640747,10895
64,,1.5879628658294678,,1.5879628658294678,10896
64,,1.4871876239776611,,1.4871876239776611,10897
64,,1.7263178825378418,,1.7263178825378418,10898
64,,1.5374019145965576,,1.5374019145965576,10899
64,,1.539086937904358,,1.539086937904358,10900
64,,1.5577470064163208,,1.5577470064163208,10901
64,,1.4289077520370483,,1.4289077520370483,10902
64,,1.692810297012329,,1.692810297012329,10903
64,,1.5154798030853271,,1.5154798030853271,10904
64,,1.4391859769821167,,1.4391859769821167,10905
64,,1.493251919746399,,1.493251919746399,10906
64,,1.6611005067825317,,1.6611005067825317,10907
64,,1.1349025964736938,,1.1349025964736938,10908
64,,1.4834853410720825,,1.4834853410720825,10909
64,,1.7205640077590942,,1.7205640077590942,10910
64,,1.631909966468811,,1.631909966468811,10911
64,,1.5260701179504395,,1.5260701179504395,10912
64,,1.5918887853622437,,1.5918887853622437,10913
64,,1.6045632362365723,,1.6045632362365723,10914
64,,1.485451579093933,,1.485451579093933,10915
64,,1.1197246313095093,,1.1197246313095093,10916
64,,1.4404677152633667,,1.4404677152633667,10917
64,,1.462189793586731,,1.462189793586731,10918
64,,1.491651177406311,,1.491651177406311,10919
64,,1.3442432880401611,,1.3442432880401611,10920
64,,1.6666219234466553,,1.6666219234466553,10921
64,,1.423471450805664,,1.423471450805664,10922
64,,1.5347275733947754,,1.5347275733947754,10923
64,,1.5276387929916382,,1.5276387929916382,10924
64,,1.4581552743911743,,1.4581552743911743,10925
64,,1.7532060146331787,,1.7532060146331787,10926
64,,1.5726433992385864,,1.5726433992385864,10927
64,,1.5334386825561523,,1.5334386825561523,10928
64,,1.380481481552124,,1.380481481552124,10929
64,,1.39292573928833,,1.39292573928833,10930
64,,1.6326863765716553,,1.6326863765716553,10931
64,,1.2617088556289673,,1.2617088556289673,10932
64,,1.3773962259292603,,1.3773962259292603,10933
64,,1.4987852573394775,,1.4987852573394775,10934
64,,1.6747256517410278,,1.6747256517410278,10935
64,,1.4386022090911865,,1.4386022090911865,10936
64,,1.3434768915176392,,1.3434768915176392,10937
64,,1.6854450702667236,,1.6854450702667236,10938
64,,1.5183656215667725,,1.5183656215667725,10939
64,,1.4988192319869995,,1.4988192319869995,10940
64,,1.6533981561660767,,1.6533981561660767,10941
64,,1.4613206386566162,,1.4613206386566162,10942
64,,1.6003831624984741,,1.6003831624984741,10943
64,,1.700556993484497,,1.700556993484497,10944
64,,1.303487777709961,,1.303487777709961,10945
64,,1.5538755655288696,,1.5538755655288696,10946
64,,1.633099913597107,,1.633099913597107,10947
64,,1.567273497581482,,1.567273497581482,10948
64,,1.5509121417999268,,1.5509121417999268,10949
64,,1.43424391746521,,1.43424391746521,10950
64,,1.4414094686508179,,1.4414094686508179,10951
64,,1.5136829614639282,,1.5136829614639282,10952
64,,1.6928402185440063,,1.6928402185440063,10953
64,,1.4732259511947632,,1.4732259511947632,10954
64,,1.6761322021484375,,1.6761322021484375,10955
64,,1.7066650390625,,1.7066650390625,10956
64,,1.6302611827850342,,1.6302611827850342,10957
64,,1.548860788345337,,1.548860788345337,10958
64,,1.5747885704040527,,1.5747885704040527,10959
64,,1.6089341640472412,,1.6089341640472412,10960
64,,1.6150511503219604,,1.6150511503219604,10961
64,,1.6214126348495483,,1.6214126348495483,10962
64,,1.5503112077713013,,1.5503112077713013,10963
64,,1.6013288497924805,,1.6013288497924805,10964
64,,1.5323731899261475,,1.5323731899261475,10965
64,,1.6959240436553955,,1.6959240436553955,10966
64,,1.172269344329834,,1.172269344329834,10967
64,,1.2716532945632935,,1.2716532945632935,10968
64,,1.7754875421524048,,1.7754875421524048,10969
64,,1.4773658514022827,,1.4773658514022827,10970
64,,1.3970234394073486,,1.3970234394073486,10971
64,,1.4138951301574707,,1.4138951301574707,10972
64,,1.521552324295044,,1.521552324295044,10973
64,,1.7166239023208618,,1.7166239023208618,10974
64,,1.6593499183654785,,1.6593499183654785,10975
64,,1.5128498077392578,,1.5128498077392578,10976
64,,1.4036304950714111,,1.4036304950714111,10977
64,,1.4270336627960205,,1.4270336627960205,10978
64,,1.6934291124343872,,1.6934291124343872,10979
64,,1.5582813024520874,,1.5582813024520874,10980
64,,1.8927286863327026,,1.8927286863327026,10981
64,,1.3956937789916992,,1.3956937789916992,10982
64,,1.373123288154602,,1.373123288154602,10983
64,,1.342535138130188,,1.342535138130188,10984
64,,1.5583440065383911,,1.5583440065383911,10985
64,,1.3235512971878052,,1.3235512971878052,10986
64,,1.4083428382873535,,1.4083428382873535,10987
64,,1.5291379690170288,,1.5291379690170288,10988
64,,1.415022611618042,,1.415022611618042,10989
64,,1.544683814048767,,1.544683814048767,10990
64,,1.700767993927002,,1.700767993927002,10991
64,,1.663356900215149,,1.663356900215149,10992
64,,1.2006436586380005,,1.2006436586380005,10993
64,,1.5738826990127563,,1.5738826990127563,10994
64,,1.4212030172348022,,1.4212030172348022,10995
64,,1.5731751918792725,,1.5731751918792725,10996
64,,1.9660732746124268,,1.9660732746124268,10997
64,,1.435250163078308,,1.435250163078308,10998
64,,1.3451002836227417,,1.3451002836227417,10999
64,,1.321602702140808,,1.321602702140808,11000
64,,1.7616394758224487,,1.7616394758224487,11001
64,,1.635206699371338,,1.635206699371338,11002
64,,1.586186170578003,,1.586186170578003,11003
64,,1.5562394857406616,,1.5562394857406616,11004
64,,1.563973307609558,,1.563973307609558,11005
64,,1.6366262435913086,,1.6366262435913086,11006
64,,1.4890590906143188,,1.4890590906143188,11007
64,,1.544434905052185,,1.544434905052185,11008
64,,1.6114397048950195,,1.6114397048950195,11009
64,,1.362107515335083,,1.362107515335083,11010
64,,1.5473371744155884,,1.5473371744155884,11011
64,,1.4010345935821533,,1.4010345935821533,11012
64,,1.4518159627914429,,1.4518159627914429,11013
64,,1.5182126760482788,,1.5182126760482788,11014
64,,1.5582606792449951,,1.5582606792449951,11015
64,,1.6012942790985107,,1.6012942790985107,11016
64,,1.5502156019210815,,1.5502156019210815,11017
64,,1.4865808486938477,,1.4865808486938477,11018
64,,1.4937392473220825,,1.4937392473220825,11019
64,,1.3378139734268188,,1.3378139734268188,11020
64,,1.3421032428741455,,1.3421032428741455,11021
64,,1.5935262441635132,,1.5935262441635132,11022
64,,1.741107702255249,,1.741107702255249,11023
64,,1.4993107318878174,,1.4993107318878174,11024
64,,1.5231544971466064,,1.5231544971466064,11025
64,,1.4297271966934204,,1.4297271966934204,11026
64,,1.262845754623413,,1.262845754623413,11027
64,,1.5233196020126343,,1.5233196020126343,11028
64,,1.5137697458267212,,1.5137697458267212,11029
64,,1.4497488737106323,,1.4497488737106323,11030
64,,1.4682016372680664,,1.4682016372680664,11031
64,,1.2096166610717773,,1.2096166610717773,11032
64,,1.57924485206604,,1.57924485206604,11033
64,,1.1855189800262451,,1.1855189800262451,11034
64,,1.672092318534851,,1.672092318534851,11035
64,,1.4924092292785645,,1.4924092292785645,11036
64,,1.6696985960006714,,1.6696985960006714,11037
64,,1.5602171421051025,,1.5602171421051025,11038
64,,1.382358193397522,,1.382358193397522,11039
64,,1.680698037147522,,1.680698037147522,11040
64,,1.4116272926330566,,1.4116272926330566,11041
64,,1.566681981086731,,1.566681981086731,11042
64,,1.5041056871414185,,1.5041056871414185,11043
64,,1.623352289199829,,1.623352289199829,11044
64,,1.7548314332962036,,1.7548314332962036,11045
64,,1.5447266101837158,,1.5447266101837158,11046
64,,1.4679248332977295,,1.4679248332977295,11047
64,,1.3563356399536133,,1.3563356399536133,11048
64,,1.7460176944732666,,1.7460176944732666,11049
64,1.5199493169784546,,1.5199493169784546,,11049
65,,1.2266098260879517,,1.2266098260879517,11050
65,,1.4801915884017944,,1.4801915884017944,11051
65,,1.315258264541626,,1.315258264541626,11052
65,,1.6446444988250732,,1.6446444988250732,11053
65,,1.5077966451644897,,1.5077966451644897,11054
65,,1.6536800861358643,,1.6536800861358643,11055
65,,1.3616427183151245,,1.3616427183151245,11056
65,,1.5986547470092773,,1.5986547470092773,11057
65,,1.7850468158721924,,1.7850468158721924,11058
65,,1.4980002641677856,,1.4980002641677856,11059
65,,1.7908324003219604,,1.7908324003219604,11060
65,,1.4820988178253174,,1.4820988178253174,11061
65,,1.355332612991333,,1.355332612991333,11062
65,,1.4122124910354614,,1.4122124910354614,11063
65,,1.2843477725982666,,1.2843477725982666,11064
65,,1.5635287761688232,,1.5635287761688232,11065
65,,1.5981236696243286,,1.5981236696243286,11066
65,,1.5354477167129517,,1.5354477167129517,11067
65,,1.4334542751312256,,1.4334542751312256,11068
65,,1.4732869863510132,,1.4732869863510132,11069
65,,1.6598179340362549,,1.6598179340362549,11070
65,,1.638613224029541,,1.638613224029541,11071
65,,1.838373064994812,,1.838373064994812,11072
65,,1.5356566905975342,,1.5356566905975342,11073
65,,1.5794395208358765,,1.5794395208358765,11074
65,,1.4591233730316162,,1.4591233730316162,11075
65,,1.6491636037826538,,1.6491636037826538,11076
65,,1.5404603481292725,,1.5404603481292725,11077
65,,1.531082034111023,,1.531082034111023,11078
65,,1.5013288259506226,,1.5013288259506226,11079
65,,1.312619686126709,,1.312619686126709,11080
65,,1.7626404762268066,,1.7626404762268066,11081
65,,1.149279236793518,,1.149279236793518,11082
65,,1.5163216590881348,,1.5163216590881348,11083
65,,1.5308806896209717,,1.5308806896209717,11084
65,,1.4360746145248413,,1.4360746145248413,11085
65,,1.5882062911987305,,1.5882062911987305,11086
65,,1.5148334503173828,,1.5148334503173828,11087
65,,1.644695520401001,,1.644695520401001,11088
65,,1.6987961530685425,,1.6987961530685425,11089
65,,1.189315676689148,,1.189315676689148,11090
65,,1.4695148468017578,,1.4695148468017578,11091
65,,1.647547960281372,,1.647547960281372,11092
65,,1.2218812704086304,,1.2218812704086304,11093
65,,1.3039458990097046,,1.3039458990097046,11094
65,,1.8260878324508667,,1.8260878324508667,11095
65,,1.507453203201294,,1.507453203201294,11096
65,,1.483999490737915,,1.483999490737915,11097
65,,1.4329167604446411,,1.4329167604446411,11098
65,,1.5507389307022095,,1.5507389307022095,11099
65,,1.3665885925292969,,1.3665885925292969,11100
65,,1.5356026887893677,,1.5356026887893677,11101
65,,1.5254408121109009,,1.5254408121109009,11102
65,,1.6537861824035645,,1.6537861824035645,11103
65,,1.5602262020111084,,1.5602262020111084,11104
65,,1.7368775606155396,,1.7368775606155396,11105
65,,1.3455499410629272,,1.3455499410629272,11106
65,,1.649712324142456,,1.649712324142456,11107
65,,1.2229276895523071,,1.2229276895523071,11108
65,,1.2904740571975708,,1.2904740571975708,11109
65,,1.342506766319275,,1.342506766319275,11110
65,,1.3837995529174805,,1.3837995529174805,11111
65,,1.7651684284210205,,1.7651684284210205,11112
65,,1.499448299407959,,1.499448299407959,11113
65,,1.3779593706130981,,1.3779593706130981,11114
65,,1.3104562759399414,,1.3104562759399414,11115
65,,1.683444857597351,,1.683444857597351,11116
65,,1.5056695938110352,,1.5056695938110352,11117
65,,1.447740912437439,,1.447740912437439,11118
65,,1.3730058670043945,,1.3730058670043945,11119
65,,1.6802873611450195,,1.6802873611450195,11120
65,,1.663375735282898,,1.663375735282898,11121
65,,1.6367594003677368,,1.6367594003677368,11122
65,,1.1433439254760742,,1.1433439254760742,11123
65,,1.4103997945785522,,1.4103997945785522,11124
65,,1.3637988567352295,,1.3637988567352295,11125
65,,1.4525878429412842,,1.4525878429412842,11126
65,,1.7967618703842163,,1.7967618703842163,11127
65,,1.2764164209365845,,1.2764164209365845,11128
65,,1.6453784704208374,,1.6453784704208374,11129
65,,1.6025831699371338,,1.6025831699371338,11130
65,,1.7131222486495972,,1.7131222486495972,11131
65,,1.5129497051239014,,1.5129497051239014,11132
65,,1.6562820672988892,,1.6562820672988892,11133
65,,1.281019687652588,,1.281019687652588,11134
65,,1.5533546209335327,,1.5533546209335327,11135
65,,1.4167393445968628,,1.4167393445968628,11136
65,,1.2245965003967285,,1.2245965003967285,11137
65,,1.4384517669677734,,1.4384517669677734,11138
65,,1.4246909618377686,,1.4246909618377686,11139
65,,1.4953855276107788,,1.4953855276107788,11140
65,,1.6064988374710083,,1.6064988374710083,11141
65,,1.8576685190200806,,1.8576685190200806,11142
65,,1.6053721904754639,,1.6053721904754639,11143
65,,1.647469401359558,,1.647469401359558,11144
65,,1.3642663955688477,,1.3642663955688477,11145
65,,1.5925267934799194,,1.5925267934799194,11146
65,,1.7148419618606567,,1.7148419618606567,11147
65,,1.267472505569458,,1.267472505569458,11148
65,,1.7172350883483887,,1.7172350883483887,11149
65,,1.6816140413284302,,1.6816140413284302,11150
65,,1.3778495788574219,,1.3778495788574219,11151
65,,1.7258214950561523,,1.7258214950561523,11152
65,,1.3142967224121094,,1.3142967224121094,11153
65,,1.5891458988189697,,1.5891458988189697,11154
65,,1.371984839439392,,1.371984839439392,11155
65,,1.5942049026489258,,1.5942049026489258,11156
65,,1.4549610614776611,,1.4549610614776611,11157
65,,1.7166699171066284,,1.7166699171066284,11158
65,,1.574357032775879,,1.574357032775879,11159
65,,1.7630596160888672,,1.7630596160888672,11160
65,,1.4352338314056396,,1.4352338314056396,11161
65,,1.7603673934936523,,1.7603673934936523,11162
65,,1.521367073059082,,1.521367073059082,11163
65,,1.7177364826202393,,1.7177364826202393,11164
65,,1.608644723892212,,1.608644723892212,11165
65,,1.5838127136230469,,1.5838127136230469,11166
65,,1.4377946853637695,,1.4377946853637695,11167
65,,1.5631754398345947,,1.5631754398345947,11168
65,,1.4848957061767578,,1.4848957061767578,11169
65,,1.746117353439331,,1.746117353439331,11170
65,,1.543118953704834,,1.543118953704834,11171
65,,1.6295490264892578,,1.6295490264892578,11172
65,,1.410062551498413,,1.410062551498413,11173
65,,1.5292353630065918,,1.5292353630065918,11174
65,,1.3393161296844482,,1.3393161296844482,11175
65,,1.4302892684936523,,1.4302892684936523,11176
65,,1.3952889442443848,,1.3952889442443848,11177
65,,1.330094575881958,,1.330094575881958,11178
65,,1.672598123550415,,1.672598123550415,11179
65,,1.4430675506591797,,1.4430675506591797,11180
65,,1.5235077142715454,,1.5235077142715454,11181
65,,1.345768690109253,,1.345768690109253,11182
65,,1.5964783430099487,,1.5964783430099487,11183
65,,1.6259411573410034,,1.6259411573410034,11184
65,,1.600315809249878,,1.600315809249878,11185
65,,1.3517446517944336,,1.3517446517944336,11186
65,,1.572125792503357,,1.572125792503357,11187
65,,1.3900268077850342,,1.3900268077850342,11188
65,,1.4195796251296997,,1.4195796251296997,11189
65,,1.371249794960022,,1.371249794960022,11190
65,,1.698930025100708,,1.698930025100708,11191
65,,1.366455078125,,1.366455078125,11192
65,,1.7049554586410522,,1.7049554586410522,11193
65,,1.7015447616577148,,1.7015447616577148,11194
65,,1.3755395412445068,,1.3755395412445068,11195
65,,1.6147935390472412,,1.6147935390472412,11196
65,,1.6537785530090332,,1.6537785530090332,11197
65,,1.6381374597549438,,1.6381374597549438,11198
65,,1.4580916166305542,,1.4580916166305542,11199
65,,1.524014949798584,,1.524014949798584,11200
65,,1.6530920267105103,,1.6530920267105103,11201
65,,1.4599794149398804,,1.4599794149398804,11202
65,,1.50621497631073,,1.50621497631073,11203
65,,1.5920978784561157,,1.5920978784561157,11204
65,,1.5267716646194458,,1.5267716646194458,11205
65,,1.661049246788025,,1.661049246788025,11206
65,,1.516247272491455,,1.516247272491455,11207
65,,1.7590768337249756,,1.7590768337249756,11208
65,,1.5495246648788452,,1.5495246648788452,11209
65,,1.3270995616912842,,1.3270995616912842,11210
65,,1.3237582445144653,,1.3237582445144653,11211
65,,1.4833152294158936,,1.4833152294158936,11212
65,,1.4888185262680054,,1.4888185262680054,11213
65,,1.5166579484939575,,1.5166579484939575,11214
65,,1.6697138547897339,,1.6697138547897339,11215
65,,1.590940237045288,,1.590940237045288,11216
65,,1.6618016958236694,,1.6618016958236694,11217
65,,1.6112788915634155,,1.6112788915634155,11218
65,,1.446393370628357,,1.446393370628357,11219
65,1.521933913230896,,1.521933913230896,,11219
66,,1.7528808116912842,,1.7528808116912842,11220
66,,1.5725226402282715,,1.5725226402282715,11221
66,,1.6206282377243042,,1.6206282377243042,11222
66,,1.4103456735610962,,1.4103456735610962,11223
66,,1.7264485359191895,,1.7264485359191895,11224
66,,1.4552116394042969,,1.4552116394042969,11225
66,,1.6695138216018677,,1.6695138216018677,11226
66,,1.5564119815826416,,1.5564119815826416,11227
66,,1.7127314805984497,,1.7127314805984497,11228
66,,1.4482052326202393,,1.4482052326202393,11229
66,,1.313118815422058,,1.313118815422058,11230
66,,1.4651789665222168,,1.4651789665222168,11231
66,,1.4788058996200562,,1.4788058996200562,11232
66,,1.3957746028900146,,1.3957746028900146,11233
66,,1.3193222284317017,,1.3193222284317017,11234
66,,1.6601999998092651,,1.6601999998092651,11235
66,,1.3825799226760864,,1.3825799226760864,11236
66,,1.303604006767273,,1.303604006767273,11237
66,,1.555181622505188,,1.555181622505188,11238
66,,1.5064537525177002,,1.5064537525177002,11239
66,,1.7165488004684448,,1.7165488004684448,11240
66,,1.405807614326477,,1.405807614326477,11241
66,,1.5776203870773315,,1.5776203870773315,11242
66,,1.743662714958191,,1.743662714958191,11243
66,,1.4909430742263794,,1.4909430742263794,11244
66,,1.5105602741241455,,1.5105602741241455,11245
66,,1.6774441003799438,,1.6774441003799438,11246
66,,1.301236629486084,,1.301236629486084,11247
66,,1.576946496963501,,1.576946496963501,11248
66,,1.7820343971252441,,1.7820343971252441,11249
66,,1.4328820705413818,,1.4328820705413818,11250
66,,1.7231290340423584,,1.7231290340423584,11251
66,,1.5593070983886719,,1.5593070983886719,11252
66,,1.3584851026535034,,1.3584851026535034,11253
66,,1.498433232307434,,1.498433232307434,11254
66,,1.7854841947555542,,1.7854841947555542,11255
66,,1.425268530845642,,1.425268530845642,11256
66,,1.2345952987670898,,1.2345952987670898,11257
66,,1.689585566520691,,1.689585566520691,11258
66,,1.5608159303665161,,1.5608159303665161,11259
66,,1.199181079864502,,1.199181079864502,11260
66,,1.731011152267456,,1.731011152267456,11261
66,,1.5400177240371704,,1.5400177240371704,11262
66,,1.5092761516571045,,1.5092761516571045,11263
66,,1.5765501260757446,,1.5765501260757446,11264
66,,1.4773313999176025,,1.4773313999176025,11265
66,,1.6546992063522339,,1.6546992063522339,11266
66,,1.591581106185913,,1.591581106185913,11267
66,,1.637121558189392,,1.637121558189392,11268
66,,1.2145659923553467,,1.2145659923553467,11269
66,,1.3495686054229736,,1.3495686054229736,11270
66,,1.5044069290161133,,1.5044069290161133,11271
66,,1.6635143756866455,,1.6635143756866455,11272
66,,1.7256652116775513,,1.7256652116775513,11273
66,,1.5298511981964111,,1.5298511981964111,11274
66,,1.4263604879379272,,1.4263604879379272,11275
66,,1.4629466533660889,,1.4629466533660889,11276
66,,1.3411438465118408,,1.3411438465118408,11277
66,,1.5100783109664917,,1.5100783109664917,11278
66,,1.4607160091400146,,1.4607160091400146,11279
66,,1.5180193185806274,,1.5180193185806274,11280
66,,1.5647262334823608,,1.5647262334823608,11281
66,,1.581215500831604,,1.581215500831604,11282
66,,1.587462306022644,,1.587462306022644,11283
66,,1.475142002105713,,1.475142002105713,11284
66,,1.2495394945144653,,1.2495394945144653,11285
66,,1.7304725646972656,,1.7304725646972656,11286
66,,1.5454703569412231,,1.5454703569412231,11287
66,,1.481896162033081,,1.481896162033081,11288
66,,1.6592352390289307,,1.6592352390289307,11289
66,,1.7518154382705688,,1.7518154382705688,11290
66,,1.550658941268921,,1.550658941268921,11291
66,,1.4125149250030518,,1.4125149250030518,11292
66,,1.6819123029708862,,1.6819123029708862,11293
66,,1.6532796621322632,,1.6532796621322632,11294
66,,1.3912711143493652,,1.3912711143493652,11295
66,,1.5060981512069702,,1.5060981512069702,11296
66,,1.3685886859893799,,1.3685886859893799,11297
66,,1.6473960876464844,,1.6473960876464844,11298
66,,1.416505217552185,,1.416505217552185,11299
66,,1.4750347137451172,,1.4750347137451172,11300
66,,1.5459355115890503,,1.5459355115890503,11301
66,,1.3004343509674072,,1.3004343509674072,11302
66,,1.3432796001434326,,1.3432796001434326,11303
66,,1.4487382173538208,,1.4487382173538208,11304
66,,1.320051908493042,,1.320051908493042,11305
66,,1.3522404432296753,,1.3522404432296753,11306
66,,1.585693359375,,1.585693359375,11307
66,,1.2797518968582153,,1.2797518968582153,11308
66,,1.4195023775100708,,1.4195023775100708,11309
66,,1.7037781476974487,,1.7037781476974487,11310
66,,1.612269639968872,,1.612269639968872,11311
66,,1.4798589944839478,,1.4798589944839478,11312
66,,1.6031274795532227,,1.6031274795532227,11313
66,,1.677714228630066,,1.677714228630066,11314
66,,1.5003714561462402,,1.5003714561462402,11315
66,,1.5311263799667358,,1.5311263799667358,11316
66,,1.5342992544174194,,1.5342992544174194,11317
66,,1.4936671257019043,,1.4936671257019043,11318
66,,1.7416696548461914,,1.7416696548461914,11319
66,,1.2442587614059448,,1.2442587614059448,11320
66,,1.2343287467956543,,1.2343287467956543,11321
66,,1.8123728036880493,,1.8123728036880493,11322
66,,1.6657555103302002,,1.6657555103302002,11323
66,,1.4725228548049927,,1.4725228548049927,11324
66,,1.4392590522766113,,1.4392590522766113,11325
66,,1.3855888843536377,,1.3855888843536377,11326
66,,1.409027338027954,,1.409027338027954,11327
66,,1.407315969467163,,1.407315969467163,11328
66,,1.3289470672607422,,1.3289470672607422,11329
66,,1.4422661066055298,,1.4422661066055298,11330
66,,1.5580134391784668,,1.5580134391784668,11331
66,,1.7047163248062134,,1.7047163248062134,11332
66,,1.4744372367858887,,1.4744372367858887,11333
66,,1.6411325931549072,,1.6411325931549072,11334
66,,1.452468752861023,,1.452468752861023,11335
66,,1.4611926078796387,,1.4611926078796387,11336
66,,1.4184467792510986,,1.4184467792510986,11337
66,,1.5143529176712036,,1.5143529176712036,11338
66,,1.6163743734359741,,1.6163743734359741,11339
66,,1.52197265625,,1.52197265625,11340
66,,1.5544072389602661,,1.5544072389602661,11341
66,,1.358623743057251,,1.358623743057251,11342
66,,1.5779606103897095,,1.5779606103897095,11343
66,,1.4760353565216064,,1.4760353565216064,11344
66,,1.6567718982696533,,1.6567718982696533,11345
66,,1.4317262172698975,,1.4317262172698975,11346
66,,1.5130317211151123,,1.5130317211151123,11347
66,,1.0914090871810913,,1.0914090871810913,11348
66,,1.5984400510787964,,1.5984400510787964,11349
66,,1.5079797506332397,,1.5079797506332397,11350
66,,1.425704836845398,,1.425704836845398,11351
66,,1.6198588609695435,,1.6198588609695435,11352
66,,1.7282432317733765,,1.7282432317733765,11353
66,,1.5653634071350098,,1.5653634071350098,11354
66,,1.5179578065872192,,1.5179578065872192,11355
66,,1.6457661390304565,,1.6457661390304565,11356
66,,1.652182698249817,,1.652182698249817,11357
66,,1.50261652469635,,1.50261652469635,11358
66,,1.6166107654571533,,1.6166107654571533,11359
66,,1.3382538557052612,,1.3382538557052612,11360
66,,1.6719567775726318,,1.6719567775726318,11361
66,,1.3183385133743286,,1.3183385133743286,11362
66,,1.5044077634811401,,1.5044077634811401,11363
66,,1.5396599769592285,,1.5396599769592285,11364
66,,1.4855176210403442,,1.4855176210403442,11365
66,,1.3965128660202026,,1.3965128660202026,11366
66,,1.4360699653625488,,1.4360699653625488,11367
66,,1.6384187936782837,,1.6384187936782837,11368
66,,1.7671109437942505,,1.7671109437942505,11369
66,,1.7789406776428223,,1.7789406776428223,11370
66,,1.4482297897338867,,1.4482297897338867,11371
66,,1.6933515071868896,,1.6933515071868896,11372
66,,1.395015835762024,,1.395015835762024,11373
66,,1.682542085647583,,1.682542085647583,11374
66,,1.4703842401504517,,1.4703842401504517,11375
66,,1.6296875476837158,,1.6296875476837158,11376
66,,1.7199958562850952,,1.7199958562850952,11377
66,,1.6090831756591797,,1.6090831756591797,11378
66,,1.764151692390442,,1.764151692390442,11379
66,,1.4402281045913696,,1.4402281045913696,11380
66,,1.1953034400939941,,1.1953034400939941,11381
66,,1.4647047519683838,,1.4647047519683838,11382
66,,1.4997390508651733,,1.4997390508651733,11383
66,,1.6047935485839844,,1.6047935485839844,11384
66,,1.5956287384033203,,1.5956287384033203,11385
66,,1.539998173713684,,1.539998173713684,11386
66,,1.4929097890853882,,1.4929097890853882,11387
66,,1.4582613706588745,,1.4582613706588745,11388
66,,1.7663002014160156,,1.7663002014160156,11389
66,1.5213005542755127,,1.5213005542755127,,11389
67,,1.4590753316879272,,1.4590753316879272,11390
67,,1.561984896659851,,1.561984896659851,11391
67,,1.7523863315582275,,1.7523863315582275,11392
67,,1.53125,,1.53125,11393
67,,1.7112889289855957,,1.7112889289855957,11394
67,,1.450975775718689,,1.450975775718689,11395
67,,1.670376181602478,,1.670376181602478,11396
67,,1.5072122812271118,,1.5072122812271118,11397
67,,1.5357345342636108,,1.5357345342636108,11398
67,,1.522120475769043,,1.522120475769043,11399
67,,1.487755537033081,,1.487755537033081,11400
67,,1.7242449522018433,,1.7242449522018433,11401
67,,1.6671336889266968,,1.6671336889266968,11402
67,,1.3927931785583496,,1.3927931785583496,11403
67,,1.3931032419204712,,1.3931032419204712,11404
67,,1.1134765148162842,,1.1134765148162842,11405
67,,1.5021464824676514,,1.5021464824676514,11406
67,,1.4959219694137573,,1.4959219694137573,11407
67,,1.5926755666732788,,1.5926755666732788,11408
67,,1.4929288625717163,,1.4929288625717163,11409
67,,1.4937509298324585,,1.4937509298324585,11410
67,,1.2120319604873657,,1.2120319604873657,11411
67,,1.5270569324493408,,1.5270569324493408,11412
67,,1.3491171598434448,,1.3491171598434448,11413
67,,1.443566918373108,,1.443566918373108,11414
67,,1.3689168691635132,,1.3689168691635132,11415
67,,1.5199886560440063,,1.5199886560440063,11416
67,,1.5064125061035156,,1.5064125061035156,11417
67,,1.4426183700561523,,1.4426183700561523,11418
67,,1.5894379615783691,,1.5894379615783691,11419
67,,1.5565807819366455,,1.5565807819366455,11420
67,,1.6158220767974854,,1.6158220767974854,11421
67,,1.5648645162582397,,1.5648645162582397,11422
67,,1.5302999019622803,,1.5302999019622803,11423
67,,1.6369359493255615,,1.6369359493255615,11424
67,,1.5759263038635254,,1.5759263038635254,11425
67,,1.47739839553833,,1.47739839553833,11426
67,,1.4556968212127686,,1.4556968212127686,11427
67,,1.718953251838684,,1.718953251838684,11428
67,,1.5881776809692383,,1.5881776809692383,11429
67,,1.52029287815094,,1.52029287815094,11430
67,,1.6009248495101929,,1.6009248495101929,11431
67,,1.6133432388305664,,1.6133432388305664,11432
67,,2.0377604961395264,,2.0377604961395264,11433
67,,1.8275408744812012,,1.8275408744812012,11434
67,,1.6384625434875488,,1.6384625434875488,11435
67,,1.251438856124878,,1.251438856124878,11436
67,,1.4698519706726074,,1.4698519706726074,11437
67,,1.662636399269104,,1.662636399269104,11438
67,,1.4333341121673584,,1.4333341121673584,11439
67,,1.386094331741333,,1.386094331741333,11440
67,,1.4200732707977295,,1.4200732707977295,11441
67,,1.5841641426086426,,1.5841641426086426,11442
67,,1.7161458730697632,,1.7161458730697632,11443
67,,1.625762939453125,,1.625762939453125,11444
67,,1.4328835010528564,,1.4328835010528564,11445
67,,1.9081968069076538,,1.9081968069076538,11446
67,,1.507356882095337,,1.507356882095337,11447
67,,1.6060808897018433,,1.6060808897018433,11448
67,,1.5216400623321533,,1.5216400623321533,11449
67,,1.4010404348373413,,1.4010404348373413,11450
67,,1.509138822555542,,1.509138822555542,11451
67,,1.3566558361053467,,1.3566558361053467,11452
67,,1.5809872150421143,,1.5809872150421143,11453
67,,1.5540660619735718,,1.5540660619735718,11454
67,,1.6767150163650513,,1.6767150163650513,11455
67,,1.5754145383834839,,1.5754145383834839,11456
67,,1.5472869873046875,,1.5472869873046875,11457
67,,1.7820171117782593,,1.7820171117782593,11458
67,,1.1590520143508911,,1.1590520143508911,11459
67,,1.2821428775787354,,1.2821428775787354,11460
67,,1.389604926109314,,1.389604926109314,11461
67,,1.4005093574523926,,1.4005093574523926,11462
67,,1.5022766590118408,,1.5022766590118408,11463
67,,1.603293538093567,,1.603293538093567,11464
67,,1.6480591297149658,,1.6480591297149658,11465
67,,1.5776689052581787,,1.5776689052581787,11466
67,,1.806176781654358,,1.806176781654358,11467
67,,1.6157063245773315,,1.6157063245773315,11468
67,,1.3465420007705688,,1.3465420007705688,11469
67,,1.2801204919815063,,1.2801204919815063,11470
67,,1.5900516510009766,,1.5900516510009766,11471
67,,1.2740178108215332,,1.2740178108215332,11472
67,,1.4414007663726807,,1.4414007663726807,11473
67,,1.3692537546157837,,1.3692537546157837,11474
67,,1.4534074068069458,,1.4534074068069458,11475
67,,1.315671443939209,,1.315671443939209,11476
67,,1.6036044359207153,,1.6036044359207153,11477
67,,1.6800512075424194,,1.6800512075424194,11478
67,,1.3987696170806885,,1.3987696170806885,11479
67,,1.3876692056655884,,1.3876692056655884,11480
67,,1.880004644393921,,1.880004644393921,11481
67,,1.3180962800979614,,1.3180962800979614,11482
67,,1.815414547920227,,1.815414547920227,11483
67,,1.5845617055892944,,1.5845617055892944,11484
67,,1.4319816827774048,,1.4319816827774048,11485
67,,1.3039815425872803,,1.3039815425872803,11486
67,,1.392760157585144,,1.392760157585144,11487
67,,1.5514146089553833,,1.5514146089553833,11488
67,,1.5325919389724731,,1.5325919389724731,11489
67,,1.4216854572296143,,1.4216854572296143,11490
67,,1.6278630495071411,,1.6278630495071411,11491
67,,1.4129279851913452,,1.4129279851913452,11492
67,,1.4792927503585815,,1.4792927503585815,11493
67,,1.298670768737793,,1.298670768737793,11494
67,,1.5552749633789062,,1.5552749633789062,11495
67,,1.7711275815963745,,1.7711275815963745,11496
67,,1.2172656059265137,,1.2172656059265137,11497
67,,1.546790599822998,,1.546790599822998,11498
67,,1.4988377094268799,,1.4988377094268799,11499
67,,1.617600440979004,,1.617600440979004,11500
67,,1.3594144582748413,,1.3594144582748413,11501
67,,1.5537068843841553,,1.5537068843841553,11502
67,,1.8939226865768433,,1.8939226865768433,11503
67,,1.4786536693572998,,1.4786536693572998,11504
67,,1.6354423761367798,,1.6354423761367798,11505
67,,1.5542258024215698,,1.5542258024215698,11506
67,,1.3806365728378296,,1.3806365728378296,11507
67,,1.3822523355484009,,1.3822523355484009,11508
67,,1.4972424507141113,,1.4972424507141113,11509
67,,1.4984732866287231,,1.4984732866287231,11510
67,,1.330453872680664,,1.330453872680664,11511
67,,1.3560606241226196,,1.3560606241226196,11512
67,,1.5602766275405884,,1.5602766275405884,11513
67,,1.5335959196090698,,1.5335959196090698,11514
67,,1.4094873666763306,,1.4094873666763306,11515
67,,1.5140894651412964,,1.5140894651412964,11516
67,,1.6029331684112549,,1.6029331684112549,11517
67,,1.4816975593566895,,1.4816975593566895,11518
67,,1.4024711847305298,,1.4024711847305298,11519
67,,1.850005865097046,,1.850005865097046,11520
67,,1.513946294784546,,1.513946294784546,11521
67,,1.596009612083435,,1.596009612083435,11522
67,,1.4103012084960938,,1.4103012084960938,11523
67,,1.4439433813095093,,1.4439433813095093,11524
67,,1.7208123207092285,,1.7208123207092285,11525
67,,1.3586379289627075,,1.3586379289627075,11526
67,,1.2244585752487183,,1.2244585752487183,11527
67,,1.4612776041030884,,1.4612776041030884,11528
67,,1.3309743404388428,,1.3309743404388428,11529
67,,1.387386679649353,,1.387386679649353,11530
67,,1.6451911926269531,,1.6451911926269531,11531
67,,1.4749525785446167,,1.4749525785446167,11532
67,,1.750735878944397,,1.750735878944397,11533
67,,1.7112767696380615,,1.7112767696380615,11534
67,,1.7808313369750977,,1.7808313369750977,11535
67,,1.6042832136154175,,1.6042832136154175,11536
67,,1.5748858451843262,,1.5748858451843262,11537
67,,1.5515400171279907,,1.5515400171279907,11538
67,,1.5123416185379028,,1.5123416185379028,11539
67,,1.6483104228973389,,1.6483104228973389,11540
67,,1.4742051362991333,,1.4742051362991333,11541
67,,1.5101685523986816,,1.5101685523986816,11542
67,,1.3997942209243774,,1.3997942209243774,11543
67,,1.5920631885528564,,1.5920631885528564,11544
67,,1.5355474948883057,,1.5355474948883057,11545
67,,1.3727753162384033,,1.3727753162384033,11546
67,,1.7228118181228638,,1.7228118181228638,11547
67,,1.5816822052001953,,1.5816822052001953,11548
67,,1.519801139831543,,1.519801139831543,11549
67,,1.4740419387817383,,1.4740419387817383,11550
67,,1.5451328754425049,,1.5451328754425049,11551
67,,1.4754738807678223,,1.4754738807678223,11552
67,,1.4540597200393677,,1.4540597200393677,11553
67,,1.598222017288208,,1.598222017288208,11554
67,,1.571365237236023,,1.571365237236023,11555
67,,1.641313076019287,,1.641313076019287,11556
67,,1.3327995538711548,,1.3327995538711548,11557
67,,1.465560793876648,,1.465560793876648,11558
67,,1.5267837047576904,,1.5267837047576904,11559
67,1.5213885307312012,,1.5213885307312012,,11559
68,,1.397792935371399,,1.397792935371399,11560
68,,1.768200397491455,,1.768200397491455,11561
68,,1.564268708229065,,1.564268708229065,11562
68,,1.6359962224960327,,1.6359962224960327,11563
68,,1.3803261518478394,,1.3803261518478394,11564
68,,1.460185170173645,,1.460185170173645,11565
68,,1.7109873294830322,,1.7109873294830322,11566
68,,1.5191413164138794,,1.5191413164138794,11567
68,,1.6008918285369873,,1.6008918285369873,11568
68,,1.48286771774292,,1.48286771774292,11569
68,,1.4585597515106201,,1.4585597515106201,11570
68,,1.5716966390609741,,1.5716966390609741,11571
68,,1.5487124919891357,,1.5487124919891357,11572
68,,1.3888596296310425,,1.3888596296310425,11573
68,,1.694865345954895,,1.694865345954895,11574
68,,1.6301532983779907,,1.6301532983779907,11575
68,,1.4426504373550415,,1.4426504373550415,11576
68,,1.28985595703125,,1.28985595703125,11577
68,,1.583031415939331,,1.583031415939331,11578
68,,1.4190938472747803,,1.4190938472747803,11579
68,,1.6891043186187744,,1.6891043186187744,11580
68,,1.2697372436523438,,1.2697372436523438,11581
68,,1.7157431840896606,,1.7157431840896606,11582
68,,1.423764944076538,,1.423764944076538,11583
68,,1.448132038116455,,1.448132038116455,11584
68,,1.5840320587158203,,1.5840320587158203,11585
68,,1.5329076051712036,,1.5329076051712036,11586
68,,1.6259435415267944,,1.6259435415267944,11587
68,,1.6213983297348022,,1.6213983297348022,11588
68,,1.4352493286132812,,1.4352493286132812,11589
68,,1.5763334035873413,,1.5763334035873413,11590
68,,1.510198712348938,,1.510198712348938,11591
68,,1.6788803339004517,,1.6788803339004517,11592
68,,1.6218392848968506,,1.6218392848968506,11593
68,,1.586404800415039,,1.586404800415039,11594
68,,1.474279761314392,,1.474279761314392,11595
68,,1.5442008972167969,,1.5442008972167969,11596
68,,1.4998860359191895,,1.4998860359191895,11597
68,,1.5752381086349487,,1.5752381086349487,11598
68,,1.3125442266464233,,1.3125442266464233,11599
68,,1.2030155658721924,,1.2030155658721924,11600
68,,1.5449779033660889,,1.5449779033660889,11601
68,,1.454030990600586,,1.454030990600586,11602
68,,1.521357774734497,,1.521357774734497,11603
68,,1.5975708961486816,,1.5975708961486816,11604
68,,1.5506160259246826,,1.5506160259246826,11605
68,,1.6907522678375244,,1.6907522678375244,11606
68,,1.5686885118484497,,1.5686885118484497,11607
68,,1.3891288042068481,,1.3891288042068481,11608
68,,1.5552581548690796,,1.5552581548690796,11609
68,,1.802789568901062,,1.802789568901062,11610
68,,1.5081464052200317,,1.5081464052200317,11611
68,,1.5209910869598389,,1.5209910869598389,11612
68,,1.4457616806030273,,1.4457616806030273,11613
68,,1.660401463508606,,1.660401463508606,11614
68,,1.5107704401016235,,1.5107704401016235,11615
68,,1.5792019367218018,,1.5792019367218018,11616
68,,1.3852124214172363,,1.3852124214172363,11617
68,,1.4869638681411743,,1.4869638681411743,11618
68,,1.5826525688171387,,1.5826525688171387,11619
68,,1.6428111791610718,,1.6428111791610718,11620
68,,1.412518858909607,,1.412518858909607,11621
68,,1.410356879234314,,1.410356879234314,11622
68,,1.4801745414733887,,1.4801745414733887,11623
68,,1.4872254133224487,,1.4872254133224487,11624
68,,1.672769546508789,,1.672769546508789,11625
68,,1.353092908859253,,1.353092908859253,11626
68,,1.626755952835083,,1.626755952835083,11627
68,,1.3929975032806396,,1.3929975032806396,11628
68,,1.5598130226135254,,1.5598130226135254,11629
68,,1.4903959035873413,,1.4903959035873413,11630
68,,1.6619024276733398,,1.6619024276733398,11631
68,,1.8320287466049194,,1.8320287466049194,11632
68,,1.6564186811447144,,1.6564186811447144,11633
68,,1.6634349822998047,,1.6634349822998047,11634
68,,1.1325148344039917,,1.1325148344039917,11635
68,,1.656501293182373,,1.656501293182373,11636
68,,1.7260375022888184,,1.7260375022888184,11637
68,,1.3855408430099487,,1.3855408430099487,11638
68,,1.4334944486618042,,1.4334944486618042,11639
68,,1.7580150365829468,,1.7580150365829468,11640
68,,1.4746488332748413,,1.4746488332748413,11641
68,,1.2247989177703857,,1.2247989177703857,11642
68,,1.6648180484771729,,1.6648180484771729,11643
68,,1.6457078456878662,,1.6457078456878662,11644
68,,1.6366609334945679,,1.6366609334945679,11645
68,,1.4677475690841675,,1.4677475690841675,11646
68,,1.4231228828430176,,1.4231228828430176,11647
68,,1.7218767404556274,,1.7218767404556274,11648
68,,1.4383323192596436,,1.4383323192596436,11649
68,,1.4468632936477661,,1.4468632936477661,11650
68,,1.4211492538452148,,1.4211492538452148,11651
68,,1.2709883451461792,,1.2709883451461792,11652
68,,1.2820686101913452,,1.2820686101913452,11653
68,,1.4765198230743408,,1.4765198230743408,11654
68,,1.3973151445388794,,1.3973151445388794,11655
68,,1.716987133026123,,1.716987133026123,11656
68,,1.4761962890625,,1.4761962890625,11657
68,,1.5822597742080688,,1.5822597742080688,11658
68,,1.5063014030456543,,1.5063014030456543,11659
68,,1.4389190673828125,,1.4389190673828125,11660
68,,1.529037356376648,,1.529037356376648,11661
68,,1.5044364929199219,,1.5044364929199219,11662
68,,1.4290176630020142,,1.4290176630020142,11663
68,,1.4225547313690186,,1.4225547313690186,11664
68,,1.5134333372116089,,1.5134333372116089,11665
68,,1.5345979928970337,,1.5345979928970337,11666
68,,1.4495176076889038,,1.4495176076889038,11667
68,,1.202953577041626,,1.202953577041626,11668
68,,1.414824366569519,,1.414824366569519,11669
68,,1.4441015720367432,,1.4441015720367432,11670
68,,1.7194180488586426,,1.7194180488586426,11671
68,,1.8534094095230103,,1.8534094095230103,11672
68,,1.563960075378418,,1.563960075378418,11673
68,,1.4540700912475586,,1.4540700912475586,11674
68,,1.406505823135376,,1.406505823135376,11675
68,,1.468653917312622,,1.468653917312622,11676
68,,1.5795702934265137,,1.5795702934265137,11677
68,,1.376865267753601,,1.376865267753601,11678
68,,1.4998408555984497,,1.4998408555984497,11679
68,,1.6108752489089966,,1.6108752489089966,11680
68,,1.5176620483398438,,1.5176620483398438,11681
68,,1.2249559164047241,,1.2249559164047241,11682
68,,1.307051658630371,,1.307051658630371,11683
68,,1.6700198650360107,,1.6700198650360107,11684
68,,1.4359714984893799,,1.4359714984893799,11685
68,,1.5818723440170288,,1.5818723440170288,11686
68,,1.6340651512145996,,1.6340651512145996,11687
68,,1.7604705095291138,,1.7604705095291138,11688
68,,1.6348556280136108,,1.6348556280136108,11689
68,,1.4146071672439575,,1.4146071672439575,11690
68,,1.4793701171875,,1.4793701171875,11691
68,,1.421800136566162,,1.421800136566162,11692
68,,1.7237566709518433,,1.7237566709518433,11693
68,,1.7521358728408813,,1.7521358728408813,11694
68,,1.1640106439590454,,1.1640106439590454,11695
68,,1.5246012210845947,,1.5246012210845947,11696
68,,1.446489930152893,,1.446489930152893,11697
68,,1.6466896533966064,,1.6466896533966064,11698
68,,1.466937780380249,,1.466937780380249,11699
68,,1.5892703533172607,,1.5892703533172607,11700
68,,1.6005699634552002,,1.6005699634552002,11701
68,,1.6327407360076904,,1.6327407360076904,11702
68,,1.6361576318740845,,1.6361576318740845,11703
68,,1.7428284883499146,,1.7428284883499146,11704
68,,1.2649036645889282,,1.2649036645889282,11705
68,,1.7767869234085083,,1.7767869234085083,11706
68,,1.3647360801696777,,1.3647360801696777,11707
68,,1.4588149785995483,,1.4588149785995483,11708
68,,1.4388995170593262,,1.4388995170593262,11709
68,,1.3666393756866455,,1.3666393756866455,11710
68,,1.5184165239334106,,1.5184165239334106,11711
68,,1.451892375946045,,1.451892375946045,11712
68,,1.801696538925171,,1.801696538925171,11713
68,,1.357490062713623,,1.357490062713623,11714
68,,1.6123428344726562,,1.6123428344726562,11715
68,,1.4151904582977295,,1.4151904582977295,11716
68,,1.5318301916122437,,1.5318301916122437,11717
68,,1.5764174461364746,,1.5764174461364746,11718
68,,1.6997053623199463,,1.6997053623199463,11719
68,,1.4753581285476685,,1.4753581285476685,11720
68,,1.717384934425354,,1.717384934425354,11721
68,,1.485572099685669,,1.485572099685669,11722
68,,1.5236738920211792,,1.5236738920211792,11723
68,,1.477462887763977,,1.477462887763977,11724
68,,1.5790256261825562,,1.5790256261825562,11725
68,,1.7914878129959106,,1.7914878129959106,11726
68,,1.3209242820739746,,1.3209242820739746,11727
68,,1.601181983947754,,1.601181983947754,11728
68,,1.6189218759536743,,1.6189218759536743,11729
68,1.5243206024169922,,1.5243206024169922,,11729
69,,1.427841067314148,,1.427841067314148,11730
69,,1.5433168411254883,,1.5433168411254883,11731
69,,1.4638863801956177,,1.4638863801956177,11732
69,,1.4992258548736572,,1.4992258548736572,11733
69,,1.5366477966308594,,1.5366477966308594,11734
69,,1.4399218559265137,,1.4399218559265137,11735
69,,1.563962459564209,,1.563962459564209,11736
69,,1.540122389793396,,1.540122389793396,11737
69,,1.3528938293457031,,1.3528938293457031,11738
69,,1.8948627710342407,,1.8948627710342407,11739
69,,1.5349273681640625,,1.5349273681640625,11740
69,,1.601420521736145,,1.601420521736145,11741
69,,1.199804663658142,,1.199804663658142,11742
69,,1.5358320474624634,,1.5358320474624634,11743
69,,1.62991201877594,,1.62991201877594,11744
69,,1.770851731300354,,1.770851731300354,11745
69,,1.4844238758087158,,1.4844238758087158,11746
69,,1.53564453125,,1.53564453125,11747
69,,1.9520347118377686,,1.9520347118377686,11748
69,,1.5551542043685913,,1.5551542043685913,11749
69,,1.524927020072937,,1.524927020072937,11750
69,,1.6621867418289185,,1.6621867418289185,11751
69,,1.4853849411010742,,1.4853849411010742,11752
69,,1.7270610332489014,,1.7270610332489014,11753
69,,1.6282769441604614,,1.6282769441604614,11754
69,,1.4977636337280273,,1.4977636337280273,11755
69,,1.66168212890625,,1.66168212890625,11756
69,,1.660953402519226,,1.660953402519226,11757
69,,1.4555870294570923,,1.4555870294570923,11758
69,,1.5976167917251587,,1.5976167917251587,11759
69,,1.1266493797302246,,1.1266493797302246,11760
69,,1.6966991424560547,,1.6966991424560547,11761
69,,1.4765807390213013,,1.4765807390213013,11762
69,,1.3366903066635132,,1.3366903066635132,11763
69,,1.5866014957427979,,1.5866014957427979,11764
69,,1.4332789182662964,,1.4332789182662964,11765
69,,1.2922903299331665,,1.2922903299331665,11766
69,,1.550471305847168,,1.550471305847168,11767
69,,1.4249497652053833,,1.4249497652053833,11768
69,,1.673629879951477,,1.673629879951477,11769
69,,1.428741455078125,,1.428741455078125,11770
69,,1.2822422981262207,,1.2822422981262207,11771
69,,1.5992952585220337,,1.5992952585220337,11772
69,,1.1626319885253906,,1.1626319885253906,11773
69,,1.5328850746154785,,1.5328850746154785,11774
69,,1.4848142862319946,,1.4848142862319946,11775
69,,1.4361897706985474,,1.4361897706985474,11776
69,,1.6514371633529663,,1.6514371633529663,11777
69,,1.6114004850387573,,1.6114004850387573,11778
69,,1.4316675662994385,,1.4316675662994385,11779
69,,1.2501776218414307,,1.2501776218414307,11780
69,,1.7213679552078247,,1.7213679552078247,11781
69,,1.4297372102737427,,1.4297372102737427,11782
69,,1.7540721893310547,,1.7540721893310547,11783
69,,1.3879332542419434,,1.3879332542419434,11784
69,,1.3893784284591675,,1.3893784284591675,11785
69,,1.613815188407898,,1.613815188407898,11786
69,,1.291601538658142,,1.291601538658142,11787
69,,1.4170469045639038,,1.4170469045639038,11788
69,,1.6544137001037598,,1.6544137001037598,11789
69,,1.6480087041854858,,1.6480087041854858,11790
69,,1.7328715324401855,,1.7328715324401855,11791
69,,1.4979126453399658,,1.4979126453399658,11792
69,,1.296164870262146,,1.296164870262146,11793
69,,1.652750015258789,,1.652750015258789,11794
69,,1.5219570398330688,,1.5219570398330688,11795
69,,1.4276808500289917,,1.4276808500289917,11796
69,,1.6176716089248657,,1.6176716089248657,11797
69,,1.7322354316711426,,1.7322354316711426,11798
69,,1.8011765480041504,,1.8011765480041504,11799
69,,1.2443300485610962,,1.2443300485610962,11800
69,,1.3659096956253052,,1.3659096956253052,11801
69,,1.4736238718032837,,1.4736238718032837,11802
69,,1.432013988494873,,1.432013988494873,11803
69,,1.3440364599227905,,1.3440364599227905,11804
69,,1.457624077796936,,1.457624077796936,11805
69,,1.3775767087936401,,1.3775767087936401,11806
69,,1.8060922622680664,,1.8060922622680664,11807
69,,1.6586954593658447,,1.6586954593658447,11808
69,,1.5753967761993408,,1.5753967761993408,11809
69,,1.4037243127822876,,1.4037243127822876,11810
69,,1.3800948858261108,,1.3800948858261108,11811
69,,1.7991657257080078,,1.7991657257080078,11812
69,,1.706578254699707,,1.706578254699707,11813
69,,1.4940035343170166,,1.4940035343170166,11814
69,,1.5175001621246338,,1.5175001621246338,11815
69,,1.5393229722976685,,1.5393229722976685,11816
69,,1.4363667964935303,,1.4363667964935303,11817
69,,1.3916599750518799,,1.3916599750518799,11818
69,,1.5718693733215332,,1.5718693733215332,11819
69,,1.3026190996170044,,1.3026190996170044,11820
69,,1.5461839437484741,,1.5461839437484741,11821
69,,1.3531438112258911,,1.3531438112258911,11822
69,,1.3992475271224976,,1.3992475271224976,11823
69,,1.329819917678833,,1.329819917678833,11824
69,,1.362762212753296,,1.362762212753296,11825
69,,1.4938204288482666,,1.4938204288482666,11826
69,,1.6334394216537476,,1.6334394216537476,11827
69,,1.2906574010849,,1.2906574010849,11828
69,,1.526732325553894,,1.526732325553894,11829
69,,1.1118985414505005,,1.1118985414505005,11830
69,,1.371650218963623,,1.371650218963623,11831
69,,1.7143040895462036,,1.7143040895462036,11832
69,,1.475864052772522,,1.475864052772522,11833
69,,1.3331366777420044,,1.3331366777420044,11834
69,,1.5604304075241089,,1.5604304075241089,11835
69,,1.643247127532959,,1.643247127532959,11836
69,,1.2909780740737915,,1.2909780740737915,11837
69,,1.3936008214950562,,1.3936008214950562,11838
69,,1.292014479637146,,1.292014479637146,11839
69,,1.7268041372299194,,1.7268041372299194,11840
69,,1.4230324029922485,,1.4230324029922485,11841
69,,1.8125531673431396,,1.8125531673431396,11842
69,,1.5843032598495483,,1.5843032598495483,11843
69,,1.6108628511428833,,1.6108628511428833,11844
69,,1.2975220680236816,,1.2975220680236816,11845
69,,1.326339602470398,,1.326339602470398,11846
69,,1.6695963144302368,,1.6695963144302368,11847
69,,1.6458759307861328,,1.6458759307861328,11848
69,,1.632670521736145,,1.632670521736145,11849
69,,1.3684699535369873,,1.3684699535369873,11850
69,,1.6220157146453857,,1.6220157146453857,11851
69,,1.5882784128189087,,1.5882784128189087,11852
69,,1.5087251663208008,,1.5087251663208008,11853
69,,1.507470726966858,,1.507470726966858,11854
69,,1.4973232746124268,,1.4973232746124268,11855
69,,1.5016273260116577,,1.5016273260116577,11856
69,,1.6710039377212524,,1.6710039377212524,11857
69,,1.529998540878296,,1.529998540878296,11858
69,,1.5481420755386353,,1.5481420755386353,11859
69,,1.6300493478775024,,1.6300493478775024,11860
69,,1.6797131299972534,,1.6797131299972534,11861
69,,1.3854135274887085,,1.3854135274887085,11862
69,,1.2898319959640503,,1.2898319959640503,11863
69,,1.542738914489746,,1.542738914489746,11864
69,,1.705148458480835,,1.705148458480835,11865
69,,1.4574953317642212,,1.4574953317642212,11866
69,,1.3594917058944702,,1.3594917058944702,11867
69,,1.3548924922943115,,1.3548924922943115,11868
69,,1.3454517126083374,,1.3454517126083374,11869
69,,1.649354100227356,,1.649354100227356,11870
69,,1.3773094415664673,,1.3773094415664673,11871
69,,1.5743016004562378,,1.5743016004562378,11872
69,,1.4462810754776,,1.4462810754776,11873
69,,1.3156235218048096,,1.3156235218048096,11874
69,,1.4644992351531982,,1.4644992351531982,11875
69,,1.6782578229904175,,1.6782578229904175,11876
69,,1.370629072189331,,1.370629072189331,11877
69,,1.452599287033081,,1.452599287033081,11878
69,,1.6428755521774292,,1.6428755521774292,11879
69,,1.3632252216339111,,1.3632252216339111,11880
69,,1.321999192237854,,1.321999192237854,11881
69,,1.6928001642227173,,1.6928001642227173,11882
69,,1.545841932296753,,1.545841932296753,11883
69,,1.6783287525177002,,1.6783287525177002,11884
69,,1.4492398500442505,,1.4492398500442505,11885
69,,1.4670789241790771,,1.4670789241790771,11886
69,,1.4448413848876953,,1.4448413848876953,11887
69,,1.4379467964172363,,1.4379467964172363,11888
69,,1.612860918045044,,1.612860918045044,11889
69,,1.390797734260559,,1.390797734260559,11890
69,,1.5004634857177734,,1.5004634857177734,11891
69,,1.45964515209198,,1.45964515209198,11892
69,,1.2804410457611084,,1.2804410457611084,11893
69,,1.4701381921768188,,1.4701381921768188,11894
69,,1.766856074333191,,1.766856074333191,11895
69,,1.397803544998169,,1.397803544998169,11896
69,,1.6065418720245361,,1.6065418720245361,11897
69,,1.5894395112991333,,1.5894395112991333,11898
69,,1.2990107536315918,,1.2990107536315918,11899
69,1.5065997838974,,1.5065997838974,,11899
70,,1.4469733238220215,,1.4469733238220215,11900
70,,1.54409921169281,,1.54409921169281,11901
70,,1.4969075918197632,,1.4969075918197632,11902
70,,1.7587988376617432,,1.7587988376617432,11903
70,,1.6706233024597168,,1.6706233024597168,11904
70,,1.6673543453216553,,1.6673543453216553,11905
70,,1.297949194908142,,1.297949194908142,11906
70,,1.129842758178711,,1.129842758178711,11907
70,,1.4039623737335205,,1.4039623737335205,11908
70,,1.5189650058746338,,1.5189650058746338,11909
70,,1.5504366159439087,,1.5504366159439087,11910
70,,1.4379808902740479,,1.4379808902740479,11911
70,,1.4284213781356812,,1.4284213781356812,11912
70,,1.5353424549102783,,1.5353424549102783,11913
70,,1.4053908586502075,,1.4053908586502075,11914
70,,1.3468451499938965,,1.3468451499938965,11915
70,,1.5532444715499878,,1.5532444715499878,11916
70,,1.5323935747146606,,1.5323935747146606,11917
70,,1.5721409320831299,,1.5721409320831299,11918
70,,1.556907296180725,,1.556907296180725,11919
70,,1.5595968961715698,,1.5595968961715698,11920
70,,1.3618777990341187,,1.3618777990341187,11921
70,,1.5200910568237305,,1.5200910568237305,11922
70,,1.5727602243423462,,1.5727602243423462,11923
70,,1.7776751518249512,,1.7776751518249512,11924
70,,1.4305905103683472,,1.4305905103683472,11925
70,,1.4369646310806274,,1.4369646310806274,11926
70,,1.4927548170089722,,1.4927548170089722,11927
70,,1.5352703332901,,1.5352703332901,11928
70,,1.460715651512146,,1.460715651512146,11929
70,,1.2485069036483765,,1.2485069036483765,11930
70,,1.2207963466644287,,1.2207963466644287,11931
70,,1.479697585105896,,1.479697585105896,11932
70,,1.2457435131072998,,1.2457435131072998,11933
70,,1.388593316078186,,1.388593316078186,11934
70,,1.7339584827423096,,1.7339584827423096,11935
70,,1.629844069480896,,1.629844069480896,11936
70,,1.204142689704895,,1.204142689704895,11937
70,,1.350806713104248,,1.350806713104248,11938
70,,1.6025933027267456,,1.6025933027267456,11939
70,,1.4237260818481445,,1.4237260818481445,11940
70,,1.378096103668213,,1.378096103668213,11941
70,,1.7053821086883545,,1.7053821086883545,11942
70,,1.6331408023834229,,1.6331408023834229,11943
70,,1.621384859085083,,1.621384859085083,11944
70,,1.2214094400405884,,1.2214094400405884,11945
70,,1.5902435779571533,,1.5902435779571533,11946
70,,1.6060264110565186,,1.6060264110565186,11947
70,,1.3732903003692627,,1.3732903003692627,11948
70,,1.4266490936279297,,1.4266490936279297,11949
70,,1.8288389444351196,,1.8288389444351196,11950
70,,1.4017937183380127,,1.4017937183380127,11951
70,,1.4352525472640991,,1.4352525472640991,11952
70,,1.3467596769332886,,1.3467596769332886,11953
70,,1.8158321380615234,,1.8158321380615234,11954
70,,1.8263195753097534,,1.8263195753097534,11955
70,,1.5635924339294434,,1.5635924339294434,11956
70,,1.6328434944152832,,1.6328434944152832,11957
70,,1.3086323738098145,,1.3086323738098145,11958
70,,1.5571902990341187,,1.5571902990341187,11959
70,,1.2901710271835327,,1.2901710271835327,11960
70,,1.5521235466003418,,1.5521235466003418,11961
70,,1.515675663948059,,1.515675663948059,11962
70,,1.4526218175888062,,1.4526218175888062,11963
70,,1.7303202152252197,,1.7303202152252197,11964
70,,1.4304908514022827,,1.4304908514022827,11965
70,,1.7595224380493164,,1.7595224380493164,11966
70,,1.4605679512023926,,1.4605679512023926,11967
70,,1.248506784439087,,1.248506784439087,11968
70,,1.6367958784103394,,1.6367958784103394,11969
70,,1.555625081062317,,1.555625081062317,11970
70,,1.3558701276779175,,1.3558701276779175,11971
70,,1.5238908529281616,,1.5238908529281616,11972
70,,1.505126953125,,1.505126953125,11973
70,,1.5943683385849,,1.5943683385849,11974
70,,1.5257441997528076,,1.5257441997528076,11975
70,,1.4672540426254272,,1.4672540426254272,11976
70,,1.3277591466903687,,1.3277591466903687,11977
70,,1.8553736209869385,,1.8553736209869385,11978
70,,1.5182369947433472,,1.5182369947433472,11979
70,,1.2198610305786133,,1.2198610305786133,11980
70,,1.545731782913208,,1.545731782913208,11981
70,,1.548871636390686,,1.548871636390686,11982
70,,1.4540811777114868,,1.4540811777114868,11983
70,,1.6110637187957764,,1.6110637187957764,11984
70,,1.418007254600525,,1.418007254600525,11985
70,,1.7579619884490967,,1.7579619884490967,11986
70,,1.7263602018356323,,1.7263602018356323,11987
70,,1.6146841049194336,,1.6146841049194336,11988
70,,1.6034599542617798,,1.6034599542617798,11989
70,,1.5988932847976685,,1.5988932847976685,11990
70,,1.606765627861023,,1.606765627861023,11991
70,,1.422322154045105,,1.422322154045105,11992
70,,1.3279393911361694,,1.3279393911361694,11993
70,,1.569570541381836,,1.569570541381836,11994
70,,1.6067254543304443,,1.6067254543304443,11995
70,,1.3249629735946655,,1.3249629735946655,11996
70,,1.468115210533142,,1.468115210533142,11997
70,,1.665822148323059,,1.665822148323059,11998
70,,1.517349362373352,,1.517349362373352,11999
70,,1.4846022129058838,,1.4846022129058838,12000
70,,1.2797480821609497,,1.2797480821609497,12001
70,,1.8010162115097046,,1.8010162115097046,12002
70,,1.524425983428955,,1.524425983428955,12003
70,,1.5630217790603638,,1.5630217790603638,12004
70,,1.501186490058899,,1.501186490058899,12005
70,,1.509540319442749,,1.509540319442749,12006
70,,1.2863845825195312,,1.2863845825195312,12007
70,,1.664629578590393,,1.664629578590393,12008
70,,1.3326928615570068,,1.3326928615570068,12009
70,,1.6333045959472656,,1.6333045959472656,12010
70,,1.624526023864746,,1.624526023864746,12011
70,,1.4764769077301025,,1.4764769077301025,12012
70,,1.2684098482131958,,1.2684098482131958,12013
70,,1.5840213298797607,,1.5840213298797607,12014
70,,1.5289338827133179,,1.5289338827133179,12015
70,,1.7127876281738281,,1.7127876281738281,12016
70,,1.4481598138809204,,1.4481598138809204,12017
70,,1.5087617635726929,,1.5087617635726929,12018
70,,1.2425618171691895,,1.2425618171691895,12019
70,,1.52567720413208,,1.52567720413208,12020
70,,1.624101161956787,,1.624101161956787,12021
70,,1.6727288961410522,,1.6727288961410522,12022
70,,1.7929283380508423,,1.7929283380508423,12023
70,,1.3575581312179565,,1.3575581312179565,12024
70,,1.5314385890960693,,1.5314385890960693,12025
70,,1.7613085508346558,,1.7613085508346558,12026
70,,1.3342499732971191,,1.3342499732971191,12027
70,,1.6733167171478271,,1.6733167171478271,12028
70,,1.4643104076385498,,1.4643104076385498,12029
70,,1.6349228620529175,,1.6349228620529175,12030
70,,1.436207890510559,,1.436207890510559,12031
70,,1.3148800134658813,,1.3148800134658813,12032
70,,1.2047855854034424,,1.2047855854034424,12033
70,,1.8807748556137085,,1.8807748556137085,12034
70,,1.262918472290039,,1.262918472290039,12035
70,,1.8055474758148193,,1.8055474758148193,12036
70,,1.389268398284912,,1.389268398284912,12037
70,,1.836594581604004,,1.836594581604004,12038
70,,1.5360312461853027,,1.5360312461853027,12039
70,,1.6071475744247437,,1.6071475744247437,12040
70,,1.3892871141433716,,1.3892871141433716,12041
70,,1.9369730949401855,,1.9369730949401855,12042
70,,1.318729281425476,,1.318729281425476,12043
70,,1.5384432077407837,,1.5384432077407837,12044
70,,1.5356582403182983,,1.5356582403182983,12045
70,,1.4298901557922363,,1.4298901557922363,12046
70,,1.736615538597107,,1.736615538597107,12047
70,,1.4679783582687378,,1.4679783582687378,12048
70,,1.3887486457824707,,1.3887486457824707,12049
70,,1.5545637607574463,,1.5545637607574463,12050
70,,1.715031623840332,,1.715031623840332,12051
70,,1.2990379333496094,,1.2990379333496094,12052
70,,1.3632067441940308,,1.3632067441940308,12053
70,,1.400879979133606,,1.400879979133606,12054
70,,1.5655813217163086,,1.5655813217163086,12055
70,,1.5031931400299072,,1.5031931400299072,12056
70,,1.6872451305389404,,1.6872451305389404,12057
70,,1.3965812921524048,,1.3965812921524048,12058
70,,1.613354206085205,,1.613354206085205,12059
70,,1.6133092641830444,,1.6133092641830444,12060
70,,1.6178760528564453,,1.6178760528564453,12061
70,,1.5412193536758423,,1.5412193536758423,12062
70,,1.329350233078003,,1.329350233078003,12063
70,,1.57163405418396,,1.57163405418396,12064
70,,1.49880051612854,,1.49880051612854,12065
70,,1.4152275323867798,,1.4152275323867798,12066
70,,1.5489044189453125,,1.5489044189453125,12067
70,,1.525215744972229,,1.525215744972229,12068
70,,1.5412193536758423,,1.5412193536758423,12069
70,1.5139237642288208,,1.5139237642288208,,12069
71,,1.0811281204223633,,1.0811281204223633,12070
71,,1.268603801727295,,1.268603801727295,12071
71,,1.0918360948562622,,1.0918360948562622,12072
71,,1.4538007974624634,,1.4538007974624634,12073
71,,1.6793032884597778,,1.6793032884597778,12074
71,,1.4703313112258911,,1.4703313112258911,12075
71,,1.3586024045944214,,1.3586024045944214,12076
71,,1.6652154922485352,,1.6652154922485352,12077
71,,1.4295772314071655,,1.4295772314071655,12078
71,,1.4970201253890991,,1.4970201253890991,12079
71,,1.5773510932922363,,1.5773510932922363,12080
71,,1.5568777322769165,,1.5568777322769165,12081
71,,1.6986788511276245,,1.6986788511276245,12082
71,,1.521370768547058,,1.521370768547058,12083
71,,1.6903270483016968,,1.6903270483016968,12084
71,,1.5722875595092773,,1.5722875595092773,12085
71,,1.584280014038086,,1.584280014038086,12086
71,,1.5608216524124146,,1.5608216524124146,12087
71,,1.4585840702056885,,1.4585840702056885,12088
71,,1.296797275543213,,1.296797275543213,12089
71,,1.6322898864746094,,1.6322898864746094,12090
71,,1.4247384071350098,,1.4247384071350098,12091
71,,1.3563867807388306,,1.3563867807388306,12092
71,,1.3451522588729858,,1.3451522588729858,12093
71,,1.6670650243759155,,1.6670650243759155,12094
71,,1.5391645431518555,,1.5391645431518555,12095
71,,1.5331358909606934,,1.5331358909606934,12096
71,,1.4519239664077759,,1.4519239664077759,12097
71,,1.2843948602676392,,1.2843948602676392,12098
71,,1.6321237087249756,,1.6321237087249756,12099
71,,1.5349037647247314,,1.5349037647247314,12100
71,,1.7293834686279297,,1.7293834686279297,12101
71,,1.6562739610671997,,1.6562739610671997,12102
71,,1.5672122240066528,,1.5672122240066528,12103
71,,1.3409700393676758,,1.3409700393676758,12104
71,,1.3085249662399292,,1.3085249662399292,12105
71,,1.502267599105835,,1.502267599105835,12106
71,,1.7321885824203491,,1.7321885824203491,12107
71,,1.6045222282409668,,1.6045222282409668,12108
71,,1.5879316329956055,,1.5879316329956055,12109
71,,1.4030578136444092,,1.4030578136444092,12110
71,,1.340464472770691,,1.340464472770691,12111
71,,1.312071681022644,,1.312071681022644,12112
71,,1.248449683189392,,1.248449683189392,12113
71,,1.606431245803833,,1.606431245803833,12114
71,,1.4953926801681519,,1.4953926801681519,12115
71,,1.5701349973678589,,1.5701349973678589,12116
71,,1.3854767084121704,,1.3854767084121704,12117
71,,1.6386804580688477,,1.6386804580688477,12118
71,,1.3912678956985474,,1.3912678956985474,12119
71,,1.5717631578445435,,1.5717631578445435,12120
71,,1.6370245218276978,,1.6370245218276978,12121
71,,1.7369412183761597,,1.7369412183761597,12122
71,,1.335776686668396,,1.335776686668396,12123
71,,1.6577999591827393,,1.6577999591827393,12124
71,,1.4490158557891846,,1.4490158557891846,12125
71,,1.5437089204788208,,1.5437089204788208,12126
71,,1.5912909507751465,,1.5912909507751465,12127
71,,1.521411657333374,,1.521411657333374,12128
71,,1.7792694568634033,,1.7792694568634033,12129
71,,1.3835562467575073,,1.3835562467575073,12130
71,,1.4995025396347046,,1.4995025396347046,12131
71,,1.4974156618118286,,1.4974156618118286,12132
71,,1.333113670349121,,1.333113670349121,12133
71,,1.757705569267273,,1.757705569267273,12134
71,,1.5967991352081299,,1.5967991352081299,12135
71,,1.7960381507873535,,1.7960381507873535,12136
71,,1.4572874307632446,,1.4572874307632446,12137
71,,1.4871867895126343,,1.4871867895126343,12138
71,,1.417248010635376,,1.417248010635376,12139
71,,1.1003376245498657,,1.1003376245498657,12140
71,,1.5153899192810059,,1.5153899192810059,12141
71,,1.5995005369186401,,1.5995005369186401,12142
71,,1.5272536277770996,,1.5272536277770996,12143
71,,1.6245739459991455,,1.6245739459991455,12144
71,,1.6369643211364746,,1.6369643211364746,12145
71,,1.4929680824279785,,1.4929680824279785,12146
71,,1.6050021648406982,,1.6050021648406982,12147
71,,1.4566819667816162,,1.4566819667816162,12148
71,,1.293716311454773,,1.293716311454773,12149
71,,1.5783870220184326,,1.5783870220184326,12150
71,,1.7194201946258545,,1.7194201946258545,12151
71,,1.6430855989456177,,1.6430855989456177,12152
71,,1.6240265369415283,,1.6240265369415283,12153
71,,1.6940819025039673,,1.6940819025039673,12154
71,,1.6552220582962036,,1.6552220582962036,12155
71,,1.302146077156067,,1.302146077156067,12156
71,,1.5681804418563843,,1.5681804418563843,12157
71,,1.4926390647888184,,1.4926390647888184,12158
71,,1.4087414741516113,,1.4087414741516113,12159
71,,1.539078950881958,,1.539078950881958,12160
71,,1.4382191896438599,,1.4382191896438599,12161
71,,1.5688774585723877,,1.5688774585723877,12162
71,,1.7474017143249512,,1.7474017143249512,12163
71,,1.6423330307006836,,1.6423330307006836,12164
71,,1.3813707828521729,,1.3813707828521729,12165
71,,1.332505702972412,,1.332505702972412,12166
71,,1.5749255418777466,,1.5749255418777466,12167
71,,1.5913902521133423,,1.5913902521133423,12168
71,,1.5942968130111694,,1.5942968130111694,12169
71,,1.4695956707000732,,1.4695956707000732,12170
71,,1.4739333391189575,,1.4739333391189575,12171
71,,1.7421331405639648,,1.7421331405639648,12172
71,,1.4558451175689697,,1.4558451175689697,12173
71,,1.6011478900909424,,1.6011478900909424,12174
71,,1.5856295824050903,,1.5856295824050903,12175
71,,1.2989457845687866,,1.2989457845687866,12176
71,,1.4600226879119873,,1.4600226879119873,12177
71,,1.5085701942443848,,1.5085701942443848,12178
71,,1.5900695323944092,,1.5900695323944092,12179
71,,1.529870629310608,,1.529870629310608,12180
71,,1.5448449850082397,,1.5448449850082397,12181
71,,1.4487600326538086,,1.4487600326538086,12182
71,,1.5200151205062866,,1.5200151205062866,12183
71,,1.613718032836914,,1.613718032836914,12184
71,,1.4889804124832153,,1.4889804124832153,12185
71,,1.4428764581680298,,1.4428764581680298,12186
71,,1.3729180097579956,,1.3729180097579956,12187
71,,1.5864285230636597,,1.5864285230636597,12188
71,,1.6240184307098389,,1.6240184307098389,12189
71,,1.4502990245819092,,1.4502990245819092,12190
71,,1.312118649482727,,1.312118649482727,12191
71,,1.3472479581832886,,1.3472479581832886,12192
71,,1.659598708152771,,1.659598708152771,12193
71,,1.4514120817184448,,1.4514120817184448,12194
71,,1.4268558025360107,,1.4268558025360107,12195
71,,1.6342921257019043,,1.6342921257019043,12196
71,,1.83481764793396,,1.83481764793396,12197
71,,1.6680848598480225,,1.6680848598480225,12198
71,,1.4026288986206055,,1.4026288986206055,12199
71,,1.6403601169586182,,1.6403601169586182,12200
71,,1.3324400186538696,,1.3324400186538696,12201
71,,1.204596996307373,,1.204596996307373,12202
71,,1.499047040939331,,1.499047040939331,12203
71,,1.49971342086792,,1.49971342086792,12204
71,,1.4382275342941284,,1.4382275342941284,12205
71,,1.4886492490768433,,1.4886492490768433,12206
71,,1.1924405097961426,,1.1924405097961426,12207
71,,1.6725527048110962,,1.6725527048110962,12208
71,,1.56175696849823,,1.56175696849823,12209
71,,1.5439987182617188,,1.5439987182617188,12210
71,,1.3929648399353027,,1.3929648399353027,12211
71,,1.3783882856369019,,1.3783882856369019,12212
71,,1.7568081617355347,,1.7568081617355347,12213
71,,1.539015769958496,,1.539015769958496,12214
71,,1.3370217084884644,,1.3370217084884644,12215
71,,1.7046937942504883,,1.7046937942504883,12216
71,,1.437111258506775,,1.437111258506775,12217
71,,1.5562548637390137,,1.5562548637390137,12218
71,,1.5015451908111572,,1.5015451908111572,12219
71,,1.365013599395752,,1.365013599395752,12220
71,,1.5213929414749146,,1.5213929414749146,12221
71,,1.3808128833770752,,1.3808128833770752,12222
71,,1.6395691633224487,,1.6395691633224487,12223
71,,1.6222487688064575,,1.6222487688064575,12224
71,,1.533640742301941,,1.533640742301941,12225
71,,1.54546320438385,,1.54546320438385,12226
71,,1.3410507440567017,,1.3410507440567017,12227
71,,1.572059154510498,,1.572059154510498,12228
71,,1.4485071897506714,,1.4485071897506714,12229
71,,1.5019373893737793,,1.5019373893737793,12230
71,,1.659651517868042,,1.659651517868042,12231
71,,1.396830439567566,,1.396830439567566,12232
71,,1.3179054260253906,,1.3179054260253906,12233
71,,1.3879714012145996,,1.3879714012145996,12234
71,,1.5731055736541748,,1.5731055736541748,12235
71,,1.5837254524230957,,1.5837254524230957,12236
71,,1.41402006149292,,1.41402006149292,12237
71,,1.2242876291275024,,1.2242876291275024,12238
71,,1.3074886798858643,,1.3074886798858643,12239
71,1.5059845447540283,,1.5059845447540283,,12239
72,,1.3735594749450684,,1.3735594749450684,12240
72,,1.1916865110397339,,1.1916865110397339,12241
72,,1.4519156217575073,,1.4519156217575073,12242
72,,1.3741483688354492,,1.3741483688354492,12243
72,,1.5724799633026123,,1.5724799633026123,12244
72,,1.264578104019165,,1.264578104019165,12245
72,,1.640169382095337,,1.640169382095337,12246
72,,1.318833351135254,,1.318833351135254,12247
72,,1.5382148027420044,,1.5382148027420044,12248
72,,1.3898686170578003,,1.3898686170578003,12249
72,,1.7358450889587402,,1.7358450889587402,12250
72,,1.4645687341690063,,1.4645687341690063,12251
72,,1.3931858539581299,,1.3931858539581299,12252
72,,1.7661188840866089,,1.7661188840866089,12253
72,,1.4743536710739136,,1.4743536710739136,12254
72,,1.637568473815918,,1.637568473815918,12255
72,,1.625881314277649,,1.625881314277649,12256
72,,1.3080828189849854,,1.3080828189849854,12257
72,,1.404434323310852,,1.404434323310852,12258
72,,1.4238044023513794,,1.4238044023513794,12259
72,,1.3031445741653442,,1.3031445741653442,12260
72,,1.2772337198257446,,1.2772337198257446,12261
72,,1.7237186431884766,,1.7237186431884766,12262
72,,1.2626562118530273,,1.2626562118530273,12263
72,,1.2015477418899536,,1.2015477418899536,12264
72,,1.1586018800735474,,1.1586018800735474,12265
72,,1.6139346361160278,,1.6139346361160278,12266
72,,1.3518599271774292,,1.3518599271774292,12267
72,,1.5080137252807617,,1.5080137252807617,12268
72,,1.421163558959961,,1.421163558959961,12269
72,,1.4282177686691284,,1.4282177686691284,12270
72,,1.5915099382400513,,1.5915099382400513,12271
72,,1.6571753025054932,,1.6571753025054932,12272
72,,1.2252612113952637,,1.2252612113952637,12273
72,,1.5925042629241943,,1.5925042629241943,12274
72,,1.2738949060440063,,1.2738949060440063,12275
72,,1.4705181121826172,,1.4705181121826172,12276
72,,1.9205431938171387,,1.9205431938171387,12277
72,,1.4339509010314941,,1.4339509010314941,12278
72,,1.2633308172225952,,1.2633308172225952,12279
72,,1.4755582809448242,,1.4755582809448242,12280
72,,1.446469783782959,,1.446469783782959,12281
72,,1.5056848526000977,,1.5056848526000977,12282
72,,1.5561102628707886,,1.5561102628707886,12283
72,,1.451019287109375,,1.451019287109375,12284
72,,1.2305409908294678,,1.2305409908294678,12285
72,,1.4804507493972778,,1.4804507493972778,12286
72,,1.3006705045700073,,1.3006705045700073,12287
72,,1.3670397996902466,,1.3670397996902466,12288
72,,1.4789849519729614,,1.4789849519729614,12289
72,,1.5643922090530396,,1.5643922090530396,12290
72,,1.7853299379348755,,1.7853299379348755,12291
72,,1.5310866832733154,,1.5310866832733154,12292
72,,1.5829570293426514,,1.5829570293426514,12293
72,,1.8546192646026611,,1.8546192646026611,12294
72,,1.5384149551391602,,1.5384149551391602,12295
72,,1.5688265562057495,,1.5688265562057495,12296
72,,1.3222531080245972,,1.3222531080245972,12297
72,,1.4314579963684082,,1.4314579963684082,12298
72,,1.0723462104797363,,1.0723462104797363,12299
72,,1.7604856491088867,,1.7604856491088867,12300
72,,1.7348510026931763,,1.7348510026931763,12301
72,,1.5363600254058838,,1.5363600254058838,12302
72,,1.518759846687317,,1.518759846687317,12303
72,,1.4439539909362793,,1.4439539909362793,12304
72,,1.5600825548171997,,1.5600825548171997,12305
72,,1.6433759927749634,,1.6433759927749634,12306
72,,1.5220715999603271,,1.5220715999603271,12307
72,,1.744254231452942,,1.744254231452942,12308
72,,1.4575306177139282,,1.4575306177139282,12309
72,,1.5626460313796997,,1.5626460313796997,12310
72,,1.4797370433807373,,1.4797370433807373,12311
72,,1.204168677330017,,1.204168677330017,12312
72,,1.4346644878387451,,1.4346644878387451,12313
72,,1.300028681755066,,1.300028681755066,12314
72,,1.377331256866455,,1.377331256866455,12315
72,,1.5255165100097656,,1.5255165100097656,12316
72,,1.2910850048065186,,1.2910850048065186,12317
72,,1.3298828601837158,,1.3298828601837158,12318
72,,1.6166787147521973,,1.6166787147521973,12319
72,,1.567756175994873,,1.567756175994873,12320
72,,1.5095504522323608,,1.5095504522323608,12321
72,,1.4421266317367554,,1.4421266317367554,12322
72,,1.6416165828704834,,1.6416165828704834,12323
72,,1.525431513786316,,1.525431513786316,12324
72,,1.5041062831878662,,1.5041062831878662,12325
72,,1.2920558452606201,,1.2920558452606201,12326
72,,1.8133717775344849,,1.8133717775344849,12327
72,,1.404033899307251,,1.404033899307251,12328
72,,1.2835434675216675,,1.2835434675216675,12329
72,,1.388145089149475,,1.388145089149475,12330
72,,1.3552148342132568,,1.3552148342132568,12331
72,,1.5150740146636963,,1.5150740146636963,12332
72,,1.4939128160476685,,1.4939128160476685,12333
72,,1.4947643280029297,,1.4947643280029297,12334
72,,1.5763487815856934,,1.5763487815856934,12335
72,,1.4853055477142334,,1.4853055477142334,12336
72,,1.6342246532440186,,1.6342246532440186,12337
72,,1.3932462930679321,,1.3932462930679321,12338
72,,1.3196438550949097,,1.3196438550949097,12339
72,,1.56206476688385,,1.56206476688385,12340
72,,1.5265692472457886,,1.5265692472457886,12341
72,,1.5851114988327026,,1.5851114988327026,12342
72,,1.4676176309585571,,1.4676176309585571,12343
72,,1.575992465019226,,1.575992465019226,12344
72,,1.555035948753357,,1.555035948753357,12345
72,,1.4532183408737183,,1.4532183408737183,12346
72,,1.4302483797073364,,1.4302483797073364,12347
72,,1.1420954465866089,,1.1420954465866089,12348
72,,1.327436923980713,,1.327436923980713,12349
72,,1.4442836046218872,,1.4442836046218872,12350
72,,1.4360483884811401,,1.4360483884811401,12351
72,,1.1955759525299072,,1.1955759525299072,12352
72,,1.543533444404602,,1.543533444404602,12353
72,,1.2310538291931152,,1.2310538291931152,12354
72,,1.4207357168197632,,1.4207357168197632,12355
72,,1.5352075099945068,,1.5352075099945068,12356
72,,1.4235010147094727,,1.4235010147094727,12357
72,,1.5790935754776,,1.5790935754776,12358
72,,1.4919664859771729,,1.4919664859771729,12359
72,,1.4838193655014038,,1.4838193655014038,12360
72,,1.624060869216919,,1.624060869216919,12361
72,,1.6872280836105347,,1.6872280836105347,12362
72,,1.253065586090088,,1.253065586090088,12363
72,,1.464367389678955,,1.464367389678955,12364
72,,1.5871937274932861,,1.5871937274932861,12365
72,,1.230604648590088,,1.230604648590088,12366
72,,1.808483362197876,,1.808483362197876,12367
72,,1.9613269567489624,,1.9613269567489624,12368
72,,1.3690587282180786,,1.3690587282180786,12369
72,,1.5856385231018066,,1.5856385231018066,12370
72,,1.3726963996887207,,1.3726963996887207,12371
72,,1.3533438444137573,,1.3533438444137573,12372
72,,1.369500756263733,,1.369500756263733,12373
72,,1.5365122556686401,,1.5365122556686401,12374
72,,1.4832690954208374,,1.4832690954208374,12375
72,,1.6749323606491089,,1.6749323606491089,12376
72,,1.3372634649276733,,1.3372634649276733,12377
72,,1.6727648973464966,,1.6727648973464966,12378
72,,1.5355255603790283,,1.5355255603790283,12379
72,,1.4776920080184937,,1.4776920080184937,12380
72,,1.682296872138977,,1.682296872138977,12381
72,,1.2293641567230225,,1.2293641567230225,12382
72,,1.6125473976135254,,1.6125473976135254,12383
72,,1.3473550081253052,,1.3473550081253052,12384
72,,1.6288855075836182,,1.6288855075836182,12385
72,,1.4588913917541504,,1.4588913917541504,12386
72,,1.5591763257980347,,1.5591763257980347,12387
72,,1.413541555404663,,1.413541555404663,12388
72,,1.5834907293319702,,1.5834907293319702,12389
72,,1.661237120628357,,1.661237120628357,12390
72,,1.2991244792938232,,1.2991244792938232,12391
72,,1.5705724954605103,,1.5705724954605103,12392
72,,1.722995400428772,,1.722995400428772,12393
72,,1.4517102241516113,,1.4517102241516113,12394
72,,1.7934590578079224,,1.7934590578079224,12395
72,,1.7690305709838867,,1.7690305709838867,12396
72,,1.3707095384597778,,1.3707095384597778,12397
72,,1.646193265914917,,1.646193265914917,12398
72,,1.4957319498062134,,1.4957319498062134,12399
72,,1.7221977710723877,,1.7221977710723877,12400
72,,1.4796403646469116,,1.4796403646469116,12401
72,,1.4439257383346558,,1.4439257383346558,12402
72,,1.6196873188018799,,1.6196873188018799,12403
72,,1.473692774772644,,1.473692774772644,12404
72,,1.7083133459091187,,1.7083133459091187,12405
72,,1.3098372220993042,,1.3098372220993042,12406
72,,1.7403534650802612,,1.7403534650802612,12407
72,,1.4323856830596924,,1.4323856830596924,12408
72,,1.2340866327285767,,1.2340866327285767,12409
72,1.486282467842102,,1.486282467842102,,12409
73,,1.3816264867782593,,1.3816264867782593,12410
73,,1.4436908960342407,,1.4436908960342407,12411
73,,1.421630859375,,1.421630859375,12412
73,,1.560869812965393,,1.560869812965393,12413
73,,1.577139139175415,,1.577139139175415,12414
73,,1.5644164085388184,,1.5644164085388184,12415
73,,1.5698368549346924,,1.5698368549346924,12416
73,,1.601275086402893,,1.601275086402893,12417
73,,1.2069365978240967,,1.2069365978240967,12418
73,,1.5557695627212524,,1.5557695627212524,12419
73,,1.4625892639160156,,1.4625892639160156,12420
73,,1.555384635925293,,1.555384635925293,12421
73,,1.7467299699783325,,1.7467299699783325,12422
73,,1.4394906759262085,,1.4394906759262085,12423
73,,1.25634765625,,1.25634765625,12424
73,,1.8890777826309204,,1.8890777826309204,12425
73,,1.6524667739868164,,1.6524667739868164,12426
73,,1.564147710800171,,1.564147710800171,12427
73,,1.5235960483551025,,1.5235960483551025,12428
73,,1.5654668807983398,,1.5654668807983398,12429
73,,1.6234463453292847,,1.6234463453292847,12430
73,,1.4144877195358276,,1.4144877195358276,12431
73,,1.4092994928359985,,1.4092994928359985,12432
73,,1.543149471282959,,1.543149471282959,12433
73,,1.5165834426879883,,1.5165834426879883,12434
73,,1.4374445676803589,,1.4374445676803589,12435
73,,1.2257180213928223,,1.2257180213928223,12436
73,,1.277099609375,,1.277099609375,12437
73,,1.3209604024887085,,1.3209604024887085,12438
73,,1.5655878782272339,,1.5655878782272339,12439
73,,1.2869148254394531,,1.2869148254394531,12440
73,,1.5809754133224487,,1.5809754133224487,12441
73,,1.329736590385437,,1.329736590385437,12442
73,,1.4299571514129639,,1.4299571514129639,12443
73,,1.4713561534881592,,1.4713561534881592,12444
73,,1.4575772285461426,,1.4575772285461426,12445
73,,1.3268637657165527,,1.3268637657165527,12446
73,,1.2578709125518799,,1.2578709125518799,12447
73,,1.429776906967163,,1.429776906967163,12448
73,,1.394598126411438,,1.394598126411438,12449
73,,1.7388839721679688,,1.7388839721679688,12450
73,,1.3728859424591064,,1.3728859424591064,12451
73,,1.7188278436660767,,1.7188278436660767,12452
73,,1.524006962776184,,1.524006962776184,12453
73,,1.5510165691375732,,1.5510165691375732,12454
73,,1.45297110080719,,1.45297110080719,12455
73,,1.421620488166809,,1.421620488166809,12456
73,,1.5103672742843628,,1.5103672742843628,12457
73,,1.4424201250076294,,1.4424201250076294,12458
73,,1.3320060968399048,,1.3320060968399048,12459
73,,1.2642182111740112,,1.2642182111740112,12460
73,,1.426802635192871,,1.426802635192871,12461
73,,1.2603741884231567,,1.2603741884231567,12462
73,,1.5031466484069824,,1.5031466484069824,12463
73,,1.3557982444763184,,1.3557982444763184,12464
73,,1.5099577903747559,,1.5099577903747559,12465
73,,1.3826276063919067,,1.3826276063919067,12466
73,,1.226690411567688,,1.226690411567688,12467
73,,1.3820674419403076,,1.3820674419403076,12468
73,,1.4174132347106934,,1.4174132347106934,12469
73,,1.5137385129928589,,1.5137385129928589,12470
73,,1.3738665580749512,,1.3738665580749512,12471
73,,1.6765192747116089,,1.6765192747116089,12472
73,,1.3450756072998047,,1.3450756072998047,12473
73,,1.825264573097229,,1.825264573097229,12474
73,,1.4363017082214355,,1.4363017082214355,12475
73,,1.269878625869751,,1.269878625869751,12476
73,,1.4444243907928467,,1.4444243907928467,12477
73,,1.4734572172164917,,1.4734572172164917,12478
73,,1.4315495491027832,,1.4315495491027832,12479
73,,1.5429470539093018,,1.5429470539093018,12480
73,,1.5152559280395508,,1.5152559280395508,12481
73,,1.2694710493087769,,1.2694710493087769,12482
73,,1.4657257795333862,,1.4657257795333862,12483
73,,1.6606767177581787,,1.6606767177581787,12484
73,,1.6255077123641968,,1.6255077123641968,12485
73,,1.688210368156433,,1.688210368156433,12486
73,,1.3974601030349731,,1.3974601030349731,12487
73,,1.405992031097412,,1.405992031097412,12488
73,,1.5760494470596313,,1.5760494470596313,12489
73,,1.185211181640625,,1.185211181640625,12490
73,,1.4023284912109375,,1.4023284912109375,12491
73,,1.2800383567810059,,1.2800383567810059,12492
73,,1.3982892036437988,,1.3982892036437988,12493
73,,1.4563050270080566,,1.4563050270080566,12494
73,,1.5106074810028076,,1.5106074810028076,12495
73,,1.656103253364563,,1.656103253364563,12496
73,,1.790748953819275,,1.790748953819275,12497
73,,1.4488111734390259,,1.4488111734390259,12498
73,,1.3533718585968018,,1.3533718585968018,12499
73,,1.3624099493026733,,1.3624099493026733,12500
73,,1.1802133321762085,,1.1802133321762085,12501
73,,1.204867959022522,,1.204867959022522,12502
73,,1.277648687362671,,1.277648687362671,12503
73,,1.385498046875,,1.385498046875,12504
73,,1.6113524436950684,,1.6113524436950684,12505
73,,1.3207087516784668,,1.3207087516784668,12506
73,,1.460334062576294,,1.460334062576294,12507
73,,1.4396525621414185,,1.4396525621414185,12508
73,,1.5600146055221558,,1.5600146055221558,12509
73,,1.3274465799331665,,1.3274465799331665,12510
73,,1.7699353694915771,,1.7699353694915771,12511
73,,1.5426480770111084,,1.5426480770111084,12512
73,,1.8012620210647583,,1.8012620210647583,12513
73,,1.2961492538452148,,1.2961492538452148,12514
73,,1.5929899215698242,,1.5929899215698242,12515
73,,1.3612138032913208,,1.3612138032913208,12516
73,,1.54863440990448,,1.54863440990448,12517
73,,1.5549589395523071,,1.5549589395523071,12518
73,,1.496858835220337,,1.496858835220337,12519
73,,1.6346683502197266,,1.6346683502197266,12520
73,,1.5332204103469849,,1.5332204103469849,12521
73,,1.379347801208496,,1.379347801208496,12522
73,,1.4827393293380737,,1.4827393293380737,12523
73,,1.6910395622253418,,1.6910395622253418,12524
73,,1.1692944765090942,,1.1692944765090942,12525
73,,1.425345540046692,,1.425345540046692,12526
73,,1.2540608644485474,,1.2540608644485474,12527
73,,1.7509723901748657,,1.7509723901748657,12528
73,,1.4105173349380493,,1.4105173349380493,12529
73,,1.3820557594299316,,1.3820557594299316,12530
73,,1.705224633216858,,1.705224633216858,12531
73,,1.2637169361114502,,1.2637169361114502,12532
73,,1.7369613647460938,,1.7369613647460938,12533
73,,1.4212437868118286,,1.4212437868118286,12534
73,,1.6366556882858276,,1.6366556882858276,12535
73,,1.3510342836380005,,1.3510342836380005,12536
73,,1.581812858581543,,1.581812858581543,12537
73,,1.4139750003814697,,1.4139750003814697,12538
73,,1.6549605131149292,,1.6549605131149292,12539
73,,1.5548211336135864,,1.5548211336135864,12540
73,,1.3034802675247192,,1.3034802675247192,12541
73,,1.415697693824768,,1.415697693824768,12542
73,,1.3931965827941895,,1.3931965827941895,12543
73,,1.6103144884109497,,1.6103144884109497,12544
73,,1.365622639656067,,1.365622639656067,12545
73,,1.564084768295288,,1.564084768295288,12546
73,,1.6413872241973877,,1.6413872241973877,12547
73,,1.4142110347747803,,1.4142110347747803,12548
73,,1.2428900003433228,,1.2428900003433228,12549
73,,1.715888261795044,,1.715888261795044,12550
73,,1.2299128770828247,,1.2299128770828247,12551
73,,1.58415687084198,,1.58415687084198,12552
73,,1.5047250986099243,,1.5047250986099243,12553
73,,1.2028883695602417,,1.2028883695602417,12554
73,,1.5801795721054077,,1.5801795721054077,12555
73,,1.5637507438659668,,1.5637507438659668,12556
73,,1.4911866188049316,,1.4911866188049316,12557
73,,1.4176479578018188,,1.4176479578018188,12558
73,,1.3645095825195312,,1.3645095825195312,12559
73,,1.5088680982589722,,1.5088680982589722,12560
73,,1.5362544059753418,,1.5362544059753418,12561
73,,1.5064500570297241,,1.5064500570297241,12562
73,,1.623949646949768,,1.623949646949768,12563
73,,1.2437787055969238,,1.2437787055969238,12564
73,,1.3045222759246826,,1.3045222759246826,12565
73,,1.6106809377670288,,1.6106809377670288,12566
73,,1.4765856266021729,,1.4765856266021729,12567
73,,1.439328908920288,,1.439328908920288,12568
73,,1.4072855710983276,,1.4072855710983276,12569
73,,1.7845240831375122,,1.7845240831375122,12570
73,,1.5814393758773804,,1.5814393758773804,12571
73,,1.4047988653182983,,1.4047988653182983,12572
73,,1.5781382322311401,,1.5781382322311401,12573
73,,1.294081449508667,,1.294081449508667,12574
73,,1.4447880983352661,,1.4447880983352661,12575
73,,1.3485454320907593,,1.3485454320907593,12576
73,,1.3540282249450684,,1.3540282249450684,12577
73,,1.6303777694702148,,1.6303777694702148,12578
73,,1.1248304843902588,,1.1248304843902588,12579
73,1.4682549238204956,,1.4682549238204956,,12579
74,,1.4625802040100098,,1.4625802040100098,12580
74,,1.2808727025985718,,1.2808727025985718,12581
74,,1.2703512907028198,,1.2703512907028198,12582
74,,1.5293055772781372,,1.5293055772781372,12583
74,,1.48779296875,,1.48779296875,12584
74,,1.371901273727417,,1.371901273727417,12585
74,,1.696282982826233,,1.696282982826233,12586
74,,1.2178016901016235,,1.2178016901016235,12587
74,,1.3105173110961914,,1.3105173110961914,12588
74,,1.5038825273513794,,1.5038825273513794,12589
74,,1.5080010890960693,,1.5080010890960693,12590
74,,1.4527560472488403,,1.4527560472488403,12591
74,,1.7196027040481567,,1.7196027040481567,12592
74,,1.5590596199035645,,1.5590596199035645,12593
74,,1.564664602279663,,1.564664602279663,12594
74,,1.312342643737793,,1.312342643737793,12595
74,,1.2131608724594116,,1.2131608724594116,12596
74,,1.2820913791656494,,1.2820913791656494,12597
74,,1.4211863279342651,,1.4211863279342651,12598
74,,1.520998477935791,,1.520998477935791,12599
74,,1.69775390625,,1.69775390625,12600
74,,1.4498350620269775,,1.4498350620269775,12601
74,,1.3102645874023438,,1.3102645874023438,12602
74,,1.7708717584609985,,1.7708717584609985,12603
74,,1.247570276260376,,1.247570276260376,12604
74,,1.7798410654067993,,1.7798410654067993,12605
74,,1.485557198524475,,1.485557198524475,12606
74,,1.1571505069732666,,1.1571505069732666,12607
74,,1.4572761058807373,,1.4572761058807373,12608
74,,1.3668915033340454,,1.3668915033340454,12609
74,,1.4532065391540527,,1.4532065391540527,12610
74,,1.3578859567642212,,1.3578859567642212,12611
74,,1.6142011880874634,,1.6142011880874634,12612
74,,1.4702826738357544,,1.4702826738357544,12613
74,,1.6181378364562988,,1.6181378364562988,12614
74,,1.5387221574783325,,1.5387221574783325,12615
74,,1.405928373336792,,1.405928373336792,12616
74,,1.5487438440322876,,1.5487438440322876,12617
74,,1.3412656784057617,,1.3412656784057617,12618
74,,1.3604716062545776,,1.3604716062545776,12619
74,,1.3419160842895508,,1.3419160842895508,12620
74,,1.5220317840576172,,1.5220317840576172,12621
74,,1.298671007156372,,1.298671007156372,12622
74,,1.232243299484253,,1.232243299484253,12623
74,,1.5003464221954346,,1.5003464221954346,12624
74,,1.3777645826339722,,1.3777645826339722,12625
74,,1.699206829071045,,1.699206829071045,12626
74,,1.5370323657989502,,1.5370323657989502,12627
74,,1.6159226894378662,,1.6159226894378662,12628
74,,1.4358936548233032,,1.4358936548233032,12629
74,,1.538010835647583,,1.538010835647583,12630
74,,1.6006940603256226,,1.6006940603256226,12631
74,,1.5513272285461426,,1.5513272285461426,12632
74,,1.6552412509918213,,1.6552412509918213,12633
74,,1.4059776067733765,,1.4059776067733765,12634
74,,1.4002070426940918,,1.4002070426940918,12635
74,,1.631958246231079,,1.631958246231079,12636
74,,1.5283660888671875,,1.5283660888671875,12637
74,,1.273227572441101,,1.273227572441101,12638
74,,1.4099262952804565,,1.4099262952804565,12639
74,,1.4047372341156006,,1.4047372341156006,12640
74,,1.3749970197677612,,1.3749970197677612,12641
74,,1.421826720237732,,1.421826720237732,12642
74,,1.3727339506149292,,1.3727339506149292,12643
74,,1.6778875589370728,,1.6778875589370728,12644
74,,1.4514453411102295,,1.4514453411102295,12645
74,,1.6512470245361328,,1.6512470245361328,12646
74,,1.3422362804412842,,1.3422362804412842,12647
74,,1.381648063659668,,1.381648063659668,12648
74,,1.536374807357788,,1.536374807357788,12649
74,,1.622571349143982,,1.622571349143982,12650
74,,1.6011888980865479,,1.6011888980865479,12651
74,,1.609501600265503,,1.609501600265503,12652
74,,1.3897616863250732,,1.3897616863250732,12653
74,,1.4233745336532593,,1.4233745336532593,12654
74,,1.630192756652832,,1.630192756652832,12655
74,,1.6433055400848389,,1.6433055400848389,12656
74,,1.4114258289337158,,1.4114258289337158,12657
74,,1.5051243305206299,,1.5051243305206299,12658
74,,1.4460393190383911,,1.4460393190383911,12659
74,,1.6626754999160767,,1.6626754999160767,12660
74,,1.6709892749786377,,1.6709892749786377,12661
74,,1.2524333000183105,,1.2524333000183105,12662
74,,1.6278432607650757,,1.6278432607650757,12663
74,,1.521451711654663,,1.521451711654663,12664
74,,1.7420017719268799,,1.7420017719268799,12665
74,,1.5885372161865234,,1.5885372161865234,12666
74,,1.6051313877105713,,1.6051313877105713,12667
74,,1.6729718446731567,,1.6729718446731567,12668
74,,1.510797381401062,,1.510797381401062,12669
74,,1.5580933094024658,,1.5580933094024658,12670
74,,1.8315813541412354,,1.8315813541412354,12671
74,,1.6257573366165161,,1.6257573366165161,12672
74,,1.3588414192199707,,1.3588414192199707,12673
74,,1.560643196105957,,1.560643196105957,12674
74,,1.6618542671203613,,1.6618542671203613,12675
74,,1.6187670230865479,,1.6187670230865479,12676
74,,1.5138577222824097,,1.5138577222824097,12677
74,,1.475616693496704,,1.475616693496704,12678
74,,1.5960878133773804,,1.5960878133773804,12679
74,,1.6903470754623413,,1.6903470754623413,12680
74,,1.7247586250305176,,1.7247586250305176,12681
74,,1.3776265382766724,,1.3776265382766724,12682
74,,1.7294092178344727,,1.7294092178344727,12683
74,,1.4547704458236694,,1.4547704458236694,12684
74,,1.675471305847168,,1.675471305847168,12685
74,,1.6753735542297363,,1.6753735542297363,12686
74,,1.3191438913345337,,1.3191438913345337,12687
74,,1.6626708507537842,,1.6626708507537842,12688
74,,1.5012767314910889,,1.5012767314910889,12689
74,,1.484673261642456,,1.484673261642456,12690
74,,1.2186492681503296,,1.2186492681503296,12691
74,,1.5380195379257202,,1.5380195379257202,12692
74,,1.4362953901290894,,1.4362953901290894,12693
74,,1.6143765449523926,,1.6143765449523926,12694
74,,1.307434320449829,,1.307434320449829,12695
74,,1.1802095174789429,,1.1802095174789429,12696
74,,1.5706433057785034,,1.5706433057785034,12697
74,,1.3120949268341064,,1.3120949268341064,12698
74,,1.2418560981750488,,1.2418560981750488,12699
74,,1.1157666444778442,,1.1157666444778442,12700
74,,1.6486821174621582,,1.6486821174621582,12701
74,,1.5349372625350952,,1.5349372625350952,12702
74,,1.2964047193527222,,1.2964047193527222,12703
74,,1.8177403211593628,,1.8177403211593628,12704
74,,1.6515517234802246,,1.6515517234802246,12705
74,,1.3112907409667969,,1.3112907409667969,12706
74,,1.56903076171875,,1.56903076171875,12707
74,,1.480069875717163,,1.480069875717163,12708
74,,1.6574002504348755,,1.6574002504348755,12709
74,,1.6281920671463013,,1.6281920671463013,12710
74,,1.3149256706237793,,1.3149256706237793,12711
74,,1.5414557456970215,,1.5414557456970215,12712
74,,1.4971524477005005,,1.4971524477005005,12713
74,,1.4955357313156128,,1.4955357313156128,12714
74,,1.496812343597412,,1.496812343597412,12715
74,,1.57845139503479,,1.57845139503479,12716
74,,1.2783527374267578,,1.2783527374267578,12717
74,,1.1676914691925049,,1.1676914691925049,12718
74,,1.3958219289779663,,1.3958219289779663,12719
74,,1.4579882621765137,,1.4579882621765137,12720
74,,1.4380937814712524,,1.4380937814712524,12721
74,,1.6728088855743408,,1.6728088855743408,12722
74,,1.5660405158996582,,1.5660405158996582,12723
74,,1.7171576023101807,,1.7171576023101807,12724
74,,1.1329938173294067,,1.1329938173294067,12725
74,,1.3199803829193115,,1.3199803829193115,12726
74,,1.5241910219192505,,1.5241910219192505,12727
74,,1.6887253522872925,,1.6887253522872925,12728
74,,1.4782021045684814,,1.4782021045684814,12729
74,,1.5425307750701904,,1.5425307750701904,12730
74,,1.5199042558670044,,1.5199042558670044,12731
74,,1.7242754697799683,,1.7242754697799683,12732
74,,1.4271166324615479,,1.4271166324615479,12733
74,,1.5262115001678467,,1.5262115001678467,12734
74,,1.5932210683822632,,1.5932210683822632,12735
74,,1.7228611707687378,,1.7228611707687378,12736
74,,1.5495810508728027,,1.5495810508728027,12737
74,,1.559170126914978,,1.559170126914978,12738
74,,1.5211048126220703,,1.5211048126220703,12739
74,,1.2792986631393433,,1.2792986631393433,12740
74,,1.7006372213363647,,1.7006372213363647,12741
74,,1.4175769090652466,,1.4175769090652466,12742
74,,1.6328322887420654,,1.6328322887420654,12743
74,,1.0076459646224976,,1.0076459646224976,12744
74,,1.5609734058380127,,1.5609734058380127,12745
74,,1.506309151649475,,1.506309151649475,12746
74,,1.5848262310028076,,1.5848262310028076,12747
74,,1.641493797302246,,1.641493797302246,12748
74,,1.3825644254684448,,1.3825644254684448,12749
74,1.4934381246566772,,1.4934381246566772,,12749
75,,1.5395458936691284,,1.5395458936691284,12750
75,,1.4205552339553833,,1.4205552339553833,12751
75,,1.5193778276443481,,1.5193778276443481,12752
75,,1.432115912437439,,1.432115912437439,12753
75,,1.3899266719818115,,1.3899266719818115,12754
75,,1.51839017868042,,1.51839017868042,12755
75,,1.2247239351272583,,1.2247239351272583,12756
75,,1.749009609222412,,1.749009609222412,12757
75,,1.5628849267959595,,1.5628849267959595,12758
75,,1.7196484804153442,,1.7196484804153442,12759
75,,1.3766217231750488,,1.3766217231750488,12760
75,,1.7884362936019897,,1.7884362936019897,12761
75,,1.323921799659729,,1.323921799659729,12762
75,,1.6106891632080078,,1.6106891632080078,12763
75,,1.4627093076705933,,1.4627093076705933,12764
75,,1.3743748664855957,,1.3743748664855957,12765
75,,1.6704736948013306,,1.6704736948013306,12766
75,,1.67964506149292,,1.67964506149292,12767
75,,1.5480444431304932,,1.5480444431304932,12768
75,,1.3257951736450195,,1.3257951736450195,12769
75,,1.6865458488464355,,1.6865458488464355,12770
75,,1.4307310581207275,,1.4307310581207275,12771
75,,1.508201003074646,,1.508201003074646,12772
75,,1.2304191589355469,,1.2304191589355469,12773
75,,1.6161086559295654,,1.6161086559295654,12774
75,,1.302003026008606,,1.302003026008606,12775
75,,1.6419427394866943,,1.6419427394866943,12776
75,,1.3872207403182983,,1.3872207403182983,12777
75,,1.3209269046783447,,1.3209269046783447,12778
75,,1.560178518295288,,1.560178518295288,12779
75,,1.5750141143798828,,1.5750141143798828,12780
75,,1.5684683322906494,,1.5684683322906494,12781
75,,1.2300394773483276,,1.2300394773483276,12782
75,,1.2532848119735718,,1.2532848119735718,12783
75,,1.6047495603561401,,1.6047495603561401,12784
75,,1.4802508354187012,,1.4802508354187012,12785
75,,1.3726696968078613,,1.3726696968078613,12786
75,,1.5961209535598755,,1.5961209535598755,12787
75,,1.595592737197876,,1.595592737197876,12788
75,,1.4818716049194336,,1.4818716049194336,12789
75,,1.4572784900665283,,1.4572784900665283,12790
75,,1.4794001579284668,,1.4794001579284668,12791
75,,1.316400408744812,,1.316400408744812,12792
75,,1.6720480918884277,,1.6720480918884277,12793
75,,1.7496870756149292,,1.7496870756149292,12794
75,,1.5369305610656738,,1.5369305610656738,12795
75,,1.599984049797058,,1.599984049797058,12796
75,,1.208357810974121,,1.208357810974121,12797
75,,1.5637476444244385,,1.5637476444244385,12798
75,,1.4230629205703735,,1.4230629205703735,12799
75,,1.3631678819656372,,1.3631678819656372,12800
75,,1.1259171962738037,,1.1259171962738037,12801
75,,1.622138500213623,,1.622138500213623,12802
75,,1.401775598526001,,1.401775598526001,12803
75,,1.5612493753433228,,1.5612493753433228,12804
75,,1.6551507711410522,,1.6551507711410522,12805
75,,1.3150794506072998,,1.3150794506072998,12806
75,,1.8616398572921753,,1.8616398572921753,12807
75,,1.5983258485794067,,1.5983258485794067,12808
75,,1.5201467275619507,,1.5201467275619507,12809
75,,1.5049412250518799,,1.5049412250518799,12810
75,,1.6206504106521606,,1.6206504106521606,12811
75,,1.6032072305679321,,1.6032072305679321,12812
75,,1.5925804376602173,,1.5925804376602173,12813
75,,1.7755931615829468,,1.7755931615829468,12814
75,,1.1293753385543823,,1.1293753385543823,12815
75,,1.6695622205734253,,1.6695622205734253,12816
75,,1.4827219247817993,,1.4827219247817993,12817
75,,1.6531046628952026,,1.6531046628952026,12818
75,,1.6146562099456787,,1.6146562099456787,12819
75,,1.5556504726409912,,1.5556504726409912,12820
75,,1.4191988706588745,,1.4191988706588745,12821
75,,1.565271019935608,,1.565271019935608,12822
75,,1.3317562341690063,,1.3317562341690063,12823
75,,1.2826930284500122,,1.2826930284500122,12824
75,,1.5380361080169678,,1.5380361080169678,12825
75,,1.50003981590271,,1.50003981590271,12826
75,,1.2617484331130981,,1.2617484331130981,12827
75,,1.6519496440887451,,1.6519496440887451,12828
75,,1.5935065746307373,,1.5935065746307373,12829
75,,1.6416699886322021,,1.6416699886322021,12830
75,,1.7142744064331055,,1.7142744064331055,12831
75,,1.5922942161560059,,1.5922942161560059,12832
75,,1.9200398921966553,,1.9200398921966553,12833
75,,1.486538290977478,,1.486538290977478,12834
75,,1.6254547834396362,,1.6254547834396362,12835
75,,1.466952919960022,,1.466952919960022,12836
75,,1.352306604385376,,1.352306604385376,12837
75,,1.472364068031311,,1.472364068031311,12838
75,,1.2702356576919556,,1.2702356576919556,12839
75,,1.463248372077942,,1.463248372077942,12840
75,,1.470391035079956,,1.470391035079956,12841
75,,1.2479112148284912,,1.2479112148284912,12842
75,,1.7109944820404053,,1.7109944820404053,12843
75,,1.4174087047576904,,1.4174087047576904,12844
75,,1.7592096328735352,,1.7592096328735352,12845
75,,1.4172848463058472,,1.4172848463058472,12846
75,,1.3086808919906616,,1.3086808919906616,12847
75,,1.6377053260803223,,1.6377053260803223,12848
75,,1.4989533424377441,,1.4989533424377441,12849
75,,1.4296927452087402,,1.4296927452087402,12850
75,,1.6085683107376099,,1.6085683107376099,12851
75,,1.684101939201355,,1.684101939201355,12852
75,,1.499220609664917,,1.499220609664917,12853
75,,1.4952125549316406,,1.4952125549316406,12854
75,,1.3387141227722168,,1.3387141227722168,12855
75,,1.2103149890899658,,1.2103149890899658,12856
75,,1.7701032161712646,,1.7701032161712646,12857
75,,1.5873475074768066,,1.5873475074768066,12858
75,,1.3304634094238281,,1.3304634094238281,12859
75,,1.5490728616714478,,1.5490728616714478,12860
75,,1.1916171312332153,,1.1916171312332153,12861
75,,1.5258606672286987,,1.5258606672286987,12862
75,,1.5548609495162964,,1.5548609495162964,12863
75,,1.5933705568313599,,1.5933705568313599,12864
75,,1.6190197467803955,,1.6190197467803955,12865
75,,1.469149112701416,,1.469149112701416,12866
75,,1.603912591934204,,1.603912591934204,12867
75,,1.4495376348495483,,1.4495376348495483,12868
75,,1.5617164373397827,,1.5617164373397827,12869
75,,1.1929672956466675,,1.1929672956466675,12870
75,,1.5266014337539673,,1.5266014337539673,12871
75,,1.346932291984558,,1.346932291984558,12872
75,,1.2891600131988525,,1.2891600131988525,12873
75,,1.3377552032470703,,1.3377552032470703,12874
75,,1.583314299583435,,1.583314299583435,12875
75,,1.3863543272018433,,1.3863543272018433,12876
75,,1.4729863405227661,,1.4729863405227661,12877
75,,1.7200312614440918,,1.7200312614440918,12878
75,,1.5295428037643433,,1.5295428037643433,12879
75,,1.2716221809387207,,1.2716221809387207,12880
75,,1.3649393320083618,,1.3649393320083618,12881
75,,1.439499020576477,,1.439499020576477,12882
75,,1.3437767028808594,,1.3437767028808594,12883
75,,1.4472289085388184,,1.4472289085388184,12884
75,,1.616927981376648,,1.616927981376648,12885
75,,1.6790083646774292,,1.6790083646774292,12886
75,,1.4198634624481201,,1.4198634624481201,12887
75,,1.5562809705734253,,1.5562809705734253,12888
75,,1.6907448768615723,,1.6907448768615723,12889
75,,1.537719964981079,,1.537719964981079,12890
75,,1.677933931350708,,1.677933931350708,12891
75,,1.1468268632888794,,1.1468268632888794,12892
75,,1.482470989227295,,1.482470989227295,12893
75,,1.3711614608764648,,1.3711614608764648,12894
75,,1.404747724533081,,1.404747724533081,12895
75,,1.5020644664764404,,1.5020644664764404,12896
75,,1.4389454126358032,,1.4389454126358032,12897
75,,1.4477123022079468,,1.4477123022079468,12898
75,,1.4636162519454956,,1.4636162519454956,12899
75,,1.664535403251648,,1.664535403251648,12900
75,,1.7610944509506226,,1.7610944509506226,12901
75,,1.5091460943222046,,1.5091460943222046,12902
75,,1.440571665763855,,1.440571665763855,12903
75,,1.7037062644958496,,1.7037062644958496,12904
75,,1.0461621284484863,,1.0461621284484863,12905
75,,1.6956647634506226,,1.6956647634506226,12906
75,,1.5165913105010986,,1.5165913105010986,12907
75,,1.7164093255996704,,1.7164093255996704,12908
75,,1.713539719581604,,1.713539719581604,12909
75,,1.4646745920181274,,1.4646745920181274,12910
75,,1.6639524698257446,,1.6639524698257446,12911
75,,1.4102978706359863,,1.4102978706359863,12912
75,,1.1234980821609497,,1.1234980821609497,12913
75,,1.5938657522201538,,1.5938657522201538,12914
75,,1.77338707447052,,1.77338707447052,12915
75,,1.371704339981079,,1.371704339981079,12916
75,,1.4646342992782593,,1.4646342992782593,12917
75,,1.4552346467971802,,1.4552346467971802,12918
75,,1.505329966545105,,1.505329966545105,12919
75,1.499303936958313,,1.499303936958313,,12919
76,,1.670259714126587,,1.670259714126587,12920
76,,1.5799286365509033,,1.5799286365509033,12921
76,,1.31005859375,,1.31005859375,12922
76,,1.1631557941436768,,1.1631557941436768,12923
76,,1.547242522239685,,1.547242522239685,12924
76,,1.4953242540359497,,1.4953242540359497,12925
76,,1.5244165658950806,,1.5244165658950806,12926
76,,1.5061039924621582,,1.5061039924621582,12927
76,,1.5050448179244995,,1.5050448179244995,12928
76,,1.3248779773712158,,1.3248779773712158,12929
76,,1.4038605690002441,,1.4038605690002441,12930
76,,1.4319789409637451,,1.4319789409637451,12931
76,,1.6683597564697266,,1.6683597564697266,12932
76,,1.622663140296936,,1.622663140296936,12933
76,,1.6071105003356934,,1.6071105003356934,12934
76,,1.5059925317764282,,1.5059925317764282,12935
76,,1.3461973667144775,,1.3461973667144775,12936
76,,1.648324966430664,,1.648324966430664,12937
76,,1.426120400428772,,1.426120400428772,12938
76,,1.4455552101135254,,1.4455552101135254,12939
76,,1.6081924438476562,,1.6081924438476562,12940
76,,1.2948942184448242,,1.2948942184448242,12941
76,,1.4412105083465576,,1.4412105083465576,12942
76,,1.7071362733840942,,1.7071362733840942,12943
76,,1.4448968172073364,,1.4448968172073364,12944
76,,1.5803946256637573,,1.5803946256637573,12945
76,,1.6805400848388672,,1.6805400848388672,12946
76,,1.6069718599319458,,1.6069718599319458,12947
76,,1.3454948663711548,,1.3454948663711548,12948
76,,1.3631826639175415,,1.3631826639175415,12949
76,,1.113189697265625,,1.113189697265625,12950
76,,1.4643199443817139,,1.4643199443817139,12951
76,,1.575754165649414,,1.575754165649414,12952
76,,1.7366530895233154,,1.7366530895233154,12953
76,,1.483746886253357,,1.483746886253357,12954
76,,1.6372419595718384,,1.6372419595718384,12955
76,,1.437897801399231,,1.437897801399231,12956
76,,1.5325989723205566,,1.5325989723205566,12957
76,,1.5906003713607788,,1.5906003713607788,12958
76,,1.7265506982803345,,1.7265506982803345,12959
76,,1.323624610900879,,1.323624610900879,12960
76,,1.2727504968643188,,1.2727504968643188,12961
76,,1.4381697177886963,,1.4381697177886963,12962
76,,1.4331636428833008,,1.4331636428833008,12963
76,,1.5506348609924316,,1.5506348609924316,12964
76,,1.4454700946807861,,1.4454700946807861,12965
76,,1.6992132663726807,,1.6992132663726807,12966
76,,1.5448111295700073,,1.5448111295700073,12967
76,,1.6525532007217407,,1.6525532007217407,12968
76,,1.517694115638733,,1.517694115638733,12969
76,,1.0695421695709229,,1.0695421695709229,12970
76,,1.514030933380127,,1.514030933380127,12971
76,,1.5825974941253662,,1.5825974941253662,12972
76,,1.7995288372039795,,1.7995288372039795,12973
76,,1.4502993822097778,,1.4502993822097778,12974
76,,1.7112081050872803,,1.7112081050872803,12975
76,,1.4108961820602417,,1.4108961820602417,12976
76,,1.315155267715454,,1.315155267715454,12977
76,,1.6336932182312012,,1.6336932182312012,12978
76,,1.6972156763076782,,1.6972156763076782,12979
76,,1.6401115655899048,,1.6401115655899048,12980
76,,1.4501105546951294,,1.4501105546951294,12981
76,,1.5928349494934082,,1.5928349494934082,12982
76,,1.7511829137802124,,1.7511829137802124,12983
76,,1.6687006950378418,,1.6687006950378418,12984
76,,1.3123631477355957,,1.3123631477355957,12985
76,,1.7197182178497314,,1.7197182178497314,12986
76,,1.414803147315979,,1.414803147315979,12987
76,,1.305334448814392,,1.305334448814392,12988
76,,1.571312665939331,,1.571312665939331,12989
76,,1.3438925743103027,,1.3438925743103027,12990
76,,1.573494791984558,,1.573494791984558,12991
76,,1.5848572254180908,,1.5848572254180908,12992
76,,1.4478096961975098,,1.4478096961975098,12993
76,,1.5430837869644165,,1.5430837869644165,12994
76,,1.5380876064300537,,1.5380876064300537,12995
76,,1.453772783279419,,1.453772783279419,12996
76,,1.2888624668121338,,1.2888624668121338,12997
76,,1.5635137557983398,,1.5635137557983398,12998
76,,1.4486724138259888,,1.4486724138259888,12999
76,,1.1050848960876465,,1.1050848960876465,13000
76,,1.6098254919052124,,1.6098254919052124,13001
76,,1.3069888353347778,,1.3069888353347778,13002
76,,1.2681008577346802,,1.2681008577346802,13003
76,,1.7832322120666504,,1.7832322120666504,13004
76,,1.4989467859268188,,1.4989467859268188,13005
76,,1.489025592803955,,1.489025592803955,13006
76,,1.7404862642288208,,1.7404862642288208,13007
76,,1.3461172580718994,,1.3461172580718994,13008
76,,1.6633955240249634,,1.6633955240249634,13009
76,,1.5743906497955322,,1.5743906497955322,13010
76,,1.4173815250396729,,1.4173815250396729,13011
76,,1.5137046575546265,,1.5137046575546265,13012
76,,1.4403119087219238,,1.4403119087219238,13013
76,,1.4791338443756104,,1.4791338443756104,13014
76,,1.304219126701355,,1.304219126701355,13015
76,,1.4120372533798218,,1.4120372533798218,13016
76,,1.4456336498260498,,1.4456336498260498,13017
76,,1.2516487836837769,,1.2516487836837769,13018
76,,1.5262778997421265,,1.5262778997421265,13019
76,,1.444747805595398,,1.444747805595398,13020
76,,1.457491397857666,,1.457491397857666,13021
76,,1.5219104290008545,,1.5219104290008545,13022
76,,1.5984553098678589,,1.5984553098678589,13023
76,,1.406335473060608,,1.406335473060608,13024
76,,1.3822293281555176,,1.3822293281555176,13025
76,,1.3980765342712402,,1.3980765342712402,13026
76,,1.5961731672286987,,1.5961731672286987,13027
76,,1.728755235671997,,1.728755235671997,13028
76,,1.2016268968582153,,1.2016268968582153,13029
76,,1.4065452814102173,,1.4065452814102173,13030
76,,1.248044729232788,,1.248044729232788,13031
76,,1.5057812929153442,,1.5057812929153442,13032
76,,1.500573754310608,,1.500573754310608,13033
76,,1.462997317314148,,1.462997317314148,13034
76,,1.5934398174285889,,1.5934398174285889,13035
76,,1.7227354049682617,,1.7227354049682617,13036
76,,1.504549264907837,,1.504549264907837,13037
76,,1.5840219259262085,,1.5840219259262085,13038
76,,1.2271772623062134,,1.2271772623062134,13039
76,,1.269896149635315,,1.269896149635315,13040
76,,1.597487211227417,,1.597487211227417,13041
76,,1.5235166549682617,,1.5235166549682617,13042
76,,1.6675299406051636,,1.6675299406051636,13043
76,,1.6240609884262085,,1.6240609884262085,13044
76,,1.3966046571731567,,1.3966046571731567,13045
76,,1.6485244035720825,,1.6485244035720825,13046
76,,1.5936558246612549,,1.5936558246612549,13047
76,,1.5394906997680664,,1.5394906997680664,13048
76,,1.4055575132369995,,1.4055575132369995,13049
76,,1.456751823425293,,1.456751823425293,13050
76,,1.7022666931152344,,1.7022666931152344,13051
76,,1.3632309436798096,,1.3632309436798096,13052
76,,1.555737853050232,,1.555737853050232,13053
76,,1.3553602695465088,,1.3553602695465088,13054
76,,1.5004757642745972,,1.5004757642745972,13055
76,,1.525277018547058,,1.525277018547058,13056
76,,1.4015655517578125,,1.4015655517578125,13057
76,,1.5394867658615112,,1.5394867658615112,13058
76,,1.419961929321289,,1.419961929321289,13059
76,,1.4935985803604126,,1.4935985803604126,13060
76,,1.7033733129501343,,1.7033733129501343,13061
76,,1.4939119815826416,,1.4939119815826416,13062
76,,1.5970109701156616,,1.5970109701156616,13063
76,,1.7864910364151,,1.7864910364151,13064
76,,1.6517466306686401,,1.6517466306686401,13065
76,,1.627072811126709,,1.627072811126709,13066
76,,1.484609603881836,,1.484609603881836,13067
76,,1.3459289073944092,,1.3459289073944092,13068
76,,1.5240659713745117,,1.5240659713745117,13069
76,,1.160636305809021,,1.160636305809021,13070
76,,1.5587184429168701,,1.5587184429168701,13071
76,,1.5149352550506592,,1.5149352550506592,13072
76,,1.7056304216384888,,1.7056304216384888,13073
76,,1.3157248497009277,,1.3157248497009277,13074
76,,1.3119328022003174,,1.3119328022003174,13075
76,,1.5529314279556274,,1.5529314279556274,13076
76,,1.6557210683822632,,1.6557210683822632,13077
76,,1.2845708131790161,,1.2845708131790161,13078
76,,1.7014987468719482,,1.7014987468719482,13079
76,,1.3161464929580688,,1.3161464929580688,13080
76,,1.3770238161087036,,1.3770238161087036,13081
76,,1.394140601158142,,1.394140601158142,13082
76,,1.53517746925354,,1.53517746925354,13083
76,,1.415939450263977,,1.415939450263977,13084
76,,1.3693255186080933,,1.3693255186080933,13085
76,,1.2816898822784424,,1.2816898822784424,13086
76,,1.3820017576217651,,1.3820017576217651,13087
76,,1.8212395906448364,,1.8212395906448364,13088
76,,1.223596215248108,,1.223596215248108,13089
76,1.4934582710266113,,1.4934582710266113,,13089
77,,1.451978087425232,,1.451978087425232,13090
77,,1.6064453125,,1.6064453125,13091
77,,1.3508938550949097,,1.3508938550949097,13092
77,,1.458931565284729,,1.458931565284729,13093
77,,1.4631948471069336,,1.4631948471069336,13094
77,,1.2126548290252686,,1.2126548290252686,13095
77,,1.5503817796707153,,1.5503817796707153,13096
77,,1.3943746089935303,,1.3943746089935303,13097
77,,1.4197396039962769,,1.4197396039962769,13098
77,,1.3911374807357788,,1.3911374807357788,13099
77,,1.2310214042663574,,1.2310214042663574,13100
77,,1.463281273841858,,1.463281273841858,13101
77,,1.593819260597229,,1.593819260597229,13102
77,,1.3314030170440674,,1.3314030170440674,13103
77,,1.4085108041763306,,1.4085108041763306,13104
77,,1.518996238708496,,1.518996238708496,13105
77,,1.251220703125,,1.251220703125,13106
77,,1.3841084241867065,,1.3841084241867065,13107
77,,1.6536401510238647,,1.6536401510238647,13108
77,,1.3282057046890259,,1.3282057046890259,13109
77,,1.5596712827682495,,1.5596712827682495,13110
77,,1.5355517864227295,,1.5355517864227295,13111
77,,1.4155579805374146,,1.4155579805374146,13112
77,,1.3095065355300903,,1.3095065355300903,13113
77,,1.6356347799301147,,1.6356347799301147,13114
77,,1.7253726720809937,,1.7253726720809937,13115
77,,1.5250015258789062,,1.5250015258789062,13116
77,,1.520450234413147,,1.520450234413147,13117
77,,1.5910375118255615,,1.5910375118255615,13118
77,,1.4281049966812134,,1.4281049966812134,13119
77,,1.5906529426574707,,1.5906529426574707,13120
77,,1.6351661682128906,,1.6351661682128906,13121
77,,1.6143852472305298,,1.6143852472305298,13122
77,,1.6310970783233643,,1.6310970783233643,13123
77,,1.4322096109390259,,1.4322096109390259,13124
77,,1.431868076324463,,1.431868076324463,13125
77,,1.5636403560638428,,1.5636403560638428,13126
77,,1.6716690063476562,,1.6716690063476562,13127
77,,1.2057629823684692,,1.2057629823684692,13128
77,,1.450422763824463,,1.450422763824463,13129
77,,1.5030931234359741,,1.5030931234359741,13130
77,,1.286789894104004,,1.286789894104004,13131
77,,1.3847087621688843,,1.3847087621688843,13132
77,,1.3354227542877197,,1.3354227542877197,13133
77,,1.2905285358428955,,1.2905285358428955,13134
77,,1.693595051765442,,1.693595051765442,13135
77,,1.2285536527633667,,1.2285536527633667,13136
77,,1.5829174518585205,,1.5829174518585205,13137
77,,1.477500557899475,,1.477500557899475,13138
77,,1.5250661373138428,,1.5250661373138428,13139
77,,1.5997713804244995,,1.5997713804244995,13140
77,,1.581626534461975,,1.581626534461975,13141
77,,1.4197193384170532,,1.4197193384170532,13142
77,,1.4109117984771729,,1.4109117984771729,13143
77,,1.242838978767395,,1.242838978767395,13144
77,,1.580180048942566,,1.580180048942566,13145
77,,1.4524472951889038,,1.4524472951889038,13146
77,,1.7782870531082153,,1.7782870531082153,13147
77,,1.702521562576294,,1.702521562576294,13148
77,,1.4389257431030273,,1.4389257431030273,13149
77,,1.5387349128723145,,1.5387349128723145,13150
77,,1.42830491065979,,1.42830491065979,13151
77,,1.2374463081359863,,1.2374463081359863,13152
77,,1.421144723892212,,1.421144723892212,13153
77,,1.6669964790344238,,1.6669964790344238,13154
77,,1.6063822507858276,,1.6063822507858276,13155
77,,1.55868399143219,,1.55868399143219,13156
77,,1.1536599397659302,,1.1536599397659302,13157
77,,1.5976696014404297,,1.5976696014404297,13158
77,,1.5693392753601074,,1.5693392753601074,13159
77,,1.4494603872299194,,1.4494603872299194,13160
77,,1.6354855298995972,,1.6354855298995972,13161
77,,1.4788309335708618,,1.4788309335708618,13162
77,,1.3985167741775513,,1.3985167741775513,13163
77,,1.5251359939575195,,1.5251359939575195,13164
77,,1.4781827926635742,,1.4781827926635742,13165
77,,1.363105297088623,,1.363105297088623,13166
77,,1.5615901947021484,,1.5615901947021484,13167
77,,1.601752519607544,,1.601752519607544,13168
77,,1.621415615081787,,1.621415615081787,13169
77,,1.3907467126846313,,1.3907467126846313,13170
77,,1.5459345579147339,,1.5459345579147339,13171
77,,1.2743679285049438,,1.2743679285049438,13172
77,,1.422342300415039,,1.422342300415039,13173
77,,1.2762260437011719,,1.2762260437011719,13174
77,,1.4923088550567627,,1.4923088550567627,13175
77,,1.4831883907318115,,1.4831883907318115,13176
77,,1.2194294929504395,,1.2194294929504395,13177
77,,1.206779956817627,,1.206779956817627,13178
77,,1.5922355651855469,,1.5922355651855469,13179
77,,1.3774043321609497,,1.3774043321609497,13180
77,,1.402375340461731,,1.402375340461731,13181
77,,1.4864552021026611,,1.4864552021026611,13182
77,,1.3095589876174927,,1.3095589876174927,13183
77,,1.2204400300979614,,1.2204400300979614,13184
77,,1.3385599851608276,,1.3385599851608276,13185
77,,1.323111653327942,,1.323111653327942,13186
77,,1.495039463043213,,1.495039463043213,13187
77,,1.8453741073608398,,1.8453741073608398,13188
77,,1.584023118019104,,1.584023118019104,13189
77,,1.3039898872375488,,1.3039898872375488,13190
77,,1.6511608362197876,,1.6511608362197876,13191
77,,1.3737941980361938,,1.3737941980361938,13192
77,,1.74459707736969,,1.74459707736969,13193
77,,1.5653653144836426,,1.5653653144836426,13194
77,,1.6341884136199951,,1.6341884136199951,13195
77,,1.1499396562576294,,1.1499396562576294,13196
77,,1.3846287727355957,,1.3846287727355957,13197
77,,1.6026005744934082,,1.6026005744934082,13198
77,,1.6979951858520508,,1.6979951858520508,13199
77,,1.5670514106750488,,1.5670514106750488,13200
77,,1.439601182937622,,1.439601182937622,13201
77,,1.2951538562774658,,1.2951538562774658,13202
77,,1.4976410865783691,,1.4976410865783691,13203
77,,1.3473668098449707,,1.3473668098449707,13204
77,,1.4047801494598389,,1.4047801494598389,13205
77,,1.4399847984313965,,1.4399847984313965,13206
77,,1.4387052059173584,,1.4387052059173584,13207
77,,1.1864149570465088,,1.1864149570465088,13208
77,,1.6019383668899536,,1.6019383668899536,13209
77,,1.7396796941757202,,1.7396796941757202,13210
77,,1.6245640516281128,,1.6245640516281128,13211
77,,1.541901707649231,,1.541901707649231,13212
77,,1.509196400642395,,1.509196400642395,13213
77,,1.25766122341156,,1.25766122341156,13214
77,,1.3029546737670898,,1.3029546737670898,13215
77,,1.570763349533081,,1.570763349533081,13216
77,,1.682879090309143,,1.682879090309143,13217
77,,1.1809245347976685,,1.1809245347976685,13218
77,,1.366385817527771,,1.366385817527771,13219
77,,1.665656328201294,,1.665656328201294,13220
77,,1.5143611431121826,,1.5143611431121826,13221
77,,1.4966135025024414,,1.4966135025024414,13222
77,,1.6430734395980835,,1.6430734395980835,13223
77,,1.6131693124771118,,1.6131693124771118,13224
77,,1.6859608888626099,,1.6859608888626099,13225
77,,1.3693115711212158,,1.3693115711212158,13226
77,,1.583646297454834,,1.583646297454834,13227
77,,1.2326407432556152,,1.2326407432556152,13228
77,,1.400254726409912,,1.400254726409912,13229
77,,1.4853558540344238,,1.4853558540344238,13230
77,,1.7203391790390015,,1.7203391790390015,13231
77,,1.7100204229354858,,1.7100204229354858,13232
77,,1.612435221672058,,1.612435221672058,13233
77,,1.2710516452789307,,1.2710516452789307,13234
77,,1.6871440410614014,,1.6871440410614014,13235
77,,1.5902379751205444,,1.5902379751205444,13236
77,,1.637526512145996,,1.637526512145996,13237
77,,1.4114755392074585,,1.4114755392074585,13238
77,,1.4268593788146973,,1.4268593788146973,13239
77,,1.6319117546081543,,1.6319117546081543,13240
77,,1.7850326299667358,,1.7850326299667358,13241
77,,1.5886732339859009,,1.5886732339859009,13242
77,,1.2561613321304321,,1.2561613321304321,13243
77,,1.4219155311584473,,1.4219155311584473,13244
77,,1.5381957292556763,,1.5381957292556763,13245
77,,1.3640482425689697,,1.3640482425689697,13246
77,,1.4968345165252686,,1.4968345165252686,13247
77,,1.6428979635238647,,1.6428979635238647,13248
77,,1.5296903848648071,,1.5296903848648071,13249
77,,1.708158016204834,,1.708158016204834,13250
77,,1.7156046628952026,,1.7156046628952026,13251
77,,1.6582599878311157,,1.6582599878311157,13252
77,,1.4778791666030884,,1.4778791666030884,13253
77,,1.2917498350143433,,1.2917498350143433,13254
77,,1.5709108114242554,,1.5709108114242554,13255
77,,1.6806086301803589,,1.6806086301803589,13256
77,,1.497833013534546,,1.497833013534546,13257
77,,1.4872535467147827,,1.4872535467147827,13258
77,,1.42041015625,,1.42041015625,13259
77,1.4840859174728394,,1.4840859174728394,,13259
78,,1.6465699672698975,,1.6465699672698975,13260
78,,1.3045965433120728,,1.3045965433120728,13261
78,,1.3155213594436646,,1.3155213594436646,13262
78,,1.6219286918640137,,1.6219286918640137,13263
78,,1.2065876722335815,,1.2065876722335815,13264
78,,1.5812662839889526,,1.5812662839889526,13265
78,,1.38399338722229,,1.38399338722229,13266
78,,1.6869713068008423,,1.6869713068008423,13267
78,,1.787418007850647,,1.787418007850647,13268
78,,1.4711030721664429,,1.4711030721664429,13269
78,,1.2741395235061646,,1.2741395235061646,13270
78,,1.6173882484436035,,1.6173882484436035,13271
78,,1.607858657836914,,1.607858657836914,13272
78,,1.5815393924713135,,1.5815393924713135,13273
78,,1.4059141874313354,,1.4059141874313354,13274
78,,1.3354285955429077,,1.3354285955429077,13275
78,,1.26646888256073,,1.26646888256073,13276
78,,1.4438467025756836,,1.4438467025756836,13277
78,,1.6629160642623901,,1.6629160642623901,13278
78,,1.2343308925628662,,1.2343308925628662,13279
78,,1.6015413999557495,,1.6015413999557495,13280
78,,1.3457233905792236,,1.3457233905792236,13281
78,,1.3189603090286255,,1.3189603090286255,13282
78,,1.4554108381271362,,1.4554108381271362,13283
78,,1.386372685432434,,1.386372685432434,13284
78,,1.5027247667312622,,1.5027247667312622,13285
78,,1.2927595376968384,,1.2927595376968384,13286
78,,1.2215111255645752,,1.2215111255645752,13287
78,,1.3694336414337158,,1.3694336414337158,13288
78,,1.4292573928833008,,1.4292573928833008,13289
78,,1.523922324180603,,1.523922324180603,13290
78,,1.7571032047271729,,1.7571032047271729,13291
78,,1.3851302862167358,,1.3851302862167358,13292
78,,1.5541919469833374,,1.5541919469833374,13293
78,,1.8102912902832031,,1.8102912902832031,13294
78,,1.6089450120925903,,1.6089450120925903,13295
78,,1.3933558464050293,,1.3933558464050293,13296
78,,1.7486199140548706,,1.7486199140548706,13297
78,,1.4191080331802368,,1.4191080331802368,13298
78,,1.5520318746566772,,1.5520318746566772,13299
78,,1.3075029850006104,,1.3075029850006104,13300
78,,1.3494889736175537,,1.3494889736175537,13301
78,,1.5217653512954712,,1.5217653512954712,13302
78,,1.3068033456802368,,1.3068033456802368,13303
78,,1.4924447536468506,,1.4924447536468506,13304
78,,1.7798235416412354,,1.7798235416412354,13305
78,,1.3034021854400635,,1.3034021854400635,13306
78,,1.9141464233398438,,1.9141464233398438,13307
78,,1.290024995803833,,1.290024995803833,13308
78,,1.5675981044769287,,1.5675981044769287,13309
78,,1.5281167030334473,,1.5281167030334473,13310
78,,1.450120210647583,,1.450120210647583,13311
78,,1.29757559299469,,1.29757559299469,13312
78,,1.5561145544052124,,1.5561145544052124,13313
78,,1.450399398803711,,1.450399398803711,13314
78,,1.6067403554916382,,1.6067403554916382,13315
78,,1.4746379852294922,,1.4746379852294922,13316
78,,1.4155893325805664,,1.4155893325805664,13317
78,,1.341407060623169,,1.341407060623169,13318
78,,1.1665695905685425,,1.1665695905685425,13319
78,,1.4895142316818237,,1.4895142316818237,13320
78,,1.263671875,,1.263671875,13321
78,,1.8740684986114502,,1.8740684986114502,13322
78,,1.6150120496749878,,1.6150120496749878,13323
78,,1.777462363243103,,1.777462363243103,13324
78,,1.0699502229690552,,1.0699502229690552,13325
78,,1.554526686668396,,1.554526686668396,13326
78,,1.568899393081665,,1.568899393081665,13327
78,,1.6324491500854492,,1.6324491500854492,13328
78,,1.457292914390564,,1.457292914390564,13329
78,,1.3399697542190552,,1.3399697542190552,13330
78,,1.5480653047561646,,1.5480653047561646,13331
78,,1.4607582092285156,,1.4607582092285156,13332
78,,1.840449333190918,,1.840449333190918,13333
78,,1.4183560609817505,,1.4183560609817505,13334
78,,1.5982118844985962,,1.5982118844985962,13335
78,,1.6077580451965332,,1.6077580451965332,13336
78,,1.570924997329712,,1.570924997329712,13337
78,,1.477839708328247,,1.477839708328247,13338
78,,1.2889673709869385,,1.2889673709869385,13339
78,,1.7283039093017578,,1.7283039093017578,13340
78,,1.590949296951294,,1.590949296951294,13341
78,,1.511000394821167,,1.511000394821167,13342
78,,1.4505560398101807,,1.4505560398101807,13343
78,,1.5033047199249268,,1.5033047199249268,13344
78,,1.7536792755126953,,1.7536792755126953,13345
78,,1.6370595693588257,,1.6370595693588257,13346
78,,1.746109962463379,,1.746109962463379,13347
78,,1.3255839347839355,,1.3255839347839355,13348
78,,1.660386562347412,,1.660386562347412,13349
78,,1.3891538381576538,,1.3891538381576538,13350
78,,1.3719358444213867,,1.3719358444213867,13351
78,,1.1876026391983032,,1.1876026391983032,13352
78,,1.376379370689392,,1.376379370689392,13353
78,,1.5383398532867432,,1.5383398532867432,13354
78,,1.1676119565963745,,1.1676119565963745,13355
78,,1.688585877418518,,1.688585877418518,13356
78,,1.4231044054031372,,1.4231044054031372,13357
78,,1.379437804222107,,1.379437804222107,13358
78,,1.501826286315918,,1.501826286315918,13359
78,,1.1659998893737793,,1.1659998893737793,13360
78,,1.2138800621032715,,1.2138800621032715,13361
78,,1.5819662809371948,,1.5819662809371948,13362
78,,1.5518949031829834,,1.5518949031829834,13363
78,,1.560073733329773,,1.560073733329773,13364
78,,1.5143380165100098,,1.5143380165100098,13365
78,,1.539752721786499,,1.539752721786499,13366
78,,1.2936744689941406,,1.2936744689941406,13367
78,,1.5262290239334106,,1.5262290239334106,13368
78,,1.4446409940719604,,1.4446409940719604,13369
78,,1.842207670211792,,1.842207670211792,13370
78,,1.3135243654251099,,1.3135243654251099,13371
78,,1.4352138042449951,,1.4352138042449951,13372
78,,1.7547423839569092,,1.7547423839569092,13373
78,,1.5969359874725342,,1.5969359874725342,13374
78,,1.5913013219833374,,1.5913013219833374,13375
78,,1.4908846616744995,,1.4908846616744995,13376
78,,1.1790330410003662,,1.1790330410003662,13377
78,,1.2704482078552246,,1.2704482078552246,13378
78,,1.4993821382522583,,1.4993821382522583,13379
78,,1.3289998769760132,,1.3289998769760132,13380
78,,1.3955798149108887,,1.3955798149108887,13381
78,,1.2720321416854858,,1.2720321416854858,13382
78,,1.327655553817749,,1.327655553817749,13383
78,,1.6160342693328857,,1.6160342693328857,13384
78,,1.3085126876831055,,1.3085126876831055,13385
78,,1.6004321575164795,,1.6004321575164795,13386
78,,1.8218690156936646,,1.8218690156936646,13387
78,,1.7320207357406616,,1.7320207357406616,13388
78,,1.5396807193756104,,1.5396807193756104,13389
78,,1.2556076049804688,,1.2556076049804688,13390
78,,1.5510730743408203,,1.5510730743408203,13391
78,,1.410649299621582,,1.410649299621582,13392
78,,1.3095722198486328,,1.3095722198486328,13393
78,,1.6179274320602417,,1.6179274320602417,13394
78,,1.112458348274231,,1.112458348274231,13395
78,,1.294616937637329,,1.294616937637329,13396
78,,1.6905471086502075,,1.6905471086502075,13397
78,,1.538799524307251,,1.538799524307251,13398
78,,1.4957529306411743,,1.4957529306411743,13399
78,,1.5359596014022827,,1.5359596014022827,13400
78,,1.7804838418960571,,1.7804838418960571,13401
78,,1.376950740814209,,1.376950740814209,13402
78,,1.383278489112854,,1.383278489112854,13403
78,,1.2156528234481812,,1.2156528234481812,13404
78,,1.4946233034133911,,1.4946233034133911,13405
78,,1.8295575380325317,,1.8295575380325317,13406
78,,1.4351027011871338,,1.4351027011871338,13407
78,,1.5759283304214478,,1.5759283304214478,13408
78,,1.3953171968460083,,1.3953171968460083,13409
78,,1.4103857278823853,,1.4103857278823853,13410
78,,1.3039593696594238,,1.3039593696594238,13411
78,,1.3680901527404785,,1.3680901527404785,13412
78,,1.515572428703308,,1.515572428703308,13413
78,,1.3254750967025757,,1.3254750967025757,13414
78,,1.2691313028335571,,1.2691313028335571,13415
78,,1.2201004028320312,,1.2201004028320312,13416
78,,1.3683605194091797,,1.3683605194091797,13417
78,,1.6366846561431885,,1.6366846561431885,13418
78,,1.492366909980774,,1.492366909980774,13419
78,,1.5071614980697632,,1.5071614980697632,13420
78,,1.556570291519165,,1.556570291519165,13421
78,,1.3889429569244385,,1.3889429569244385,13422
78,,1.423141360282898,,1.423141360282898,13423
78,,1.7249778509140015,,1.7249778509140015,13424
78,,1.2756890058517456,,1.2756890058517456,13425
78,,1.811631202697754,,1.811631202697754,13426
78,,1.466282606124878,,1.466282606124878,13427
78,,1.7104464769363403,,1.7104464769363403,13428
78,,0.8419982194900513,,0.8419982194900513,13429
78,1.4778871536254883,,1.4778871536254883,,13429
79,,1.5694500207901,,1.5694500207901,13430
79,,1.2388321161270142,,1.2388321161270142,13431
79,,1.4126282930374146,,1.4126282930374146,13432
79,,1.6642946004867554,,1.6642946004867554,13433
79,,1.3445212841033936,,1.3445212841033936,13434
79,,1.782304286956787,,1.782304286956787,13435
79,,1.4124480485916138,,1.4124480485916138,13436
79,,1.5980886220932007,,1.5980886220932007,13437
79,,1.5805211067199707,,1.5805211067199707,13438
79,,1.399259328842163,,1.399259328842163,13439
79,,1.4805152416229248,,1.4805152416229248,13440
79,,1.5101168155670166,,1.5101168155670166,13441
79,,1.2463829517364502,,1.2463829517364502,13442
79,,1.3404827117919922,,1.3404827117919922,13443
79,,1.4075831174850464,,1.4075831174850464,13444
79,,1.5877329111099243,,1.5877329111099243,13445
79,,1.3017557859420776,,1.3017557859420776,13446
79,,1.2789487838745117,,1.2789487838745117,13447
79,,1.2329353094100952,,1.2329353094100952,13448
79,,1.5546578168869019,,1.5546578168869019,13449
79,,1.734454870223999,,1.734454870223999,13450
79,,1.6679168939590454,,1.6679168939590454,13451
79,,1.3552788496017456,,1.3552788496017456,13452
79,,1.5564115047454834,,1.5564115047454834,13453
79,,1.4643611907958984,,1.4643611907958984,13454
79,,1.6791143417358398,,1.6791143417358398,13455
79,,1.428839087486267,,1.428839087486267,13456
79,,1.519206166267395,,1.519206166267395,13457
79,,1.5205169916152954,,1.5205169916152954,13458
79,,1.6381012201309204,,1.6381012201309204,13459
79,,1.3122633695602417,,1.3122633695602417,13460
79,,1.4411990642547607,,1.4411990642547607,13461
79,,1.1906318664550781,,1.1906318664550781,13462
79,,1.5239393711090088,,1.5239393711090088,13463
79,,1.4864145517349243,,1.4864145517349243,13464
79,,1.4034271240234375,,1.4034271240234375,13465
79,,1.3064771890640259,,1.3064771890640259,13466
79,,1.4209414720535278,,1.4209414720535278,13467
79,,1.5241985321044922,,1.5241985321044922,13468
79,,1.5211626291275024,,1.5211626291275024,13469
79,,1.7064259052276611,,1.7064259052276611,13470
79,,1.4128824472427368,,1.4128824472427368,13471
79,,1.6920703649520874,,1.6920703649520874,13472
79,,1.6161967515945435,,1.6161967515945435,13473
79,,1.699133276939392,,1.699133276939392,13474
79,,1.39253830909729,,1.39253830909729,13475
79,,1.2839254140853882,,1.2839254140853882,13476
79,,1.3432421684265137,,1.3432421684265137,13477
79,,1.5998413562774658,,1.5998413562774658,13478
79,,1.4542009830474854,,1.4542009830474854,13479
79,,1.527557611465454,,1.527557611465454,13480
79,,1.6594241857528687,,1.6594241857528687,13481
79,,1.4150004386901855,,1.4150004386901855,13482
79,,1.4506279230117798,,1.4506279230117798,13483
79,,1.5348809957504272,,1.5348809957504272,13484
79,,1.3567006587982178,,1.3567006587982178,13485
79,,1.5170540809631348,,1.5170540809631348,13486
79,,1.4324815273284912,,1.4324815273284912,13487
79,,1.5034308433532715,,1.5034308433532715,13488
79,,1.6160166263580322,,1.6160166263580322,13489
79,,1.3856226205825806,,1.3856226205825806,13490
79,,1.459874153137207,,1.459874153137207,13491
79,,1.512097716331482,,1.512097716331482,13492
79,,1.6167984008789062,,1.6167984008789062,13493
79,,1.5541939735412598,,1.5541939735412598,13494
79,,1.5558470487594604,,1.5558470487594604,13495
79,,1.5860637426376343,,1.5860637426376343,13496
79,,1.4594333171844482,,1.4594333171844482,13497
79,,1.5463318824768066,,1.5463318824768066,13498
79,,1.5646454095840454,,1.5646454095840454,13499
79,,1.550262689590454,,1.550262689590454,13500
79,,1.3166338205337524,,1.3166338205337524,13501
79,,1.6331539154052734,,1.6331539154052734,13502
79,,1.5298255681991577,,1.5298255681991577,13503
79,,1.4993000030517578,,1.4993000030517578,13504
79,,1.440830111503601,,1.440830111503601,13505
79,,1.5148855447769165,,1.5148855447769165,13506
79,,1.5053943395614624,,1.5053943395614624,13507
79,,1.5035862922668457,,1.5035862922668457,13508
79,,1.4093503952026367,,1.4093503952026367,13509
79,,1.5840668678283691,,1.5840668678283691,13510
79,,1.3649405241012573,,1.3649405241012573,13511
79,,1.5556918382644653,,1.5556918382644653,13512
79,,1.4739534854888916,,1.4739534854888916,13513
79,,1.7592811584472656,,1.7592811584472656,13514
79,,1.435099720954895,,1.435099720954895,13515
79,,1.264502763748169,,1.264502763748169,13516
79,,1.623551368713379,,1.623551368713379,13517
79,,1.2299585342407227,,1.2299585342407227,13518
79,,1.6354730129241943,,1.6354730129241943,13519
79,,1.4928841590881348,,1.4928841590881348,13520
79,,1.5235973596572876,,1.5235973596572876,13521
79,,1.4288610219955444,,1.4288610219955444,13522
79,,1.4452636241912842,,1.4452636241912842,13523
79,,1.4485442638397217,,1.4485442638397217,13524
79,,1.439773440361023,,1.439773440361023,13525
79,,1.464512825012207,,1.464512825012207,13526
79,,1.2771106958389282,,1.2771106958389282,13527
79,,1.5540060997009277,,1.5540060997009277,13528
79,,1.5655392408370972,,1.5655392408370972,13529
79,,1.5640133619308472,,1.5640133619308472,13530
79,,1.672713041305542,,1.672713041305542,13531
79,,1.4277833700180054,,1.4277833700180054,13532
79,,1.4795745611190796,,1.4795745611190796,13533
79,,1.3432806730270386,,1.3432806730270386,13534
79,,1.149464726448059,,1.149464726448059,13535
79,,1.633474349975586,,1.633474349975586,13536
79,,1.0459609031677246,,1.0459609031677246,13537
79,,1.374342918395996,,1.374342918395996,13538
79,,1.3191912174224854,,1.3191912174224854,13539
79,,1.4009466171264648,,1.4009466171264648,13540
79,,1.4391967058181763,,1.4391967058181763,13541
79,,1.371358036994934,,1.371358036994934,13542
79,,1.4136165380477905,,1.4136165380477905,13543
79,,1.5178000926971436,,1.5178000926971436,13544
79,,1.3494963645935059,,1.3494963645935059,13545
79,,1.6238545179367065,,1.6238545179367065,13546
79,,1.5842205286026,,1.5842205286026,13547
79,,1.4807920455932617,,1.4807920455932617,13548
79,,1.5903940200805664,,1.5903940200805664,13549
79,,1.2325412034988403,,1.2325412034988403,13550
79,,1.5171128511428833,,1.5171128511428833,13551
79,,1.6736072301864624,,1.6736072301864624,13552
79,,1.564160704612732,,1.564160704612732,13553
79,,1.816763162612915,,1.816763162612915,13554
79,,1.5046329498291016,,1.5046329498291016,13555
79,,1.5654207468032837,,1.5654207468032837,13556
79,,1.694332480430603,,1.694332480430603,13557
79,,1.3788264989852905,,1.3788264989852905,13558
79,,1.2546637058258057,,1.2546637058258057,13559
79,,1.3703997135162354,,1.3703997135162354,13560
79,,1.4464071989059448,,1.4464071989059448,13561
79,,1.3492876291275024,,1.3492876291275024,13562
79,,1.4423398971557617,,1.4423398971557617,13563
79,,1.7375413179397583,,1.7375413179397583,13564
79,,1.6282216310501099,,1.6282216310501099,13565
79,,1.4833606481552124,,1.4833606481552124,13566
79,,1.410346508026123,,1.410346508026123,13567
79,,1.5242314338684082,,1.5242314338684082,13568
79,,1.4962579011917114,,1.4962579011917114,13569
79,,1.6653136014938354,,1.6653136014938354,13570
79,,1.3244693279266357,,1.3244693279266357,13571
79,,1.26999831199646,,1.26999831199646,13572
79,,1.5677435398101807,,1.5677435398101807,13573
79,,1.5792524814605713,,1.5792524814605713,13574
79,,1.675837755203247,,1.675837755203247,13575
79,,1.5028533935546875,,1.5028533935546875,13576
79,,1.4697840213775635,,1.4697840213775635,13577
79,,1.3066247701644897,,1.3066247701644897,13578
79,,1.3822234869003296,,1.3822234869003296,13579
79,,1.75296151638031,,1.75296151638031,13580
79,,1.3637832403182983,,1.3637832403182983,13581
79,,1.6202795505523682,,1.6202795505523682,13582
79,,1.6042110919952393,,1.6042110919952393,13583
79,,1.5254075527191162,,1.5254075527191162,13584
79,,1.2566434144973755,,1.2566434144973755,13585
79,,1.4217779636383057,,1.4217779636383057,13586
79,,1.358586072921753,,1.358586072921753,13587
79,,1.6198482513427734,,1.6198482513427734,13588
79,,1.1635456085205078,,1.1635456085205078,13589
79,,1.372847080230713,,1.372847080230713,13590
79,,1.3337433338165283,,1.3337433338165283,13591
79,,1.5053935050964355,,1.5053935050964355,13592
79,,1.286243200302124,,1.286243200302124,13593
79,,1.3473265171051025,,1.3473265171051025,13594
79,,1.2761164903640747,,1.2761164903640747,13595
79,,1.6262682676315308,,1.6262682676315308,13596
79,,1.4096876382827759,,1.4096876382827759,13597
79,,1.5252488851547241,,1.5252488851547241,13598
79,,1.379496693611145,,1.379496693611145,13599
79,1.4764041900634766,,1.4764041900634766,,13599
80,,1.5275053977966309,,1.5275053977966309,13600
80,,1.671074390411377,,1.671074390411377,13601
80,,1.18570077419281,,1.18570077419281,13602
80,,1.2985059022903442,,1.2985059022903442,13603
80,,1.7970536947250366,,1.7970536947250366,13604
80,,1.441359519958496,,1.441359519958496,13605
80,,1.4398844242095947,,1.4398844242095947,13606
80,,1.3966552019119263,,1.3966552019119263,13607
80,,1.4003636837005615,,1.4003636837005615,13608
80,,1.6785300970077515,,1.6785300970077515,13609
80,,1.6703931093215942,,1.6703931093215942,13610
80,,1.537316083908081,,1.537316083908081,13611
80,,1.5928564071655273,,1.5928564071655273,13612
80,,1.3764088153839111,,1.3764088153839111,13613
80,,1.3437113761901855,,1.3437113761901855,13614
80,,1.5278105735778809,,1.5278105735778809,13615
80,,1.8006094694137573,,1.8006094694137573,13616
80,,1.59310781955719,,1.59310781955719,13617
80,,1.339753270149231,,1.339753270149231,13618
80,,1.6289091110229492,,1.6289091110229492,13619
80,,1.6225217580795288,,1.6225217580795288,13620
80,,1.5316147804260254,,1.5316147804260254,13621
80,,1.6541569232940674,,1.6541569232940674,13622
80,,1.3800290822982788,,1.3800290822982788,13623
80,,1.7284871339797974,,1.7284871339797974,13624
80,,1.5941965579986572,,1.5941965579986572,13625
80,,1.7150527238845825,,1.7150527238845825,13626
80,,1.3836151361465454,,1.3836151361465454,13627
80,,1.631790041923523,,1.631790041923523,13628
80,,1.3941223621368408,,1.3941223621368408,13629
80,,1.472946047782898,,1.472946047782898,13630
80,,1.46455717086792,,1.46455717086792,13631
80,,1.297222375869751,,1.297222375869751,13632
80,,1.4885361194610596,,1.4885361194610596,13633
80,,1.5811009407043457,,1.5811009407043457,13634
80,,1.3898833990097046,,1.3898833990097046,13635
80,,1.5898122787475586,,1.5898122787475586,13636
80,,1.5207818746566772,,1.5207818746566772,13637
80,,1.5935777425765991,,1.5935777425765991,13638
80,,1.1945154666900635,,1.1945154666900635,13639
80,,1.4502416849136353,,1.4502416849136353,13640
80,,1.3285307884216309,,1.3285307884216309,13641
80,,1.4979413747787476,,1.4979413747787476,13642
80,,1.3583635091781616,,1.3583635091781616,13643
80,,1.1799625158309937,,1.1799625158309937,13644
80,,1.2933202981948853,,1.2933202981948853,13645
80,,1.5650795698165894,,1.5650795698165894,13646
80,,1.4991176128387451,,1.4991176128387451,13647
80,,1.4250617027282715,,1.4250617027282715,13648
80,,1.3428174257278442,,1.3428174257278442,13649
80,,1.61477792263031,,1.61477792263031,13650
80,,1.3307452201843262,,1.3307452201843262,13651
80,,1.3582472801208496,,1.3582472801208496,13652
80,,1.6762142181396484,,1.6762142181396484,13653
80,,1.609643578529358,,1.609643578529358,13654
80,,1.2959342002868652,,1.2959342002868652,13655
80,,1.5004212856292725,,1.5004212856292725,13656
80,,1.1827476024627686,,1.1827476024627686,13657
80,,1.2646002769470215,,1.2646002769470215,13658
80,,1.4127167463302612,,1.4127167463302612,13659
80,,1.3972893953323364,,1.3972893953323364,13660
80,,1.5588196516036987,,1.5588196516036987,13661
80,,1.204603672027588,,1.204603672027588,13662
80,,1.5639601945877075,,1.5639601945877075,13663
80,,1.3201892375946045,,1.3201892375946045,13664
80,,1.5075900554656982,,1.5075900554656982,13665
80,,1.4873899221420288,,1.4873899221420288,13666
80,,1.3293358087539673,,1.3293358087539673,13667
80,,1.457668423652649,,1.457668423652649,13668
80,,1.3404673337936401,,1.3404673337936401,13669
80,,1.4533355236053467,,1.4533355236053467,13670
80,,1.455006718635559,,1.455006718635559,13671
80,,1.2627947330474854,,1.2627947330474854,13672
80,,1.5169364213943481,,1.5169364213943481,13673
80,,1.5996931791305542,,1.5996931791305542,13674
80,,1.8283153772354126,,1.8283153772354126,13675
80,,1.066466212272644,,1.066466212272644,13676
80,,1.645400047302246,,1.645400047302246,13677
80,,1.08955979347229,,1.08955979347229,13678
80,,1.3916726112365723,,1.3916726112365723,13679
80,,1.2439720630645752,,1.2439720630645752,13680
80,,1.5370969772338867,,1.5370969772338867,13681
80,,1.5574617385864258,,1.5574617385864258,13682
80,,1.087415099143982,,1.087415099143982,13683
80,,1.4946303367614746,,1.4946303367614746,13684
80,,1.521109938621521,,1.521109938621521,13685
80,,1.6733611822128296,,1.6733611822128296,13686
80,,1.5523327589035034,,1.5523327589035034,13687
80,,1.5273700952529907,,1.5273700952529907,13688
80,,1.235241413116455,,1.235241413116455,13689
80,,1.440881609916687,,1.440881609916687,13690
80,,1.5877445936203003,,1.5877445936203003,13691
80,,1.5842264890670776,,1.5842264890670776,13692
80,,1.657953143119812,,1.657953143119812,13693
80,,1.2453770637512207,,1.2453770637512207,13694
80,,1.523598313331604,,1.523598313331604,13695
80,,1.3735284805297852,,1.3735284805297852,13696
80,,1.373400092124939,,1.373400092124939,13697
80,,1.3816522359848022,,1.3816522359848022,13698
80,,1.5705691576004028,,1.5705691576004028,13699
80,,1.3089267015457153,,1.3089267015457153,13700
80,,1.6774859428405762,,1.6774859428405762,13701
80,,1.5063165426254272,,1.5063165426254272,13702
80,,1.4340143203735352,,1.4340143203735352,13703
80,,1.3068677186965942,,1.3068677186965942,13704
80,,1.2128556966781616,,1.2128556966781616,13705
80,,1.9145255088806152,,1.9145255088806152,13706
80,,1.5253314971923828,,1.5253314971923828,13707
80,,1.3176602125167847,,1.3176602125167847,13708
80,,1.7892078161239624,,1.7892078161239624,13709
80,,1.40531325340271,,1.40531325340271,13710
80,,1.5198434591293335,,1.5198434591293335,13711
80,,1.391700267791748,,1.391700267791748,13712
80,,1.684979796409607,,1.684979796409607,13713
80,,1.6264556646347046,,1.6264556646347046,13714
80,,1.428096055984497,,1.428096055984497,13715
80,,1.5761836767196655,,1.5761836767196655,13716
80,,1.5062239170074463,,1.5062239170074463,13717
80,,1.6094367504119873,,1.6094367504119873,13718
80,,1.6619148254394531,,1.6619148254394531,13719
80,,1.5597018003463745,,1.5597018003463745,13720
80,,1.131922960281372,,1.131922960281372,13721
80,,1.328589916229248,,1.328589916229248,13722
80,,1.6599535942077637,,1.6599535942077637,13723
80,,1.4096225500106812,,1.4096225500106812,13724
80,,1.811736822128296,,1.811736822128296,13725
80,,1.496759057044983,,1.496759057044983,13726
80,,1.2995109558105469,,1.2995109558105469,13727
80,,1.5504016876220703,,1.5504016876220703,13728
80,,1.3130996227264404,,1.3130996227264404,13729
80,,1.7328499555587769,,1.7328499555587769,13730
80,,1.4878554344177246,,1.4878554344177246,13731
80,,1.4928423166275024,,1.4928423166275024,13732
80,,1.5955095291137695,,1.5955095291137695,13733
80,,1.342629313468933,,1.342629313468933,13734
80,,1.6692702770233154,,1.6692702770233154,13735
80,,1.4929964542388916,,1.4929964542388916,13736
80,,1.430873155593872,,1.430873155593872,13737
80,,1.640118956565857,,1.640118956565857,13738
80,,1.301356315612793,,1.301356315612793,13739
80,,1.4313316345214844,,1.4313316345214844,13740
80,,1.5301570892333984,,1.5301570892333984,13741
80,,1.3907151222229004,,1.3907151222229004,13742
80,,1.2005157470703125,,1.2005157470703125,13743
80,,1.3387806415557861,,1.3387806415557861,13744
80,,1.3986531496047974,,1.3986531496047974,13745
80,,1.4703164100646973,,1.4703164100646973,13746
80,,1.6297755241394043,,1.6297755241394043,13747
80,,1.6312719583511353,,1.6312719583511353,13748
80,,1.604148030281067,,1.604148030281067,13749
80,,1.3807954788208008,,1.3807954788208008,13750
80,,1.0499979257583618,,1.0499979257583618,13751
80,,1.4868890047073364,,1.4868890047073364,13752
80,,1.283522367477417,,1.283522367477417,13753
80,,1.5204328298568726,,1.5204328298568726,13754
80,,1.577721118927002,,1.577721118927002,13755
80,,1.639676809310913,,1.639676809310913,13756
80,,1.671570062637329,,1.671570062637329,13757
80,,1.5480506420135498,,1.5480506420135498,13758
80,,1.4400036334991455,,1.4400036334991455,13759
80,,1.62920343875885,,1.62920343875885,13760
80,,1.1410845518112183,,1.1410845518112183,13761
80,,1.590183973312378,,1.590183973312378,13762
80,,1.4566094875335693,,1.4566094875335693,13763
80,,1.419663429260254,,1.419663429260254,13764
80,,1.5868984460830688,,1.5868984460830688,13765
80,,1.4304457902908325,,1.4304457902908325,13766
80,,1.20809805393219,,1.20809805393219,13767
80,,1.5418676137924194,,1.5418676137924194,13768
80,,1.3456841707229614,,1.3456841707229614,13769
80,1.4712440967559814,,1.4712440967559814,,13769
81,,1.4831434488296509,,1.4831434488296509,13770
81,,1.9046534299850464,,1.9046534299850464,13771
81,,1.3841767311096191,,1.3841767311096191,13772
81,,1.2840391397476196,,1.2840391397476196,13773
81,,1.5475869178771973,,1.5475869178771973,13774
81,,1.2739109992980957,,1.2739109992980957,13775
81,,1.3055280447006226,,1.3055280447006226,13776
81,,1.7060518264770508,,1.7060518264770508,13777
81,,1.385486125946045,,1.385486125946045,13778
81,,1.3476934432983398,,1.3476934432983398,13779
81,,1.453959345817566,,1.453959345817566,13780
81,,1.5262032747268677,,1.5262032747268677,13781
81,,1.5850892066955566,,1.5850892066955566,13782
81,,1.6525851488113403,,1.6525851488113403,13783
81,,1.2824976444244385,,1.2824976444244385,13784
81,,1.4627429246902466,,1.4627429246902466,13785
81,,1.5777134895324707,,1.5777134895324707,13786
81,,1.6205024719238281,,1.6205024719238281,13787
81,,1.6357024908065796,,1.6357024908065796,13788
81,,1.368219256401062,,1.368219256401062,13789
81,,1.422055959701538,,1.422055959701538,13790
81,,1.3008856773376465,,1.3008856773376465,13791
81,,1.6167348623275757,,1.6167348623275757,13792
81,,1.4472849369049072,,1.4472849369049072,13793
81,,1.3469038009643555,,1.3469038009643555,13794
81,,1.5735478401184082,,1.5735478401184082,13795
81,,1.5142261981964111,,1.5142261981964111,13796
81,,1.464211344718933,,1.464211344718933,13797
81,,1.7214657068252563,,1.7214657068252563,13798
81,,1.371705174446106,,1.371705174446106,13799
81,,1.3530864715576172,,1.3530864715576172,13800
81,,1.537295937538147,,1.537295937538147,13801
81,,1.603515625,,1.603515625,13802
81,,1.352449655532837,,1.352449655532837,13803
81,,1.5263233184814453,,1.5263233184814453,13804
81,,1.432555079460144,,1.432555079460144,13805
81,,1.224206805229187,,1.224206805229187,13806
81,,1.1200593709945679,,1.1200593709945679,13807
81,,1.352195143699646,,1.352195143699646,13808
81,,1.2671605348587036,,1.2671605348587036,13809
81,,1.4155166149139404,,1.4155166149139404,13810
81,,1.6741894483566284,,1.6741894483566284,13811
81,,1.583423137664795,,1.583423137664795,13812
81,,1.2849708795547485,,1.2849708795547485,13813
81,,1.6209245920181274,,1.6209245920181274,13814
81,,1.5178799629211426,,1.5178799629211426,13815
81,,1.508633017539978,,1.508633017539978,13816
81,,1.3483633995056152,,1.3483633995056152,13817
81,,1.5916469097137451,,1.5916469097137451,13818
81,,1.8255555629730225,,1.8255555629730225,13819
81,,1.3213979005813599,,1.3213979005813599,13820
81,,1.316582441329956,,1.316582441329956,13821
81,,1.6483635902404785,,1.6483635902404785,13822
81,,1.280795931816101,,1.280795931816101,13823
81,,1.5577974319458008,,1.5577974319458008,13824
81,,1.6013277769088745,,1.6013277769088745,13825
81,,1.4834163188934326,,1.4834163188934326,13826
81,,1.3643604516983032,,1.3643604516983032,13827
81,,1.51456618309021,,1.51456618309021,13828
81,,1.5400323867797852,,1.5400323867797852,13829
81,,1.6563223600387573,,1.6563223600387573,13830
81,,1.5714160203933716,,1.5714160203933716,13831
81,,1.3812211751937866,,1.3812211751937866,13832
81,,1.3733400106430054,,1.3733400106430054,13833
81,,1.1646275520324707,,1.1646275520324707,13834
81,,1.457284688949585,,1.457284688949585,13835
81,,1.2781484127044678,,1.2781484127044678,13836
81,,1.2314902544021606,,1.2314902544021606,13837
81,,1.1232670545578003,,1.1232670545578003,13838
81,,1.233736515045166,,1.233736515045166,13839
81,,1.2459317445755005,,1.2459317445755005,13840
81,,1.5827404260635376,,1.5827404260635376,13841
81,,1.4195715188980103,,1.4195715188980103,13842
81,,1.5328646898269653,,1.5328646898269653,13843
81,,1.7151178121566772,,1.7151178121566772,13844
81,,1.6515676975250244,,1.6515676975250244,13845
81,,1.7365827560424805,,1.7365827560424805,13846
81,,1.5824521780014038,,1.5824521780014038,13847
81,,1.5949116945266724,,1.5949116945266724,13848
81,,1.3288328647613525,,1.3288328647613525,13849
81,,1.4304940700531006,,1.4304940700531006,13850
81,,1.4847590923309326,,1.4847590923309326,13851
81,,1.4467852115631104,,1.4467852115631104,13852
81,,1.597264289855957,,1.597264289855957,13853
81,,1.3911566734313965,,1.3911566734313965,13854
81,,1.2198983430862427,,1.2198983430862427,13855
81,,1.3596749305725098,,1.3596749305725098,13856
81,,1.377303123474121,,1.377303123474121,13857
81,,1.3336046934127808,,1.3336046934127808,13858
81,,1.3224854469299316,,1.3224854469299316,13859
81,,1.510546088218689,,1.510546088218689,13860
81,,1.4038550853729248,,1.4038550853729248,13861
81,,1.5580652952194214,,1.5580652952194214,13862
81,,1.3524563312530518,,1.3524563312530518,13863
81,,1.3833177089691162,,1.3833177089691162,13864
81,,1.5943825244903564,,1.5943825244903564,13865
81,,1.343823790550232,,1.343823790550232,13866
81,,1.200928807258606,,1.200928807258606,13867
81,,1.5668585300445557,,1.5668585300445557,13868
81,,1.364219069480896,,1.364219069480896,13869
81,,1.6281921863555908,,1.6281921863555908,13870
81,,1.4183506965637207,,1.4183506965637207,13871
81,,1.7642918825149536,,1.7642918825149536,13872
81,,1.8061919212341309,,1.8061919212341309,13873
81,,1.4095845222473145,,1.4095845222473145,13874
81,,1.393591046333313,,1.393591046333313,13875
81,,1.4480576515197754,,1.4480576515197754,13876
81,,1.6241581439971924,,1.6241581439971924,13877
81,,1.6343637704849243,,1.6343637704849243,13878
81,,1.5045192241668701,,1.5045192241668701,13879
81,,1.6925687789916992,,1.6925687789916992,13880
81,,1.612065315246582,,1.612065315246582,13881
81,,1.3963543176651,,1.3963543176651,13882
81,,1.5850549936294556,,1.5850549936294556,13883
81,,1.3964589834213257,,1.3964589834213257,13884
81,,1.2947319746017456,,1.2947319746017456,13885
81,,1.2128595113754272,,1.2128595113754272,13886
81,,1.3612746000289917,,1.3612746000289917,13887
81,,1.61815345287323,,1.61815345287323,13888
81,,1.429932951927185,,1.429932951927185,13889
81,,1.4926860332489014,,1.4926860332489014,13890
81,,1.496621012687683,,1.496621012687683,13891
81,,1.177234411239624,,1.177234411239624,13892
81,,1.4660670757293701,,1.4660670757293701,13893
81,,1.3269290924072266,,1.3269290924072266,13894
81,,1.508318305015564,,1.508318305015564,13895
81,,1.4507653713226318,,1.4507653713226318,13896
81,,1.4162827730178833,,1.4162827730178833,13897
81,,1.5898100137710571,,1.5898100137710571,13898
81,,1.5913383960723877,,1.5913383960723877,13899
81,,1.309880018234253,,1.309880018234253,13900
81,,1.4434517621994019,,1.4434517621994019,13901
81,,1.47963285446167,,1.47963285446167,13902
81,,1.621045708656311,,1.621045708656311,13903
81,,1.2863707542419434,,1.2863707542419434,13904
81,,1.6587263345718384,,1.6587263345718384,13905
81,,1.5820938348770142,,1.5820938348770142,13906
81,,1.616263747215271,,1.616263747215271,13907
81,,1.4243385791778564,,1.4243385791778564,13908
81,,1.4782434701919556,,1.4782434701919556,13909
81,,1.597117304801941,,1.597117304801941,13910
81,,1.354100227355957,,1.354100227355957,13911
81,,1.3868199586868286,,1.3868199586868286,13912
81,,1.631752371788025,,1.631752371788025,13913
81,,1.5292237997055054,,1.5292237997055054,13914
81,,1.2359983921051025,,1.2359983921051025,13915
81,,1.601101279258728,,1.601101279258728,13916
81,,1.2234708070755005,,1.2234708070755005,13917
81,,1.4760068655014038,,1.4760068655014038,13918
81,,1.435823917388916,,1.435823917388916,13919
81,,1.6151084899902344,,1.6151084899902344,13920
81,,1.3207850456237793,,1.3207850456237793,13921
81,,1.6044803857803345,,1.6044803857803345,13922
81,,1.3774694204330444,,1.3774694204330444,13923
81,,1.2305024862289429,,1.2305024862289429,13924
81,,1.4997695684432983,,1.4997695684432983,13925
81,,1.5336430072784424,,1.5336430072784424,13926
81,,1.3638263940811157,,1.3638263940811157,13927
81,,1.307227611541748,,1.307227611541748,13928
81,,1.4826831817626953,,1.4826831817626953,13929
81,,1.3444232940673828,,1.3444232940673828,13930
81,,1.4522056579589844,,1.4522056579589844,13931
81,,1.5303351879119873,,1.5303351879119873,13932
81,,1.7150285243988037,,1.7150285243988037,13933
81,,1.0968202352523804,,1.0968202352523804,13934
81,,1.5751135349273682,,1.5751135349273682,13935
81,,1.4102706909179688,,1.4102706909179688,13936
81,,1.60671865940094,,1.60671865940094,13937
81,,1.6142578125,,1.6142578125,13938
81,,1.4971299171447754,,1.4971299171447754,13939
81,1.4630180597305298,,1.4630180597305298,,13939
82,,1.6880395412445068,,1.6880395412445068,13940
82,,1.5221136808395386,,1.5221136808395386,13941
82,,1.6351486444473267,,1.6351486444473267,13942
82,,1.4848520755767822,,1.4848520755767822,13943
82,,1.6132888793945312,,1.6132888793945312,13944
82,,1.2358818054199219,,1.2358818054199219,13945
82,,1.5030741691589355,,1.5030741691589355,13946
82,,1.3001753091812134,,1.3001753091812134,13947
82,,1.7011642456054688,,1.7011642456054688,13948
82,,1.8612395524978638,,1.8612395524978638,13949
82,,1.5618870258331299,,1.5618870258331299,13950
82,,1.3979599475860596,,1.3979599475860596,13951
82,,1.67488431930542,,1.67488431930542,13952
82,,1.4070650339126587,,1.4070650339126587,13953
82,,1.2836887836456299,,1.2836887836456299,13954
82,,1.1980799436569214,,1.1980799436569214,13955
82,,1.551905632019043,,1.551905632019043,13956
82,,1.2224922180175781,,1.2224922180175781,13957
82,,1.5295109748840332,,1.5295109748840332,13958
82,,1.578982949256897,,1.578982949256897,13959
82,,1.3648549318313599,,1.3648549318313599,13960
82,,1.3526828289031982,,1.3526828289031982,13961
82,,1.745835304260254,,1.745835304260254,13962
82,,1.333111047744751,,1.333111047744751,13963
82,,1.5665767192840576,,1.5665767192840576,13964
82,,1.3860796689987183,,1.3860796689987183,13965
82,,1.234663963317871,,1.234663963317871,13966
82,,1.44785475730896,,1.44785475730896,13967
82,,1.3683350086212158,,1.3683350086212158,13968
82,,1.4399666786193848,,1.4399666786193848,13969
82,,1.5487089157104492,,1.5487089157104492,13970
82,,1.4644807577133179,,1.4644807577133179,13971
82,,1.2942466735839844,,1.2942466735839844,13972
82,,1.4767024517059326,,1.4767024517059326,13973
82,,1.062860369682312,,1.062860369682312,13974
82,,1.7540332078933716,,1.7540332078933716,13975
82,,1.1326971054077148,,1.1326971054077148,13976
82,,1.454004168510437,,1.454004168510437,13977
82,,1.356246829032898,,1.356246829032898,13978
82,,1.5056374073028564,,1.5056374073028564,13979
82,,1.8224480152130127,,1.8224480152130127,13980
82,,1.6201722621917725,,1.6201722621917725,13981
82,,1.607013463973999,,1.607013463973999,13982
82,,1.5296965837478638,,1.5296965837478638,13983
82,,1.382969617843628,,1.382969617843628,13984
82,,1.6456284523010254,,1.6456284523010254,13985
82,,1.4268436431884766,,1.4268436431884766,13986
82,,1.5791113376617432,,1.5791113376617432,13987
82,,1.5086392164230347,,1.5086392164230347,13988
82,,1.2298506498336792,,1.2298506498336792,13989
82,,1.5657488107681274,,1.5657488107681274,13990
82,,1.8335715532302856,,1.8335715532302856,13991
82,,1.538463830947876,,1.538463830947876,13992
82,,1.1830012798309326,,1.1830012798309326,13993
82,,1.49115788936615,,1.49115788936615,13994
82,,1.397643804550171,,1.397643804550171,13995
82,,1.2882227897644043,,1.2882227897644043,13996
82,,1.1248449087142944,,1.1248449087142944,13997
82,,1.6733256578445435,,1.6733256578445435,13998
82,,1.357954502105713,,1.357954502105713,13999
82,,1.3303343057632446,,1.3303343057632446,14000
82,,1.3068088293075562,,1.3068088293075562,14001
82,,1.5547192096710205,,1.5547192096710205,14002
82,,1.3222827911376953,,1.3222827911376953,14003
82,,1.6487970352172852,,1.6487970352172852,14004
82,,1.3622462749481201,,1.3622462749481201,14005
82,,1.618100881576538,,1.618100881576538,14006
82,,1.366473913192749,,1.366473913192749,14007
82,,1.6683021783828735,,1.6683021783828735,14008
82,,1.3880671262741089,,1.3880671262741089,14009
82,,1.5186470746994019,,1.5186470746994019,14010
82,,1.6471501588821411,,1.6471501588821411,14011
82,,1.3143445253372192,,1.3143445253372192,14012
82,,1.1669299602508545,,1.1669299602508545,14013
82,,1.2770754098892212,,1.2770754098892212,14014
82,,1.7545026540756226,,1.7545026540756226,14015
82,,1.5361906290054321,,1.5361906290054321,14016
82,,1.3654029369354248,,1.3654029369354248,14017
82,,1.172280192375183,,1.172280192375183,14018
82,,1.4217534065246582,,1.4217534065246582,14019
82,,1.3294525146484375,,1.3294525146484375,14020
82,,1.3993330001831055,,1.3993330001831055,14021
82,,1.5373079776763916,,1.5373079776763916,14022
82,,1.3224375247955322,,1.3224375247955322,14023
82,,1.3897995948791504,,1.3897995948791504,14024
82,,1.6280124187469482,,1.6280124187469482,14025
82,,1.5598126649856567,,1.5598126649856567,14026
82,,1.3974462747573853,,1.3974462747573853,14027
82,,1.783178448677063,,1.783178448677063,14028
82,,1.481783151626587,,1.481783151626587,14029
82,,1.435538411140442,,1.435538411140442,14030
82,,1.3914939165115356,,1.3914939165115356,14031
82,,1.3123552799224854,,1.3123552799224854,14032
82,,1.6670317649841309,,1.6670317649841309,14033
82,,1.3380454778671265,,1.3380454778671265,14034
82,,1.4029139280319214,,1.4029139280319214,14035
82,,1.4316082000732422,,1.4316082000732422,14036
82,,1.7623679637908936,,1.7623679637908936,14037
82,,1.6786391735076904,,1.6786391735076904,14038
82,,1.391332745552063,,1.391332745552063,14039
82,,1.3788325786590576,,1.3788325786590576,14040
82,,1.3575249910354614,,1.3575249910354614,14041
82,,1.318791151046753,,1.318791151046753,14042
82,,1.5448819398880005,,1.5448819398880005,14043
82,,1.3737404346466064,,1.3737404346466064,14044
82,,1.4923224449157715,,1.4923224449157715,14045
82,,1.2590668201446533,,1.2590668201446533,14046
82,,1.3695329427719116,,1.3695329427719116,14047
82,,1.5149708986282349,,1.5149708986282349,14048
82,,1.5488946437835693,,1.5488946437835693,14049
82,,1.3223257064819336,,1.3223257064819336,14050
82,,1.2870228290557861,,1.2870228290557861,14051
82,,1.3721269369125366,,1.3721269369125366,14052
82,,1.7104425430297852,,1.7104425430297852,14053
82,,1.6603798866271973,,1.6603798866271973,14054
82,,1.3540455102920532,,1.3540455102920532,14055
82,,1.7513484954833984,,1.7513484954833984,14056
82,,1.3526066541671753,,1.3526066541671753,14057
82,,1.3794914484024048,,1.3794914484024048,14058
82,,1.3798339366912842,,1.3798339366912842,14059
82,,1.4421814680099487,,1.4421814680099487,14060
82,,1.5345804691314697,,1.5345804691314697,14061
82,,1.3698087930679321,,1.3698087930679321,14062
82,,1.6890525817871094,,1.6890525817871094,14063
82,,1.656196117401123,,1.656196117401123,14064
82,,1.180018424987793,,1.180018424987793,14065
82,,1.4976366758346558,,1.4976366758346558,14066
82,,1.327659249305725,,1.327659249305725,14067
82,,1.5750476121902466,,1.5750476121902466,14068
82,,1.673581838607788,,1.673581838607788,14069
82,,1.430274248123169,,1.430274248123169,14070
82,,1.2971113920211792,,1.2971113920211792,14071
82,,1.6642545461654663,,1.6642545461654663,14072
82,,1.6205698251724243,,1.6205698251724243,14073
82,,1.5060335397720337,,1.5060335397720337,14074
82,,1.3345286846160889,,1.3345286846160889,14075
82,,1.5299246311187744,,1.5299246311187744,14076
82,,1.4633346796035767,,1.4633346796035767,14077
82,,1.53125,,1.53125,14078
82,,1.4777719974517822,,1.4777719974517822,14079
82,,1.5879979133605957,,1.5879979133605957,14080
82,,1.4496880769729614,,1.4496880769729614,14081
82,,1.3989579677581787,,1.3989579677581787,14082
82,,1.6478067636489868,,1.6478067636489868,14083
82,,1.8207042217254639,,1.8207042217254639,14084
82,,1.4091839790344238,,1.4091839790344238,14085
82,,1.559482455253601,,1.559482455253601,14086
82,,1.2314373254776,,1.2314373254776,14087
82,,1.5506949424743652,,1.5506949424743652,14088
82,,1.5698128938674927,,1.5698128938674927,14089
82,,1.6418195962905884,,1.6418195962905884,14090
82,,1.3436577320098877,,1.3436577320098877,14091
82,,1.7331403493881226,,1.7331403493881226,14092
82,,1.6440080404281616,,1.6440080404281616,14093
82,,1.4160634279251099,,1.4160634279251099,14094
82,,1.4715898036956787,,1.4715898036956787,14095
82,,1.607836127281189,,1.607836127281189,14096
82,,1.478381872177124,,1.478381872177124,14097
82,,1.3410773277282715,,1.3410773277282715,14098
82,,1.2757337093353271,,1.2757337093353271,14099
82,,1.4059613943099976,,1.4059613943099976,14100
82,,1.58786141872406,,1.58786141872406,14101
82,,1.7402137517929077,,1.7402137517929077,14102
82,,1.5015485286712646,,1.5015485286712646,14103
82,,1.0808115005493164,,1.0808115005493164,14104
82,,1.6160913705825806,,1.6160913705825806,14105
82,,1.495615005493164,,1.495615005493164,14106
82,,1.7237980365753174,,1.7237980365753174,14107
82,,1.3603098392486572,,1.3603098392486572,14108
82,,1.5688174962997437,,1.5688174962997437,14109
82,1.4715049266815186,,1.4715049266815186,,14109
83,,1.444653868675232,,1.444653868675232,14110
83,,1.246274471282959,,1.246274471282959,14111
83,,1.4830619096755981,,1.4830619096755981,14112
83,,1.6825616359710693,,1.6825616359710693,14113
83,,1.6974653005599976,,1.6974653005599976,14114
83,,1.628636360168457,,1.628636360168457,14115
83,,1.4332064390182495,,1.4332064390182495,14116
83,,1.3456419706344604,,1.3456419706344604,14117
83,,1.5393058061599731,,1.5393058061599731,14118
83,,1.4849810600280762,,1.4849810600280762,14119
83,,1.563027262687683,,1.563027262687683,14120
83,,1.4435702562332153,,1.4435702562332153,14121
83,,1.599823236465454,,1.599823236465454,14122
83,,1.544095516204834,,1.544095516204834,14123
83,,1.3256683349609375,,1.3256683349609375,14124
83,,1.4196161031723022,,1.4196161031723022,14125
83,,1.1525797843933105,,1.1525797843933105,14126
83,,1.4044458866119385,,1.4044458866119385,14127
83,,1.5392659902572632,,1.5392659902572632,14128
83,,1.4740750789642334,,1.4740750789642334,14129
83,,1.7202544212341309,,1.7202544212341309,14130
83,,1.5890119075775146,,1.5890119075775146,14131
83,,1.5596776008605957,,1.5596776008605957,14132
83,,1.2582682371139526,,1.2582682371139526,14133
83,,1.550711750984192,,1.550711750984192,14134
83,,1.6667312383651733,,1.6667312383651733,14135
83,,1.41213059425354,,1.41213059425354,14136
83,,1.6838449239730835,,1.6838449239730835,14137
83,,1.4954169988632202,,1.4954169988632202,14138
83,,1.5107132196426392,,1.5107132196426392,14139
83,,1.5930887460708618,,1.5930887460708618,14140
83,,1.3331303596496582,,1.3331303596496582,14141
83,,1.4105699062347412,,1.4105699062347412,14142
83,,1.4003618955612183,,1.4003618955612183,14143
83,,1.6003408432006836,,1.6003408432006836,14144
83,,1.4650146961212158,,1.4650146961212158,14145
83,,1.434781789779663,,1.434781789779663,14146
83,,1.5275486707687378,,1.5275486707687378,14147
83,,1.7350081205368042,,1.7350081205368042,14148
83,,1.6109158992767334,,1.6109158992767334,14149
83,,1.443608045578003,,1.443608045578003,14150
83,,1.4974322319030762,,1.4974322319030762,14151
83,,1.499923586845398,,1.499923586845398,14152
83,,1.5236008167266846,,1.5236008167266846,14153
83,,1.3645133972167969,,1.3645133972167969,14154
83,,1.6123692989349365,,1.6123692989349365,14155
83,,1.4557850360870361,,1.4557850360870361,14156
83,,1.2926081418991089,,1.2926081418991089,14157
83,,1.533066987991333,,1.533066987991333,14158
83,,1.5820447206497192,,1.5820447206497192,14159
83,,1.2862504720687866,,1.2862504720687866,14160
83,,1.6198307275772095,,1.6198307275772095,14161
83,,1.1543508768081665,,1.1543508768081665,14162
83,,1.4648929834365845,,1.4648929834365845,14163
83,,1.5918419361114502,,1.5918419361114502,14164
83,,1.684261679649353,,1.684261679649353,14165
83,,1.3607906103134155,,1.3607906103134155,14166
83,,1.5512040853500366,,1.5512040853500366,14167
83,,1.2955141067504883,,1.2955141067504883,14168
83,,1.6574723720550537,,1.6574723720550537,14169
83,,1.3259905576705933,,1.3259905576705933,14170
83,,1.8228007555007935,,1.8228007555007935,14171
83,,1.051013469696045,,1.051013469696045,14172
83,,1.4811588525772095,,1.4811588525772095,14173
83,,1.4899957180023193,,1.4899957180023193,14174
83,,1.3824350833892822,,1.3824350833892822,14175
83,,1.0870522260665894,,1.0870522260665894,14176
83,,1.5705106258392334,,1.5705106258392334,14177
83,,1.5958995819091797,,1.5958995819091797,14178
83,,1.529614806175232,,1.529614806175232,14179
83,,1.6073802709579468,,1.6073802709579468,14180
83,,1.4388706684112549,,1.4388706684112549,14181
83,,1.566788911819458,,1.566788911819458,14182
83,,1.5243295431137085,,1.5243295431137085,14183
83,,1.490895390510559,,1.490895390510559,14184
83,,1.57246994972229,,1.57246994972229,14185
83,,1.257667899131775,,1.257667899131775,14186
83,,1.477292537689209,,1.477292537689209,14187
83,,1.4981440305709839,,1.4981440305709839,14188
83,,1.6422889232635498,,1.6422889232635498,14189
83,,1.7255364656448364,,1.7255364656448364,14190
83,,1.2359925508499146,,1.2359925508499146,14191
83,,1.221044898033142,,1.221044898033142,14192
83,,1.275831937789917,,1.275831937789917,14193
83,,1.409714698791504,,1.409714698791504,14194
83,,1.520845890045166,,1.520845890045166,14195
83,,1.2986842393875122,,1.2986842393875122,14196
83,,1.5007572174072266,,1.5007572174072266,14197
83,,1.5490760803222656,,1.5490760803222656,14198
83,,1.7169790267944336,,1.7169790267944336,14199
83,,1.3364760875701904,,1.3364760875701904,14200
83,,1.5814964771270752,,1.5814964771270752,14201
83,,1.6371098756790161,,1.6371098756790161,14202
83,,1.4879294633865356,,1.4879294633865356,14203
83,,1.3758792877197266,,1.3758792877197266,14204
83,,1.4273207187652588,,1.4273207187652588,14205
83,,1.3516370058059692,,1.3516370058059692,14206
83,,1.3609354496002197,,1.3609354496002197,14207
83,,1.5448416471481323,,1.5448416471481323,14208
83,,1.4123090505599976,,1.4123090505599976,14209
83,,1.3944722414016724,,1.3944722414016724,14210
83,,1.4322515726089478,,1.4322515726089478,14211
83,,1.5649863481521606,,1.5649863481521606,14212
83,,1.4841376543045044,,1.4841376543045044,14213
83,,1.5589561462402344,,1.5589561462402344,14214
83,,1.2973675727844238,,1.2973675727844238,14215
83,,1.2408643960952759,,1.2408643960952759,14216
83,,1.5216373205184937,,1.5216373205184937,14217
83,,1.5781006813049316,,1.5781006813049316,14218
83,,1.483446717262268,,1.483446717262268,14219
83,,1.6080571413040161,,1.6080571413040161,14220
83,,1.429796814918518,,1.429796814918518,14221
83,,1.3218194246292114,,1.3218194246292114,14222
83,,1.2829387187957764,,1.2829387187957764,14223
83,,1.387825846672058,,1.387825846672058,14224
83,,1.4607988595962524,,1.4607988595962524,14225
83,,1.6427867412567139,,1.6427867412567139,14226
83,,1.5460437536239624,,1.5460437536239624,14227
83,,1.7464247941970825,,1.7464247941970825,14228
83,,1.5811283588409424,,1.5811283588409424,14229
83,,1.4163217544555664,,1.4163217544555664,14230
83,,1.1793876886367798,,1.1793876886367798,14231
83,,1.437430739402771,,1.437430739402771,14232
83,,1.3572272062301636,,1.3572272062301636,14233
83,,1.504440188407898,,1.504440188407898,14234
83,,1.3787208795547485,,1.3787208795547485,14235
83,,1.5643442869186401,,1.5643442869186401,14236
83,,1.6900978088378906,,1.6900978088378906,14237
83,,1.3665931224822998,,1.3665931224822998,14238
83,,1.3910038471221924,,1.3910038471221924,14239
83,,1.4475232362747192,,1.4475232362747192,14240
83,,1.643239974975586,,1.643239974975586,14241
83,,1.427016019821167,,1.427016019821167,14242
83,,1.2863694429397583,,1.2863694429397583,14243
83,,1.6354082822799683,,1.6354082822799683,14244
83,,1.402013897895813,,1.402013897895813,14245
83,,1.4698587656021118,,1.4698587656021118,14246
83,,1.2538135051727295,,1.2538135051727295,14247
83,,1.4405487775802612,,1.4405487775802612,14248
83,,1.531187891960144,,1.531187891960144,14249
83,,1.730891227722168,,1.730891227722168,14250
83,,1.4082567691802979,,1.4082567691802979,14251
83,,1.2539633512496948,,1.2539633512496948,14252
83,,1.4487652778625488,,1.4487652778625488,14253
83,,1.2223296165466309,,1.2223296165466309,14254
83,,1.5120081901550293,,1.5120081901550293,14255
83,,1.5211224555969238,,1.5211224555969238,14256
83,,1.6294677257537842,,1.6294677257537842,14257
83,,1.5036391019821167,,1.5036391019821167,14258
83,,1.569046139717102,,1.569046139717102,14259
83,,1.3593108654022217,,1.3593108654022217,14260
83,,1.46707284450531,,1.46707284450531,14261
83,,1.681485652923584,,1.681485652923584,14262
83,,1.2203519344329834,,1.2203519344329834,14263
83,,1.484177589416504,,1.484177589416504,14264
83,,1.5869255065917969,,1.5869255065917969,14265
83,,1.4385912418365479,,1.4385912418365479,14266
83,,1.222218632698059,,1.222218632698059,14267
83,,1.2693188190460205,,1.2693188190460205,14268
83,,1.2860498428344727,,1.2860498428344727,14269
83,,1.5295964479446411,,1.5295964479446411,14270
83,,1.5763803720474243,,1.5763803720474243,14271
83,,1.2862868309020996,,1.2862868309020996,14272
83,,1.906994342803955,,1.906994342803955,14273
83,,1.5445361137390137,,1.5445361137390137,14274
83,,1.4307388067245483,,1.4307388067245483,14275
83,,1.433813214302063,,1.433813214302063,14276
83,,1.555681824684143,,1.555681824684143,14277
83,,1.4594451189041138,,1.4594451189041138,14278
83,,1.6613750457763672,,1.6613750457763672,14279
83,1.4725418090820312,,1.4725418090820312,,14279
84,,1.5167299509048462,,1.5167299509048462,14280
84,,1.7492659091949463,,1.7492659091949463,14281
84,,1.485076665878296,,1.485076665878296,14282
84,,1.424338459968567,,1.424338459968567,14283
84,,1.3677765130996704,,1.3677765130996704,14284
84,,1.4621530771255493,,1.4621530771255493,14285
84,,1.6244992017745972,,1.6244992017745972,14286
84,,1.3942480087280273,,1.3942480087280273,14287
84,,1.2706727981567383,,1.2706727981567383,14288
84,,1.3261479139328003,,1.3261479139328003,14289
84,,1.6817594766616821,,1.6817594766616821,14290
84,,1.306760549545288,,1.306760549545288,14291
84,,1.6328679323196411,,1.6328679323196411,14292
84,,1.1626977920532227,,1.1626977920532227,14293
84,,1.6369080543518066,,1.6369080543518066,14294
84,,1.1951301097869873,,1.1951301097869873,14295
84,,1.2685925960540771,,1.2685925960540771,14296
84,,1.4588700532913208,,1.4588700532913208,14297
84,,1.725628137588501,,1.725628137588501,14298
84,,1.6132986545562744,,1.6132986545562744,14299
84,,1.700692892074585,,1.700692892074585,14300
84,,1.406436562538147,,1.406436562538147,14301
84,,1.558243751525879,,1.558243751525879,14302
84,,1.484017252922058,,1.484017252922058,14303
84,,1.399627923965454,,1.399627923965454,14304
84,,1.6103914976119995,,1.6103914976119995,14305
84,,1.5709900856018066,,1.5709900856018066,14306
84,,1.5197495222091675,,1.5197495222091675,14307
84,,1.6054435968399048,,1.6054435968399048,14308
84,,1.4379403591156006,,1.4379403591156006,14309
84,,1.5458238124847412,,1.5458238124847412,14310
84,,1.1018255949020386,,1.1018255949020386,14311
84,,1.2905669212341309,,1.2905669212341309,14312
84,,1.7919762134552002,,1.7919762134552002,14313
84,,1.5259308815002441,,1.5259308815002441,14314
84,,1.6062570810317993,,1.6062570810317993,14315
84,,1.7450019121170044,,1.7450019121170044,14316
84,,1.4714605808258057,,1.4714605808258057,14317
84,,1.692321538925171,,1.692321538925171,14318
84,,1.6246628761291504,,1.6246628761291504,14319
84,,1.873455286026001,,1.873455286026001,14320
84,,1.511947512626648,,1.511947512626648,14321
84,,1.7119783163070679,,1.7119783163070679,14322
84,,1.2752724885940552,,1.2752724885940552,14323
84,,1.53013277053833,,1.53013277053833,14324
84,,1.6253979206085205,,1.6253979206085205,14325
84,,1.6052948236465454,,1.6052948236465454,14326
84,,1.7448720932006836,,1.7448720932006836,14327
84,,1.4734671115875244,,1.4734671115875244,14328
84,,1.3115509748458862,,1.3115509748458862,14329
84,,1.4539304971694946,,1.4539304971694946,14330
84,,1.6265636682510376,,1.6265636682510376,14331
84,,1.4420820474624634,,1.4420820474624634,14332
84,,1.3556952476501465,,1.3556952476501465,14333
84,,1.4856395721435547,,1.4856395721435547,14334
84,,1.5993620157241821,,1.5993620157241821,14335
84,,1.5869964361190796,,1.5869964361190796,14336
84,,1.4038612842559814,,1.4038612842559814,14337
84,,1.4576152563095093,,1.4576152563095093,14338
84,,1.8540226221084595,,1.8540226221084595,14339
84,,1.1469461917877197,,1.1469461917877197,14340
84,,1.599609375,,1.599609375,14341
84,,1.3992681503295898,,1.3992681503295898,14342
84,,1.3272013664245605,,1.3272013664245605,14343
84,,1.3774276971817017,,1.3774276971817017,14344
84,,1.4068413972854614,,1.4068413972854614,14345
84,,1.4418214559555054,,1.4418214559555054,14346
84,,1.2594619989395142,,1.2594619989395142,14347
84,,1.1259390115737915,,1.1259390115737915,14348
84,,1.6436444520950317,,1.6436444520950317,14349
84,,1.5769646167755127,,1.5769646167755127,14350
84,,1.8059029579162598,,1.8059029579162598,14351
84,,1.2164379358291626,,1.2164379358291626,14352
84,,1.1401108503341675,,1.1401108503341675,14353
84,,1.5306693315505981,,1.5306693315505981,14354
84,,1.5700863599777222,,1.5700863599777222,14355
84,,1.6142627000808716,,1.6142627000808716,14356
84,,1.4335548877716064,,1.4335548877716064,14357
84,,1.3940327167510986,,1.3940327167510986,14358
84,,1.329972743988037,,1.329972743988037,14359
84,,1.6367486715316772,,1.6367486715316772,14360
84,,1.6102350950241089,,1.6102350950241089,14361
84,,1.68342125415802,,1.68342125415802,14362
84,,1.5171353816986084,,1.5171353816986084,14363
84,,1.3906854391098022,,1.3906854391098022,14364
84,,1.4692704677581787,,1.4692704677581787,14365
84,,1.7241828441619873,,1.7241828441619873,14366
84,,1.6756335496902466,,1.6756335496902466,14367
84,,1.4090322256088257,,1.4090322256088257,14368
84,,1.368949294090271,,1.368949294090271,14369
84,,1.435037612915039,,1.435037612915039,14370
84,,1.4281738996505737,,1.4281738996505737,14371
84,,1.5039188861846924,,1.5039188861846924,14372
84,,1.5006991624832153,,1.5006991624832153,14373
84,,1.4990322589874268,,1.4990322589874268,14374
84,,1.5711842775344849,,1.5711842775344849,14375
84,,1.7069581747055054,,1.7069581747055054,14376
84,,1.5279265642166138,,1.5279265642166138,14377
84,,1.5560556650161743,,1.5560556650161743,14378
84,,1.4719038009643555,,1.4719038009643555,14379
84,,1.4606783390045166,,1.4606783390045166,14380
84,,1.40966796875,,1.40966796875,14381
84,,1.5002555847167969,,1.5002555847167969,14382
84,,1.6521464586257935,,1.6521464586257935,14383
84,,1.3568204641342163,,1.3568204641342163,14384
84,,1.4657607078552246,,1.4657607078552246,14385
84,,1.6391427516937256,,1.6391427516937256,14386
84,,1.3306385278701782,,1.3306385278701782,14387
84,,1.4290610551834106,,1.4290610551834106,14388
84,,1.5721831321716309,,1.5721831321716309,14389
84,,1.5761889219284058,,1.5761889219284058,14390
84,,1.419058084487915,,1.419058084487915,14391
84,,1.2915093898773193,,1.2915093898773193,14392
84,,1.5490570068359375,,1.5490570068359375,14393
84,,1.4972132444381714,,1.4972132444381714,14394
84,,1.52180016040802,,1.52180016040802,14395
84,,1.7052667140960693,,1.7052667140960693,14396
84,,1.424046277999878,,1.424046277999878,14397
84,,1.6240234375,,1.6240234375,14398
84,,1.646338939666748,,1.646338939666748,14399
84,,1.6066099405288696,,1.6066099405288696,14400
84,,1.4476906061172485,,1.4476906061172485,14401
84,,1.7950701713562012,,1.7950701713562012,14402
84,,1.6332647800445557,,1.6332647800445557,14403
84,,1.6403065919876099,,1.6403065919876099,14404
84,,1.479879379272461,,1.479879379272461,14405
84,,1.4564204216003418,,1.4564204216003418,14406
84,,1.4847660064697266,,1.4847660064697266,14407
84,,1.5809401273727417,,1.5809401273727417,14408
84,,1.2461384534835815,,1.2461384534835815,14409
84,,1.5562611818313599,,1.5562611818313599,14410
84,,1.1580456495285034,,1.1580456495285034,14411
84,,1.5900142192840576,,1.5900142192840576,14412
84,,1.3948253393173218,,1.3948253393173218,14413
84,,1.377685546875,,1.377685546875,14414
84,,1.3957016468048096,,1.3957016468048096,14415
84,,1.4498792886734009,,1.4498792886734009,14416
84,,1.5629578828811646,,1.5629578828811646,14417
84,,1.4989879131317139,,1.4989879131317139,14418
84,,1.5325356721878052,,1.5325356721878052,14419
84,,1.558847188949585,,1.558847188949585,14420
84,,1.5825268030166626,,1.5825268030166626,14421
84,,1.4035074710845947,,1.4035074710845947,14422
84,,1.488751769065857,,1.488751769065857,14423
84,,1.4227304458618164,,1.4227304458618164,14424
84,,1.4585145711898804,,1.4585145711898804,14425
84,,1.600274920463562,,1.600274920463562,14426
84,,1.4030925035476685,,1.4030925035476685,14427
84,,1.36692214012146,,1.36692214012146,14428
84,,1.7673226594924927,,1.7673226594924927,14429
84,,1.287193775177002,,1.287193775177002,14430
84,,1.4313840866088867,,1.4313840866088867,14431
84,,1.4804625511169434,,1.4804625511169434,14432
84,,1.4189581871032715,,1.4189581871032715,14433
84,,1.326512098312378,,1.326512098312378,14434
84,,1.4980069398880005,,1.4980069398880005,14435
84,,1.4377760887145996,,1.4377760887145996,14436
84,,1.3264167308807373,,1.3264167308807373,14437
84,,1.2025521993637085,,1.2025521993637085,14438
84,,1.182970404624939,,1.182970404624939,14439
84,,1.412632942199707,,1.412632942199707,14440
84,,1.534258246421814,,1.534258246421814,14441
84,,1.4407343864440918,,1.4407343864440918,14442
84,,1.2452752590179443,,1.2452752590179443,14443
84,,1.5297682285308838,,1.5297682285308838,14444
84,,1.5245475769042969,,1.5245475769042969,14445
84,,1.5474474430084229,,1.5474474430084229,14446
84,,1.466429591178894,,1.466429591178894,14447
84,,1.7396125793457031,,1.7396125793457031,14448
84,,1.7237412929534912,,1.7237412929534912,14449
84,1.4915952682495117,,1.4915952682495117,,14449
85,,1.2235894203186035,,1.2235894203186035,14450
85,,1.239434838294983,,1.239434838294983,14451
85,,1.54619562625885,,1.54619562625885,14452
85,,1.4942830801010132,,1.4942830801010132,14453
85,,1.5559666156768799,,1.5559666156768799,14454
85,,1.0640935897827148,,1.0640935897827148,14455
85,,1.3606711626052856,,1.3606711626052856,14456
85,,1.3028571605682373,,1.3028571605682373,14457
85,,1.5371381044387817,,1.5371381044387817,14458
85,,1.4623477458953857,,1.4623477458953857,14459
85,,1.2326961755752563,,1.2326961755752563,14460
85,,1.4275202751159668,,1.4275202751159668,14461
85,,1.504849910736084,,1.504849910736084,14462
85,,1.6478419303894043,,1.6478419303894043,14463
85,,1.456083059310913,,1.456083059310913,14464
85,,1.264359474182129,,1.264359474182129,14465
85,,1.4428702592849731,,1.4428702592849731,14466
85,,1.3854283094406128,,1.3854283094406128,14467
85,,1.7099719047546387,,1.7099719047546387,14468
85,,1.381450891494751,,1.381450891494751,14469
85,,1.44157075881958,,1.44157075881958,14470
85,,1.328927755355835,,1.328927755355835,14471
85,,1.0478872060775757,,1.0478872060775757,14472
85,,1.3944178819656372,,1.3944178819656372,14473
85,,1.5874989032745361,,1.5874989032745361,14474
85,,1.2574609518051147,,1.2574609518051147,14475
85,,1.520063877105713,,1.520063877105713,14476
85,,1.304685354232788,,1.304685354232788,14477
85,,1.4883331060409546,,1.4883331060409546,14478
85,,1.449113130569458,,1.449113130569458,14479
85,,1.6503106355667114,,1.6503106355667114,14480
85,,1.6966462135314941,,1.6966462135314941,14481
85,,1.5094937086105347,,1.5094937086105347,14482
85,,1.4165165424346924,,1.4165165424346924,14483
85,,1.4687527418136597,,1.4687527418136597,14484
85,,1.401922345161438,,1.401922345161438,14485
85,,1.7578184604644775,,1.7578184604644775,14486
85,,1.5254206657409668,,1.5254206657409668,14487
85,,1.4354170560836792,,1.4354170560836792,14488
85,,1.4577200412750244,,1.4577200412750244,14489
85,,1.612477421760559,,1.612477421760559,14490
85,,1.5100674629211426,,1.5100674629211426,14491
85,,1.3323042392730713,,1.3323042392730713,14492
85,,1.396331548690796,,1.396331548690796,14493
85,,1.5004324913024902,,1.5004324913024902,14494
85,,1.6918621063232422,,1.6918621063232422,14495
85,,1.5723021030426025,,1.5723021030426025,14496
85,,1.5890436172485352,,1.5890436172485352,14497
85,,1.4112783670425415,,1.4112783670425415,14498
85,,1.5708268880844116,,1.5708268880844116,14499
85,,1.4074857234954834,,1.4074857234954834,14500
85,,1.4758780002593994,,1.4758780002593994,14501
85,,1.4182559251785278,,1.4182559251785278,14502
85,,1.3324295282363892,,1.3324295282363892,14503
85,,1.5205883979797363,,1.5205883979797363,14504
85,,1.5983299016952515,,1.5983299016952515,14505
85,,1.5503947734832764,,1.5503947734832764,14506
85,,1.430134654045105,,1.430134654045105,14507
85,,1.537131667137146,,1.537131667137146,14508
85,,1.5931085348129272,,1.5931085348129272,14509
85,,1.1227017641067505,,1.1227017641067505,14510
85,,1.17679762840271,,1.17679762840271,14511
85,,1.5958597660064697,,1.5958597660064697,14512
85,,1.2199037075042725,,1.2199037075042725,14513
85,,1.308068871498108,,1.308068871498108,14514
85,,1.5645105838775635,,1.5645105838775635,14515
85,,1.4639896154403687,,1.4639896154403687,14516
85,,1.59311842918396,,1.59311842918396,14517
85,,1.4875819683074951,,1.4875819683074951,14518
85,,1.2192331552505493,,1.2192331552505493,14519
85,,1.3336037397384644,,1.3336037397384644,14520
85,,1.6885491609573364,,1.6885491609573364,14521
85,,1.6053247451782227,,1.6053247451782227,14522
85,,1.4593943357467651,,1.4593943357467651,14523
85,,1.392901062965393,,1.392901062965393,14524
85,,1.143663763999939,,1.143663763999939,14525
85,,1.5195884704589844,,1.5195884704589844,14526
85,,1.6990745067596436,,1.6990745067596436,14527
85,,1.2924411296844482,,1.2924411296844482,14528
85,,1.527389645576477,,1.527389645576477,14529
85,,1.4289003610610962,,1.4289003610610962,14530
85,,1.3919010162353516,,1.3919010162353516,14531
85,,1.5505750179290771,,1.5505750179290771,14532
85,,1.3944984674453735,,1.3944984674453735,14533
85,,1.5054291486740112,,1.5054291486740112,14534
85,,1.590883493423462,,1.590883493423462,14535
85,,1.1560587882995605,,1.1560587882995605,14536
85,,1.4793813228607178,,1.4793813228607178,14537
85,,1.303397297859192,,1.303397297859192,14538
85,,1.7110923528671265,,1.7110923528671265,14539
85,,1.181292176246643,,1.181292176246643,14540
85,,1.403220295906067,,1.403220295906067,14541
85,,1.6337956190109253,,1.6337956190109253,14542
85,,1.5093560218811035,,1.5093560218811035,14543
85,,1.4335854053497314,,1.4335854053497314,14544
85,,1.4500672817230225,,1.4500672817230225,14545
85,,1.3320262432098389,,1.3320262432098389,14546
85,,1.3809723854064941,,1.3809723854064941,14547
85,,1.3577696084976196,,1.3577696084976196,14548
85,,1.658476710319519,,1.658476710319519,14549
85,,1.750276803970337,,1.750276803970337,14550
85,,1.07674241065979,,1.07674241065979,14551
85,,1.4234344959259033,,1.4234344959259033,14552
85,,1.7439779043197632,,1.7439779043197632,14553
85,,1.3842084407806396,,1.3842084407806396,14554
85,,1.718751072883606,,1.718751072883606,14555
85,,1.3199667930603027,,1.3199667930603027,14556
85,,1.4543014764785767,,1.4543014764785767,14557
85,,1.4898662567138672,,1.4898662567138672,14558
85,,1.7527625560760498,,1.7527625560760498,14559
85,,1.1031231880187988,,1.1031231880187988,14560
85,,1.5527689456939697,,1.5527689456939697,14561
85,,1.464045763015747,,1.464045763015747,14562
85,,1.495110273361206,,1.495110273361206,14563
85,,1.3373149633407593,,1.3373149633407593,14564
85,,1.5032057762145996,,1.5032057762145996,14565
85,,1.4329794645309448,,1.4329794645309448,14566
85,,1.3678255081176758,,1.3678255081176758,14567
85,,1.3342255353927612,,1.3342255353927612,14568
85,,1.8266388177871704,,1.8266388177871704,14569
85,,1.5378109216690063,,1.5378109216690063,14570
85,,1.5008012056350708,,1.5008012056350708,14571
85,,1.549940586090088,,1.549940586090088,14572
85,,1.4697920083999634,,1.4697920083999634,14573
85,,1.429976224899292,,1.429976224899292,14574
85,,1.4377776384353638,,1.4377776384353638,14575
85,,1.5271029472351074,,1.5271029472351074,14576
85,,1.500013828277588,,1.500013828277588,14577
85,,1.4178513288497925,,1.4178513288497925,14578
85,,1.2738194465637207,,1.2738194465637207,14579
85,,1.3383197784423828,,1.3383197784423828,14580
85,,1.2994968891143799,,1.2994968891143799,14581
85,,1.5667914152145386,,1.5667914152145386,14582
85,,1.5750693082809448,,1.5750693082809448,14583
85,,1.2681857347488403,,1.2681857347488403,14584
85,,1.6638234853744507,,1.6638234853744507,14585
85,,1.5882863998413086,,1.5882863998413086,14586
85,,1.4160195589065552,,1.4160195589065552,14587
85,,1.6200497150421143,,1.6200497150421143,14588
85,,1.4367481470108032,,1.4367481470108032,14589
85,,1.7113795280456543,,1.7113795280456543,14590
85,,1.3449732065200806,,1.3449732065200806,14591
85,,1.543502688407898,,1.543502688407898,14592
85,,1.3647280931472778,,1.3647280931472778,14593
85,,1.6681910753250122,,1.6681910753250122,14594
85,,1.5918700695037842,,1.5918700695037842,14595
85,,1.6041162014007568,,1.6041162014007568,14596
85,,1.7155237197875977,,1.7155237197875977,14597
85,,1.306884765625,,1.306884765625,14598
85,,1.3396732807159424,,1.3396732807159424,14599
85,,1.580310344696045,,1.580310344696045,14600
85,,1.3361417055130005,,1.3361417055130005,14601
85,,1.3723838329315186,,1.3723838329315186,14602
85,,1.5990180969238281,,1.5990180969238281,14603
85,,1.3375189304351807,,1.3375189304351807,14604
85,,1.5663257837295532,,1.5663257837295532,14605
85,,1.3952096700668335,,1.3952096700668335,14606
85,,1.7702295780181885,,1.7702295780181885,14607
85,,1.4310098886489868,,1.4310098886489868,14608
85,,1.213942527770996,,1.213942527770996,14609
85,,1.8015141487121582,,1.8015141487121582,14610
85,,1.3690640926361084,,1.3690640926361084,14611
85,,1.596548318862915,,1.596548318862915,14612
85,,1.6637345552444458,,1.6637345552444458,14613
85,,1.516923189163208,,1.516923189163208,14614
85,,1.6805602312088013,,1.6805602312088013,14615
85,,1.322717308998108,,1.322717308998108,14616
85,,1.685137152671814,,1.685137152671814,14617
85,,1.5993045568466187,,1.5993045568466187,14618
85,,1.4825376272201538,,1.4825376272201538,14619
85,1.4655660390853882,,1.4655660390853882,,14619
86,,1.5628384351730347,,1.5628384351730347,14620
86,,1.3430474996566772,,1.3430474996566772,14621
86,,1.7348262071609497,,1.7348262071609497,14622
86,,1.6700581312179565,,1.6700581312179565,14623
86,,1.6263214349746704,,1.6263214349746704,14624
86,,1.3695597648620605,,1.3695597648620605,14625
86,,1.479284405708313,,1.479284405708313,14626
86,,1.455756664276123,,1.455756664276123,14627
86,,1.4595675468444824,,1.4595675468444824,14628
86,,1.6870001554489136,,1.6870001554489136,14629
86,,1.3163220882415771,,1.3163220882415771,14630
86,,1.233117699623108,,1.233117699623108,14631
86,,1.256374716758728,,1.256374716758728,14632
86,,1.4390153884887695,,1.4390153884887695,14633
86,,1.5679473876953125,,1.5679473876953125,14634
86,,1.461690068244934,,1.461690068244934,14635
86,,1.5071839094161987,,1.5071839094161987,14636
86,,1.105039119720459,,1.105039119720459,14637
86,,1.438665509223938,,1.438665509223938,14638
86,,1.1792688369750977,,1.1792688369750977,14639
86,,1.5956037044525146,,1.5956037044525146,14640
86,,1.618227481842041,,1.618227481842041,14641
86,,1.2019423246383667,,1.2019423246383667,14642
86,,1.3990702629089355,,1.3990702629089355,14643
86,,1.3993124961853027,,1.3993124961853027,14644
86,,1.8094878196716309,,1.8094878196716309,14645
86,,1.2920207977294922,,1.2920207977294922,14646
86,,1.7691993713378906,,1.7691993713378906,14647
86,,1.5615862607955933,,1.5615862607955933,14648
86,,1.4115872383117676,,1.4115872383117676,14649
86,,1.5380767583847046,,1.5380767583847046,14650
86,,1.5418630838394165,,1.5418630838394165,14651
86,,1.4901397228240967,,1.4901397228240967,14652
86,,1.2426191568374634,,1.2426191568374634,14653
86,,1.4865320920944214,,1.4865320920944214,14654
86,,1.5592527389526367,,1.5592527389526367,14655
86,,1.554469347000122,,1.554469347000122,14656
86,,1.627191185951233,,1.627191185951233,14657
86,,1.4380242824554443,,1.4380242824554443,14658
86,,1.4731369018554688,,1.4731369018554688,14659
86,,1.5827827453613281,,1.5827827453613281,14660
86,,1.519322395324707,,1.519322395324707,14661
86,,1.27120840549469,,1.27120840549469,14662
86,,1.5820480585098267,,1.5820480585098267,14663
86,,1.3964731693267822,,1.3964731693267822,14664
86,,1.534026861190796,,1.534026861190796,14665
86,,1.192299485206604,,1.192299485206604,14666
86,,1.4192452430725098,,1.4192452430725098,14667
86,,1.3687915802001953,,1.3687915802001953,14668
86,,1.5559449195861816,,1.5559449195861816,14669
86,,1.118288516998291,,1.118288516998291,14670
86,,1.3218512535095215,,1.3218512535095215,14671
86,,1.35406494140625,,1.35406494140625,14672
86,,1.436081051826477,,1.436081051826477,14673
86,,1.2762551307678223,,1.2762551307678223,14674
86,,1.2543087005615234,,1.2543087005615234,14675
86,,1.5851205587387085,,1.5851205587387085,14676
86,,1.3643525838851929,,1.3643525838851929,14677
86,,1.6320104598999023,,1.6320104598999023,14678
86,,1.4743167161941528,,1.4743167161941528,14679
86,,1.2102341651916504,,1.2102341651916504,14680
86,,1.641463041305542,,1.641463041305542,14681
86,,1.3031342029571533,,1.3031342029571533,14682
86,,1.5453895330429077,,1.5453895330429077,14683
86,,1.418562412261963,,1.418562412261963,14684
86,,1.51930570602417,,1.51930570602417,14685
86,,1.5270568132400513,,1.5270568132400513,14686
86,,1.2797796726226807,,1.2797796726226807,14687
86,,1.4395108222961426,,1.4395108222961426,14688
86,,1.4342143535614014,,1.4342143535614014,14689
86,,1.5106457471847534,,1.5106457471847534,14690
86,,1.6025949716567993,,1.6025949716567993,14691
86,,1.2709742784500122,,1.2709742784500122,14692
86,,1.7043362855911255,,1.7043362855911255,14693
86,,1.5540400743484497,,1.5540400743484497,14694
86,,1.5373871326446533,,1.5373871326446533,14695
86,,1.5047118663787842,,1.5047118663787842,14696
86,,1.3848586082458496,,1.3848586082458496,14697
86,,1.5521821975708008,,1.5521821975708008,14698
86,,1.316217064857483,,1.316217064857483,14699
86,,1.652099609375,,1.652099609375,14700
86,,1.1434326171875,,1.1434326171875,14701
86,,1.6770185232162476,,1.6770185232162476,14702
86,,1.2458924055099487,,1.2458924055099487,14703
86,,1.5483670234680176,,1.5483670234680176,14704
86,,1.2753863334655762,,1.2753863334655762,14705
86,,1.260101318359375,,1.260101318359375,14706
86,,1.644682765007019,,1.644682765007019,14707
86,,1.5887324810028076,,1.5887324810028076,14708
86,,1.5184446573257446,,1.5184446573257446,14709
86,,1.5397417545318604,,1.5397417545318604,14710
86,,1.4232021570205688,,1.4232021570205688,14711
86,,1.4054481983184814,,1.4054481983184814,14712
86,,1.6202259063720703,,1.6202259063720703,14713
86,,1.3764164447784424,,1.3764164447784424,14714
86,,1.4662188291549683,,1.4662188291549683,14715
86,,1.5660265684127808,,1.5660265684127808,14716
86,,1.480358362197876,,1.480358362197876,14717
86,,1.3394784927368164,,1.3394784927368164,14718
86,,1.5775035619735718,,1.5775035619735718,14719
86,,1.2035998106002808,,1.2035998106002808,14720
86,,1.5170310735702515,,1.5170310735702515,14721
86,,1.6598460674285889,,1.6598460674285889,14722
86,,1.2383923530578613,,1.2383923530578613,14723
86,,1.4513472318649292,,1.4513472318649292,14724
86,,1.67062246799469,,1.67062246799469,14725
86,,1.5264214277267456,,1.5264214277267456,14726
86,,1.5315601825714111,,1.5315601825714111,14727
86,,1.2495979070663452,,1.2495979070663452,14728
86,,1.394002079963684,,1.394002079963684,14729
86,,1.4993058443069458,,1.4993058443069458,14730
86,,1.590865969657898,,1.590865969657898,14731
86,,1.4040470123291016,,1.4040470123291016,14732
86,,1.411669135093689,,1.411669135093689,14733
86,,1.475206971168518,,1.475206971168518,14734
86,,1.474468469619751,,1.474468469619751,14735
86,,1.5254501104354858,,1.5254501104354858,14736
86,,1.5172165632247925,,1.5172165632247925,14737
86,,1.2339690923690796,,1.2339690923690796,14738
86,,1.4185452461242676,,1.4185452461242676,14739
86,,1.2228777408599854,,1.2228777408599854,14740
86,,1.7085826396942139,,1.7085826396942139,14741
86,,1.4873645305633545,,1.4873645305633545,14742
86,,1.1379669904708862,,1.1379669904708862,14743
86,,1.6193939447402954,,1.6193939447402954,14744
86,,1.6554630994796753,,1.6554630994796753,14745
86,,1.6182781457901,,1.6182781457901,14746
86,,1.6395666599273682,,1.6395666599273682,14747
86,,1.3231143951416016,,1.3231143951416016,14748
86,,1.3910326957702637,,1.3910326957702637,14749
86,,1.6941742897033691,,1.6941742897033691,14750
86,,1.377079963684082,,1.377079963684082,14751
86,,1.346373200416565,,1.346373200416565,14752
86,,1.3725477457046509,,1.3725477457046509,14753
86,,1.4601809978485107,,1.4601809978485107,14754
86,,1.4086309671401978,,1.4086309671401978,14755
86,,1.3201327323913574,,1.3201327323913574,14756
86,,1.5636892318725586,,1.5636892318725586,14757
86,,1.2789806127548218,,1.2789806127548218,14758
86,,1.569807767868042,,1.569807767868042,14759
86,,1.5211228132247925,,1.5211228132247925,14760
86,,1.5554713010787964,,1.5554713010787964,14761
86,,1.6385091543197632,,1.6385091543197632,14762
86,,1.460559606552124,,1.460559606552124,14763
86,,1.6662521362304688,,1.6662521362304688,14764
86,,1.3462082147598267,,1.3462082147598267,14765
86,,1.6509138345718384,,1.6509138345718384,14766
86,,1.1730722188949585,,1.1730722188949585,14767
86,,1.3096563816070557,,1.3096563816070557,14768
86,,1.329845905303955,,1.329845905303955,14769
86,,1.5781105756759644,,1.5781105756759644,14770
86,,1.3128364086151123,,1.3128364086151123,14771
86,,1.5327221155166626,,1.5327221155166626,14772
86,,1.3695155382156372,,1.3695155382156372,14773
86,,1.280755639076233,,1.280755639076233,14774
86,,1.7069629430770874,,1.7069629430770874,14775
86,,1.484383225440979,,1.484383225440979,14776
86,,1.4642324447631836,,1.4642324447631836,14777
86,,1.7905855178833008,,1.7905855178833008,14778
86,,1.6226218938827515,,1.6226218938827515,14779
86,,1.5034171342849731,,1.5034171342849731,14780
86,,1.3642719984054565,,1.3642719984054565,14781
86,,1.5434772968292236,,1.5434772968292236,14782
86,,1.7895572185516357,,1.7895572185516357,14783
86,,1.5487072467803955,,1.5487072467803955,14784
86,,1.5062085390090942,,1.5062085390090942,14785
86,,1.2145556211471558,,1.2145556211471558,14786
86,,1.5215758085250854,,1.5215758085250854,14787
86,,1.2708721160888672,,1.2708721160888672,14788
86,,1.195438265800476,,1.195438265800476,14789
86,1.4609005451202393,,1.4609005451202393,,14789
87,,1.3962984085083008,,1.3962984085083008,14790
87,,1.5957379341125488,,1.5957379341125488,14791
87,,1.357620120048523,,1.357620120048523,14792
87,,1.3500639200210571,,1.3500639200210571,14793
87,,1.7050187587738037,,1.7050187587738037,14794
87,,1.671958565711975,,1.671958565711975,14795
87,,1.5987529754638672,,1.5987529754638672,14796
87,,1.6151576042175293,,1.6151576042175293,14797
87,,1.5475960969924927,,1.5475960969924927,14798
87,,1.4906357526779175,,1.4906357526779175,14799
87,,1.4392520189285278,,1.4392520189285278,14800
87,,1.4308360815048218,,1.4308360815048218,14801
87,,1.672345519065857,,1.672345519065857,14802
87,,1.4808259010314941,,1.4808259010314941,14803
87,,1.2878824472427368,,1.2878824472427368,14804
87,,1.3480347394943237,,1.3480347394943237,14805
87,,1.5493351221084595,,1.5493351221084595,14806
87,,1.5571478605270386,,1.5571478605270386,14807
87,,1.1721476316452026,,1.1721476316452026,14808
87,,1.474994421005249,,1.474994421005249,14809
87,,1.5681796073913574,,1.5681796073913574,14810
87,,1.4072628021240234,,1.4072628021240234,14811
87,,1.3993972539901733,,1.3993972539901733,14812
87,,1.3395910263061523,,1.3395910263061523,14813
87,,1.684605598449707,,1.684605598449707,14814
87,,1.4215929508209229,,1.4215929508209229,14815
87,,1.2756366729736328,,1.2756366729736328,14816
87,,1.4718466997146606,,1.4718466997146606,14817
87,,1.2969073057174683,,1.2969073057174683,14818
87,,1.4029321670532227,,1.4029321670532227,14819
87,,1.32654869556427,,1.32654869556427,14820
87,,1.5027331113815308,,1.5027331113815308,14821
87,,1.5528550148010254,,1.5528550148010254,14822
87,,1.8154171705245972,,1.8154171705245972,14823
87,,1.166926383972168,,1.166926383972168,14824
87,,1.5775606632232666,,1.5775606632232666,14825
87,,1.2691985368728638,,1.2691985368728638,14826
87,,1.3475650548934937,,1.3475650548934937,14827
87,,1.6716747283935547,,1.6716747283935547,14828
87,,1.3260910511016846,,1.3260910511016846,14829
87,,1.3267098665237427,,1.3267098665237427,14830
87,,1.1853759288787842,,1.1853759288787842,14831
87,,1.2242724895477295,,1.2242724895477295,14832
87,,1.3451215028762817,,1.3451215028762817,14833
87,,1.3531838655471802,,1.3531838655471802,14834
87,,1.6648441553115845,,1.6648441553115845,14835
87,,1.5120002031326294,,1.5120002031326294,14836
87,,1.711162805557251,,1.711162805557251,14837
87,,1.583350419998169,,1.583350419998169,14838
87,,1.4309496879577637,,1.4309496879577637,14839
87,,1.197571873664856,,1.197571873664856,14840
87,,1.4215630292892456,,1.4215630292892456,14841
87,,1.5394253730773926,,1.5394253730773926,14842
87,,1.3944761753082275,,1.3944761753082275,14843
87,,1.669074296951294,,1.669074296951294,14844
87,,1.5236682891845703,,1.5236682891845703,14845
87,,1.43603515625,,1.43603515625,14846
87,,1.3935775756835938,,1.3935775756835938,14847
87,,1.3858685493469238,,1.3858685493469238,14848
87,,1.4091569185256958,,1.4091569185256958,14849
87,,1.603147268295288,,1.603147268295288,14850
87,,1.2413339614868164,,1.2413339614868164,14851
87,,1.6013628244400024,,1.6013628244400024,14852
87,,1.3605742454528809,,1.3605742454528809,14853
87,,1.55859375,,1.55859375,14854
87,,1.7693074941635132,,1.7693074941635132,14855
87,,1.5356115102767944,,1.5356115102767944,14856
87,,1.3328831195831299,,1.3328831195831299,14857
87,,1.6063307523727417,,1.6063307523727417,14858
87,,1.6129646301269531,,1.6129646301269531,14859
87,,1.3956741094589233,,1.3956741094589233,14860
87,,1.6714226007461548,,1.6714226007461548,14861
87,,1.4588470458984375,,1.4588470458984375,14862
87,,1.2452031373977661,,1.2452031373977661,14863
87,,1.4798084497451782,,1.4798084497451782,14864
87,,1.4845410585403442,,1.4845410585403442,14865
87,,1.3519073724746704,,1.3519073724746704,14866
87,,1.6733592748641968,,1.6733592748641968,14867
87,,1.7379138469696045,,1.7379138469696045,14868
87,,1.3574159145355225,,1.3574159145355225,14869
87,,1.3154075145721436,,1.3154075145721436,14870
87,,1.4093271493911743,,1.4093271493911743,14871
87,,1.354380488395691,,1.354380488395691,14872
87,,1.6840876340866089,,1.6840876340866089,14873
87,,1.7103275060653687,,1.7103275060653687,14874
87,,1.5973706245422363,,1.5973706245422363,14875
87,,1.484694242477417,,1.484694242477417,14876
87,,1.5916069746017456,,1.5916069746017456,14877
87,,1.4050869941711426,,1.4050869941711426,14878
87,,1.3801214694976807,,1.3801214694976807,14879
87,,1.1914716958999634,,1.1914716958999634,14880
87,,1.3859844207763672,,1.3859844207763672,14881
87,,1.4620568752288818,,1.4620568752288818,14882
87,,1.205992341041565,,1.205992341041565,14883
87,,1.619582176208496,,1.619582176208496,14884
87,,1.5893948078155518,,1.5893948078155518,14885
87,,1.3676471710205078,,1.3676471710205078,14886
87,,1.3976340293884277,,1.3976340293884277,14887
87,,1.7108880281448364,,1.7108880281448364,14888
87,,1.6186434030532837,,1.6186434030532837,14889
87,,1.2510466575622559,,1.2510466575622559,14890
87,,1.3884811401367188,,1.3884811401367188,14891
87,,1.499313235282898,,1.499313235282898,14892
87,,1.6176704168319702,,1.6176704168319702,14893
87,,1.3285852670669556,,1.3285852670669556,14894
87,,1.5777355432510376,,1.5777355432510376,14895
87,,1.482512354850769,,1.482512354850769,14896
87,,1.4849650859832764,,1.4849650859832764,14897
87,,1.3994498252868652,,1.3994498252868652,14898
87,,1.4238395690917969,,1.4238395690917969,14899
87,,1.5314563512802124,,1.5314563512802124,14900
87,,1.560022234916687,,1.560022234916687,14901
87,,1.2700648307800293,,1.2700648307800293,14902
87,,1.452081322669983,,1.452081322669983,14903
87,,1.435738444328308,,1.435738444328308,14904
87,,1.3623046875,,1.3623046875,14905
87,,1.4447420835494995,,1.4447420835494995,14906
87,,1.4163120985031128,,1.4163120985031128,14907
87,,1.3163312673568726,,1.3163312673568726,14908
87,,1.546652913093567,,1.546652913093567,14909
87,,1.4726877212524414,,1.4726877212524414,14910
87,,1.298569679260254,,1.298569679260254,14911
87,,1.4525837898254395,,1.4525837898254395,14912
87,,1.625657320022583,,1.625657320022583,14913
87,,1.6121314764022827,,1.6121314764022827,14914
87,,1.3955150842666626,,1.3955150842666626,14915
87,,1.4947513341903687,,1.4947513341903687,14916
87,,1.4988534450531006,,1.4988534450531006,14917
87,,1.4241681098937988,,1.4241681098937988,14918
87,,1.4814329147338867,,1.4814329147338867,14919
87,,1.6032882928848267,,1.6032882928848267,14920
87,,1.6802842617034912,,1.6802842617034912,14921
87,,1.3313307762145996,,1.3313307762145996,14922
87,,1.5159142017364502,,1.5159142017364502,14923
87,,1.1814771890640259,,1.1814771890640259,14924
87,,1.2356168031692505,,1.2356168031692505,14925
87,,1.2803692817687988,,1.2803692817687988,14926
87,,1.3868401050567627,,1.3868401050567627,14927
87,,1.3959193229675293,,1.3959193229675293,14928
87,,1.4139764308929443,,1.4139764308929443,14929
87,,1.2236149311065674,,1.2236149311065674,14930
87,,1.6379480361938477,,1.6379480361938477,14931
87,,1.3959815502166748,,1.3959815502166748,14932
87,,1.5363737344741821,,1.5363737344741821,14933
87,,1.262592077255249,,1.262592077255249,14934
87,,1.4201399087905884,,1.4201399087905884,14935
87,,1.4475845098495483,,1.4475845098495483,14936
87,,1.530799388885498,,1.530799388885498,14937
87,,1.2860040664672852,,1.2860040664672852,14938
87,,1.4670236110687256,,1.4670236110687256,14939
87,,1.7848984003067017,,1.7848984003067017,14940
87,,1.4322537183761597,,1.4322537183761597,14941
87,,1.3846778869628906,,1.3846778869628906,14942
87,,1.4582772254943848,,1.4582772254943848,14943
87,,1.2979532480239868,,1.2979532480239868,14944
87,,1.2884998321533203,,1.2884998321533203,14945
87,,1.5011059045791626,,1.5011059045791626,14946
87,,1.2922486066818237,,1.2922486066818237,14947
87,,1.423610806465149,,1.423610806465149,14948
87,,1.8307806253433228,,1.8307806253433228,14949
87,,1.22273588180542,,1.22273588180542,14950
87,,1.5134166479110718,,1.5134166479110718,14951
87,,1.5223288536071777,,1.5223288536071777,14952
87,,1.4796266555786133,,1.4796266555786133,14953
87,,1.4653908014297485,,1.4653908014297485,14954
87,,1.267855167388916,,1.267855167388916,14955
87,,1.708774209022522,,1.708774209022522,14956
87,,1.446373701095581,,1.446373701095581,14957
87,,1.3766053915023804,,1.3766053915023804,14958
87,,1.6509932279586792,,1.6509932279586792,14959
87,1.4578819274902344,,1.4578819274902344,,14959
88,,1.4202322959899902,,1.4202322959899902,14960
88,,1.4044139385223389,,1.4044139385223389,14961
88,,1.3406121730804443,,1.3406121730804443,14962
88,,1.6203240156173706,,1.6203240156173706,14963
88,,1.664406657218933,,1.664406657218933,14964
88,,1.5039207935333252,,1.5039207935333252,14965
88,,1.4697197675704956,,1.4697197675704956,14966
88,,1.4426809549331665,,1.4426809549331665,14967
88,,1.2601262331008911,,1.2601262331008911,14968
88,,1.4209926128387451,,1.4209926128387451,14969
88,,1.3487775325775146,,1.3487775325775146,14970
88,,1.6367207765579224,,1.6367207765579224,14971
88,,1.5527498722076416,,1.5527498722076416,14972
88,,1.402793526649475,,1.402793526649475,14973
88,,1.6258964538574219,,1.6258964538574219,14974
88,,1.3279774188995361,,1.3279774188995361,14975
88,,1.404638648033142,,1.404638648033142,14976
88,,1.2062536478042603,,1.2062536478042603,14977
88,,1.0912714004516602,,1.0912714004516602,14978
88,,1.4441490173339844,,1.4441490173339844,14979
88,,1.3662806749343872,,1.3662806749343872,14980
88,,1.2975239753723145,,1.2975239753723145,14981
88,,1.639022707939148,,1.639022707939148,14982
88,,1.6404374837875366,,1.6404374837875366,14983
88,,1.4381468296051025,,1.4381468296051025,14984
88,,1.6100636720657349,,1.6100636720657349,14985
88,,1.5452293157577515,,1.5452293157577515,14986
88,,1.3483632802963257,,1.3483632802963257,14987
88,,1.7628635168075562,,1.7628635168075562,14988
88,,1.2975444793701172,,1.2975444793701172,14989
88,,1.6393766403198242,,1.6393766403198242,14990
88,,1.3546808958053589,,1.3546808958053589,14991
88,,1.6926724910736084,,1.6926724910736084,14992
88,,1.6805955171585083,,1.6805955171585083,14993
88,,1.6199854612350464,,1.6199854612350464,14994
88,,1.2652522325515747,,1.2652522325515747,14995
88,,1.555393099784851,,1.555393099784851,14996
88,,1.298440933227539,,1.298440933227539,14997
88,,1.4265083074569702,,1.4265083074569702,14998
88,,1.224631428718567,,1.224631428718567,14999
88,,1.7510230541229248,,1.7510230541229248,15000
88,,1.8279787302017212,,1.8279787302017212,15001
88,,1.5999025106430054,,1.5999025106430054,15002
88,,1.5212026834487915,,1.5212026834487915,15003
88,,1.5597898960113525,,1.5597898960113525,15004
88,,1.399356484413147,,1.399356484413147,15005
88,,1.6591153144836426,,1.6591153144836426,15006
88,,1.529152750968933,,1.529152750968933,15007
88,,1.3701430559158325,,1.3701430559158325,15008
88,,1.4927637577056885,,1.4927637577056885,15009
88,,1.670656442642212,,1.670656442642212,15010
88,,1.611682653427124,,1.611682653427124,15011
88,,1.4756662845611572,,1.4756662845611572,15012
88,,1.6441457271575928,,1.6441457271575928,15013
88,,1.686414361000061,,1.686414361000061,15014
88,,1.6590256690979004,,1.6590256690979004,15015
88,,1.5928823947906494,,1.5928823947906494,15016
88,,1.2166444063186646,,1.2166444063186646,15017
88,,1.530923843383789,,1.530923843383789,15018
88,,1.6019046306610107,,1.6019046306610107,15019
88,,1.3355673551559448,,1.3355673551559448,15020
88,,1.4517518281936646,,1.4517518281936646,15021
88,,1.4151924848556519,,1.4151924848556519,15022
88,,1.4911352396011353,,1.4911352396011353,15023
88,,1.251922369003296,,1.251922369003296,15024
88,,1.885682225227356,,1.885682225227356,15025
88,,1.6645334959030151,,1.6645334959030151,15026
88,,1.4658349752426147,,1.4658349752426147,15027
88,,1.3346174955368042,,1.3346174955368042,15028
88,,1.5596070289611816,,1.5596070289611816,15029
88,,1.5085989236831665,,1.5085989236831665,15030
88,,1.4385533332824707,,1.4385533332824707,15031
88,,1.5134305953979492,,1.5134305953979492,15032
88,,1.3195133209228516,,1.3195133209228516,15033
88,,1.2605478763580322,,1.2605478763580322,15034
88,,1.4975889921188354,,1.4975889921188354,15035
88,,1.2390055656433105,,1.2390055656433105,15036
88,,1.5280126333236694,,1.5280126333236694,15037
88,,1.5627596378326416,,1.5627596378326416,15038
88,,1.6585547924041748,,1.6585547924041748,15039
88,,1.5319688320159912,,1.5319688320159912,15040
88,,1.3121482133865356,,1.3121482133865356,15041
88,,1.565029501914978,,1.565029501914978,15042
88,,1.471234679222107,,1.471234679222107,15043
88,,1.3062647581100464,,1.3062647581100464,15044
88,,1.1666675806045532,,1.1666675806045532,15045
88,,1.5505003929138184,,1.5505003929138184,15046
88,,1.55192232131958,,1.55192232131958,15047
88,,1.5917706489562988,,1.5917706489562988,15048
88,,1.6846588850021362,,1.6846588850021362,15049
88,,1.5114986896514893,,1.5114986896514893,15050
88,,1.475636601448059,,1.475636601448059,15051
88,,1.6169707775115967,,1.6169707775115967,15052
88,,1.4210312366485596,,1.4210312366485596,15053
88,,1.0847773551940918,,1.0847773551940918,15054
88,,1.3486310243606567,,1.3486310243606567,15055
88,,1.3920190334320068,,1.3920190334320068,15056
88,,1.354914665222168,,1.354914665222168,15057
88,,1.2533460855484009,,1.2533460855484009,15058
88,,1.6242315769195557,,1.6242315769195557,15059
88,,1.5242881774902344,,1.5242881774902344,15060
88,,1.5852864980697632,,1.5852864980697632,15061
88,,1.777097225189209,,1.777097225189209,15062
88,,1.5046666860580444,,1.5046666860580444,15063
88,,1.641789197921753,,1.641789197921753,15064
88,,1.2907154560089111,,1.2907154560089111,15065
88,,1.5142712593078613,,1.5142712593078613,15066
88,,1.2686539888381958,,1.2686539888381958,15067
88,,1.6804448366165161,,1.6804448366165161,15068
88,,1.5411564111709595,,1.5411564111709595,15069
88,,1.6640914678573608,,1.6640914678573608,15070
88,,1.4786497354507446,,1.4786497354507446,15071
88,,1.0157818794250488,,1.0157818794250488,15072
88,,1.3651312589645386,,1.3651312589645386,15073
88,,1.673059105873108,,1.673059105873108,15074
88,,1.6111555099487305,,1.6111555099487305,15075
88,,1.5514261722564697,,1.5514261722564697,15076
88,,1.3141136169433594,,1.3141136169433594,15077
88,,1.631407380104065,,1.631407380104065,15078
88,,1.4077727794647217,,1.4077727794647217,15079
88,,1.2910006046295166,,1.2910006046295166,15080
88,,1.471055507659912,,1.471055507659912,15081
88,,1.3698283433914185,,1.3698283433914185,15082
88,,1.7384977340698242,,1.7384977340698242,15083
88,,1.6720017194747925,,1.6720017194747925,15084
88,,1.4354476928710938,,1.4354476928710938,15085
88,,1.423902153968811,,1.423902153968811,15086
88,,1.220285415649414,,1.220285415649414,15087
88,,1.4259885549545288,,1.4259885549545288,15088
88,,1.4719493389129639,,1.4719493389129639,15089
88,,1.6211377382278442,,1.6211377382278442,15090
88,,1.372147798538208,,1.372147798538208,15091
88,,1.4657182693481445,,1.4657182693481445,15092
88,,1.4906102418899536,,1.4906102418899536,15093
88,,1.407840609550476,,1.407840609550476,15094
88,,1.6107927560806274,,1.6107927560806274,15095
88,,1.7108978033065796,,1.7108978033065796,15096
88,,1.6906160116195679,,1.6906160116195679,15097
88,,1.497803807258606,,1.497803807258606,15098
88,,1.1687266826629639,,1.1687266826629639,15099
88,,1.523153305053711,,1.523153305053711,15100
88,,1.5126664638519287,,1.5126664638519287,15101
88,,1.204871654510498,,1.204871654510498,15102
88,,1.1440820693969727,,1.1440820693969727,15103
88,,1.4842160940170288,,1.4842160940170288,15104
88,,1.2765523195266724,,1.2765523195266724,15105
88,,1.5901358127593994,,1.5901358127593994,15106
88,,1.0672582387924194,,1.0672582387924194,15107
88,,1.307500958442688,,1.307500958442688,15108
88,,1.2664597034454346,,1.2664597034454346,15109
88,,1.4566704034805298,,1.4566704034805298,15110
88,,1.3641469478607178,,1.3641469478607178,15111
88,,1.4633179903030396,,1.4633179903030396,15112
88,,1.5786763429641724,,1.5786763429641724,15113
88,,1.5560332536697388,,1.5560332536697388,15114
88,,1.4076000452041626,,1.4076000452041626,15115
88,,1.4392062425613403,,1.4392062425613403,15116
88,,1.641015648841858,,1.641015648841858,15117
88,,1.397632360458374,,1.397632360458374,15118
88,,1.3451135158538818,,1.3451135158538818,15119
88,,1.4043556451797485,,1.4043556451797485,15120
88,,1.2115318775177002,,1.2115318775177002,15121
88,,1.1885088682174683,,1.1885088682174683,15122
88,,1.2939198017120361,,1.2939198017120361,15123
88,,1.6119086742401123,,1.6119086742401123,15124
88,,1.3342667818069458,,1.3342667818069458,15125
88,,1.6400631666183472,,1.6400631666183472,15126
88,,1.5153162479400635,,1.5153162479400635,15127
88,,1.785923957824707,,1.785923957824707,15128
88,,1.5681052207946777,,1.5681052207946777,15129
88,1.470624566078186,,1.470624566078186,,15129
89,,1.6660641431808472,,1.6660641431808472,15130
89,,1.2346179485321045,,1.2346179485321045,15131
89,,1.3615349531173706,,1.3615349531173706,15132
89,,1.2511087656021118,,1.2511087656021118,15133
89,,1.4488502740859985,,1.4488502740859985,15134
89,,1.5599851608276367,,1.5599851608276367,15135
89,,1.4500503540039062,,1.4500503540039062,15136
89,,1.5247552394866943,,1.5247552394866943,15137
89,,1.1927083730697632,,1.1927083730697632,15138
89,,1.2612581253051758,,1.2612581253051758,15139
89,,1.6640318632125854,,1.6640318632125854,15140
89,,1.4129540920257568,,1.4129540920257568,15141
89,,1.4434082508087158,,1.4434082508087158,15142
89,,1.5648189783096313,,1.5648189783096313,15143
89,,1.4770804643630981,,1.4770804643630981,15144
89,,1.3957247734069824,,1.3957247734069824,15145
89,,1.6540918350219727,,1.6540918350219727,15146
89,,1.4291664361953735,,1.4291664361953735,15147
89,,1.551984429359436,,1.551984429359436,15148
89,,1.3340080976486206,,1.3340080976486206,15149
89,,1.5731384754180908,,1.5731384754180908,15150
89,,1.5751090049743652,,1.5751090049743652,15151
89,,1.470097303390503,,1.470097303390503,15152
89,,1.31515371799469,,1.31515371799469,15153
89,,1.4760180711746216,,1.4760180711746216,15154
89,,1.3747336864471436,,1.3747336864471436,15155
89,,1.7270289659500122,,1.7270289659500122,15156
89,,1.1593214273452759,,1.1593214273452759,15157
89,,1.4161453247070312,,1.4161453247070312,15158
89,,1.4323748350143433,,1.4323748350143433,15159
89,,1.3087455034255981,,1.3087455034255981,15160
89,,1.524503231048584,,1.524503231048584,15161
89,,1.4284487962722778,,1.4284487962722778,15162
89,,1.481468915939331,,1.481468915939331,15163
89,,1.476614236831665,,1.476614236831665,15164
89,,1.2799007892608643,,1.2799007892608643,15165
89,,1.1772207021713257,,1.1772207021713257,15166
89,,1.3939526081085205,,1.3939526081085205,15167
89,,1.3598819971084595,,1.3598819971084595,15168
89,,1.4584925174713135,,1.4584925174713135,15169
89,,1.0790821313858032,,1.0790821313858032,15170
89,,1.4302825927734375,,1.4302825927734375,15171
89,,1.5043549537658691,,1.5043549537658691,15172
89,,1.0854657888412476,,1.0854657888412476,15173
89,,1.363179087638855,,1.363179087638855,15174
89,,1.4005475044250488,,1.4005475044250488,15175
89,,1.4838463068008423,,1.4838463068008423,15176
89,,1.459405779838562,,1.459405779838562,15177
89,,1.7183493375778198,,1.7183493375778198,15178
89,,1.0656548738479614,,1.0656548738479614,15179
89,,1.5691523551940918,,1.5691523551940918,15180
89,,1.3774863481521606,,1.3774863481521606,15181
89,,1.6357342004776,,1.6357342004776,15182
89,,1.6965405941009521,,1.6965405941009521,15183
89,,1.3122917413711548,,1.3122917413711548,15184
89,,1.3753117322921753,,1.3753117322921753,15185
89,,1.6500680446624756,,1.6500680446624756,15186
89,,1.432072639465332,,1.432072639465332,15187
89,,1.4590907096862793,,1.4590907096862793,15188
89,,1.5299019813537598,,1.5299019813537598,15189
89,,1.2863643169403076,,1.2863643169403076,15190
89,,1.529226303100586,,1.529226303100586,15191
89,,1.6528688669204712,,1.6528688669204712,15192
89,,1.6154520511627197,,1.6154520511627197,15193
89,,1.49927818775177,,1.49927818775177,15194
89,,1.5735065937042236,,1.5735065937042236,15195
89,,1.1978713274002075,,1.1978713274002075,15196
89,,1.4192566871643066,,1.4192566871643066,15197
89,,1.6023164987564087,,1.6023164987564087,15198
89,,1.8163635730743408,,1.8163635730743408,15199
89,,1.6339094638824463,,1.6339094638824463,15200
89,,1.3216807842254639,,1.3216807842254639,15201
89,,1.6971889734268188,,1.6971889734268188,15202
89,,1.5209351778030396,,1.5209351778030396,15203
89,,1.5989711284637451,,1.5989711284637451,15204
89,,1.5772902965545654,,1.5772902965545654,15205
89,,1.3691082000732422,,1.3691082000732422,15206
89,,1.4544260501861572,,1.4544260501861572,15207
89,,1.8209681510925293,,1.8209681510925293,15208
89,,1.52308189868927,,1.52308189868927,15209
89,,1.748317003250122,,1.748317003250122,15210
89,,1.5986409187316895,,1.5986409187316895,15211
89,,1.6642000675201416,,1.6642000675201416,15212
89,,1.2277510166168213,,1.2277510166168213,15213
89,,1.4760805368423462,,1.4760805368423462,15214
89,,1.7165323495864868,,1.7165323495864868,15215
89,,1.6840546131134033,,1.6840546131134033,15216
89,,1.2953275442123413,,1.2953275442123413,15217
89,,1.7815077304840088,,1.7815077304840088,15218
89,,1.5801023244857788,,1.5801023244857788,15219
89,,1.5981316566467285,,1.5981316566467285,15220
89,,1.6142758131027222,,1.6142758131027222,15221
89,,1.3799151182174683,,1.3799151182174683,15222
89,,1.4976801872253418,,1.4976801872253418,15223
89,,1.4646557569503784,,1.4646557569503784,15224
89,,1.2228580713272095,,1.2228580713272095,15225
89,,1.3052750825881958,,1.3052750825881958,15226
89,,1.6019364595413208,,1.6019364595413208,15227
89,,1.267067551612854,,1.267067551612854,15228
89,,1.6877168416976929,,1.6877168416976929,15229
89,,1.6261794567108154,,1.6261794567108154,15230
89,,1.4807926416397095,,1.4807926416397095,15231
89,,1.523524522781372,,1.523524522781372,15232
89,,1.730600118637085,,1.730600118637085,15233
89,,1.543411374092102,,1.543411374092102,15234
89,,1.6984919309616089,,1.6984919309616089,15235
89,,1.3056107759475708,,1.3056107759475708,15236
89,,1.1577506065368652,,1.1577506065368652,15237
89,,1.3909180164337158,,1.3909180164337158,15238
89,,1.3462717533111572,,1.3462717533111572,15239
89,,1.6175490617752075,,1.6175490617752075,15240
89,,1.5076173543930054,,1.5076173543930054,15241
89,,1.4265923500061035,,1.4265923500061035,15242
89,,1.5843058824539185,,1.5843058824539185,15243
89,,1.1240103244781494,,1.1240103244781494,15244
89,,1.3102762699127197,,1.3102762699127197,15245
89,,1.0840346813201904,,1.0840346813201904,15246
89,,1.6475194692611694,,1.6475194692611694,15247
89,,1.3862968683242798,,1.3862968683242798,15248
89,,1.7000727653503418,,1.7000727653503418,15249
89,,0.995341420173645,,0.995341420173645,15250
89,,1.5840383768081665,,1.5840383768081665,15251
89,,1.4879506826400757,,1.4879506826400757,15252
89,,1.50225830078125,,1.50225830078125,15253
89,,1.2898865938186646,,1.2898865938186646,15254
89,,1.4405478239059448,,1.4405478239059448,15255
89,,1.2046271562576294,,1.2046271562576294,15256
89,,1.4215129613876343,,1.4215129613876343,15257
89,,1.5571179389953613,,1.5571179389953613,15258
89,,1.6052765846252441,,1.6052765846252441,15259
89,,1.4397149085998535,,1.4397149085998535,15260
89,,1.4858038425445557,,1.4858038425445557,15261
89,,1.5266181230545044,,1.5266181230545044,15262
89,,1.27734375,,1.27734375,15263
89,,1.3186081647872925,,1.3186081647872925,15264
89,,1.2872854471206665,,1.2872854471206665,15265
89,,1.398284912109375,,1.398284912109375,15266
89,,1.6877518892288208,,1.6877518892288208,15267
89,,1.6249629259109497,,1.6249629259109497,15268
89,,1.4122618436813354,,1.4122618436813354,15269
89,,1.5324745178222656,,1.5324745178222656,15270
89,,1.2420611381530762,,1.2420611381530762,15271
89,,1.4453974962234497,,1.4453974962234497,15272
89,,1.407200574874878,,1.407200574874878,15273
89,,1.322782039642334,,1.322782039642334,15274
89,,1.4930131435394287,,1.4930131435394287,15275
89,,1.4336535930633545,,1.4336535930633545,15276
89,,1.4636684656143188,,1.4636684656143188,15277
89,,1.4104639291763306,,1.4104639291763306,15278
89,,1.3948203325271606,,1.3948203325271606,15279
89,,1.458086371421814,,1.458086371421814,15280
89,,1.4671783447265625,,1.4671783447265625,15281
89,,1.5332854986190796,,1.5332854986190796,15282
89,,1.489355444908142,,1.489355444908142,15283
89,,1.0328689813613892,,1.0328689813613892,15284
89,,1.9097529649734497,,1.9097529649734497,15285
89,,1.2781928777694702,,1.2781928777694702,15286
89,,1.4598538875579834,,1.4598538875579834,15287
89,,1.1890137195587158,,1.1890137195587158,15288
89,,1.4675333499908447,,1.4675333499908447,15289
89,,1.516993761062622,,1.516993761062622,15290
89,,1.4805796146392822,,1.4805796146392822,15291
89,,1.0726398229599,,1.0726398229599,15292
89,,1.6068750619888306,,1.6068750619888306,15293
89,,1.5638329982757568,,1.5638329982757568,15294
89,,1.6154016256332397,,1.6154016256332397,15295
89,,1.286262035369873,,1.286262035369873,15296
89,,1.4227361679077148,,1.4227361679077148,15297
89,,1.5525364875793457,,1.5525364875793457,15298
89,,1.9788914918899536,,1.9788914918899536,15299
89,1.4586925506591797,,1.4586925506591797,,15299
90,,1.5478992462158203,,1.5478992462158203,15300
90,,1.328386902809143,,1.328386902809143,15301
90,,1.6870331764221191,,1.6870331764221191,15302
90,,1.2559490203857422,,1.2559490203857422,15303
90,,1.5429260730743408,,1.5429260730743408,15304
90,,1.5096782445907593,,1.5096782445907593,15305
90,,1.5407074689865112,,1.5407074689865112,15306
90,,1.5086148977279663,,1.5086148977279663,15307
90,,0.9886723160743713,,0.9886723160743713,15308
90,,1.3581660985946655,,1.3581660985946655,15309
90,,1.5439512729644775,,1.5439512729644775,15310
90,,1.66466224193573,,1.66466224193573,15311
90,,1.293052315711975,,1.293052315711975,15312
90,,1.502245545387268,,1.502245545387268,15313
90,,1.3990018367767334,,1.3990018367767334,15314
90,,1.7220139503479004,,1.7220139503479004,15315
90,,1.478637456893921,,1.478637456893921,15316
90,,1.2328343391418457,,1.2328343391418457,15317
90,,1.5277827978134155,,1.5277827978134155,15318
90,,1.3974266052246094,,1.3974266052246094,15319
90,,1.523391604423523,,1.523391604423523,15320
90,,1.586350679397583,,1.586350679397583,15321
90,,1.5776926279067993,,1.5776926279067993,15322
90,,1.4593546390533447,,1.4593546390533447,15323
90,,1.5005818605422974,,1.5005818605422974,15324
90,,1.550450086593628,,1.550450086593628,15325
90,,1.6479990482330322,,1.6479990482330322,15326
90,,1.3048354387283325,,1.3048354387283325,15327
90,,1.4701087474822998,,1.4701087474822998,15328
90,,1.2825361490249634,,1.2825361490249634,15329
90,,1.2408885955810547,,1.2408885955810547,15330
90,,1.5849109888076782,,1.5849109888076782,15331
90,,1.5564422607421875,,1.5564422607421875,15332
90,,1.419307827949524,,1.419307827949524,15333
90,,1.7051267623901367,,1.7051267623901367,15334
90,,1.734463095664978,,1.734463095664978,15335
90,,1.2463881969451904,,1.2463881969451904,15336
90,,1.4154675006866455,,1.4154675006866455,15337
90,,1.2652020454406738,,1.2652020454406738,15338
90,,1.5025792121887207,,1.5025792121887207,15339
90,,1.5919548273086548,,1.5919548273086548,15340
90,,1.2252626419067383,,1.2252626419067383,15341
90,,1.468762755393982,,1.468762755393982,15342
90,,1.7629539966583252,,1.7629539966583252,15343
90,,1.5067752599716187,,1.5067752599716187,15344
90,,1.5439049005508423,,1.5439049005508423,15345
90,,1.4410786628723145,,1.4410786628723145,15346
90,,1.5827585458755493,,1.5827585458755493,15347
90,,1.481121301651001,,1.481121301651001,15348
90,,1.3738504648208618,,1.3738504648208618,15349
90,,1.473221778869629,,1.473221778869629,15350
90,,1.3225635290145874,,1.3225635290145874,15351
90,,1.3719112873077393,,1.3719112873077393,15352
90,,1.1944984197616577,,1.1944984197616577,15353
90,,1.4504307508468628,,1.4504307508468628,15354
90,,1.3496564626693726,,1.3496564626693726,15355
90,,1.5100665092468262,,1.5100665092468262,15356
90,,1.6325773000717163,,1.6325773000717163,15357
90,,1.2982877492904663,,1.2982877492904663,15358
90,,1.4631004333496094,,1.4631004333496094,15359
90,,1.4414454698562622,,1.4414454698562622,15360
90,,1.5287623405456543,,1.5287623405456543,15361
90,,1.5606876611709595,,1.5606876611709595,15362
90,,1.549005389213562,,1.549005389213562,15363
90,,1.5977880954742432,,1.5977880954742432,15364
90,,1.2374322414398193,,1.2374322414398193,15365
90,,1.460340976715088,,1.460340976715088,15366
90,,1.6138914823532104,,1.6138914823532104,15367
90,,1.2496097087860107,,1.2496097087860107,15368
90,,1.610316514968872,,1.610316514968872,15369
90,,1.3748750686645508,,1.3748750686645508,15370
90,,1.5035240650177002,,1.5035240650177002,15371
90,,1.6415892839431763,,1.6415892839431763,15372
90,,1.446447730064392,,1.446447730064392,15373
90,,1.6636643409729004,,1.6636643409729004,15374
90,,1.5443837642669678,,1.5443837642669678,15375
90,,1.2763137817382812,,1.2763137817382812,15376
90,,1.4849226474761963,,1.4849226474761963,15377
90,,1.5209590196609497,,1.5209590196609497,15378
90,,1.336974024772644,,1.336974024772644,15379
90,,1.5468918085098267,,1.5468918085098267,15380
90,,1.500502109527588,,1.500502109527588,15381
90,,1.4439575672149658,,1.4439575672149658,15382
90,,1.3694326877593994,,1.3694326877593994,15383
90,,1.562774658203125,,1.562774658203125,15384
90,,1.2750471830368042,,1.2750471830368042,15385
90,,1.4697054624557495,,1.4697054624557495,15386
90,,1.6345628499984741,,1.6345628499984741,15387
90,,1.4209190607070923,,1.4209190607070923,15388
90,,1.5641626119613647,,1.5641626119613647,15389
90,,1.5905100107192993,,1.5905100107192993,15390
90,,1.3217276334762573,,1.3217276334762573,15391
90,,1.6652214527130127,,1.6652214527130127,15392
90,,1.5863807201385498,,1.5863807201385498,15393
90,,1.2348883152008057,,1.2348883152008057,15394
90,,1.5870990753173828,,1.5870990753173828,15395
90,,1.3933550119400024,,1.3933550119400024,15396
90,,1.5565376281738281,,1.5565376281738281,15397
90,,1.396429419517517,,1.396429419517517,15398
90,,1.2880454063415527,,1.2880454063415527,15399
90,,1.2204710245132446,,1.2204710245132446,15400
90,,1.5625536441802979,,1.5625536441802979,15401
90,,1.7005746364593506,,1.7005746364593506,15402
90,,1.6265801191329956,,1.6265801191329956,15403
90,,1.2617452144622803,,1.2617452144622803,15404
90,,1.2613646984100342,,1.2613646984100342,15405
90,,1.449442744255066,,1.449442744255066,15406
90,,1.3932071924209595,,1.3932071924209595,15407
90,,1.3921425342559814,,1.3921425342559814,15408
90,,1.5656287670135498,,1.5656287670135498,15409
90,,1.4041410684585571,,1.4041410684585571,15410
90,,1.5798035860061646,,1.5798035860061646,15411
90,,1.4581595659255981,,1.4581595659255981,15412
90,,1.6103136539459229,,1.6103136539459229,15413
90,,1.1876204013824463,,1.1876204013824463,15414
90,,1.1870365142822266,,1.1870365142822266,15415
90,,1.4282605648040771,,1.4282605648040771,15416
90,,1.1950101852416992,,1.1950101852416992,15417
90,,1.3543580770492554,,1.3543580770492554,15418
90,,1.6537275314331055,,1.6537275314331055,15419
90,,1.230050802230835,,1.230050802230835,15420
90,,1.4903067350387573,,1.4903067350387573,15421
90,,1.3401848077774048,,1.3401848077774048,15422
90,,1.4138444662094116,,1.4138444662094116,15423
90,,1.5919803380966187,,1.5919803380966187,15424
90,,1.4292447566986084,,1.4292447566986084,15425
90,,1.5019241571426392,,1.5019241571426392,15426
90,,1.3491694927215576,,1.3491694927215576,15427
90,,1.4612128734588623,,1.4612128734588623,15428
90,,1.7031865119934082,,1.7031865119934082,15429
90,,1.5837478637695312,,1.5837478637695312,15430
90,,1.4073539972305298,,1.4073539972305298,15431
90,,1.4315627813339233,,1.4315627813339233,15432
90,,1.7265918254852295,,1.7265918254852295,15433
90,,1.6556123495101929,,1.6556123495101929,15434
90,,1.5017571449279785,,1.5017571449279785,15435
90,,1.5355137586593628,,1.5355137586593628,15436
90,,1.617384910583496,,1.617384910583496,15437
90,,1.5581858158111572,,1.5581858158111572,15438
90,,1.3755131959915161,,1.3755131959915161,15439
90,,1.1850885152816772,,1.1850885152816772,15440
90,,1.4433789253234863,,1.4433789253234863,15441
90,,1.4796745777130127,,1.4796745777130127,15442
90,,1.5520782470703125,,1.5520782470703125,15443
90,,1.4372437000274658,,1.4372437000274658,15444
90,,1.2424043416976929,,1.2424043416976929,15445
90,,1.566235065460205,,1.566235065460205,15446
90,,1.4777534008026123,,1.4777534008026123,15447
90,,1.2385088205337524,,1.2385088205337524,15448
90,,1.4936926364898682,,1.4936926364898682,15449
90,,1.4899355173110962,,1.4899355173110962,15450
90,,1.3389995098114014,,1.3389995098114014,15451
90,,1.5770682096481323,,1.5770682096481323,15452
90,,1.2897230386734009,,1.2897230386734009,15453
90,,1.3554657697677612,,1.3554657697677612,15454
90,,1.2748490571975708,,1.2748490571975708,15455
90,,1.6682429313659668,,1.6682429313659668,15456
90,,1.6057344675064087,,1.6057344675064087,15457
90,,1.5022852420806885,,1.5022852420806885,15458
90,,1.6884571313858032,,1.6884571313858032,15459
90,,1.4524147510528564,,1.4524147510528564,15460
90,,1.1581612825393677,,1.1581612825393677,15461
90,,1.2663170099258423,,1.2663170099258423,15462
90,,1.522426724433899,,1.522426724433899,15463
90,,1.6388940811157227,,1.6388940811157227,15464
90,,1.5479553937911987,,1.5479553937911987,15465
90,,1.3504291772842407,,1.3504291772842407,15466
90,,1.1582155227661133,,1.1582155227661133,15467
90,,1.406186580657959,,1.406186580657959,15468
90,,1.143761396408081,,1.143761396408081,15469
90,1.4579055309295654,,1.4579055309295654,,15469
91,,1.3671598434448242,,1.3671598434448242,15470
91,,1.5554544925689697,,1.5554544925689697,15471
91,,1.2103395462036133,,1.2103395462036133,15472
91,,1.1760759353637695,,1.1760759353637695,15473
91,,1.3884202241897583,,1.3884202241897583,15474
91,,1.3519774675369263,,1.3519774675369263,15475
91,,1.383872151374817,,1.383872151374817,15476
91,,1.5904412269592285,,1.5904412269592285,15477
91,,1.5890389680862427,,1.5890389680862427,15478
91,,1.0662264823913574,,1.0662264823913574,15479
91,,1.5635885000228882,,1.5635885000228882,15480
91,,1.4994314908981323,,1.4994314908981323,15481
91,,1.5496042966842651,,1.5496042966842651,15482
91,,1.584641933441162,,1.584641933441162,15483
91,,1.4538402557373047,,1.4538402557373047,15484
91,,1.6830768585205078,,1.6830768585205078,15485
91,,1.4210169315338135,,1.4210169315338135,15486
91,,1.4551788568496704,,1.4551788568496704,15487
91,,1.4674838781356812,,1.4674838781356812,15488
91,,1.377205729484558,,1.377205729484558,15489
91,,1.2802892923355103,,1.2802892923355103,15490
91,,1.1663122177124023,,1.1663122177124023,15491
91,,1.2975507974624634,,1.2975507974624634,15492
91,,1.5724060535430908,,1.5724060535430908,15493
91,,1.334812879562378,,1.334812879562378,15494
91,,1.5098353624343872,,1.5098353624343872,15495
91,,1.3440951108932495,,1.3440951108932495,15496
91,,1.2833733558654785,,1.2833733558654785,15497
91,,1.3184319734573364,,1.3184319734573364,15498
91,,1.6921844482421875,,1.6921844482421875,15499
91,,1.3638347387313843,,1.3638347387313843,15500
91,,1.5496995449066162,,1.5496995449066162,15501
91,,1.1874513626098633,,1.1874513626098633,15502
91,,1.5423932075500488,,1.5423932075500488,15503
91,,1.4100319147109985,,1.4100319147109985,15504
91,,1.2464107275009155,,1.2464107275009155,15505
91,,1.5003275871276855,,1.5003275871276855,15506
91,,1.3070255517959595,,1.3070255517959595,15507
91,,1.3658570051193237,,1.3658570051193237,15508
91,,1.362493634223938,,1.362493634223938,15509
91,,1.3137638568878174,,1.3137638568878174,15510
91,,1.3443769216537476,,1.3443769216537476,15511
91,,1.5280020236968994,,1.5280020236968994,15512
91,,1.2794663906097412,,1.2794663906097412,15513
91,,1.7073371410369873,,1.7073371410369873,15514
91,,1.3060474395751953,,1.3060474395751953,15515
91,,1.7940946817398071,,1.7940946817398071,15516
91,,1.3862648010253906,,1.3862648010253906,15517
91,,1.2865972518920898,,1.2865972518920898,15518
91,,1.6992801427841187,,1.6992801427841187,15519
91,,1.2792648077011108,,1.2792648077011108,15520
91,,1.6931589841842651,,1.6931589841842651,15521
91,,1.6034362316131592,,1.6034362316131592,15522
91,,1.4197074174880981,,1.4197074174880981,15523
91,,1.854055643081665,,1.854055643081665,15524
91,,1.3417502641677856,,1.3417502641677856,15525
91,,1.6044573783874512,,1.6044573783874512,15526
91,,1.5408622026443481,,1.5408622026443481,15527
91,,1.3865357637405396,,1.3865357637405396,15528
91,,1.3673889636993408,,1.3673889636993408,15529
91,,1.56854248046875,,1.56854248046875,15530
91,,1.3566986322402954,,1.3566986322402954,15531
91,,1.2626265287399292,,1.2626265287399292,15532
91,,1.487709641456604,,1.487709641456604,15533
91,,1.5514090061187744,,1.5514090061187744,15534
91,,1.4264763593673706,,1.4264763593673706,15535
91,,1.263484001159668,,1.263484001159668,15536
91,,1.6896123886108398,,1.6896123886108398,15537
91,,1.5939984321594238,,1.5939984321594238,15538
91,,1.5355130434036255,,1.5355130434036255,15539
91,,1.5150210857391357,,1.5150210857391357,15540
91,,1.2035316228866577,,1.2035316228866577,15541
91,,1.6418672800064087,,1.6418672800064087,15542
91,,1.7990319728851318,,1.7990319728851318,15543
91,,1.4986177682876587,,1.4986177682876587,15544
91,,1.535805344581604,,1.535805344581604,15545
91,,1.3804351091384888,,1.3804351091384888,15546
91,,1.492484450340271,,1.492484450340271,15547
91,,1.4851394891738892,,1.4851394891738892,15548
91,,1.3935295343399048,,1.3935295343399048,15549
91,,1.7641565799713135,,1.7641565799713135,15550
91,,1.3257246017456055,,1.3257246017456055,15551
91,,1.509063959121704,,1.509063959121704,15552
91,,1.5414085388183594,,1.5414085388183594,15553
91,,1.6294505596160889,,1.6294505596160889,15554
91,,1.3057276010513306,,1.3057276010513306,15555
91,,1.2092863321304321,,1.2092863321304321,15556
91,,1.4398093223571777,,1.4398093223571777,15557
91,,1.1196186542510986,,1.1196186542510986,15558
91,,1.227806806564331,,1.227806806564331,15559
91,,1.4026504755020142,,1.4026504755020142,15560
91,,1.3641563653945923,,1.3641563653945923,15561
91,,1.3485652208328247,,1.3485652208328247,15562
91,,1.5529744625091553,,1.5529744625091553,15563
91,,1.5014342069625854,,1.5014342069625854,15564
91,,1.6559109687805176,,1.6559109687805176,15565
91,,1.4192904233932495,,1.4192904233932495,15566
91,,1.3701120615005493,,1.3701120615005493,15567
91,,1.465493083000183,,1.465493083000183,15568
91,,1.386879324913025,,1.386879324913025,15569
91,,1.371385931968689,,1.371385931968689,15570
91,,1.2376970052719116,,1.2376970052719116,15571
91,,1.7060725688934326,,1.7060725688934326,15572
91,,1.4876315593719482,,1.4876315593719482,15573
91,,1.4645371437072754,,1.4645371437072754,15574
91,,1.3988118171691895,,1.3988118171691895,15575
91,,1.5174081325531006,,1.5174081325531006,15576
91,,1.2767605781555176,,1.2767605781555176,15577
91,,1.5494998693466187,,1.5494998693466187,15578
91,,1.4562374353408813,,1.4562374353408813,15579
91,,1.2438291311264038,,1.2438291311264038,15580
91,,1.176155924797058,,1.176155924797058,15581
91,,1.296946406364441,,1.296946406364441,15582
91,,1.4658273458480835,,1.4658273458480835,15583
91,,1.3136310577392578,,1.3136310577392578,15584
91,,1.4964526891708374,,1.4964526891708374,15585
91,,1.7361454963684082,,1.7361454963684082,15586
91,,1.3412853479385376,,1.3412853479385376,15587
91,,1.3753421306610107,,1.3753421306610107,15588
91,,1.5241371393203735,,1.5241371393203735,15589
91,,1.6369190216064453,,1.6369190216064453,15590
91,,1.3055514097213745,,1.3055514097213745,15591
91,,1.4651414155960083,,1.4651414155960083,15592
91,,1.6098874807357788,,1.6098874807357788,15593
91,,1.5176523923873901,,1.5176523923873901,15594
91,,1.33901047706604,,1.33901047706604,15595
91,,1.522886037826538,,1.522886037826538,15596
91,,1.5022001266479492,,1.5022001266479492,15597
91,,1.6227951049804688,,1.6227951049804688,15598
91,,1.4857128858566284,,1.4857128858566284,15599
91,,1.323034644126892,,1.323034644126892,15600
91,,1.4573917388916016,,1.4573917388916016,15601
91,,1.136260747909546,,1.136260747909546,15602
91,,1.262266755104065,,1.262266755104065,15603
91,,1.6506956815719604,,1.6506956815719604,15604
91,,1.4827772378921509,,1.4827772378921509,15605
91,,1.537218451499939,,1.537218451499939,15606
91,,1.571698546409607,,1.571698546409607,15607
91,,1.3368016481399536,,1.3368016481399536,15608
91,,1.3516199588775635,,1.3516199588775635,15609
91,,1.4778648614883423,,1.4778648614883423,15610
91,,1.36670982837677,,1.36670982837677,15611
91,,1.4805753231048584,,1.4805753231048584,15612
91,,1.4344614744186401,,1.4344614744186401,15613
91,,1.6647124290466309,,1.6647124290466309,15614
91,,1.2730238437652588,,1.2730238437652588,15615
91,,1.5945547819137573,,1.5945547819137573,15616
91,,1.745937705039978,,1.745937705039978,15617
91,,1.5801151990890503,,1.5801151990890503,15618
91,,1.4513542652130127,,1.4513542652130127,15619
91,,1.701177716255188,,1.701177716255188,15620
91,,1.5038108825683594,,1.5038108825683594,15621
91,,1.2903976440429688,,1.2903976440429688,15622
91,,1.4749435186386108,,1.4749435186386108,15623
91,,1.517746090888977,,1.517746090888977,15624
91,,1.3293631076812744,,1.3293631076812744,15625
91,,1.3452775478363037,,1.3452775478363037,15626
91,,1.2669677734375,,1.2669677734375,15627
91,,1.328184962272644,,1.328184962272644,15628
91,,1.58590567111969,,1.58590567111969,15629
91,,1.4274728298187256,,1.4274728298187256,15630
91,,1.507786512374878,,1.507786512374878,15631
91,,1.7220174074172974,,1.7220174074172974,15632
91,,1.3858548402786255,,1.3858548402786255,15633
91,,1.6341298818588257,,1.6341298818588257,15634
91,,1.3288692235946655,,1.3288692235946655,15635
91,,1.6605801582336426,,1.6605801582336426,15636
91,,1.6292508840560913,,1.6292508840560913,15637
91,,1.5323219299316406,,1.5323219299316406,15638
91,,1.4406567811965942,,1.4406567811965942,15639
91,1.4503958225250244,,1.4503958225250244,,15639
92,,1.5442345142364502,,1.5442345142364502,15640
92,,1.3582514524459839,,1.3582514524459839,15641
92,,1.3662660121917725,,1.3662660121917725,15642
92,,1.4430068731307983,,1.4430068731307983,15643
92,,1.6707125902175903,,1.6707125902175903,15644
92,,1.5191673040390015,,1.5191673040390015,15645
92,,1.3923001289367676,,1.3923001289367676,15646
92,,1.145344614982605,,1.145344614982605,15647
92,,1.3850021362304688,,1.3850021362304688,15648
92,,1.5107097625732422,,1.5107097625732422,15649
92,,1.5469199419021606,,1.5469199419021606,15650
92,,1.3274455070495605,,1.3274455070495605,15651
92,,1.5872162580490112,,1.5872162580490112,15652
92,,1.5677410364151,,1.5677410364151,15653
92,,1.1739214658737183,,1.1739214658737183,15654
92,,1.2830742597579956,,1.2830742597579956,15655
92,,1.6563361883163452,,1.6563361883163452,15656
92,,1.4007563591003418,,1.4007563591003418,15657
92,,1.369934320449829,,1.369934320449829,15658
92,,1.4138587713241577,,1.4138587713241577,15659
92,,1.2967307567596436,,1.2967307567596436,15660
92,,1.4760419130325317,,1.4760419130325317,15661
92,,1.4178063869476318,,1.4178063869476318,15662
92,,1.6005057096481323,,1.6005057096481323,15663
92,,1.6807721853256226,,1.6807721853256226,15664
92,,1.321691870689392,,1.321691870689392,15665
92,,1.3273595571517944,,1.3273595571517944,15666
92,,1.241625428199768,,1.241625428199768,15667
92,,1.4952796697616577,,1.4952796697616577,15668
92,,1.6053166389465332,,1.6053166389465332,15669
92,,1.5471692085266113,,1.5471692085266113,15670
92,,1.663548469543457,,1.663548469543457,15671
92,,1.5439057350158691,,1.5439057350158691,15672
92,,1.590465784072876,,1.590465784072876,15673
92,,1.4150440692901611,,1.4150440692901611,15674
92,,1.7007468938827515,,1.7007468938827515,15675
92,,1.6068758964538574,,1.6068758964538574,15676
92,,1.0403352975845337,,1.0403352975845337,15677
92,,1.3350281715393066,,1.3350281715393066,15678
92,,1.5548906326293945,,1.5548906326293945,15679
92,,1.2653104066848755,,1.2653104066848755,15680
92,,1.3486758470535278,,1.3486758470535278,15681
92,,1.7243075370788574,,1.7243075370788574,15682
92,,1.4294512271881104,,1.4294512271881104,15683
92,,1.499146819114685,,1.499146819114685,15684
92,,1.44618821144104,,1.44618821144104,15685
92,,1.609579086303711,,1.609579086303711,15686
92,,1.2654454708099365,,1.2654454708099365,15687
92,,1.4474045038223267,,1.4474045038223267,15688
92,,1.5221079587936401,,1.5221079587936401,15689
92,,1.4545434713363647,,1.4545434713363647,15690
92,,1.5530269145965576,,1.5530269145965576,15691
92,,1.6302826404571533,,1.6302826404571533,15692
92,,1.4131358861923218,,1.4131358861923218,15693
92,,1.746037244796753,,1.746037244796753,15694
92,,1.475027084350586,,1.475027084350586,15695
92,,1.5405457019805908,,1.5405457019805908,15696
92,,1.5102735757827759,,1.5102735757827759,15697
92,,1.4508455991744995,,1.4508455991744995,15698
92,,1.5215744972229004,,1.5215744972229004,15699
92,,1.5810004472732544,,1.5810004472732544,15700
92,,1.704105019569397,,1.704105019569397,15701
92,,1.7612520456314087,,1.7612520456314087,15702
92,,1.605467677116394,,1.605467677116394,15703
92,,1.7398881912231445,,1.7398881912231445,15704
92,,1.8596466779708862,,1.8596466779708862,15705
92,,1.5454181432724,,1.5454181432724,15706
92,,1.4999912977218628,,1.4999912977218628,15707
92,,1.201269268989563,,1.201269268989563,15708
92,,1.3180148601531982,,1.3180148601531982,15709
92,,1.3836290836334229,,1.3836290836334229,15710
92,,1.6178431510925293,,1.6178431510925293,15711
92,,1.1755545139312744,,1.1755545139312744,15712
92,,1.2928167581558228,,1.2928167581558228,15713
92,,1.5355812311172485,,1.5355812311172485,15714
92,,1.2075828313827515,,1.2075828313827515,15715
92,,1.3966996669769287,,1.3966996669769287,15716
92,,1.6400913000106812,,1.6400913000106812,15717
92,,1.249668836593628,,1.249668836593628,15718
92,,1.343070149421692,,1.343070149421692,15719
92,,1.6073077917099,,1.6073077917099,15720
92,,1.5115108489990234,,1.5115108489990234,15721
92,,1.6436793804168701,,1.6436793804168701,15722
92,,1.5275496244430542,,1.5275496244430542,15723
92,,1.5282024145126343,,1.5282024145126343,15724
92,,1.427230954170227,,1.427230954170227,15725
92,,1.4000905752182007,,1.4000905752182007,15726
92,,1.464364767074585,,1.464364767074585,15727
92,,1.5224251747131348,,1.5224251747131348,15728
92,,1.3846412897109985,,1.3846412897109985,15729
92,,1.1897062063217163,,1.1897062063217163,15730
92,,1.6039178371429443,,1.6039178371429443,15731
92,,1.4700108766555786,,1.4700108766555786,15732
92,,1.2599362134933472,,1.2599362134933472,15733
92,,1.2382783889770508,,1.2382783889770508,15734
92,,1.369789481163025,,1.369789481163025,15735
92,,1.4342163801193237,,1.4342163801193237,15736
92,,1.0833406448364258,,1.0833406448364258,15737
92,,1.5575138330459595,,1.5575138330459595,15738
92,,1.3820053339004517,,1.3820053339004517,15739
92,,1.7329989671707153,,1.7329989671707153,15740
92,,1.3565468788146973,,1.3565468788146973,15741
92,,1.3781650066375732,,1.3781650066375732,15742
92,,1.2825902700424194,,1.2825902700424194,15743
92,,1.5874801874160767,,1.5874801874160767,15744
92,,1.548761010169983,,1.548761010169983,15745
92,,1.4758305549621582,,1.4758305549621582,15746
92,,1.1896390914916992,,1.1896390914916992,15747
92,,1.7349178791046143,,1.7349178791046143,15748
92,,1.352332353591919,,1.352332353591919,15749
92,,1.5856871604919434,,1.5856871604919434,15750
92,,1.5764654874801636,,1.5764654874801636,15751
92,,1.2067433595657349,,1.2067433595657349,15752
92,,1.5294517278671265,,1.5294517278671265,15753
92,,1.4461451768875122,,1.4461451768875122,15754
92,,1.2800383567810059,,1.2800383567810059,15755
92,,1.1507564783096313,,1.1507564783096313,15756
92,,1.2300488948822021,,1.2300488948822021,15757
92,,1.5858266353607178,,1.5858266353607178,15758
92,,1.4259198904037476,,1.4259198904037476,15759
92,,1.3837178945541382,,1.3837178945541382,15760
92,,1.233191967010498,,1.233191967010498,15761
92,,1.362619161605835,,1.362619161605835,15762
92,,1.3766992092132568,,1.3766992092132568,15763
92,,1.3277167081832886,,1.3277167081832886,15764
92,,1.5095614194869995,,1.5095614194869995,15765
92,,1.4906269311904907,,1.4906269311904907,15766
92,,1.4988017082214355,,1.4988017082214355,15767
92,,1.33122980594635,,1.33122980594635,15768
92,,1.542927622795105,,1.542927622795105,15769
92,,1.5188069343566895,,1.5188069343566895,15770
92,,1.354049801826477,,1.354049801826477,15771
92,,1.4948434829711914,,1.4948434829711914,15772
92,,1.3476390838623047,,1.3476390838623047,15773
92,,1.5486211776733398,,1.5486211776733398,15774
92,,1.3991758823394775,,1.3991758823394775,15775
92,,1.1147907972335815,,1.1147907972335815,15776
92,,1.3850969076156616,,1.3850969076156616,15777
92,,1.568289875984192,,1.568289875984192,15778
92,,1.4594484567642212,,1.4594484567642212,15779
92,,1.27037513256073,,1.27037513256073,15780
92,,1.2118721008300781,,1.2118721008300781,15781
92,,1.780074119567871,,1.780074119567871,15782
92,,1.4448635578155518,,1.4448635578155518,15783
92,,1.3516138792037964,,1.3516138792037964,15784
92,,1.6744842529296875,,1.6744842529296875,15785
92,,1.3288973569869995,,1.3288973569869995,15786
92,,1.4659991264343262,,1.4659991264343262,15787
92,,1.3818410634994507,,1.3818410634994507,15788
92,,1.309838891029358,,1.309838891029358,15789
92,,1.4699835777282715,,1.4699835777282715,15790
92,,1.298105001449585,,1.298105001449585,15791
92,,1.4611979722976685,,1.4611979722976685,15792
92,,1.4246881008148193,,1.4246881008148193,15793
92,,1.4010798931121826,,1.4010798931121826,15794
92,,1.2882121801376343,,1.2882121801376343,15795
92,,1.4671579599380493,,1.4671579599380493,15796
92,,1.625198245048523,,1.625198245048523,15797
92,,1.5725747346878052,,1.5725747346878052,15798
92,,1.5305927991867065,,1.5305927991867065,15799
92,,1.8062403202056885,,1.8062403202056885,15800
92,,1.6500848531723022,,1.6500848531723022,15801
92,,1.6575448513031006,,1.6575448513031006,15802
92,,1.1374810934066772,,1.1374810934066772,15803
92,,1.3684407472610474,,1.3684407472610474,15804
92,,1.442197322845459,,1.442197322845459,15805
92,,1.364774465560913,,1.364774465560913,15806
92,,1.6134305000305176,,1.6134305000305176,15807
92,,1.5133309364318848,,1.5133309364318848,15808
92,,1.3163613080978394,,1.3163613080978394,15809
92,1.4521069526672363,,1.4521069526672363,,15809
93,,1.4815348386764526,,1.4815348386764526,15810
93,,1.5361921787261963,,1.5361921787261963,15811
93,,1.3913756608963013,,1.3913756608963013,15812
93,,1.5579756498336792,,1.5579756498336792,15813
93,,1.411973237991333,,1.411973237991333,15814
93,,1.6198238134384155,,1.6198238134384155,15815
93,,1.4251327514648438,,1.4251327514648438,15816
93,,1.714977502822876,,1.714977502822876,15817
93,,1.3827263116836548,,1.3827263116836548,15818
93,,1.2149152755737305,,1.2149152755737305,15819
93,,1.3825980424880981,,1.3825980424880981,15820
93,,1.3610426187515259,,1.3610426187515259,15821
93,,1.3924728631973267,,1.3924728631973267,15822
93,,1.541148066520691,,1.541148066520691,15823
93,,1.5429308414459229,,1.5429308414459229,15824
93,,1.6287065744400024,,1.6287065744400024,15825
93,,1.4209208488464355,,1.4209208488464355,15826
93,,1.3665841817855835,,1.3665841817855835,15827
93,,1.4252740144729614,,1.4252740144729614,15828
93,,1.3327151536941528,,1.3327151536941528,15829
93,,1.3698983192443848,,1.3698983192443848,15830
93,,1.4428625106811523,,1.4428625106811523,15831
93,,1.264430046081543,,1.264430046081543,15832
93,,1.5963530540466309,,1.5963530540466309,15833
93,,1.493380069732666,,1.493380069732666,15834
93,,1.5610108375549316,,1.5610108375549316,15835
93,,1.7993266582489014,,1.7993266582489014,15836
93,,1.4420380592346191,,1.4420380592346191,15837
93,,1.477856993675232,,1.477856993675232,15838
93,,1.5625361204147339,,1.5625361204147339,15839
93,,1.762611985206604,,1.762611985206604,15840
93,,1.3763915300369263,,1.3763915300369263,15841
93,,1.4539794921875,,1.4539794921875,15842
93,,1.4120370149612427,,1.4120370149612427,15843
93,,1.318235993385315,,1.318235993385315,15844
93,,1.2146207094192505,,1.2146207094192505,15845
93,,1.3833630084991455,,1.3833630084991455,15846
93,,1.49786376953125,,1.49786376953125,15847
93,,1.321905255317688,,1.321905255317688,15848
93,,1.5117266178131104,,1.5117266178131104,15849
93,,1.4694623947143555,,1.4694623947143555,15850
93,,1.3117483854293823,,1.3117483854293823,15851
93,,1.387841820716858,,1.387841820716858,15852
93,,1.5098943710327148,,1.5098943710327148,15853
93,,1.3600934743881226,,1.3600934743881226,15854
93,,1.533048391342163,,1.533048391342163,15855
93,,1.381513237953186,,1.381513237953186,15856
93,,1.3626481294631958,,1.3626481294631958,15857
93,,1.2206131219863892,,1.2206131219863892,15858
93,,1.480243444442749,,1.480243444442749,15859
93,,1.5190026760101318,,1.5190026760101318,15860
93,,1.36658775806427,,1.36658775806427,15861
93,,1.553646445274353,,1.553646445274353,15862
93,,1.6007120609283447,,1.6007120609283447,15863
93,,1.1905678510665894,,1.1905678510665894,15864
93,,1.4538456201553345,,1.4538456201553345,15865
93,,1.3815083503723145,,1.3815083503723145,15866
93,,1.7696031332015991,,1.7696031332015991,15867
93,,1.4323657751083374,,1.4323657751083374,15868
93,,1.2288758754730225,,1.2288758754730225,15869
93,,1.493044137954712,,1.493044137954712,15870
93,,1.4071687459945679,,1.4071687459945679,15871
93,,1.5008838176727295,,1.5008838176727295,15872
93,,1.6463696956634521,,1.6463696956634521,15873
93,,1.5867061614990234,,1.5867061614990234,15874
93,,1.462986707687378,,1.462986707687378,15875
93,,1.405521273612976,,1.405521273612976,15876
93,,1.282915711402893,,1.282915711402893,15877
93,,1.602164387702942,,1.602164387702942,15878
93,,1.5211042165756226,,1.5211042165756226,15879
93,,1.2133122682571411,,1.2133122682571411,15880
93,,1.3756308555603027,,1.3756308555603027,15881
93,,1.7298424243927002,,1.7298424243927002,15882
93,,1.6690382957458496,,1.6690382957458496,15883
93,,1.2442132234573364,,1.2442132234573364,15884
93,,1.4760258197784424,,1.4760258197784424,15885
93,,1.4926468133926392,,1.4926468133926392,15886
93,,1.7030717134475708,,1.7030717134475708,15887
93,,1.6420787572860718,,1.6420787572860718,15888
93,,1.68721342086792,,1.68721342086792,15889
93,,1.439926266670227,,1.439926266670227,15890
93,,1.3762245178222656,,1.3762245178222656,15891
93,,1.527395486831665,,1.527395486831665,15892
93,,1.5918503999710083,,1.5918503999710083,15893
93,,1.2921805381774902,,1.2921805381774902,15894
93,,1.1572940349578857,,1.1572940349578857,15895
93,,1.3933905363082886,,1.3933905363082886,15896
93,,1.5378460884094238,,1.5378460884094238,15897
93,,1.6867412328720093,,1.6867412328720093,15898
93,,1.2852429151535034,,1.2852429151535034,15899
93,,1.3699755668640137,,1.3699755668640137,15900
93,,1.6935003995895386,,1.6935003995895386,15901
93,,1.2545968294143677,,1.2545968294143677,15902
93,,1.3440265655517578,,1.3440265655517578,15903
93,,1.245120644569397,,1.245120644569397,15904
93,,1.5501298904418945,,1.5501298904418945,15905
93,,1.5130890607833862,,1.5130890607833862,15906
93,,1.4662917852401733,,1.4662917852401733,15907
93,,1.463034987449646,,1.463034987449646,15908
93,,1.3362258672714233,,1.3362258672714233,15909
93,,1.364806056022644,,1.364806056022644,15910
93,,1.6546647548675537,,1.6546647548675537,15911
93,,1.5705723762512207,,1.5705723762512207,15912
93,,1.4001007080078125,,1.4001007080078125,15913
93,,1.4858959913253784,,1.4858959913253784,15914
93,,1.3765919208526611,,1.3765919208526611,15915
93,,1.1768410205841064,,1.1768410205841064,15916
93,,1.3804354667663574,,1.3804354667663574,15917
93,,1.3275507688522339,,1.3275507688522339,15918
93,,1.4511711597442627,,1.4511711597442627,15919
93,,1.5028573274612427,,1.5028573274612427,15920
93,,1.6593815088272095,,1.6593815088272095,15921
93,,1.7949531078338623,,1.7949531078338623,15922
93,,1.5778990983963013,,1.5778990983963013,15923
93,,1.488431453704834,,1.488431453704834,15924
93,,1.7063333988189697,,1.7063333988189697,15925
93,,1.696101188659668,,1.696101188659668,15926
93,,1.5050699710845947,,1.5050699710845947,15927
93,,1.4339834451675415,,1.4339834451675415,15928
93,,1.2604310512542725,,1.2604310512542725,15929
93,,1.4148173332214355,,1.4148173332214355,15930
93,,1.320165991783142,,1.320165991783142,15931
93,,1.240086555480957,,1.240086555480957,15932
93,,1.4571614265441895,,1.4571614265441895,15933
93,,1.2908469438552856,,1.2908469438552856,15934
93,,1.5838240385055542,,1.5838240385055542,15935
93,,1.3658310174942017,,1.3658310174942017,15936
93,,1.5408210754394531,,1.5408210754394531,15937
93,,1.49782133102417,,1.49782133102417,15938
93,,1.3333221673965454,,1.3333221673965454,15939
93,,1.4221349954605103,,1.4221349954605103,15940
93,,1.4068907499313354,,1.4068907499313354,15941
93,,1.604046106338501,,1.604046106338501,15942
93,,1.4846478700637817,,1.4846478700637817,15943
93,,1.3679636716842651,,1.3679636716842651,15944
93,,1.346923828125,,1.346923828125,15945
93,,1.5837074518203735,,1.5837074518203735,15946
93,,1.5289093255996704,,1.5289093255996704,15947
93,,1.5903240442276,,1.5903240442276,15948
93,,1.408410906791687,,1.408410906791687,15949
93,,1.3294845819473267,,1.3294845819473267,15950
93,,1.4007617235183716,,1.4007617235183716,15951
93,,1.4341038465499878,,1.4341038465499878,15952
93,,1.5380343198776245,,1.5380343198776245,15953
93,,1.5940104722976685,,1.5940104722976685,15954
93,,1.3987483978271484,,1.3987483978271484,15955
93,,1.406087875366211,,1.406087875366211,15956
93,,1.2888530492782593,,1.2888530492782593,15957
93,,1.4348347187042236,,1.4348347187042236,15958
93,,1.1690845489501953,,1.1690845489501953,15959
93,,1.4481184482574463,,1.4481184482574463,15960
93,,1.5821160078048706,,1.5821160078048706,15961
93,,1.5888851881027222,,1.5888851881027222,15962
93,,1.385135531425476,,1.385135531425476,15963
93,,1.1409248113632202,,1.1409248113632202,15964
93,,1.3869518041610718,,1.3869518041610718,15965
93,,1.1817997694015503,,1.1817997694015503,15966
93,,1.6735951900482178,,1.6735951900482178,15967
93,,1.389681100845337,,1.389681100845337,15968
93,,1.3719147443771362,,1.3719147443771362,15969
93,,1.4179885387420654,,1.4179885387420654,15970
93,,1.684322714805603,,1.684322714805603,15971
93,,1.6136366128921509,,1.6136366128921509,15972
93,,1.450494647026062,,1.450494647026062,15973
93,,1.4702420234680176,,1.4702420234680176,15974
93,,1.1494520902633667,,1.1494520902633667,15975
93,,1.5413532257080078,,1.5413532257080078,15976
93,,1.581347942352295,,1.581347942352295,15977
93,,1.2813419103622437,,1.2813419103622437,15978
93,,1.334120750427246,,1.334120750427246,15979
93,1.4524548053741455,,1.4524548053741455,,15979
94,,1.472353219985962,,1.472353219985962,15980
94,,1.5276907682418823,,1.5276907682418823,15981
94,,1.449729561805725,,1.449729561805725,15982
94,,1.7142510414123535,,1.7142510414123535,15983
94,,1.4491547346115112,,1.4491547346115112,15984
94,,1.1678506135940552,,1.1678506135940552,15985
94,,1.462149739265442,,1.462149739265442,15986
94,,1.5067076683044434,,1.5067076683044434,15987
94,,1.3961244821548462,,1.3961244821548462,15988
94,,1.5836440324783325,,1.5836440324783325,15989
94,,1.5062857866287231,,1.5062857866287231,15990
94,,1.5234822034835815,,1.5234822034835815,15991
94,,1.7221533060073853,,1.7221533060073853,15992
94,,1.5535610914230347,,1.5535610914230347,15993
94,,1.5784382820129395,,1.5784382820129395,15994
94,,1.4476996660232544,,1.4476996660232544,15995
94,,1.4013081789016724,,1.4013081789016724,15996
94,,1.5080337524414062,,1.5080337524414062,15997
94,,1.5859826803207397,,1.5859826803207397,15998
94,,1.3386372327804565,,1.3386372327804565,15999
94,,1.2379755973815918,,1.2379755973815918,16000
94,,1.3961917161941528,,1.3961917161941528,16001
94,,1.498138189315796,,1.498138189315796,16002
94,,1.516087532043457,,1.516087532043457,16003
94,,1.2632993459701538,,1.2632993459701538,16004
94,,1.696954607963562,,1.696954607963562,16005
94,,1.5933765172958374,,1.5933765172958374,16006
94,,1.4993079900741577,,1.4993079900741577,16007
94,,1.3732548952102661,,1.3732548952102661,16008
94,,1.5708208084106445,,1.5708208084106445,16009
94,,1.628960371017456,,1.628960371017456,16010
94,,1.465167760848999,,1.465167760848999,16011
94,,1.6948152780532837,,1.6948152780532837,16012
94,,1.6262503862380981,,1.6262503862380981,16013
94,,1.694257140159607,,1.694257140159607,16014
94,,1.5059819221496582,,1.5059819221496582,16015
94,,1.585373878479004,,1.585373878479004,16016
94,,1.6076666116714478,,1.6076666116714478,16017
94,,1.2457332611083984,,1.2457332611083984,16018
94,,1.2084397077560425,,1.2084397077560425,16019
94,,1.2437957525253296,,1.2437957525253296,16020
94,,1.4390491247177124,,1.4390491247177124,16021
94,,1.37088942527771,,1.37088942527771,16022
94,,1.4879250526428223,,1.4879250526428223,16023
94,,1.260441541671753,,1.260441541671753,16024
94,,1.3717727661132812,,1.3717727661132812,16025
94,,1.3877553939819336,,1.3877553939819336,16026
94,,1.4490635395050049,,1.4490635395050049,16027
94,,1.487125039100647,,1.487125039100647,16028
94,,1.3363792896270752,,1.3363792896270752,16029
94,,1.2925481796264648,,1.2925481796264648,16030
94,,1.5232255458831787,,1.5232255458831787,16031
94,,1.5333033800125122,,1.5333033800125122,16032
94,,1.676781177520752,,1.676781177520752,16033
94,,1.3806911706924438,,1.3806911706924438,16034
94,,1.6197230815887451,,1.6197230815887451,16035
94,,1.7253469228744507,,1.7253469228744507,16036
94,,1.4871606826782227,,1.4871606826782227,16037
94,,0.9703661203384399,,0.9703661203384399,16038
94,,1.2743468284606934,,1.2743468284606934,16039
94,,1.5330164432525635,,1.5330164432525635,16040
94,,1.2844361066818237,,1.2844361066818237,16041
94,,1.610682725906372,,1.610682725906372,16042
94,,1.2418166399002075,,1.2418166399002075,16043
94,,1.2942736148834229,,1.2942736148834229,16044
94,,1.651277780532837,,1.651277780532837,16045
94,,1.7534877061843872,,1.7534877061843872,16046
94,,1.6003029346466064,,1.6003029346466064,16047
94,,1.6282672882080078,,1.6282672882080078,16048
94,,1.3711655139923096,,1.3711655139923096,16049
94,,1.6877657175064087,,1.6877657175064087,16050
94,,1.5954736471176147,,1.5954736471176147,16051
94,,1.364607572555542,,1.364607572555542,16052
94,,1.6317185163497925,,1.6317185163497925,16053
94,,1.4571895599365234,,1.4571895599365234,16054
94,,1.450879454612732,,1.450879454612732,16055
94,,1.2834426164627075,,1.2834426164627075,16056
94,,1.837265133857727,,1.837265133857727,16057
94,,1.4513381719589233,,1.4513381719589233,16058
94,,1.5180819034576416,,1.5180819034576416,16059
94,,1.3712764978408813,,1.3712764978408813,16060
94,,1.5117161273956299,,1.5117161273956299,16061
94,,1.379001498222351,,1.379001498222351,16062
94,,1.3591712713241577,,1.3591712713241577,16063
94,,1.1756012439727783,,1.1756012439727783,16064
94,,1.178133249282837,,1.178133249282837,16065
94,,1.5500757694244385,,1.5500757694244385,16066
94,,1.369517207145691,,1.369517207145691,16067
94,,1.1755403280258179,,1.1755403280258179,16068
94,,1.3570512533187866,,1.3570512533187866,16069
94,,1.4318838119506836,,1.4318838119506836,16070
94,,1.3844722509384155,,1.3844722509384155,16071
94,,1.333014726638794,,1.333014726638794,16072
94,,1.1890488862991333,,1.1890488862991333,16073
94,,1.3498300313949585,,1.3498300313949585,16074
94,,1.4095317125320435,,1.4095317125320435,16075
94,,1.40087890625,,1.40087890625,16076
94,,1.2831096649169922,,1.2831096649169922,16077
94,,1.1030985116958618,,1.1030985116958618,16078
94,,1.420325517654419,,1.420325517654419,16079
94,,1.552656650543213,,1.552656650543213,16080
94,,1.3727164268493652,,1.3727164268493652,16081
94,,1.2070791721343994,,1.2070791721343994,16082
94,,1.3341854810714722,,1.3341854810714722,16083
94,,1.153972864151001,,1.153972864151001,16084
94,,1.4561699628829956,,1.4561699628829956,16085
94,,1.358497977256775,,1.358497977256775,16086
94,,1.346548318862915,,1.346548318862915,16087
94,,1.5375913381576538,,1.5375913381576538,16088
94,,1.6389296054840088,,1.6389296054840088,16089
94,,1.5709986686706543,,1.5709986686706543,16090
94,,1.2523891925811768,,1.2523891925811768,16091
94,,1.3810086250305176,,1.3810086250305176,16092
94,,1.4986928701400757,,1.4986928701400757,16093
94,,1.4187906980514526,,1.4187906980514526,16094
94,,1.7841545343399048,,1.7841545343399048,16095
94,,1.4573173522949219,,1.4573173522949219,16096
94,,1.5440219640731812,,1.5440219640731812,16097
94,,1.6048717498779297,,1.6048717498779297,16098
94,,1.2600772380828857,,1.2600772380828857,16099
94,,1.3927714824676514,,1.3927714824676514,16100
94,,1.3036340475082397,,1.3036340475082397,16101
94,,1.3154908418655396,,1.3154908418655396,16102
94,,1.6351022720336914,,1.6351022720336914,16103
94,,1.397707223892212,,1.397707223892212,16104
94,,1.4370076656341553,,1.4370076656341553,16105
94,,1.000106930732727,,1.000106930732727,16106
94,,1.4175034761428833,,1.4175034761428833,16107
94,,1.4424461126327515,,1.4424461126327515,16108
94,,1.633967638015747,,1.633967638015747,16109
94,,1.5279033184051514,,1.5279033184051514,16110
94,,1.3788282871246338,,1.3788282871246338,16111
94,,1.3884419202804565,,1.3884419202804565,16112
94,,1.4726160764694214,,1.4726160764694214,16113
94,,1.3532134294509888,,1.3532134294509888,16114
94,,1.4273377656936646,,1.4273377656936646,16115
94,,1.403868556022644,,1.403868556022644,16116
94,,1.6889344453811646,,1.6889344453811646,16117
94,,1.6308250427246094,,1.6308250427246094,16118
94,,1.2709259986877441,,1.2709259986877441,16119
94,,1.591890573501587,,1.591890573501587,16120
94,,1.5514049530029297,,1.5514049530029297,16121
94,,1.4435532093048096,,1.4435532093048096,16122
94,,1.6095675230026245,,1.6095675230026245,16123
94,,1.8299105167388916,,1.8299105167388916,16124
94,,1.6700998544692993,,1.6700998544692993,16125
94,,1.4756622314453125,,1.4756622314453125,16126
94,,1.3973413705825806,,1.3973413705825806,16127
94,,1.5966944694519043,,1.5966944694519043,16128
94,,1.3222050666809082,,1.3222050666809082,16129
94,,1.5155950784683228,,1.5155950784683228,16130
94,,1.150000810623169,,1.150000810623169,16131
94,,1.0528720617294312,,1.0528720617294312,16132
94,,1.2946113348007202,,1.2946113348007202,16133
94,,1.4016447067260742,,1.4016447067260742,16134
94,,1.1478382349014282,,1.1478382349014282,16135
94,,1.7750924825668335,,1.7750924825668335,16136
94,,1.4180830717086792,,1.4180830717086792,16137
94,,1.39263916015625,,1.39263916015625,16138
94,,1.3192306756973267,,1.3192306756973267,16139
94,,1.4977390766143799,,1.4977390766143799,16140
94,,1.4539451599121094,,1.4539451599121094,16141
94,,1.5273468494415283,,1.5273468494415283,16142
94,,1.513687252998352,,1.513687252998352,16143
94,,1.350341796875,,1.350341796875,16144
94,,1.2929260730743408,,1.2929260730743408,16145
94,,1.409057378768921,,1.409057378768921,16146
94,,1.4951372146606445,,1.4951372146606445,16147
94,,1.6382436752319336,,1.6382436752319336,16148
94,,1.3891571760177612,,1.3891571760177612,16149
94,1.446520209312439,,1.446520209312439,,16149
95,,1.1608173847198486,,1.1608173847198486,16150
95,,1.3293613195419312,,1.3293613195419312,16151
95,,1.486600637435913,,1.486600637435913,16152
95,,1.3606890439987183,,1.3606890439987183,16153
95,,1.4101836681365967,,1.4101836681365967,16154
95,,1.177430272102356,,1.177430272102356,16155
95,,1.1999540328979492,,1.1999540328979492,16156
95,,1.26863431930542,,1.26863431930542,16157
95,,1.4891493320465088,,1.4891493320465088,16158
95,,1.439260721206665,,1.439260721206665,16159
95,,1.1908642053604126,,1.1908642053604126,16160
95,,1.8303523063659668,,1.8303523063659668,16161
95,,1.4438666105270386,,1.4438666105270386,16162
95,,1.5954538583755493,,1.5954538583755493,16163
95,,1.7201262712478638,,1.7201262712478638,16164
95,,1.280290961265564,,1.280290961265564,16165
95,,1.617617130279541,,1.617617130279541,16166
95,,1.2778613567352295,,1.2778613567352295,16167
95,,1.5968948602676392,,1.5968948602676392,16168
95,,1.382207989692688,,1.382207989692688,16169
95,,1.2277467250823975,,1.2277467250823975,16170
95,,1.6571003198623657,,1.6571003198623657,16171
95,,1.516412615776062,,1.516412615776062,16172
95,,1.5914050340652466,,1.5914050340652466,16173
95,,1.3638110160827637,,1.3638110160827637,16174
95,,1.5336171388626099,,1.5336171388626099,16175
95,,1.3203740119934082,,1.3203740119934082,16176
95,,1.4767876863479614,,1.4767876863479614,16177
95,,1.6285135746002197,,1.6285135746002197,16178
95,,1.6526106595993042,,1.6526106595993042,16179
95,,1.6953362226486206,,1.6953362226486206,16180
95,,1.5026588439941406,,1.5026588439941406,16181
95,,1.5362465381622314,,1.5362465381622314,16182
95,,1.6578935384750366,,1.6578935384750366,16183
95,,1.3397254943847656,,1.3397254943847656,16184
95,,1.3931137323379517,,1.3931137323379517,16185
95,,1.3742398023605347,,1.3742398023605347,16186
95,,1.4309138059616089,,1.4309138059616089,16187
95,,1.24350106716156,,1.24350106716156,16188
95,,1.5759751796722412,,1.5759751796722412,16189
95,,1.1766281127929688,,1.1766281127929688,16190
95,,1.5509557723999023,,1.5509557723999023,16191
95,,1.0527865886688232,,1.0527865886688232,16192
95,,1.4434020519256592,,1.4434020519256592,16193
95,,1.2429262399673462,,1.2429262399673462,16194
95,,1.4873379468917847,,1.4873379468917847,16195
95,,1.3299187421798706,,1.3299187421798706,16196
95,,1.6215530633926392,,1.6215530633926392,16197
95,,1.3496521711349487,,1.3496521711349487,16198
95,,1.1285152435302734,,1.1285152435302734,16199
95,,1.4358724355697632,,1.4358724355697632,16200
95,,1.258330225944519,,1.258330225944519,16201
95,,1.4590859413146973,,1.4590859413146973,16202
95,,1.5810444355010986,,1.5810444355010986,16203
95,,1.328274130821228,,1.328274130821228,16204
95,,1.5328795909881592,,1.5328795909881592,16205
95,,1.786102294921875,,1.786102294921875,16206
95,,1.5843485593795776,,1.5843485593795776,16207
95,,1.2480182647705078,,1.2480182647705078,16208
95,,1.4708364009857178,,1.4708364009857178,16209
95,,1.4891210794448853,,1.4891210794448853,16210
95,,1.6486194133758545,,1.6486194133758545,16211
95,,1.5906760692596436,,1.5906760692596436,16212
95,,1.338855504989624,,1.338855504989624,16213
95,,1.7358343601226807,,1.7358343601226807,16214
95,,1.6289488077163696,,1.6289488077163696,16215
95,,1.4795440435409546,,1.4795440435409546,16216
95,,1.524661898612976,,1.524661898612976,16217
95,,1.753266453742981,,1.753266453742981,16218
95,,1.5119848251342773,,1.5119848251342773,16219
95,,1.5231024026870728,,1.5231024026870728,16220
95,,1.611328125,,1.611328125,16221
95,,1.4979268312454224,,1.4979268312454224,16222
95,,1.580463171005249,,1.580463171005249,16223
95,,1.4909040927886963,,1.4909040927886963,16224
95,,1.7888867855072021,,1.7888867855072021,16225
95,,1.5089285373687744,,1.5089285373687744,16226
95,,1.5036051273345947,,1.5036051273345947,16227
95,,1.5205118656158447,,1.5205118656158447,16228
95,,1.6308783292770386,,1.6308783292770386,16229
95,,1.7046481370925903,,1.7046481370925903,16230
95,,1.5493385791778564,,1.5493385791778564,16231
95,,1.7517147064208984,,1.7517147064208984,16232
95,,1.2926900386810303,,1.2926900386810303,16233
95,,1.2547094821929932,,1.2547094821929932,16234
95,,1.2716468572616577,,1.2716468572616577,16235
95,,1.2752004861831665,,1.2752004861831665,16236
95,,1.6937006711959839,,1.6937006711959839,16237
95,,1.6276661157608032,,1.6276661157608032,16238
95,,1.6086994409561157,,1.6086994409561157,16239
95,,1.0418485403060913,,1.0418485403060913,16240
95,,1.518776297569275,,1.518776297569275,16241
95,,1.3301976919174194,,1.3301976919174194,16242
95,,1.6038663387298584,,1.6038663387298584,16243
95,,1.7254931926727295,,1.7254931926727295,16244
95,,1.4708443880081177,,1.4708443880081177,16245
95,,1.5663883686065674,,1.5663883686065674,16246
95,,1.4661636352539062,,1.4661636352539062,16247
95,,1.1727789640426636,,1.1727789640426636,16248
95,,1.254300594329834,,1.254300594329834,16249
95,,1.0203368663787842,,1.0203368663787842,16250
95,,1.065454125404358,,1.065454125404358,16251
95,,1.3021628856658936,,1.3021628856658936,16252
95,,1.4783872365951538,,1.4783872365951538,16253
95,,1.6108866930007935,,1.6108866930007935,16254
95,,1.2467385530471802,,1.2467385530471802,16255
95,,1.539660096168518,,1.539660096168518,16256
95,,1.6390100717544556,,1.6390100717544556,16257
95,,1.4414292573928833,,1.4414292573928833,16258
95,,1.839236855506897,,1.839236855506897,16259
95,,1.6744019985198975,,1.6744019985198975,16260
95,,1.231108546257019,,1.231108546257019,16261
95,,1.391359567642212,,1.391359567642212,16262
95,,1.142098307609558,,1.142098307609558,16263
95,,1.278965950012207,,1.278965950012207,16264
95,,1.1141548156738281,,1.1141548156738281,16265
95,,1.480130910873413,,1.480130910873413,16266
95,,1.5006335973739624,,1.5006335973739624,16267
95,,1.4050153493881226,,1.4050153493881226,16268
95,,1.4483304023742676,,1.4483304023742676,16269
95,,1.5035736560821533,,1.5035736560821533,16270
95,,1.2815927267074585,,1.2815927267074585,16271
95,,1.3467906713485718,,1.3467906713485718,16272
95,,1.47390615940094,,1.47390615940094,16273
95,,1.5965576171875,,1.5965576171875,16274
95,,1.7214148044586182,,1.7214148044586182,16275
95,,1.5838028192520142,,1.5838028192520142,16276
95,,1.3605939149856567,,1.3605939149856567,16277
95,,1.614377498626709,,1.614377498626709,16278
95,,1.2422691583633423,,1.2422691583633423,16279
95,,1.2661458253860474,,1.2661458253860474,16280
95,,1.5569343566894531,,1.5569343566894531,16281
95,,1.823258638381958,,1.823258638381958,16282
95,,1.7159266471862793,,1.7159266471862793,16283
95,,1.3335202932357788,,1.3335202932357788,16284
95,,1.611237645149231,,1.611237645149231,16285
95,,1.6377331018447876,,1.6377331018447876,16286
95,,1.8368412256240845,,1.8368412256240845,16287
95,,1.5267279148101807,,1.5267279148101807,16288
95,,1.412936806678772,,1.412936806678772,16289
95,,1.791425108909607,,1.791425108909607,16290
95,,1.623953938484192,,1.623953938484192,16291
95,,1.4876636266708374,,1.4876636266708374,16292
95,,1.6281076669692993,,1.6281076669692993,16293
95,,1.1581650972366333,,1.1581650972366333,16294
95,,1.5150318145751953,,1.5150318145751953,16295
95,,1.2958550453186035,,1.2958550453186035,16296
95,,1.326328158378601,,1.326328158378601,16297
95,,1.6092119216918945,,1.6092119216918945,16298
95,,1.2054550647735596,,1.2054550647735596,16299
95,,1.7371585369110107,,1.7371585369110107,16300
95,,1.3092846870422363,,1.3092846870422363,16301
95,,1.5669505596160889,,1.5669505596160889,16302
95,,1.3572719097137451,,1.3572719097137451,16303
95,,1.6408456563949585,,1.6408456563949585,16304
95,,1.5384364128112793,,1.5384364128112793,16305
95,,1.5527100563049316,,1.5527100563049316,16306
95,,1.4710488319396973,,1.4710488319396973,16307
95,,1.464271068572998,,1.464271068572998,16308
95,,1.0167068243026733,,1.0167068243026733,16309
95,,1.4420937299728394,,1.4420937299728394,16310
95,,1.4084725379943848,,1.4084725379943848,16311
95,,1.5615075826644897,,1.5615075826644897,16312
95,,1.201006531715393,,1.201006531715393,16313
95,,1.370397925376892,,1.370397925376892,16314
95,,1.1299207210540771,,1.1299207210540771,16315
95,,1.7163071632385254,,1.7163071632385254,16316
95,,1.410619854927063,,1.410619854927063,16317
95,,1.6277166604995728,,1.6277166604995728,16318
95,,1.1499605178833008,,1.1499605178833008,16319
95,1.4610986709594727,,1.4610986709594727,,16319
96,,1.6111030578613281,,1.6111030578613281,16320
96,,1.1890208721160889,,1.1890208721160889,16321
96,,1.4432100057601929,,1.4432100057601929,16322
96,,1.3529024124145508,,1.3529024124145508,16323
96,,1.550399899482727,,1.550399899482727,16324
96,,1.5967484712600708,,1.5967484712600708,16325
96,,1.4665640592575073,,1.4665640592575073,16326
96,,1.2816998958587646,,1.2816998958587646,16327
96,,1.3917304277420044,,1.3917304277420044,16328
96,,1.2869831323623657,,1.2869831323623657,16329
96,,1.7242428064346313,,1.7242428064346313,16330
96,,1.5219576358795166,,1.5219576358795166,16331
96,,1.4367339611053467,,1.4367339611053467,16332
96,,1.5567477941513062,,1.5567477941513062,16333
96,,1.3725095987319946,,1.3725095987319946,16334
96,,1.7645072937011719,,1.7645072937011719,16335
96,,1.1479765176773071,,1.1479765176773071,16336
96,,1.683000922203064,,1.683000922203064,16337
96,,1.2947396039962769,,1.2947396039962769,16338
96,,1.4482836723327637,,1.4482836723327637,16339
96,,1.2623142004013062,,1.2623142004013062,16340
96,,1.4933191537857056,,1.4933191537857056,16341
96,,1.5068432092666626,,1.5068432092666626,16342
96,,1.5593268871307373,,1.5593268871307373,16343
96,,1.6132051944732666,,1.6132051944732666,16344
96,,1.268855094909668,,1.268855094909668,16345
96,,1.5740829706192017,,1.5740829706192017,16346
96,,1.4090036153793335,,1.4090036153793335,16347
96,,1.7400813102722168,,1.7400813102722168,16348
96,,1.3918678760528564,,1.3918678760528564,16349
96,,1.390239953994751,,1.390239953994751,16350
96,,1.5370311737060547,,1.5370311737060547,16351
96,,1.0830374956130981,,1.0830374956130981,16352
96,,1.4639972448349,,1.4639972448349,16353
96,,1.2763751745224,,1.2763751745224,16354
96,,1.418588399887085,,1.418588399887085,16355
96,,1.3879731893539429,,1.3879731893539429,16356
96,,1.2755067348480225,,1.2755067348480225,16357
96,,1.2048200368881226,,1.2048200368881226,16358
96,,1.407130479812622,,1.407130479812622,16359
96,,1.5443044900894165,,1.5443044900894165,16360
96,,1.2930039167404175,,1.2930039167404175,16361
96,,1.5614808797836304,,1.5614808797836304,16362
96,,1.3507838249206543,,1.3507838249206543,16363
96,,1.374279499053955,,1.374279499053955,16364
96,,1.4712692499160767,,1.4712692499160767,16365
96,,1.5204492807388306,,1.5204492807388306,16366
96,,1.1608351469039917,,1.1608351469039917,16367
96,,1.5129544734954834,,1.5129544734954834,16368
96,,1.3512213230133057,,1.3512213230133057,16369
96,,1.372169017791748,,1.372169017791748,16370
96,,1.5438358783721924,,1.5438358783721924,16371
96,,1.6338218450546265,,1.6338218450546265,16372
96,,1.467382788658142,,1.467382788658142,16373
96,,1.4914606809616089,,1.4914606809616089,16374
96,,1.275835394859314,,1.275835394859314,16375
96,,1.5043683052062988,,1.5043683052062988,16376
96,,1.5628482103347778,,1.5628482103347778,16377
96,,1.4798815250396729,,1.4798815250396729,16378
96,,1.177874207496643,,1.177874207496643,16379
96,,1.5426584482192993,,1.5426584482192993,16380
96,,1.2237385511398315,,1.2237385511398315,16381
96,,1.3086884021759033,,1.3086884021759033,16382
96,,1.7094428539276123,,1.7094428539276123,16383
96,,1.7324175834655762,,1.7324175834655762,16384
96,,1.3555638790130615,,1.3555638790130615,16385
96,,1.5324596166610718,,1.5324596166610718,16386
96,,1.2424554824829102,,1.2424554824829102,16387
96,,1.4518448114395142,,1.4518448114395142,16388
96,,1.4467788934707642,,1.4467788934707642,16389
96,,1.4144823551177979,,1.4144823551177979,16390
96,,1.6096560955047607,,1.6096560955047607,16391
96,,1.5937358140945435,,1.5937358140945435,16392
96,,1.6241644620895386,,1.6241644620895386,16393
96,,1.3280258178710938,,1.3280258178710938,16394
96,,1.2632108926773071,,1.2632108926773071,16395
96,,1.297985553741455,,1.297985553741455,16396
96,,1.3583824634552002,,1.3583824634552002,16397
96,,1.5788518190383911,,1.5788518190383911,16398
96,,1.5199620723724365,,1.5199620723724365,16399
96,,1.5116246938705444,,1.5116246938705444,16400
96,,1.5711008310317993,,1.5711008310317993,16401
96,,1.5289620161056519,,1.5289620161056519,16402
96,,1.7166996002197266,,1.7166996002197266,16403
96,,1.4270923137664795,,1.4270923137664795,16404
96,,1.6262338161468506,,1.6262338161468506,16405
96,,1.1375983953475952,,1.1375983953475952,16406
96,,1.7078771591186523,,1.7078771591186523,16407
96,,1.5520272254943848,,1.5520272254943848,16408
96,,1.3348190784454346,,1.3348190784454346,16409
96,,1.5410747528076172,,1.5410747528076172,16410
96,,1.5855083465576172,,1.5855083465576172,16411
96,,1.1940186023712158,,1.1940186023712158,16412
96,,1.5580750703811646,,1.5580750703811646,16413
96,,1.407590627670288,,1.407590627670288,16414
96,,1.445907473564148,,1.445907473564148,16415
96,,1.5769836902618408,,1.5769836902618408,16416
96,,1.3130019903182983,,1.3130019903182983,16417
96,,1.6075479984283447,,1.6075479984283447,16418
96,,1.0884552001953125,,1.0884552001953125,16419
96,,1.6745816469192505,,1.6745816469192505,16420
96,,1.331222653388977,,1.331222653388977,16421
96,,1.7277384996414185,,1.7277384996414185,16422
96,,1.3139053583145142,,1.3139053583145142,16423
96,,1.401210069656372,,1.401210069656372,16424
96,,1.343854308128357,,1.343854308128357,16425
96,,1.2854477167129517,,1.2854477167129517,16426
96,,1.6355867385864258,,1.6355867385864258,16427
96,,1.3349552154541016,,1.3349552154541016,16428
96,,1.4500564336776733,,1.4500564336776733,16429
96,,1.3186349868774414,,1.3186349868774414,16430
96,,1.6307049989700317,,1.6307049989700317,16431
96,,1.5252629518508911,,1.5252629518508911,16432
96,,1.3364129066467285,,1.3364129066467285,16433
96,,1.3822543621063232,,1.3822543621063232,16434
96,,1.4074305295944214,,1.4074305295944214,16435
96,,1.462646484375,,1.462646484375,16436
96,,1.5430508852005005,,1.5430508852005005,16437
96,,1.3371647596359253,,1.3371647596359253,16438
96,,1.402634859085083,,1.402634859085083,16439
96,,1.4039421081542969,,1.4039421081542969,16440
96,,1.5447945594787598,,1.5447945594787598,16441
96,,1.4626238346099854,,1.4626238346099854,16442
96,,1.451366901397705,,1.451366901397705,16443
96,,1.1182129383087158,,1.1182129383087158,16444
96,,1.4326741695404053,,1.4326741695404053,16445
96,,1.3452039957046509,,1.3452039957046509,16446
96,,1.168336033821106,,1.168336033821106,16447
96,,1.2306842803955078,,1.2306842803955078,16448
96,,1.6169860363006592,,1.6169860363006592,16449
96,,1.4027138948440552,,1.4027138948440552,16450
96,,1.3895001411437988,,1.3895001411437988,16451
96,,1.4093520641326904,,1.4093520641326904,16452
96,,1.562512993812561,,1.562512993812561,16453
96,,1.301270842552185,,1.301270842552185,16454
96,,1.383744478225708,,1.383744478225708,16455
96,,1.533806562423706,,1.533806562423706,16456
96,,1.4130816459655762,,1.4130816459655762,16457
96,,1.5061167478561401,,1.5061167478561401,16458
96,,1.2447746992111206,,1.2447746992111206,16459
96,,1.3135707378387451,,1.3135707378387451,16460
96,,1.7112869024276733,,1.7112869024276733,16461
96,,1.3839374780654907,,1.3839374780654907,16462
96,,1.6339166164398193,,1.6339166164398193,16463
96,,1.1853278875350952,,1.1853278875350952,16464
96,,1.4462361335754395,,1.4462361335754395,16465
96,,1.2450222969055176,,1.2450222969055176,16466
96,,1.343403935432434,,1.343403935432434,16467
96,,1.1696512699127197,,1.1696512699127197,16468
96,,1.3472427129745483,,1.3472427129745483,16469
96,,1.225804328918457,,1.225804328918457,16470
96,,1.6699981689453125,,1.6699981689453125,16471
96,,1.7298736572265625,,1.7298736572265625,16472
96,,1.5952644348144531,,1.5952644348144531,16473
96,,1.452340006828308,,1.452340006828308,16474
96,,1.6230888366699219,,1.6230888366699219,16475
96,,1.343075156211853,,1.343075156211853,16476
96,,1.4838007688522339,,1.4838007688522339,16477
96,,1.8396172523498535,,1.8396172523498535,16478
96,,1.4456595182418823,,1.4456595182418823,16479
96,,1.3643025159835815,,1.3643025159835815,16480
96,,1.643737554550171,,1.643737554550171,16481
96,,1.5379674434661865,,1.5379674434661865,16482
96,,1.056356430053711,,1.056356430053711,16483
96,,1.8329613208770752,,1.8329613208770752,16484
96,,1.3796392679214478,,1.3796392679214478,16485
96,,1.5185632705688477,,1.5185632705688477,16486
96,,1.273963451385498,,1.273963451385498,16487
96,,1.479446291923523,,1.479446291923523,16488
96,,1.3745750188827515,,1.3745750188827515,16489
96,1.4415255784988403,,1.4415255784988403,,16489
97,,1.05950927734375,,1.05950927734375,16490
97,,1.1138557195663452,,1.1138557195663452,16491
97,,1.510198950767517,,1.510198950767517,16492
97,,1.4967041015625,,1.4967041015625,16493
97,,1.6350810527801514,,1.6350810527801514,16494
97,,1.4032148122787476,,1.4032148122787476,16495
97,,1.6116770505905151,,1.6116770505905151,16496
97,,1.5422488451004028,,1.5422488451004028,16497
97,,1.5469138622283936,,1.5469138622283936,16498
97,,1.0757496356964111,,1.0757496356964111,16499
97,,1.1427701711654663,,1.1427701711654663,16500
97,,1.398554801940918,,1.398554801940918,16501
97,,1.435552954673767,,1.435552954673767,16502
97,,1.3922234773635864,,1.3922234773635864,16503
97,,1.7018682956695557,,1.7018682956695557,16504
97,,1.3675130605697632,,1.3675130605697632,16505
97,,1.592106819152832,,1.592106819152832,16506
97,,1.6346049308776855,,1.6346049308776855,16507
97,,1.4621858596801758,,1.4621858596801758,16508
97,,1.1964237689971924,,1.1964237689971924,16509
97,,1.3942590951919556,,1.3942590951919556,16510
97,,1.4394443035125732,,1.4394443035125732,16511
97,,1.677863359451294,,1.677863359451294,16512
97,,1.085661768913269,,1.085661768913269,16513
97,,1.4610320329666138,,1.4610320329666138,16514
97,,1.3008800745010376,,1.3008800745010376,16515
97,,1.0806884765625,,1.0806884765625,16516
97,,1.5744636058807373,,1.5744636058807373,16517
97,,1.4869539737701416,,1.4869539737701416,16518
97,,1.4639060497283936,,1.4639060497283936,16519
97,,1.504376769065857,,1.504376769065857,16520
97,,1.4965295791625977,,1.4965295791625977,16521
97,,1.6321877241134644,,1.6321877241134644,16522
97,,1.4917620420455933,,1.4917620420455933,16523
97,,1.7257745265960693,,1.7257745265960693,16524
97,,1.3325179815292358,,1.3325179815292358,16525
97,,1.4935930967330933,,1.4935930967330933,16526
97,,1.6013312339782715,,1.6013312339782715,16527
97,,1.5042171478271484,,1.5042171478271484,16528
97,,1.3720301389694214,,1.3720301389694214,16529
97,,1.532396912574768,,1.532396912574768,16530
97,,1.5383347272872925,,1.5383347272872925,16531
97,,1.5004745721817017,,1.5004745721817017,16532
97,,1.3725435733795166,,1.3725435733795166,16533
97,,1.7732924222946167,,1.7732924222946167,16534
97,,1.4055949449539185,,1.4055949449539185,16535
97,,1.5999788045883179,,1.5999788045883179,16536
97,,1.1304770708084106,,1.1304770708084106,16537
97,,1.403076171875,,1.403076171875,16538
97,,1.3705049753189087,,1.3705049753189087,16539
97,,1.5476436614990234,,1.5476436614990234,16540
97,,1.1172590255737305,,1.1172590255737305,16541
97,,1.5920653343200684,,1.5920653343200684,16542
97,,1.3928560018539429,,1.3928560018539429,16543
97,,1.5391674041748047,,1.5391674041748047,16544
97,,1.612298607826233,,1.612298607826233,16545
97,,1.6169184446334839,,1.6169184446334839,16546
97,,1.5016498565673828,,1.5016498565673828,16547
97,,1.3464735746383667,,1.3464735746383667,16548
97,,1.382583737373352,,1.382583737373352,16549
97,,1.5602765083312988,,1.5602765083312988,16550
97,,1.6175847053527832,,1.6175847053527832,16551
97,,1.292500376701355,,1.292500376701355,16552
97,,1.3344124555587769,,1.3344124555587769,16553
97,,1.5640419721603394,,1.5640419721603394,16554
97,,1.439307689666748,,1.439307689666748,16555
97,,1.3573708534240723,,1.3573708534240723,16556
97,,1.3289505243301392,,1.3289505243301392,16557
97,,1.3527597188949585,,1.3527597188949585,16558
97,,1.7097673416137695,,1.7097673416137695,16559
97,,1.3454833030700684,,1.3454833030700684,16560
97,,1.4226279258728027,,1.4226279258728027,16561
97,,1.781959056854248,,1.781959056854248,16562
97,,1.3470935821533203,,1.3470935821533203,16563
97,,1.3355947732925415,,1.3355947732925415,16564
97,,1.1837588548660278,,1.1837588548660278,16565
97,,1.4986883401870728,,1.4986883401870728,16566
97,,1.4689921140670776,,1.4689921140670776,16567
97,,1.35637629032135,,1.35637629032135,16568
97,,1.3821852207183838,,1.3821852207183838,16569
97,,1.1082075834274292,,1.1082075834274292,16570
97,,1.2620066404342651,,1.2620066404342651,16571
97,,1.4586999416351318,,1.4586999416351318,16572
97,,1.4186735153198242,,1.4186735153198242,16573
97,,1.5831245183944702,,1.5831245183944702,16574
97,,1.4926289319992065,,1.4926289319992065,16575
97,,1.3347601890563965,,1.3347601890563965,16576
97,,1.47539222240448,,1.47539222240448,16577
97,,1.5846619606018066,,1.5846619606018066,16578
97,,1.0520368814468384,,1.0520368814468384,16579
97,,1.3260551691055298,,1.3260551691055298,16580
97,,1.5298203229904175,,1.5298203229904175,16581
97,,1.1450406312942505,,1.1450406312942505,16582
97,,1.544840931892395,,1.544840931892395,16583
97,,1.2812780141830444,,1.2812780141830444,16584
97,,1.4858454465866089,,1.4858454465866089,16585
97,,1.3144556283950806,,1.3144556283950806,16586
97,,1.5660043954849243,,1.5660043954849243,16587
97,,1.3746849298477173,,1.3746849298477173,16588
97,,1.586676836013794,,1.586676836013794,16589
97,,1.4828686714172363,,1.4828686714172363,16590
97,,1.5891042947769165,,1.5891042947769165,16591
97,,1.366283655166626,,1.366283655166626,16592
97,,1.3980389833450317,,1.3980389833450317,16593
97,,1.5350372791290283,,1.5350372791290283,16594
97,,1.3121052980422974,,1.3121052980422974,16595
97,,1.3134653568267822,,1.3134653568267822,16596
97,,1.4006282091140747,,1.4006282091140747,16597
97,,1.8056747913360596,,1.8056747913360596,16598
97,,1.5434315204620361,,1.5434315204620361,16599
97,,1.3485783338546753,,1.3485783338546753,16600
97,,1.4477883577346802,,1.4477883577346802,16601
97,,1.4822105169296265,,1.4822105169296265,16602
97,,1.6594876050949097,,1.6594876050949097,16603
97,,1.7634087800979614,,1.7634087800979614,16604
97,,1.4465622901916504,,1.4465622901916504,16605
97,,1.194696307182312,,1.194696307182312,16606
97,,1.3523213863372803,,1.3523213863372803,16607
97,,1.1840447187423706,,1.1840447187423706,16608
97,,1.291520595550537,,1.291520595550537,16609
97,,1.4479014873504639,,1.4479014873504639,16610
97,,1.249089002609253,,1.249089002609253,16611
97,,1.738205909729004,,1.738205909729004,16612
97,,1.1665016412734985,,1.1665016412734985,16613
97,,1.3620556592941284,,1.3620556592941284,16614
97,,1.3025977611541748,,1.3025977611541748,16615
97,,1.185528039932251,,1.185528039932251,16616
97,,1.5853346586227417,,1.5853346586227417,16617
97,,1.3945631980895996,,1.3945631980895996,16618
97,,1.445253610610962,,1.445253610610962,16619
97,,1.4815822839736938,,1.4815822839736938,16620
97,,1.664953589439392,,1.664953589439392,16621
97,,1.518960952758789,,1.518960952758789,16622
97,,1.3195571899414062,,1.3195571899414062,16623
97,,1.149481177330017,,1.149481177330017,16624
97,,1.5777963399887085,,1.5777963399887085,16625
97,,1.1891103982925415,,1.1891103982925415,16626
97,,1.7574005126953125,,1.7574005126953125,16627
97,,1.518492341041565,,1.518492341041565,16628
97,,1.5029560327529907,,1.5029560327529907,16629
97,,1.8952749967575073,,1.8952749967575073,16630
97,,1.3909512758255005,,1.3909512758255005,16631
97,,1.3799208402633667,,1.3799208402633667,16632
97,,1.3142664432525635,,1.3142664432525635,16633
97,,1.3313394784927368,,1.3313394784927368,16634
97,,1.3883832693099976,,1.3883832693099976,16635
97,,1.3121898174285889,,1.3121898174285889,16636
97,,1.694161057472229,,1.694161057472229,16637
97,,1.4644575119018555,,1.4644575119018555,16638
97,,1.7451040744781494,,1.7451040744781494,16639
97,,1.2751262187957764,,1.2751262187957764,16640
97,,1.4942700862884521,,1.4942700862884521,16641
97,,1.4071259498596191,,1.4071259498596191,16642
97,,1.3450429439544678,,1.3450429439544678,16643
97,,1.5129389762878418,,1.5129389762878418,16644
97,,1.4367364645004272,,1.4367364645004272,16645
97,,1.3457050323486328,,1.3457050323486328,16646
97,,1.3604813814163208,,1.3604813814163208,16647
97,,1.5825449228286743,,1.5825449228286743,16648
97,,1.5758816003799438,,1.5758816003799438,16649
97,,1.4747475385665894,,1.4747475385665894,16650
97,,1.8294581174850464,,1.8294581174850464,16651
97,,1.5491418838500977,,1.5491418838500977,16652
97,,1.5447150468826294,,1.5447150468826294,16653
97,,1.4462673664093018,,1.4462673664093018,16654
97,,1.4134960174560547,,1.4134960174560547,16655
97,,1.4007009267807007,,1.4007009267807007,16656
97,,1.1989809274673462,,1.1989809274673462,16657
97,,1.5220504999160767,,1.5220504999160767,16658
97,,1.351908564567566,,1.351908564567566,16659
97,1.440186858177185,,1.440186858177185,,16659
98,,1.4267339706420898,,1.4267339706420898,16660
98,,1.1285806894302368,,1.1285806894302368,16661
98,,1.6167012453079224,,1.6167012453079224,16662
98,,1.5335325002670288,,1.5335325002670288,16663
98,,1.2969703674316406,,1.2969703674316406,16664
98,,1.7682815790176392,,1.7682815790176392,16665
98,,1.4068368673324585,,1.4068368673324585,16666
98,,1.5479516983032227,,1.5479516983032227,16667
98,,1.5577787160873413,,1.5577787160873413,16668
98,,1.4580355882644653,,1.4580355882644653,16669
98,,1.4018614292144775,,1.4018614292144775,16670
98,,1.5341618061065674,,1.5341618061065674,16671
98,,1.5520389080047607,,1.5520389080047607,16672
98,,1.51018226146698,,1.51018226146698,16673
98,,1.465498685836792,,1.465498685836792,16674
98,,1.501391053199768,,1.501391053199768,16675
98,,1.6499927043914795,,1.6499927043914795,16676
98,,1.6647902727127075,,1.6647902727127075,16677
98,,1.3424997329711914,,1.3424997329711914,16678
98,,1.0876890420913696,,1.0876890420913696,16679
98,,1.3221938610076904,,1.3221938610076904,16680
98,,1.2638318538665771,,1.2638318538665771,16681
98,,1.4086008071899414,,1.4086008071899414,16682
98,,1.4096311330795288,,1.4096311330795288,16683
98,,1.454803466796875,,1.454803466796875,16684
98,,1.4095078706741333,,1.4095078706741333,16685
98,,1.3788813352584839,,1.3788813352584839,16686
98,,1.2486639022827148,,1.2486639022827148,16687
98,,1.6083590984344482,,1.6083590984344482,16688
98,,1.5053315162658691,,1.5053315162658691,16689
98,,1.6520307064056396,,1.6520307064056396,16690
98,,1.4037859439849854,,1.4037859439849854,16691
98,,1.3643025159835815,,1.3643025159835815,16692
98,,1.1641695499420166,,1.1641695499420166,16693
98,,1.1600539684295654,,1.1600539684295654,16694
98,,1.5501384735107422,,1.5501384735107422,16695
98,,1.444851040840149,,1.444851040840149,16696
98,,1.3960729837417603,,1.3960729837417603,16697
98,,1.0875927209854126,,1.0875927209854126,16698
98,,1.382859468460083,,1.382859468460083,16699
98,,1.6525521278381348,,1.6525521278381348,16700
98,,1.1873939037322998,,1.1873939037322998,16701
98,,1.474900484085083,,1.474900484085083,16702
98,,1.5472593307495117,,1.5472593307495117,16703
98,,1.4062877893447876,,1.4062877893447876,16704
98,,1.494587779045105,,1.494587779045105,16705
98,,1.6878162622451782,,1.6878162622451782,16706
98,,1.2494165897369385,,1.2494165897369385,16707
98,,1.290343999862671,,1.290343999862671,16708
98,,1.230399250984192,,1.230399250984192,16709
98,,1.2653160095214844,,1.2653160095214844,16710
98,,1.434984564781189,,1.434984564781189,16711
98,,1.4563714265823364,,1.4563714265823364,16712
98,,1.3055932521820068,,1.3055932521820068,16713
98,,1.5986157655715942,,1.5986157655715942,16714
98,,1.2859199047088623,,1.2859199047088623,16715
98,,1.46623694896698,,1.46623694896698,16716
98,,1.4535399675369263,,1.4535399675369263,16717
98,,1.361025333404541,,1.361025333404541,16718
98,,1.318179726600647,,1.318179726600647,16719
98,,1.3502877950668335,,1.3502877950668335,16720
98,,1.446718454360962,,1.446718454360962,16721
98,,1.3179280757904053,,1.3179280757904053,16722
98,,1.3374853134155273,,1.3374853134155273,16723
98,,1.571027398109436,,1.571027398109436,16724
98,,1.3732999563217163,,1.3732999563217163,16725
98,,1.3232381343841553,,1.3232381343841553,16726
98,,1.4314554929733276,,1.4314554929733276,16727
98,,1.5427271127700806,,1.5427271127700806,16728
98,,1.2587546110153198,,1.2587546110153198,16729
98,,1.4909207820892334,,1.4909207820892334,16730
98,,1.679443359375,,1.679443359375,16731
98,,1.5878491401672363,,1.5878491401672363,16732
98,,1.2427783012390137,,1.2427783012390137,16733
98,,1.311621069908142,,1.311621069908142,16734
98,,1.5973384380340576,,1.5973384380340576,16735
98,,1.6054019927978516,,1.6054019927978516,16736
98,,1.5602035522460938,,1.5602035522460938,16737
98,,1.445206880569458,,1.445206880569458,16738
98,,1.677092432975769,,1.677092432975769,16739
98,,1.6552599668502808,,1.6552599668502808,16740
98,,1.257422685623169,,1.257422685623169,16741
98,,1.5649157762527466,,1.5649157762527466,16742
98,,1.4296408891677856,,1.4296408891677856,16743
98,,1.443806529045105,,1.443806529045105,16744
98,,1.7803611755371094,,1.7803611755371094,16745
98,,1.293841004371643,,1.293841004371643,16746
98,,1.3108717203140259,,1.3108717203140259,16747
98,,1.6712795495986938,,1.6712795495986938,16748
98,,1.5428885221481323,,1.5428885221481323,16749
98,,1.1005275249481201,,1.1005275249481201,16750
98,,1.463104486465454,,1.463104486465454,16751
98,,1.0792415142059326,,1.0792415142059326,16752
98,,1.3837437629699707,,1.3837437629699707,16753
98,,1.291141390800476,,1.291141390800476,16754
98,,1.5401231050491333,,1.5401231050491333,16755
98,,1.431817889213562,,1.431817889213562,16756
98,,1.3177160024642944,,1.3177160024642944,16757
98,,1.4180978536605835,,1.4180978536605835,16758
98,,1.093049168586731,,1.093049168586731,16759
98,,1.378531575202942,,1.378531575202942,16760
98,,1.528134822845459,,1.528134822845459,16761
98,,1.524937391281128,,1.524937391281128,16762
98,,1.56222665309906,,1.56222665309906,16763
98,,1.297265648841858,,1.297265648841858,16764
98,,1.7172445058822632,,1.7172445058822632,16765
98,,1.463135838508606,,1.463135838508606,16766
98,,1.399741768836975,,1.399741768836975,16767
98,,1.2238729000091553,,1.2238729000091553,16768
98,,1.654347538948059,,1.654347538948059,16769
98,,1.4542052745819092,,1.4542052745819092,16770
98,,1.6329336166381836,,1.6329336166381836,16771
98,,1.3640204668045044,,1.3640204668045044,16772
98,,1.5135213136672974,,1.5135213136672974,16773
98,,1.575636386871338,,1.575636386871338,16774
98,,1.2659542560577393,,1.2659542560577393,16775
98,,1.536370873451233,,1.536370873451233,16776
98,,1.484795331954956,,1.484795331954956,16777
98,,1.2014974355697632,,1.2014974355697632,16778
98,,1.2771854400634766,,1.2771854400634766,16779
98,,1.6464051008224487,,1.6464051008224487,16780
98,,1.3827049732208252,,1.3827049732208252,16781
98,,1.570303201675415,,1.570303201675415,16782
98,,1.6156353950500488,,1.6156353950500488,16783
98,,1.2872402667999268,,1.2872402667999268,16784
98,,1.3917994499206543,,1.3917994499206543,16785
98,,1.2437803745269775,,1.2437803745269775,16786
98,,1.3770031929016113,,1.3770031929016113,16787
98,,1.1721084117889404,,1.1721084117889404,16788
98,,1.4153767824172974,,1.4153767824172974,16789
98,,1.637885570526123,,1.637885570526123,16790
98,,1.535006046295166,,1.535006046295166,16791
98,,1.459792137145996,,1.459792137145996,16792
98,,1.4089800119400024,,1.4089800119400024,16793
98,,1.626549243927002,,1.626549243927002,16794
98,,1.6855872869491577,,1.6855872869491577,16795
98,,1.300370693206787,,1.300370693206787,16796
98,,1.3143985271453857,,1.3143985271453857,16797
98,,1.4227778911590576,,1.4227778911590576,16798
98,,1.5593535900115967,,1.5593535900115967,16799
98,,1.4080427885055542,,1.4080427885055542,16800
98,,1.48995041847229,,1.48995041847229,16801
98,,1.4676251411437988,,1.4676251411437988,16802
98,,1.4520177841186523,,1.4520177841186523,16803
98,,1.4458175897598267,,1.4458175897598267,16804
98,,1.490044355392456,,1.490044355392456,16805
98,,1.4551843404769897,,1.4551843404769897,16806
98,,1.5991007089614868,,1.5991007089614868,16807
98,,1.1635210514068604,,1.1635210514068604,16808
98,,1.1348891258239746,,1.1348891258239746,16809
98,,1.5989152193069458,,1.5989152193069458,16810
98,,1.2419674396514893,,1.2419674396514893,16811
98,,1.5669150352478027,,1.5669150352478027,16812
98,,1.3813810348510742,,1.3813810348510742,16813
98,,1.5410361289978027,,1.5410361289978027,16814
98,,1.4269605875015259,,1.4269605875015259,16815
98,,1.227403163909912,,1.227403163909912,16816
98,,1.4970190525054932,,1.4970190525054932,16817
98,,1.6353418827056885,,1.6353418827056885,16818
98,,2.0284197330474854,,2.0284197330474854,16819
98,,1.692779541015625,,1.692779541015625,16820
98,,1.489001989364624,,1.489001989364624,16821
98,,1.3503503799438477,,1.3503503799438477,16822
98,,1.6924245357513428,,1.6924245357513428,16823
98,,1.4522905349731445,,1.4522905349731445,16824
98,,1.2412570714950562,,1.2412570714950562,16825
98,,1.388533115386963,,1.388533115386963,16826
98,,1.2154202461242676,,1.2154202461242676,16827
98,,1.4180246591567993,,1.4180246591567993,16828
98,,1.5741702318191528,,1.5741702318191528,16829
98,1.4367178678512573,,1.4367178678512573,,16829
99,,1.3954952955245972,,1.3954952955245972,16830
99,,1.504600167274475,,1.504600167274475,16831
99,,1.29946768283844,,1.29946768283844,16832
99,,1.5583465099334717,,1.5583465099334717,16833
99,,1.2248986959457397,,1.2248986959457397,16834
99,,1.4958547353744507,,1.4958547353744507,16835
99,,1.4035195112228394,,1.4035195112228394,16836
99,,1.4669108390808105,,1.4669108390808105,16837
99,,1.5235919952392578,,1.5235919952392578,16838
99,,1.4055759906768799,,1.4055759906768799,16839
99,,1.5011528730392456,,1.5011528730392456,16840
99,,1.516722321510315,,1.516722321510315,16841
99,,1.2294337749481201,,1.2294337749481201,16842
99,,1.5525016784667969,,1.5525016784667969,16843
99,,1.1563875675201416,,1.1563875675201416,16844
99,,1.4249728918075562,,1.4249728918075562,16845
99,,1.4624481201171875,,1.4624481201171875,16846
99,,1.657656192779541,,1.657656192779541,16847
99,,1.2446539402008057,,1.2446539402008057,16848
99,,1.702417254447937,,1.702417254447937,16849
99,,1.3925211429595947,,1.3925211429595947,16850
99,,1.771573543548584,,1.771573543548584,16851
99,,1.4863249063491821,,1.4863249063491821,16852
99,,1.4581618309020996,,1.4581618309020996,16853
99,,1.6421160697937012,,1.6421160697937012,16854
99,,1.6100239753723145,,1.6100239753723145,16855
99,,1.564268708229065,,1.564268708229065,16856
99,,1.369497299194336,,1.369497299194336,16857
99,,1.5142393112182617,,1.5142393112182617,16858
99,,1.6511292457580566,,1.6511292457580566,16859
99,,1.4052637815475464,,1.4052637815475464,16860
99,,1.2475346326828003,,1.2475346326828003,16861
99,,1.5181617736816406,,1.5181617736816406,16862
99,,1.4085017442703247,,1.4085017442703247,16863
99,,1.4332996606826782,,1.4332996606826782,16864
99,,1.4520862102508545,,1.4520862102508545,16865
99,,1.2771586179733276,,1.2771586179733276,16866
99,,1.1311821937561035,,1.1311821937561035,16867
99,,1.5011643171310425,,1.5011643171310425,16868
99,,1.391701102256775,,1.391701102256775,16869
99,,1.348878026008606,,1.348878026008606,16870
99,,1.5838388204574585,,1.5838388204574585,16871
99,,1.5165148973464966,,1.5165148973464966,16872
99,,1.5447192192077637,,1.5447192192077637,16873
99,,1.3967199325561523,,1.3967199325561523,16874
99,,1.4463531970977783,,1.4463531970977783,16875
99,,1.772512674331665,,1.772512674331665,16876
99,,1.5160033702850342,,1.5160033702850342,16877
99,,1.2169488668441772,,1.2169488668441772,16878
99,,1.3047754764556885,,1.3047754764556885,16879
99,,1.4370064735412598,,1.4370064735412598,16880
99,,1.6213496923446655,,1.6213496923446655,16881
99,,1.3186389207839966,,1.3186389207839966,16882
99,,1.5543081760406494,,1.5543081760406494,16883
99,,1.0046980381011963,,1.0046980381011963,16884
99,,1.5651987791061401,,1.5651987791061401,16885
99,,1.1230515241622925,,1.1230515241622925,16886
99,,1.719008445739746,,1.719008445739746,16887
99,,1.4981329441070557,,1.4981329441070557,16888
99,,1.423341989517212,,1.423341989517212,16889
99,,1.133082389831543,,1.133082389831543,16890
99,,1.1412113904953003,,1.1412113904953003,16891
99,,1.327860951423645,,1.327860951423645,16892
99,,1.3017258644104004,,1.3017258644104004,16893
99,,1.2594668865203857,,1.2594668865203857,16894
99,,1.5951365232467651,,1.5951365232467651,16895
99,,1.387477993965149,,1.387477993965149,16896
99,,1.3176344633102417,,1.3176344633102417,16897
99,,1.3278571367263794,,1.3278571367263794,16898
99,,1.6083310842514038,,1.6083310842514038,16899
99,,1.6559151411056519,,1.6559151411056519,16900
99,,1.4780226945877075,,1.4780226945877075,16901
99,,1.3036587238311768,,1.3036587238311768,16902
99,,1.1294748783111572,,1.1294748783111572,16903
99,,1.5000227689743042,,1.5000227689743042,16904
99,,1.5179017782211304,,1.5179017782211304,16905
99,,1.1747912168502808,,1.1747912168502808,16906
99,,1.5252162218093872,,1.5252162218093872,16907
99,,1.6469712257385254,,1.6469712257385254,16908
99,,1.3816148042678833,,1.3816148042678833,16909
99,,1.3654110431671143,,1.3654110431671143,16910
99,,1.4498566389083862,,1.4498566389083862,16911
99,,1.60452401638031,,1.60452401638031,16912
99,,1.770850419998169,,1.770850419998169,16913
99,,1.4031637907028198,,1.4031637907028198,16914
99,,1.484236717224121,,1.484236717224121,16915
99,,1.4498480558395386,,1.4498480558395386,16916
99,,1.3856178522109985,,1.3856178522109985,16917
99,,1.4592267274856567,,1.4592267274856567,16918
99,,1.1772806644439697,,1.1772806644439697,16919
99,,1.601059913635254,,1.601059913635254,16920
99,,1.2851556539535522,,1.2851556539535522,16921
99,,1.4190576076507568,,1.4190576076507568,16922
99,,1.6194754838943481,,1.6194754838943481,16923
99,,1.472295880317688,,1.472295880317688,16924
99,,1.581003189086914,,1.581003189086914,16925
99,,1.409454345703125,,1.409454345703125,16926
99,,1.3845231533050537,,1.3845231533050537,16927
99,,1.3323568105697632,,1.3323568105697632,16928
99,,1.4180679321289062,,1.4180679321289062,16929
99,,1.6852353811264038,,1.6852353811264038,16930
99,,1.25075364112854,,1.25075364112854,16931
99,,1.6750941276550293,,1.6750941276550293,16932
99,,1.5512580871582031,,1.5512580871582031,16933
99,,1.3806109428405762,,1.3806109428405762,16934
99,,1.5717730522155762,,1.5717730522155762,16935
99,,1.3353334665298462,,1.3353334665298462,16936
99,,1.430591344833374,,1.430591344833374,16937
99,,1.5084142684936523,,1.5084142684936523,16938
99,,1.5444645881652832,,1.5444645881652832,16939
99,,1.2335315942764282,,1.2335315942764282,16940
99,,1.5374106168746948,,1.5374106168746948,16941
99,,1.2889567613601685,,1.2889567613601685,16942
99,,1.6679898500442505,,1.6679898500442505,16943
99,,1.4521641731262207,,1.4521641731262207,16944
99,,1.2067888975143433,,1.2067888975143433,16945
99,,1.6757078170776367,,1.6757078170776367,16946
99,,1.7900310754776,,1.7900310754776,16947
99,,1.2958407402038574,,1.2958407402038574,16948
99,,1.6978344917297363,,1.6978344917297363,16949
99,,1.8551682233810425,,1.8551682233810425,16950
99,,1.5761024951934814,,1.5761024951934814,16951
99,,1.1812328100204468,,1.1812328100204468,16952
99,,1.4431177377700806,,1.4431177377700806,16953
99,,1.9075605869293213,,1.9075605869293213,16954
99,,1.5285817384719849,,1.5285817384719849,16955
99,,1.4224934577941895,,1.4224934577941895,16956
99,,1.220963954925537,,1.220963954925537,16957
99,,1.1707547903060913,,1.1707547903060913,16958
99,,1.5322790145874023,,1.5322790145874023,16959
99,,1.3472527265548706,,1.3472527265548706,16960
99,,1.4228806495666504,,1.4228806495666504,16961
99,,1.433916687965393,,1.433916687965393,16962
99,,1.5735759735107422,,1.5735759735107422,16963
99,,1.5714809894561768,,1.5714809894561768,16964
99,,1.6923046112060547,,1.6923046112060547,16965
99,,1.280991792678833,,1.280991792678833,16966
99,,1.3954689502716064,,1.3954689502716064,16967
99,,1.5131593942642212,,1.5131593942642212,16968
99,,1.423622488975525,,1.423622488975525,16969
99,,1.6240019798278809,,1.6240019798278809,16970
99,,1.5359773635864258,,1.5359773635864258,16971
99,,1.4248934984207153,,1.4248934984207153,16972
99,,1.4429874420166016,,1.4429874420166016,16973
99,,1.5818675756454468,,1.5818675756454468,16974
99,,1.3883020877838135,,1.3883020877838135,16975
99,,1.3520153760910034,,1.3520153760910034,16976
99,,1.3183130025863647,,1.3183130025863647,16977
99,,1.3343921899795532,,1.3343921899795532,16978
99,,1.3473010063171387,,1.3473010063171387,16979
99,,1.342657446861267,,1.342657446861267,16980
99,,1.3283659219741821,,1.3283659219741821,16981
99,,1.1854153871536255,,1.1854153871536255,16982
99,,1.4833430051803589,,1.4833430051803589,16983
99,,1.3201467990875244,,1.3201467990875244,16984
99,,1.4838978052139282,,1.4838978052139282,16985
99,,1.3423985242843628,,1.3423985242843628,16986
99,,1.4013246297836304,,1.4013246297836304,16987
99,,1.6352794170379639,,1.6352794170379639,16988
99,,1.3672314882278442,,1.3672314882278442,16989
99,,1.5248793363571167,,1.5248793363571167,16990
99,,1.57329261302948,,1.57329261302948,16991
99,,1.1886639595031738,,1.1886639595031738,16992
99,,1.5916234254837036,,1.5916234254837036,16993
99,,1.3810698986053467,,1.3810698986053467,16994
99,,1.0938595533370972,,1.0938595533370972,16995
99,,1.3357861042022705,,1.3357861042022705,16996
99,,1.3832604885101318,,1.3832604885101318,16997
99,,1.2234034538269043,,1.2234034538269043,16998
99,,1.3996418714523315,,1.3996418714523315,16999
99,1.4404950141906738,,1.4404950141906738,,16999
100,,1.1947296857833862,,1.1947296857833862,17000
100,,1.4354995489120483,,1.4354995489120483,17001
100,,1.304824948310852,,1.304824948310852,17002
100,,1.523410439491272,,1.523410439491272,17003
100,,1.3844808340072632,,1.3844808340072632,17004
100,,1.9142775535583496,,1.9142775535583496,17005
100,,1.399065613746643,,1.399065613746643,17006
100,,1.3899219036102295,,1.3899219036102295,17007
100,,1.5946317911148071,,1.5946317911148071,17008
100,,1.437349557876587,,1.437349557876587,17009
100,,1.3063212633132935,,1.3063212633132935,17010
100,,1.4712398052215576,,1.4712398052215576,17011
100,,1.2393208742141724,,1.2393208742141724,17012
100,,1.4471691846847534,,1.4471691846847534,17013
100,,1.4683624505996704,,1.4683624505996704,17014
100,,1.283515453338623,,1.283515453338623,17015
100,,1.3346257209777832,,1.3346257209777832,17016
100,,1.703157901763916,,1.703157901763916,17017
100,,1.4755675792694092,,1.4755675792694092,17018
100,,1.1430106163024902,,1.1430106163024902,17019
100,,1.0779262781143188,,1.0779262781143188,17020
100,,1.4933130741119385,,1.4933130741119385,17021
100,,1.1784898042678833,,1.1784898042678833,17022
100,,1.4265680313110352,,1.4265680313110352,17023
100,,1.6295875310897827,,1.6295875310897827,17024
100,,1.516471028327942,,1.516471028327942,17025
100,,1.5880666971206665,,1.5880666971206665,17026
100,,1.5783183574676514,,1.5783183574676514,17027
100,,1.1668108701705933,,1.1668108701705933,17028
100,,1.3440710306167603,,1.3440710306167603,17029
100,,1.5864479541778564,,1.5864479541778564,17030
100,,1.34211003780365,,1.34211003780365,17031
100,,1.54451322555542,,1.54451322555542,17032
100,,1.729886770248413,,1.729886770248413,17033
100,,1.4146162271499634,,1.4146162271499634,17034
100,,1.5151231288909912,,1.5151231288909912,17035
100,,1.5020252466201782,,1.5020252466201782,17036
100,,1.533661961555481,,1.533661961555481,17037
100,,1.4476808309555054,,1.4476808309555054,17038
100,,1.4866325855255127,,1.4866325855255127,17039
100,,1.6103286743164062,,1.6103286743164062,17040
100,,1.3608057498931885,,1.3608057498931885,17041
100,,1.7947063446044922,,1.7947063446044922,17042
100,,1.433372139930725,,1.433372139930725,17043
100,,1.2888091802597046,,1.2888091802597046,17044
100,,1.7539324760437012,,1.7539324760437012,17045
100,,1.6943743228912354,,1.6943743228912354,17046
100,,1.5608645677566528,,1.5608645677566528,17047
100,,1.3706529140472412,,1.3706529140472412,17048
100,,1.1996195316314697,,1.1996195316314697,17049
100,,1.492431640625,,1.492431640625,17050
100,,1.4762375354766846,,1.4762375354766846,17051
100,,1.3614919185638428,,1.3614919185638428,17052
100,,1.8335378170013428,,1.8335378170013428,17053
100,,1.2324471473693848,,1.2324471473693848,17054
100,,1.4595471620559692,,1.4595471620559692,17055
100,,1.4407187700271606,,1.4407187700271606,17056
100,,1.217515468597412,,1.217515468597412,17057
100,,1.6251428127288818,,1.6251428127288818,17058
100,,1.4012055397033691,,1.4012055397033691,17059
100,,1.4272669553756714,,1.4272669553756714,17060
100,,1.4885146617889404,,1.4885146617889404,17061
100,,1.465039610862732,,1.465039610862732,17062
100,,1.3504046201705933,,1.3504046201705933,17063
100,,1.1703280210494995,,1.1703280210494995,17064
100,,1.6307373046875,,1.6307373046875,17065
100,,1.451584815979004,,1.451584815979004,17066
100,,1.2559858560562134,,1.2559858560562134,17067
100,,1.5412726402282715,,1.5412726402282715,17068
100,,1.6203166246414185,,1.6203166246414185,17069
100,,1.4294342994689941,,1.4294342994689941,17070
100,,1.2082507610321045,,1.2082507610321045,17071
100,,1.4305963516235352,,1.4305963516235352,17072
100,,1.4789600372314453,,1.4789600372314453,17073
100,,1.4214136600494385,,1.4214136600494385,17074
100,,1.3970776796340942,,1.3970776796340942,17075
100,,1.696397304534912,,1.696397304534912,17076
100,,1.7420933246612549,,1.7420933246612549,17077
100,,1.1158394813537598,,1.1158394813537598,17078
100,,1.3158679008483887,,1.3158679008483887,17079
100,,1.436488151550293,,1.436488151550293,17080
100,,1.2032102346420288,,1.2032102346420288,17081
100,,1.5683718919754028,,1.5683718919754028,17082
100,,1.369246482849121,,1.369246482849121,17083
100,,1.2874687910079956,,1.2874687910079956,17084
100,,1.2896476984024048,,1.2896476984024048,17085
100,,1.4905496835708618,,1.4905496835708618,17086
100,,1.3003484010696411,,1.3003484010696411,17087
100,,1.2674823999404907,,1.2674823999404907,17088
100,,1.4982545375823975,,1.4982545375823975,17089
100,,1.3742797374725342,,1.3742797374725342,17090
100,,1.4123589992523193,,1.4123589992523193,17091
100,,1.4617903232574463,,1.4617903232574463,17092
100,,1.0432270765304565,,1.0432270765304565,17093
100,,1.393126368522644,,1.393126368522644,17094
100,,1.3794634342193604,,1.3794634342193604,17095
100,,1.4762617349624634,,1.4762617349624634,17096
100,,1.4038666486740112,,1.4038666486740112,17097
100,,1.1319400072097778,,1.1319400072097778,17098
100,,1.8287585973739624,,1.8287585973739624,17099
100,,1.3654834032058716,,1.3654834032058716,17100
100,,1.5388646125793457,,1.5388646125793457,17101
100,,1.565314531326294,,1.565314531326294,17102
100,,1.4399635791778564,,1.4399635791778564,17103
100,,1.35273015499115,,1.35273015499115,17104
100,,1.4301197528839111,,1.4301197528839111,17105
100,,0.9634818434715271,,0.9634818434715271,17106
100,,1.4403334856033325,,1.4403334856033325,17107
100,,1.495813250541687,,1.495813250541687,17108
100,,1.447864294052124,,1.447864294052124,17109
100,,1.4788459539413452,,1.4788459539413452,17110
100,,1.3294577598571777,,1.3294577598571777,17111
100,,1.536991000175476,,1.536991000175476,17112
100,,1.3923144340515137,,1.3923144340515137,17113
100,,1.3482074737548828,,1.3482074737548828,17114
100,,1.575670599937439,,1.575670599937439,17115
100,,1.6147561073303223,,1.6147561073303223,17116
100,,1.4060349464416504,,1.4060349464416504,17117
100,,1.2856178283691406,,1.2856178283691406,17118
100,,1.2080796957015991,,1.2080796957015991,17119
100,,1.512747049331665,,1.512747049331665,17120
100,,1.465100646018982,,1.465100646018982,17121
100,,1.2242305278778076,,1.2242305278778076,17122
100,,1.4243184328079224,,1.4243184328079224,17123
100,,1.203166127204895,,1.203166127204895,17124
100,,1.6135399341583252,,1.6135399341583252,17125
100,,1.563267469406128,,1.563267469406128,17126
100,,1.383836030960083,,1.383836030960083,17127
100,,1.1176493167877197,,1.1176493167877197,17128
100,,1.4465502500534058,,1.4465502500534058,17129
100,,1.231806993484497,,1.231806993484497,17130
100,,1.4121098518371582,,1.4121098518371582,17131
100,,1.4910385608673096,,1.4910385608673096,17132
100,,1.7119663953781128,,1.7119663953781128,17133
100,,1.5977482795715332,,1.5977482795715332,17134
100,,1.4199633598327637,,1.4199633598327637,17135
100,,1.4067069292068481,,1.4067069292068481,17136
100,,1.4526832103729248,,1.4526832103729248,17137
100,,1.581153154373169,,1.581153154373169,17138
100,,1.5585068464279175,,1.5585068464279175,17139
100,,1.5964934825897217,,1.5964934825897217,17140
100,,1.6190389394760132,,1.6190389394760132,17141
100,,1.395354151725769,,1.395354151725769,17142
100,,1.6680970191955566,,1.6680970191955566,17143
100,,1.4263566732406616,,1.4263566732406616,17144
100,,1.425289273262024,,1.425289273262024,17145
100,,1.5257471799850464,,1.5257471799850464,17146
100,,1.206073522567749,,1.206073522567749,17147
100,,1.8318443298339844,,1.8318443298339844,17148
100,,1.467022180557251,,1.467022180557251,17149
100,,1.12787926197052,,1.12787926197052,17150
100,,1.64687979221344,,1.64687979221344,17151
100,,1.5591456890106201,,1.5591456890106201,17152
100,,1.3181054592132568,,1.3181054592132568,17153
100,,1.4228061437606812,,1.4228061437606812,17154
100,,1.6694256067276,,1.6694256067276,17155
100,,1.6391080617904663,,1.6391080617904663,17156
100,,1.4101594686508179,,1.4101594686508179,17157
100,,1.5342373847961426,,1.5342373847961426,17158
100,,1.5632158517837524,,1.5632158517837524,17159
100,,1.3712586164474487,,1.3712586164474487,17160
100,,1.2293601036071777,,1.2293601036071777,17161
100,,1.4333198070526123,,1.4333198070526123,17162
100,,1.512184500694275,,1.512184500694275,17163
100,,1.25592041015625,,1.25592041015625,17164
100,,1.0940262079238892,,1.0940262079238892,17165
100,,1.6056965589523315,,1.6056965589523315,17166
100,,1.3654730319976807,,1.3654730319976807,17167
100,,1.3815515041351318,,1.3815515041351318,17168
100,,1.5510450601577759,,1.5510450601577759,17169
100,1.436639428138733,,1.436639428138733,,17169
101,,1.356929898262024,,1.356929898262024,17170
101,,1.524460792541504,,1.524460792541504,17171
101,,1.4391101598739624,,1.4391101598739624,17172
101,,1.4092965126037598,,1.4092965126037598,17173
101,,1.5083707571029663,,1.5083707571029663,17174
101,,1.3998693227767944,,1.3998693227767944,17175
101,,1.5420312881469727,,1.5420312881469727,17176
101,,1.4558391571044922,,1.4558391571044922,17177
101,,1.374990701675415,,1.374990701675415,17178
101,,1.634765625,,1.634765625,17179
101,,1.3687608242034912,,1.3687608242034912,17180
101,,1.5191317796707153,,1.5191317796707153,17181
101,,1.7439724206924438,,1.7439724206924438,17182
101,,1.5507087707519531,,1.5507087707519531,17183
101,,1.5045299530029297,,1.5045299530029297,17184
101,,1.4089285135269165,,1.4089285135269165,17185
101,,1.34327232837677,,1.34327232837677,17186
101,,1.6092703342437744,,1.6092703342437744,17187
101,,1.1630722284317017,,1.1630722284317017,17188
101,,1.658172607421875,,1.658172607421875,17189
101,,1.4372923374176025,,1.4372923374176025,17190
101,,1.5868271589279175,,1.5868271589279175,17191
101,,1.4960296154022217,,1.4960296154022217,17192
101,,1.5086376667022705,,1.5086376667022705,17193
101,,1.3565456867218018,,1.3565456867218018,17194
101,,1.6303551197052002,,1.6303551197052002,17195
101,,1.6893144845962524,,1.6893144845962524,17196
101,,1.4268946647644043,,1.4268946647644043,17197
101,,1.1176527738571167,,1.1176527738571167,17198
101,,1.5251893997192383,,1.5251893997192383,17199
101,,1.579167127609253,,1.579167127609253,17200
101,,1.5601930618286133,,1.5601930618286133,17201
101,,1.4777705669403076,,1.4777705669403076,17202
101,,1.2112703323364258,,1.2112703323364258,17203
101,,1.3443474769592285,,1.3443474769592285,17204
101,,1.496311902999878,,1.496311902999878,17205
101,,1.589274525642395,,1.589274525642395,17206
101,,1.5572896003723145,,1.5572896003723145,17207
101,,1.6007707118988037,,1.6007707118988037,17208
101,,1.362513780593872,,1.362513780593872,17209
101,,1.5293744802474976,,1.5293744802474976,17210
101,,1.6493897438049316,,1.6493897438049316,17211
101,,1.2594043016433716,,1.2594043016433716,17212
101,,1.0831327438354492,,1.0831327438354492,17213
101,,1.2792372703552246,,1.2792372703552246,17214
101,,1.5562200546264648,,1.5562200546264648,17215
101,,1.5663177967071533,,1.5663177967071533,17216
101,,1.4366872310638428,,1.4366872310638428,17217
101,,1.2166941165924072,,1.2166941165924072,17218
101,,1.269261360168457,,1.269261360168457,17219
101,,1.5574040412902832,,1.5574040412902832,17220
101,,1.5330924987792969,,1.5330924987792969,17221
101,,1.3074673414230347,,1.3074673414230347,17222
101,,1.0165506601333618,,1.0165506601333618,17223
101,,1.5620899200439453,,1.5620899200439453,17224
101,,1.7709754705429077,,1.7709754705429077,17225
101,,1.3411117792129517,,1.3411117792129517,17226
101,,1.3140805959701538,,1.3140805959701538,17227
101,,1.6671137809753418,,1.6671137809753418,17228
101,,1.5155233144760132,,1.5155233144760132,17229
101,,1.434831142425537,,1.434831142425537,17230
101,,1.1757638454437256,,1.1757638454437256,17231
101,,1.6289422512054443,,1.6289422512054443,17232
101,,1.3955698013305664,,1.3955698013305664,17233
101,,0.913551926612854,,0.913551926612854,17234
101,,1.4775172472000122,,1.4775172472000122,17235
101,,1.482418179512024,,1.482418179512024,17236
101,,1.476534128189087,,1.476534128189087,17237
101,,1.454960823059082,,1.454960823059082,17238
101,,1.3372188806533813,,1.3372188806533813,17239
101,,1.2477399110794067,,1.2477399110794067,17240
101,,1.3359448909759521,,1.3359448909759521,17241
101,,1.411173939704895,,1.411173939704895,17242
101,,1.7280519008636475,,1.7280519008636475,17243
101,,1.0695438385009766,,1.0695438385009766,17244
101,,1.3638745546340942,,1.3638745546340942,17245
101,,1.593668818473816,,1.593668818473816,17246
101,,1.7770603895187378,,1.7770603895187378,17247
101,,1.6232978105545044,,1.6232978105545044,17248
101,,1.3279914855957031,,1.3279914855957031,17249
101,,1.5023069381713867,,1.5023069381713867,17250
101,,1.3234946727752686,,1.3234946727752686,17251
101,,1.6284486055374146,,1.6284486055374146,17252
101,,1.4554171562194824,,1.4554171562194824,17253
101,,1.5507519245147705,,1.5507519245147705,17254
101,,1.359040379524231,,1.359040379524231,17255
101,,1.4375320672988892,,1.4375320672988892,17256
101,,1.4532982110977173,,1.4532982110977173,17257
101,,1.2960439920425415,,1.2960439920425415,17258
101,,1.127531886100769,,1.127531886100769,17259
101,,1.5164203643798828,,1.5164203643798828,17260
101,,1.372062087059021,,1.372062087059021,17261
101,,1.57620108127594,,1.57620108127594,17262
101,,1.4525625705718994,,1.4525625705718994,17263
101,,1.3276162147521973,,1.3276162147521973,17264
101,,1.2720940113067627,,1.2720940113067627,17265
101,,1.301310420036316,,1.301310420036316,17266
101,,1.501918077468872,,1.501918077468872,17267
101,,1.404059648513794,,1.404059648513794,17268
101,,1.4340357780456543,,1.4340357780456543,17269
101,,1.1091179847717285,,1.1091179847717285,17270
101,,1.4880485534667969,,1.4880485534667969,17271
101,,1.3942984342575073,,1.3942984342575073,17272
101,,1.6471027135849,,1.6471027135849,17273
101,,1.4194833040237427,,1.4194833040237427,17274
101,,1.6387603282928467,,1.6387603282928467,17275
101,,1.3423395156860352,,1.3423395156860352,17276
101,,1.426101565361023,,1.426101565361023,17277
101,,1.3672716617584229,,1.3672716617584229,17278
101,,1.2638403177261353,,1.2638403177261353,17279
101,,1.7971620559692383,,1.7971620559692383,17280
101,,1.5385922193527222,,1.5385922193527222,17281
101,,1.5702438354492188,,1.5702438354492188,17282
101,,1.4936333894729614,,1.4936333894729614,17283
101,,1.3576092720031738,,1.3576092720031738,17284
101,,1.3169270753860474,,1.3169270753860474,17285
101,,1.3328171968460083,,1.3328171968460083,17286
101,,1.5457533597946167,,1.5457533597946167,17287
101,,1.2814964056015015,,1.2814964056015015,17288
101,,1.0714514255523682,,1.0714514255523682,17289
101,,1.223451018333435,,1.223451018333435,17290
101,,1.2348921298980713,,1.2348921298980713,17291
101,,1.4903360605239868,,1.4903360605239868,17292
101,,1.3862384557724,,1.3862384557724,17293
101,,1.4871212244033813,,1.4871212244033813,17294
101,,1.5953001976013184,,1.5953001976013184,17295
101,,1.440577507019043,,1.440577507019043,17296
101,,1.4881995916366577,,1.4881995916366577,17297
101,,1.2357813119888306,,1.2357813119888306,17298
101,,1.4662600755691528,,1.4662600755691528,17299
101,,1.553442358970642,,1.553442358970642,17300
101,,1.3453259468078613,,1.3453259468078613,17301
101,,1.4419695138931274,,1.4419695138931274,17302
101,,1.473092794418335,,1.473092794418335,17303
101,,1.4682284593582153,,1.4682284593582153,17304
101,,1.4675028324127197,,1.4675028324127197,17305
101,,1.3413746356964111,,1.3413746356964111,17306
101,,1.4921070337295532,,1.4921070337295532,17307
101,,1.542542576789856,,1.542542576789856,17308
101,,1.4820797443389893,,1.4820797443389893,17309
101,,1.648569107055664,,1.648569107055664,17310
101,,1.5164196491241455,,1.5164196491241455,17311
101,,1.636203646659851,,1.636203646659851,17312
101,,1.4010238647460938,,1.4010238647460938,17313
101,,1.4490056037902832,,1.4490056037902832,17314
101,,1.42792809009552,,1.42792809009552,17315
101,,0.998822808265686,,0.998822808265686,17316
101,,1.6604727506637573,,1.6604727506637573,17317
101,,1.6117737293243408,,1.6117737293243408,17318
101,,1.5064631700515747,,1.5064631700515747,17319
101,,1.4272172451019287,,1.4272172451019287,17320
101,,1.4408680200576782,,1.4408680200576782,17321
101,,1.4964003562927246,,1.4964003562927246,17322
101,,1.6303585767745972,,1.6303585767745972,17323
101,,1.5032192468643188,,1.5032192468643188,17324
101,,1.39150071144104,,1.39150071144104,17325
101,,1.5778337717056274,,1.5778337717056274,17326
101,,1.4280568361282349,,1.4280568361282349,17327
101,,1.44271981716156,,1.44271981716156,17328
101,,1.7784053087234497,,1.7784053087234497,17329
101,,1.3660320043563843,,1.3660320043563843,17330
101,,1.561611533164978,,1.561611533164978,17331
101,,1.3722925186157227,,1.3722925186157227,17332
101,,1.6727440357208252,,1.6727440357208252,17333
101,,1.1921249628067017,,1.1921249628067017,17334
101,,1.3002805709838867,,1.3002805709838867,17335
101,,1.6707578897476196,,1.6707578897476196,17336
101,,1.6765598058700562,,1.6765598058700562,17337
101,,1.441633701324463,,1.441633701324463,17338
101,,1.3014090061187744,,1.3014090061187744,17339
101,1.4454395771026611,,1.4454395771026611,,17339
102,,1.4586719274520874,,1.4586719274520874,17340
102,,1.2927156686782837,,1.2927156686782837,17341
102,,1.1544673442840576,,1.1544673442840576,17342
102,,1.4180541038513184,,1.4180541038513184,17343
102,,1.4414539337158203,,1.4414539337158203,17344
102,,1.3232098817825317,,1.3232098817825317,17345
102,,1.1324869394302368,,1.1324869394302368,17346
102,,1.4847716093063354,,1.4847716093063354,17347
102,,1.3350766897201538,,1.3350766897201538,17348
102,,1.631232738494873,,1.631232738494873,17349
102,,1.4447407722473145,,1.4447407722473145,17350
102,,1.5197081565856934,,1.5197081565856934,17351
102,,1.594162940979004,,1.594162940979004,17352
102,,1.7671157121658325,,1.7671157121658325,17353
102,,1.3389095067977905,,1.3389095067977905,17354
102,,1.308549165725708,,1.308549165725708,17355
102,,1.450394868850708,,1.450394868850708,17356
102,,1.4147855043411255,,1.4147855043411255,17357
102,,1.5004940032958984,,1.5004940032958984,17358
102,,1.4955947399139404,,1.4955947399139404,17359
102,,1.2801309823989868,,1.2801309823989868,17360
102,,1.5607385635375977,,1.5607385635375977,17361
102,,1.6157644987106323,,1.6157644987106323,17362
102,,1.1753305196762085,,1.1753305196762085,17363
102,,1.6334980726242065,,1.6334980726242065,17364
102,,1.2081421613693237,,1.2081421613693237,17365
102,,1.4729617834091187,,1.4729617834091187,17366
102,,1.6694422960281372,,1.6694422960281372,17367
102,,1.6865835189819336,,1.6865835189819336,17368
102,,1.4060430526733398,,1.4060430526733398,17369
102,,1.3428442478179932,,1.3428442478179932,17370
102,,1.4557191133499146,,1.4557191133499146,17371
102,,1.3386297225952148,,1.3386297225952148,17372
102,,1.3759959936141968,,1.3759959936141968,17373
102,,1.5400128364562988,,1.5400128364562988,17374
102,,1.5312875509262085,,1.5312875509262085,17375
102,,1.5292906761169434,,1.5292906761169434,17376
102,,1.4673573970794678,,1.4673573970794678,17377
102,,1.1524325609207153,,1.1524325609207153,17378
102,,1.2575898170471191,,1.2575898170471191,17379
102,,1.540305256843567,,1.540305256843567,17380
102,,1.3083643913269043,,1.3083643913269043,17381
102,,1.4555214643478394,,1.4555214643478394,17382
102,,1.0891618728637695,,1.0891618728637695,17383
102,,1.641822099685669,,1.641822099685669,17384
102,,1.4388338327407837,,1.4388338327407837,17385
102,,1.634708046913147,,1.634708046913147,17386
102,,1.5957581996917725,,1.5957581996917725,17387
102,,1.530966877937317,,1.530966877937317,17388
102,,1.7122288942337036,,1.7122288942337036,17389
102,,1.781265139579773,,1.781265139579773,17390
102,,1.5204166173934937,,1.5204166173934937,17391
102,,1.6342666149139404,,1.6342666149139404,17392
102,,1.3762414455413818,,1.3762414455413818,17393
102,,1.3218761682510376,,1.3218761682510376,17394
102,,1.2195146083831787,,1.2195146083831787,17395
102,,1.2511422634124756,,1.2511422634124756,17396
102,,1.3443443775177002,,1.3443443775177002,17397
102,,1.6417651176452637,,1.6417651176452637,17398
102,,1.3298757076263428,,1.3298757076263428,17399
102,,1.367567539215088,,1.367567539215088,17400
102,,1.5795081853866577,,1.5795081853866577,17401
102,,1.4823030233383179,,1.4823030233383179,17402
102,,1.5022186040878296,,1.5022186040878296,17403
102,,1.7545753717422485,,1.7545753717422485,17404
102,,1.541867971420288,,1.541867971420288,17405
102,,1.5921498537063599,,1.5921498537063599,17406
102,,0.9711698889732361,,0.9711698889732361,17407
102,,1.468192458152771,,1.468192458152771,17408
102,,1.4935425519943237,,1.4935425519943237,17409
102,,1.3178222179412842,,1.3178222179412842,17410
102,,1.364919900894165,,1.364919900894165,17411
102,,1.7103005647659302,,1.7103005647659302,17412
102,,1.4660842418670654,,1.4660842418670654,17413
102,,1.679283618927002,,1.679283618927002,17414
102,,1.4972370862960815,,1.4972370862960815,17415
102,,1.298549771308899,,1.298549771308899,17416
102,,1.1813056468963623,,1.1813056468963623,17417
102,,1.4989230632781982,,1.4989230632781982,17418
102,,1.2056875228881836,,1.2056875228881836,17419
102,,1.2291516065597534,,1.2291516065597534,17420
102,,1.6626324653625488,,1.6626324653625488,17421
102,,1.4629993438720703,,1.4629993438720703,17422
102,,1.228540062904358,,1.228540062904358,17423
102,,1.415662169456482,,1.415662169456482,17424
102,,1.621669054031372,,1.621669054031372,17425
102,,1.5352661609649658,,1.5352661609649658,17426
102,,1.484873652458191,,1.484873652458191,17427
102,,1.1454193592071533,,1.1454193592071533,17428
102,,1.4387017488479614,,1.4387017488479614,17429
102,,1.5942472219467163,,1.5942472219467163,17430
102,,1.4117192029953003,,1.4117192029953003,17431
102,,1.2333084344863892,,1.2333084344863892,17432
102,,1.2178905010223389,,1.2178905010223389,17433
102,,1.5842958688735962,,1.5842958688735962,17434
102,,1.288730263710022,,1.288730263710022,17435
102,,1.281936526298523,,1.281936526298523,17436
102,,1.5427600145339966,,1.5427600145339966,17437
102,,1.3644483089447021,,1.3644483089447021,17438
102,,1.351407527923584,,1.351407527923584,17439
102,,1.7132436037063599,,1.7132436037063599,17440
102,,1.375350832939148,,1.375350832939148,17441
102,,1.3124258518218994,,1.3124258518218994,17442
102,,1.175291895866394,,1.175291895866394,17443
102,,1.4114618301391602,,1.4114618301391602,17444
102,,1.290115475654602,,1.290115475654602,17445
102,,1.3973236083984375,,1.3973236083984375,17446
102,,1.285703420639038,,1.285703420639038,17447
102,,1.428118109703064,,1.428118109703064,17448
102,,1.403210163116455,,1.403210163116455,17449
102,,1.241214632987976,,1.241214632987976,17450
102,,1.6993885040283203,,1.6993885040283203,17451
102,,1.4346542358398438,,1.4346542358398438,17452
102,,1.3792804479599,,1.3792804479599,17453
102,,1.4926968812942505,,1.4926968812942505,17454
102,,1.3600773811340332,,1.3600773811340332,17455
102,,1.4891180992126465,,1.4891180992126465,17456
102,,1.5325857400894165,,1.5325857400894165,17457
102,,1.4252859354019165,,1.4252859354019165,17458
102,,1.4828380346298218,,1.4828380346298218,17459
102,,1.3535020351409912,,1.3535020351409912,17460
102,,1.4939197301864624,,1.4939197301864624,17461
102,,1.0375207662582397,,1.0375207662582397,17462
102,,1.4844952821731567,,1.4844952821731567,17463
102,,1.4983830451965332,,1.4983830451965332,17464
102,,1.3441709280014038,,1.3441709280014038,17465
102,,1.4416584968566895,,1.4416584968566895,17466
102,,1.6360355615615845,,1.6360355615615845,17467
102,,1.506413459777832,,1.506413459777832,17468
102,,1.530448317527771,,1.530448317527771,17469
102,,1.398085117340088,,1.398085117340088,17470
102,,1.389227032661438,,1.389227032661438,17471
102,,1.2176198959350586,,1.2176198959350586,17472
102,,1.3406001329421997,,1.3406001329421997,17473
102,,1.3792799711227417,,1.3792799711227417,17474
102,,1.32047438621521,,1.32047438621521,17475
102,,1.5904223918914795,,1.5904223918914795,17476
102,,1.5367845296859741,,1.5367845296859741,17477
102,,1.296831488609314,,1.296831488609314,17478
102,,1.4202964305877686,,1.4202964305877686,17479
102,,1.4890118837356567,,1.4890118837356567,17480
102,,1.5497121810913086,,1.5497121810913086,17481
102,,1.5632898807525635,,1.5632898807525635,17482
102,,1.4222259521484375,,1.4222259521484375,17483
102,,1.3712496757507324,,1.3712496757507324,17484
102,,2.0392181873321533,,2.0392181873321533,17485
102,,1.3606122732162476,,1.3606122732162476,17486
102,,1.338769555091858,,1.338769555091858,17487
102,,1.352291226387024,,1.352291226387024,17488
102,,1.4200199842453003,,1.4200199842453003,17489
102,,1.2885074615478516,,1.2885074615478516,17490
102,,1.4307135343551636,,1.4307135343551636,17491
102,,1.556718111038208,,1.556718111038208,17492
102,,1.2594135999679565,,1.2594135999679565,17493
102,,1.34602952003479,,1.34602952003479,17494
102,,1.2919533252716064,,1.2919533252716064,17495
102,,1.3636749982833862,,1.3636749982833862,17496
102,,1.4212290048599243,,1.4212290048599243,17497
102,,1.015745997428894,,1.015745997428894,17498
102,,1.278909683227539,,1.278909683227539,17499
102,,1.7025353908538818,,1.7025353908538818,17500
102,,1.18643057346344,,1.18643057346344,17501
102,,1.4576743841171265,,1.4576743841171265,17502
102,,1.6132400035858154,,1.6132400035858154,17503
102,,1.6484873294830322,,1.6484873294830322,17504
102,,1.5884877443313599,,1.5884877443313599,17505
102,,1.350860357284546,,1.350860357284546,17506
102,,1.554834246635437,,1.554834246635437,17507
102,,1.732958436012268,,1.732958436012268,17508
102,,1.4250414371490479,,1.4250414371490479,17509
102,1.4330238103866577,,1.4330238103866577,,17509
103,,1.3492121696472168,,1.3492121696472168,17510
103,,1.5040364265441895,,1.5040364265441895,17511
103,,1.571568489074707,,1.571568489074707,17512
103,,1.5685713291168213,,1.5685713291168213,17513
103,,1.2046797275543213,,1.2046797275543213,17514
103,,1.7392094135284424,,1.7392094135284424,17515
103,,1.4656802415847778,,1.4656802415847778,17516
103,,1.4376108646392822,,1.4376108646392822,17517
103,,1.5542161464691162,,1.5542161464691162,17518
103,,1.615164041519165,,1.615164041519165,17519
103,,1.170764684677124,,1.170764684677124,17520
103,,1.3789728879928589,,1.3789728879928589,17521
103,,1.4271228313446045,,1.4271228313446045,17522
103,,1.3315914869308472,,1.3315914869308472,17523
103,,1.6335052251815796,,1.6335052251815796,17524
103,,1.4181114435195923,,1.4181114435195923,17525
103,,1.3557900190353394,,1.3557900190353394,17526
103,,1.4873576164245605,,1.4873576164245605,17527
103,,1.3674967288970947,,1.3674967288970947,17528
103,,1.663119912147522,,1.663119912147522,17529
103,,1.402244210243225,,1.402244210243225,17530
103,,1.3135145902633667,,1.3135145902633667,17531
103,,1.2088782787322998,,1.2088782787322998,17532
103,,1.6517000198364258,,1.6517000198364258,17533
103,,1.1778695583343506,,1.1778695583343506,17534
103,,1.394353985786438,,1.394353985786438,17535
103,,1.6181857585906982,,1.6181857585906982,17536
103,,1.3798969984054565,,1.3798969984054565,17537
103,,1.2631441354751587,,1.2631441354751587,17538
103,,1.140625,,1.140625,17539
103,,1.3371071815490723,,1.3371071815490723,17540
103,,1.2349117994308472,,1.2349117994308472,17541
103,,1.3688076734542847,,1.3688076734542847,17542
103,,1.2760705947875977,,1.2760705947875977,17543
103,,1.2618746757507324,,1.2618746757507324,17544
103,,1.5203803777694702,,1.5203803777694702,17545
103,,1.643415927886963,,1.643415927886963,17546
103,,1.4498320817947388,,1.4498320817947388,17547
103,,1.4318023920059204,,1.4318023920059204,17548
103,,1.5216518640518188,,1.5216518640518188,17549
103,,1.2571189403533936,,1.2571189403533936,17550
103,,1.251037359237671,,1.251037359237671,17551
103,,1.3250057697296143,,1.3250057697296143,17552
103,,1.774490475654602,,1.774490475654602,17553
103,,1.4233334064483643,,1.4233334064483643,17554
103,,1.5411884784698486,,1.5411884784698486,17555
103,,1.564968228340149,,1.564968228340149,17556
103,,1.560353398323059,,1.560353398323059,17557
103,,1.6840870380401611,,1.6840870380401611,17558
103,,1.437324047088623,,1.437324047088623,17559
103,,1.6103265285491943,,1.6103265285491943,17560
103,,1.3281317949295044,,1.3281317949295044,17561
103,,1.6312552690505981,,1.6312552690505981,17562
103,,1.4631930589675903,,1.4631930589675903,17563
103,,1.5954376459121704,,1.5954376459121704,17564
103,,1.594570279121399,,1.594570279121399,17565
103,,1.2843800783157349,,1.2843800783157349,17566
103,,1.6606577634811401,,1.6606577634811401,17567
103,,1.2048577070236206,,1.2048577070236206,17568
103,,1.4641261100769043,,1.4641261100769043,17569
103,,1.380974531173706,,1.380974531173706,17570
103,,1.3924479484558105,,1.3924479484558105,17571
103,,1.2315181493759155,,1.2315181493759155,17572
103,,1.1697697639465332,,1.1697697639465332,17573
103,,1.000510334968567,,1.000510334968567,17574
103,,1.6032675504684448,,1.6032675504684448,17575
103,,1.2640453577041626,,1.2640453577041626,17576
103,,1.3812795877456665,,1.3812795877456665,17577
103,,1.3367253541946411,,1.3367253541946411,17578
103,,1.570673942565918,,1.570673942565918,17579
103,,1.235156536102295,,1.235156536102295,17580
103,,1.7196125984191895,,1.7196125984191895,17581
103,,1.5245041847229004,,1.5245041847229004,17582
103,,1.4142215251922607,,1.4142215251922607,17583
103,,1.2287269830703735,,1.2287269830703735,17584
103,,1.4513816833496094,,1.4513816833496094,17585
103,,1.6254444122314453,,1.6254444122314453,17586
103,,1.470146656036377,,1.470146656036377,17587
103,,1.3982000350952148,,1.3982000350952148,17588
103,,1.3896217346191406,,1.3896217346191406,17589
103,,1.5785953998565674,,1.5785953998565674,17590
103,,1.416371464729309,,1.416371464729309,17591
103,,1.1752448081970215,,1.1752448081970215,17592
103,,1.352692723274231,,1.352692723274231,17593
103,,1.589662790298462,,1.589662790298462,17594
103,,1.4760545492172241,,1.4760545492172241,17595
103,,1.3282392024993896,,1.3282392024993896,17596
103,,1.3755580186843872,,1.3755580186843872,17597
103,,1.5818943977355957,,1.5818943977355957,17598
103,,1.1858888864517212,,1.1858888864517212,17599
103,,1.7290143966674805,,1.7290143966674805,17600
103,,1.4754009246826172,,1.4754009246826172,17601
103,,1.368757963180542,,1.368757963180542,17602
103,,1.7370452880859375,,1.7370452880859375,17603
103,,1.502105712890625,,1.502105712890625,17604
103,,1.4333211183547974,,1.4333211183547974,17605
103,,1.330857276916504,,1.330857276916504,17606
103,,1.2548277378082275,,1.2548277378082275,17607
103,,1.363700270652771,,1.363700270652771,17608
103,,1.4581732749938965,,1.4581732749938965,17609
103,,1.310444712638855,,1.310444712638855,17610
103,,1.6249873638153076,,1.6249873638153076,17611
103,,1.392362356185913,,1.392362356185913,17612
103,,1.3123762607574463,,1.3123762607574463,17613
103,,1.3728009462356567,,1.3728009462356567,17614
103,,1.1825095415115356,,1.1825095415115356,17615
103,,1.4104845523834229,,1.4104845523834229,17616
103,,1.3217791318893433,,1.3217791318893433,17617
103,,1.5143678188323975,,1.5143678188323975,17618
103,,1.5614515542984009,,1.5614515542984009,17619
103,,1.5906658172607422,,1.5906658172607422,17620
103,,1.403778076171875,,1.403778076171875,17621
103,,1.4836798906326294,,1.4836798906326294,17622
103,,1.5231430530548096,,1.5231430530548096,17623
103,,1.610080361366272,,1.610080361366272,17624
103,,1.3661389350891113,,1.3661389350891113,17625
103,,1.472503662109375,,1.472503662109375,17626
103,,1.2412362098693848,,1.2412362098693848,17627
103,,1.3189144134521484,,1.3189144134521484,17628
103,,1.1166666746139526,,1.1166666746139526,17629
103,,1.2697973251342773,,1.2697973251342773,17630
103,,1.3437775373458862,,1.3437775373458862,17631
103,,1.2170133590698242,,1.2170133590698242,17632
103,,1.5016014575958252,,1.5016014575958252,17633
103,,1.4008368253707886,,1.4008368253707886,17634
103,,1.6010491847991943,,1.6010491847991943,17635
103,,1.4608603715896606,,1.4608603715896606,17636
103,,1.614915132522583,,1.614915132522583,17637
103,,1.5468451976776123,,1.5468451976776123,17638
103,,1.3396868705749512,,1.3396868705749512,17639
103,,1.4680416584014893,,1.4680416584014893,17640
103,,1.5018483400344849,,1.5018483400344849,17641
103,,1.5378962755203247,,1.5378962755203247,17642
103,,1.6796395778656006,,1.6796395778656006,17643
103,,1.3852863311767578,,1.3852863311767578,17644
103,,1.5251362323760986,,1.5251362323760986,17645
103,,1.6070380210876465,,1.6070380210876465,17646
103,,1.4825687408447266,,1.4825687408447266,17647
103,,1.407885193824768,,1.407885193824768,17648
103,,1.180241346359253,,1.180241346359253,17649
103,,1.3725296258926392,,1.3725296258926392,17650
103,,1.3737294673919678,,1.3737294673919678,17651
103,,1.3743693828582764,,1.3743693828582764,17652
103,,1.5560309886932373,,1.5560309886932373,17653
103,,1.4991016387939453,,1.4991016387939453,17654
103,,1.3438706398010254,,1.3438706398010254,17655
103,,1.3555468320846558,,1.3555468320846558,17656
103,,1.121809482574463,,1.121809482574463,17657
103,,1.6331530809402466,,1.6331530809402466,17658
103,,1.5159926414489746,,1.5159926414489746,17659
103,,1.615498661994934,,1.615498661994934,17660
103,,1.396301031112671,,1.396301031112671,17661
103,,1.7014566659927368,,1.7014566659927368,17662
103,,1.3283250331878662,,1.3283250331878662,17663
103,,1.5152889490127563,,1.5152889490127563,17664
103,,1.4570831060409546,,1.4570831060409546,17665
103,,1.196008563041687,,1.196008563041687,17666
103,,1.757784366607666,,1.757784366607666,17667
103,,1.706924319267273,,1.706924319267273,17668
103,,1.206804633140564,,1.206804633140564,17669
103,,1.400369644165039,,1.400369644165039,17670
103,,1.4609094858169556,,1.4609094858169556,17671
103,,1.439247965812683,,1.439247965812683,17672
103,,1.4378793239593506,,1.4378793239593506,17673
103,,1.2703310251235962,,1.2703310251235962,17674
103,,1.5954737663269043,,1.5954737663269043,17675
103,,1.7522393465042114,,1.7522393465042114,17676
103,,1.758540153503418,,1.758540153503418,17677
103,,1.3703104257583618,,1.3703104257583618,17678
103,,1.6331770420074463,,1.6331770420074463,17679
103,1.436606526374817,,1.436606526374817,,17679
104,,1.4225523471832275,,1.4225523471832275,17680
104,,1.4953538179397583,,1.4953538179397583,17681
104,,1.3768256902694702,,1.3768256902694702,17682
104,,0.9814381003379822,,0.9814381003379822,17683
104,,1.405012845993042,,1.405012845993042,17684
104,,1.4923192262649536,,1.4923192262649536,17685
104,,1.5894174575805664,,1.5894174575805664,17686
104,,1.2188841104507446,,1.2188841104507446,17687
104,,1.373827338218689,,1.373827338218689,17688
104,,1.4267488718032837,,1.4267488718032837,17689
104,,1.3502262830734253,,1.3502262830734253,17690
104,,1.3173772096633911,,1.3173772096633911,17691
104,,1.4949551820755005,,1.4949551820755005,17692
104,,1.4754629135131836,,1.4754629135131836,17693
104,,1.6445057392120361,,1.6445057392120361,17694
104,,1.402608036994934,,1.402608036994934,17695
104,,1.4568034410476685,,1.4568034410476685,17696
104,,1.3193737268447876,,1.3193737268447876,17697
104,,1.3339983224868774,,1.3339983224868774,17698
104,,1.3319731950759888,,1.3319731950759888,17699
104,,1.6388274431228638,,1.6388274431228638,17700
104,,1.4692484140396118,,1.4692484140396118,17701
104,,1.5531806945800781,,1.5531806945800781,17702
104,,1.4396981000900269,,1.4396981000900269,17703
104,,1.3806884288787842,,1.3806884288787842,17704
104,,1.1740503311157227,,1.1740503311157227,17705
104,,1.4874868392944336,,1.4874868392944336,17706
104,,1.7798173427581787,,1.7798173427581787,17707
104,,1.4495488405227661,,1.4495488405227661,17708
104,,1.251617670059204,,1.251617670059204,17709
104,,1.3643136024475098,,1.3643136024475098,17710
104,,1.2256507873535156,,1.2256507873535156,17711
104,,1.4399642944335938,,1.4399642944335938,17712
104,,1.3846665620803833,,1.3846665620803833,17713
104,,1.6065629720687866,,1.6065629720687866,17714
104,,1.3458185195922852,,1.3458185195922852,17715
104,,1.2920947074890137,,1.2920947074890137,17716
104,,1.2705546617507935,,1.2705546617507935,17717
104,,1.4567511081695557,,1.4567511081695557,17718
104,,1.5331286191940308,,1.5331286191940308,17719
104,,1.5243639945983887,,1.5243639945983887,17720
104,,1.450636625289917,,1.450636625289917,17721
104,,1.5213209390640259,,1.5213209390640259,17722
104,,1.4089484214782715,,1.4089484214782715,17723
104,,1.662869930267334,,1.662869930267334,17724
104,,1.197887897491455,,1.197887897491455,17725
104,,1.4550703763961792,,1.4550703763961792,17726
104,,1.5860002040863037,,1.5860002040863037,17727
104,,1.516158103942871,,1.516158103942871,17728
104,,1.541721224784851,,1.541721224784851,17729
104,,1.3626941442489624,,1.3626941442489624,17730
104,,1.3942917585372925,,1.3942917585372925,17731
104,,1.4301046133041382,,1.4301046133041382,17732
104,,1.289130687713623,,1.289130687713623,17733
104,,1.5366337299346924,,1.5366337299346924,17734
104,,1.4555014371871948,,1.4555014371871948,17735
104,,1.5255601406097412,,1.5255601406097412,17736
104,,1.3421863317489624,,1.3421863317489624,17737
104,,1.479439616203308,,1.479439616203308,17738
104,,1.4886819124221802,,1.4886819124221802,17739
104,,1.496156930923462,,1.496156930923462,17740
104,,1.4585248231887817,,1.4585248231887817,17741
104,,1.3511135578155518,,1.3511135578155518,17742
104,,1.342739462852478,,1.342739462852478,17743
104,,1.543265700340271,,1.543265700340271,17744
104,,1.3585439920425415,,1.3585439920425415,17745
104,,1.4832589626312256,,1.4832589626312256,17746
104,,1.5257009267807007,,1.5257009267807007,17747
104,,1.3262563943862915,,1.3262563943862915,17748
104,,1.9587987661361694,,1.9587987661361694,17749
104,,1.3561038970947266,,1.3561038970947266,17750
104,,1.530609369277954,,1.530609369277954,17751
104,,1.677335262298584,,1.677335262298584,17752
104,,1.7089914083480835,,1.7089914083480835,17753
104,,1.3126641511917114,,1.3126641511917114,17754
104,,1.6431124210357666,,1.6431124210357666,17755
104,,1.566343069076538,,1.566343069076538,17756
104,,1.470436453819275,,1.470436453819275,17757
104,,1.5988209247589111,,1.5988209247589111,17758
104,,1.235329508781433,,1.235329508781433,17759
104,,1.5850166082382202,,1.5850166082382202,17760
104,,1.5212234258651733,,1.5212234258651733,17761
104,,1.213623046875,,1.213623046875,17762
104,,1.6854771375656128,,1.6854771375656128,17763
104,,1.4440401792526245,,1.4440401792526245,17764
104,,1.2735214233398438,,1.2735214233398438,17765
104,,1.5628035068511963,,1.5628035068511963,17766
104,,1.2536355257034302,,1.2536355257034302,17767
104,,1.3795993328094482,,1.3795993328094482,17768
104,,1.3594036102294922,,1.3594036102294922,17769
104,,1.5151562690734863,,1.5151562690734863,17770
104,,1.6246285438537598,,1.6246285438537598,17771
104,,1.4859892129898071,,1.4859892129898071,17772
104,,1.283521294593811,,1.283521294593811,17773
104,,1.3504297733306885,,1.3504297733306885,17774
104,,1.1948316097259521,,1.1948316097259521,17775
104,,1.3006452322006226,,1.3006452322006226,17776
104,,1.378912091255188,,1.378912091255188,17777
104,,1.626556158065796,,1.626556158065796,17778
104,,1.3211263418197632,,1.3211263418197632,17779
104,,1.1760472059249878,,1.1760472059249878,17780
104,,1.3965976238250732,,1.3965976238250732,17781
104,,1.3572896718978882,,1.3572896718978882,17782
104,,1.3542195558547974,,1.3542195558547974,17783
104,,1.6532385349273682,,1.6532385349273682,17784
104,,1.4950940608978271,,1.4950940608978271,17785
104,,1.3806730508804321,,1.3806730508804321,17786
104,,1.199853539466858,,1.199853539466858,17787
104,,1.252372145652771,,1.252372145652771,17788
104,,1.3078510761260986,,1.3078510761260986,17789
104,,1.5767581462860107,,1.5767581462860107,17790
104,,1.4430582523345947,,1.4430582523345947,17791
104,,1.6894699335098267,,1.6894699335098267,17792
104,,1.5762355327606201,,1.5762355327606201,17793
104,,1.3727061748504639,,1.3727061748504639,17794
104,,1.3967218399047852,,1.3967218399047852,17795
104,,1.6098078489303589,,1.6098078489303589,17796
104,,1.1981201171875,,1.1981201171875,17797
104,,1.4084320068359375,,1.4084320068359375,17798
104,,1.3797603845596313,,1.3797603845596313,17799
104,,1.4627861976623535,,1.4627861976623535,17800
104,,1.5966787338256836,,1.5966787338256836,17801
104,,1.6055443286895752,,1.6055443286895752,17802
104,,1.287937045097351,,1.287937045097351,17803
104,,1.4948275089263916,,1.4948275089263916,17804
104,,1.668530821800232,,1.668530821800232,17805
104,,1.412963628768921,,1.412963628768921,17806
104,,1.3726365566253662,,1.3726365566253662,17807
104,,1.062063455581665,,1.062063455581665,17808
104,,1.5556966066360474,,1.5556966066360474,17809
104,,1.5043056011199951,,1.5043056011199951,17810
104,,1.4191492795944214,,1.4191492795944214,17811
104,,1.3059710264205933,,1.3059710264205933,17812
104,,1.1846588850021362,,1.1846588850021362,17813
104,,1.7184597253799438,,1.7184597253799438,17814
104,,1.462997317314148,,1.462997317314148,17815
104,,1.3731848001480103,,1.3731848001480103,17816
104,,1.43575119972229,,1.43575119972229,17817
104,,1.689085602760315,,1.689085602760315,17818
104,,1.6937412023544312,,1.6937412023544312,17819
104,,1.481645941734314,,1.481645941734314,17820
104,,1.2497907876968384,,1.2497907876968384,17821
104,,1.6349185705184937,,1.6349185705184937,17822
104,,1.5815789699554443,,1.5815789699554443,17823
104,,1.5559914112091064,,1.5559914112091064,17824
104,,1.6581040620803833,,1.6581040620803833,17825
104,,1.4157060384750366,,1.4157060384750366,17826
104,,1.4778680801391602,,1.4778680801391602,17827
104,,1.4516946077346802,,1.4516946077346802,17828
104,,1.4800984859466553,,1.4800984859466553,17829
104,,1.419266700744629,,1.419266700744629,17830
104,,1.468273639678955,,1.468273639678955,17831
104,,1.6011022329330444,,1.6011022329330444,17832
104,,1.6116821765899658,,1.6116821765899658,17833
104,,1.532513976097107,,1.532513976097107,17834
104,,1.5241501331329346,,1.5241501331329346,17835
104,,1.6379716396331787,,1.6379716396331787,17836
104,,1.760599970817566,,1.760599970817566,17837
104,,1.344947338104248,,1.344947338104248,17838
104,,1.6591941118240356,,1.6591941118240356,17839
104,,1.322905421257019,,1.322905421257019,17840
104,,1.4815104007720947,,1.4815104007720947,17841
104,,1.551954746246338,,1.551954746246338,17842
104,,1.2316900491714478,,1.2316900491714478,17843
104,,1.3641068935394287,,1.3641068935394287,17844
104,,1.5275695323944092,,1.5275695323944092,17845
104,,1.5224295854568481,,1.5224295854568481,17846
104,,1.4203464984893799,,1.4203464984893799,17847
104,,1.282837986946106,,1.282837986946106,17848
104,,1.594514012336731,,1.594514012336731,17849
104,1.4483153820037842,,1.4483153820037842,,17849
105,,1.3790712356567383,,1.3790712356567383,17850
105,,1.2815409898757935,,1.2815409898757935,17851
105,,1.5391030311584473,,1.5391030311584473,17852
105,,1.4774346351623535,,1.4774346351623535,17853
105,,1.7731226682662964,,1.7731226682662964,17854
105,,1.478083610534668,,1.478083610534668,17855
105,,1.7598707675933838,,1.7598707675933838,17856
105,,1.329365611076355,,1.329365611076355,17857
105,,1.583803415298462,,1.583803415298462,17858
105,,1.1756068468093872,,1.1756068468093872,17859
105,,1.5873653888702393,,1.5873653888702393,17860
105,,1.4419505596160889,,1.4419505596160889,17861
105,,1.367922306060791,,1.367922306060791,17862
105,,0.9538872838020325,,0.9538872838020325,17863
105,,1.5720725059509277,,1.5720725059509277,17864
105,,1.4159051179885864,,1.4159051179885864,17865
105,,1.2764544486999512,,1.2764544486999512,17866
105,,1.6190595626831055,,1.6190595626831055,17867
105,,1.6912434101104736,,1.6912434101104736,17868
105,,1.1190028190612793,,1.1190028190612793,17869
105,,1.2566182613372803,,1.2566182613372803,17870
105,,1.3356096744537354,,1.3356096744537354,17871
105,,1.7502098083496094,,1.7502098083496094,17872
105,,1.1035569906234741,,1.1035569906234741,17873
105,,1.3316420316696167,,1.3316420316696167,17874
105,,1.4827345609664917,,1.4827345609664917,17875
105,,1.4811797142028809,,1.4811797142028809,17876
105,,1.546528935432434,,1.546528935432434,17877
105,,0.9960840940475464,,0.9960840940475464,17878
105,,1.7932615280151367,,1.7932615280151367,17879
105,,1.261643886566162,,1.261643886566162,17880
105,,1.3606067895889282,,1.3606067895889282,17881
105,,1.515263557434082,,1.515263557434082,17882
105,,1.667596459388733,,1.667596459388733,17883
105,,1.3541653156280518,,1.3541653156280518,17884
105,,1.304785132408142,,1.304785132408142,17885
105,,1.546644687652588,,1.546644687652588,17886
105,,1.5606904029846191,,1.5606904029846191,17887
105,,1.5886176824569702,,1.5886176824569702,17888
105,,1.7096877098083496,,1.7096877098083496,17889
105,,1.708409070968628,,1.708409070968628,17890
105,,1.5597516298294067,,1.5597516298294067,17891
105,,1.3285048007965088,,1.3285048007965088,17892
105,,1.4141395092010498,,1.4141395092010498,17893
105,,1.473052740097046,,1.473052740097046,17894
105,,1.702168345451355,,1.702168345451355,17895
105,,1.4260997772216797,,1.4260997772216797,17896
105,,1.2883223295211792,,1.2883223295211792,17897
105,,1.345508337020874,,1.345508337020874,17898
105,,1.37338125705719,,1.37338125705719,17899
105,,1.354843020439148,,1.354843020439148,17900
105,,1.582098364830017,,1.582098364830017,17901
105,,1.4561034440994263,,1.4561034440994263,17902
105,,1.7112069129943848,,1.7112069129943848,17903
105,,1.4733216762542725,,1.4733216762542725,17904
105,,1.4481122493743896,,1.4481122493743896,17905
105,,1.6096211671829224,,1.6096211671829224,17906
105,,1.5138460397720337,,1.5138460397720337,17907
105,,1.6068772077560425,,1.6068772077560425,17908
105,,1.3965935707092285,,1.3965935707092285,17909
105,,1.4389737844467163,,1.4389737844467163,17910
105,,1.5885601043701172,,1.5885601043701172,17911
105,,1.3078174591064453,,1.3078174591064453,17912
105,,1.5741363763809204,,1.5741363763809204,17913
105,,1.3587992191314697,,1.3587992191314697,17914
105,,0.9661366939544678,,0.9661366939544678,17915
105,,1.2819786071777344,,1.2819786071777344,17916
105,,1.217272400856018,,1.217272400856018,17917
105,,1.3887991905212402,,1.3887991905212402,17918
105,,1.572617769241333,,1.572617769241333,17919
105,,1.4914231300354004,,1.4914231300354004,17920
105,,1.338828682899475,,1.338828682899475,17921
105,,1.4918979406356812,,1.4918979406356812,17922
105,,1.5032529830932617,,1.5032529830932617,17923
105,,1.4300051927566528,,1.4300051927566528,17924
105,,1.279905080795288,,1.279905080795288,17925
105,,1.4793318510055542,,1.4793318510055542,17926
105,,1.2392550706863403,,1.2392550706863403,17927
105,,1.3784469366073608,,1.3784469366073608,17928
105,,1.592949628829956,,1.592949628829956,17929
105,,1.266025424003601,,1.266025424003601,17930
105,,1.424821376800537,,1.424821376800537,17931
105,,1.5007404088974,,1.5007404088974,17932
105,,1.2618495225906372,,1.2618495225906372,17933
105,,1.1806689500808716,,1.1806689500808716,17934
105,,1.482574224472046,,1.482574224472046,17935
105,,1.3970251083374023,,1.3970251083374023,17936
105,,1.3585190773010254,,1.3585190773010254,17937
105,,1.3657526969909668,,1.3657526969909668,17938
105,,1.406429409980774,,1.406429409980774,17939
105,,1.5648412704467773,,1.5648412704467773,17940
105,,1.3692296743392944,,1.3692296743392944,17941
105,,1.2458670139312744,,1.2458670139312744,17942
105,,1.5911951065063477,,1.5911951065063477,17943
105,,1.4891198873519897,,1.4891198873519897,17944
105,,1.4858357906341553,,1.4858357906341553,17945
105,,1.3714755773544312,,1.3714755773544312,17946
105,,1.2469247579574585,,1.2469247579574585,17947
105,,1.2733885049819946,,1.2733885049819946,17948
105,,1.4107449054718018,,1.4107449054718018,17949
105,,1.1366490125656128,,1.1366490125656128,17950
105,,1.4918861389160156,,1.4918861389160156,17951
105,,1.5712090730667114,,1.5712090730667114,17952
105,,1.45118248462677,,1.45118248462677,17953
105,,0.9588107466697693,,0.9588107466697693,17954
105,,1.2664438486099243,,1.2664438486099243,17955
105,,1.1809141635894775,,1.1809141635894775,17956
105,,1.410636067390442,,1.410636067390442,17957
105,,1.4762108325958252,,1.4762108325958252,17958
105,,1.3241589069366455,,1.3241589069366455,17959
105,,1.1703189611434937,,1.1703189611434937,17960
105,,1.26636803150177,,1.26636803150177,17961
105,,1.3360927104949951,,1.3360927104949951,17962
105,,1.4666301012039185,,1.4666301012039185,17963
105,,1.3362165689468384,,1.3362165689468384,17964
105,,1.5614873170852661,,1.5614873170852661,17965
105,,1.3125,,1.3125,17966
105,,1.5232951641082764,,1.5232951641082764,17967
105,,1.4481629133224487,,1.4481629133224487,17968
105,,1.8157072067260742,,1.8157072067260742,17969
105,,1.5616271495819092,,1.5616271495819092,17970
105,,1.6348655223846436,,1.6348655223846436,17971
105,,1.561908483505249,,1.561908483505249,17972
105,,1.5304055213928223,,1.5304055213928223,17973
105,,1.3925107717514038,,1.3925107717514038,17974
105,,1.305369257926941,,1.305369257926941,17975
105,,1.339849591255188,,1.339849591255188,17976
105,,1.6548622846603394,,1.6548622846603394,17977
105,,1.3773208856582642,,1.3773208856582642,17978
105,,1.4179847240447998,,1.4179847240447998,17979
105,,1.6381536722183228,,1.6381536722183228,17980
105,,1.6409597396850586,,1.6409597396850586,17981
105,,1.5428788661956787,,1.5428788661956787,17982
105,,1.6133928298950195,,1.6133928298950195,17983
105,,1.592698335647583,,1.592698335647583,17984
105,,1.3311430215835571,,1.3311430215835571,17985
105,,1.3074140548706055,,1.3074140548706055,17986
105,,1.192131757736206,,1.192131757736206,17987
105,,1.169600486755371,,1.169600486755371,17988
105,,1.4530984163284302,,1.4530984163284302,17989
105,,1.530549168586731,,1.530549168586731,17990
105,,1.1882981061935425,,1.1882981061935425,17991
105,,1.3188087940216064,,1.3188087940216064,17992
105,,1.2918150424957275,,1.2918150424957275,17993
105,,1.4787362813949585,,1.4787362813949585,17994
105,,1.4558441638946533,,1.4558441638946533,17995
105,,1.2834477424621582,,1.2834477424621582,17996
105,,1.3794269561767578,,1.3794269561767578,17997
105,,1.2210092544555664,,1.2210092544555664,17998
105,,1.4918484687805176,,1.4918484687805176,17999
105,,1.930101752281189,,1.930101752281189,18000
105,,1.7439868450164795,,1.7439868450164795,18001
105,,1.4917609691619873,,1.4917609691619873,18002
105,,1.5639952421188354,,1.5639952421188354,18003
105,,1.3688218593597412,,1.3688218593597412,18004
105,,1.2116472721099854,,1.2116472721099854,18005
105,,1.4295806884765625,,1.4295806884765625,18006
105,,1.67953622341156,,1.67953622341156,18007
105,,1.3172799348831177,,1.3172799348831177,18008
105,,1.4052327871322632,,1.4052327871322632,18009
105,,1.4173063039779663,,1.4173063039779663,18010
105,,1.6806519031524658,,1.6806519031524658,18011
105,,1.4458566904067993,,1.4458566904067993,18012
105,,1.0378543138504028,,1.0378543138504028,18013
105,,1.1691906452178955,,1.1691906452178955,18014
105,,1.3475669622421265,,1.3475669622421265,18015
105,,1.162713885307312,,1.162713885307312,18016
105,,1.4394700527191162,,1.4394700527191162,18017
105,,1.324049949645996,,1.324049949645996,18018
105,,1.0985338687896729,,1.0985338687896729,18019
105,1.4236799478530884,,1.4236799478530884,,18019
106,,1.694975733757019,,1.694975733757019,18020
106,,1.3583515882492065,,1.3583515882492065,18021
106,,1.4408470392227173,,1.4408470392227173,18022
106,,1.4609907865524292,,1.4609907865524292,18023
106,,1.55133855342865,,1.55133855342865,18024
106,,1.528241515159607,,1.528241515159607,18025
106,,1.2931404113769531,,1.2931404113769531,18026
106,,1.411954402923584,,1.411954402923584,18027
106,,1.2825742959976196,,1.2825742959976196,18028
106,,1.6417433023452759,,1.6417433023452759,18029
106,,1.5307990312576294,,1.5307990312576294,18030
106,,1.4671322107315063,,1.4671322107315063,18031
106,,1.3822579383850098,,1.3822579383850098,18032
106,,1.6165831089019775,,1.6165831089019775,18033
106,,1.3932186365127563,,1.3932186365127563,18034
106,,1.464202880859375,,1.464202880859375,18035
106,,1.53044855594635,,1.53044855594635,18036
106,,1.2822015285491943,,1.2822015285491943,18037
106,,1.5482786893844604,,1.5482786893844604,18038
106,,1.4703718423843384,,1.4703718423843384,18039
106,,1.5977354049682617,,1.5977354049682617,18040
106,,1.3487659692764282,,1.3487659692764282,18041
106,,1.6106623411178589,,1.6106623411178589,18042
106,,1.4131402969360352,,1.4131402969360352,18043
106,,1.5290915966033936,,1.5290915966033936,18044
106,,1.5834063291549683,,1.5834063291549683,18045
106,,1.4739933013916016,,1.4739933013916016,18046
106,,1.7337467670440674,,1.7337467670440674,18047
106,,1.6747984886169434,,1.6747984886169434,18048
106,,1.3614301681518555,,1.3614301681518555,18049
106,,1.3337570428848267,,1.3337570428848267,18050
106,,1.2801387310028076,,1.2801387310028076,18051
106,,1.5072916746139526,,1.5072916746139526,18052
106,,1.6897109746932983,,1.6897109746932983,18053
106,,1.3990464210510254,,1.3990464210510254,18054
106,,1.278821349143982,,1.278821349143982,18055
106,,1.3016877174377441,,1.3016877174377441,18056
106,,1.5178446769714355,,1.5178446769714355,18057
106,,1.46963369846344,,1.46963369846344,18058
106,,1.5779062509536743,,1.5779062509536743,18059
106,,1.3665666580200195,,1.3665666580200195,18060
106,,1.4433144330978394,,1.4433144330978394,18061
106,,1.4051131010055542,,1.4051131010055542,18062
106,,1.405531883239746,,1.405531883239746,18063
106,,1.3907264471054077,,1.3907264471054077,18064
106,,1.402116298675537,,1.402116298675537,18065
106,,1.3902124166488647,,1.3902124166488647,18066
106,,1.487520456314087,,1.487520456314087,18067
106,,1.5824005603790283,,1.5824005603790283,18068
106,,1.532624363899231,,1.532624363899231,18069
106,,1.5585812330245972,,1.5585812330245972,18070
106,,1.4918879270553589,,1.4918879270553589,18071
106,,1.6843962669372559,,1.6843962669372559,18072
106,,1.2930340766906738,,1.2930340766906738,18073
106,,1.3908063173294067,,1.3908063173294067,18074
106,,1.43499755859375,,1.43499755859375,18075
106,,1.1794748306274414,,1.1794748306274414,18076
106,,1.2965881824493408,,1.2965881824493408,18077
106,,1.2965303659439087,,1.2965303659439087,18078
106,,1.2509819269180298,,1.2509819269180298,18079
106,,1.275941252708435,,1.275941252708435,18080
106,,1.308837890625,,1.308837890625,18081
106,,1.7635142803192139,,1.7635142803192139,18082
106,,1.1871787309646606,,1.1871787309646606,18083
106,,1.3451663255691528,,1.3451663255691528,18084
106,,1.6483298540115356,,1.6483298540115356,18085
106,,1.301713228225708,,1.301713228225708,18086
106,,1.4585680961608887,,1.4585680961608887,18087
106,,1.6540801525115967,,1.6540801525115967,18088
106,,1.1354094743728638,,1.1354094743728638,18089
106,,1.4452221393585205,,1.4452221393585205,18090
106,,1.5626094341278076,,1.5626094341278076,18091
106,,1.3368136882781982,,1.3368136882781982,18092
106,,1.3409980535507202,,1.3409980535507202,18093
106,,1.5293865203857422,,1.5293865203857422,18094
106,,1.5013313293457031,,1.5013313293457031,18095
106,,1.691989541053772,,1.691989541053772,18096
106,,1.485756278038025,,1.485756278038025,18097
106,,1.2891796827316284,,1.2891796827316284,18098
106,,1.7746459245681763,,1.7746459245681763,18099
106,,1.461311936378479,,1.461311936378479,18100
106,,1.3997628688812256,,1.3997628688812256,18101
106,,1.5121687650680542,,1.5121687650680542,18102
106,,1.0524600744247437,,1.0524600744247437,18103
106,,1.59665846824646,,1.59665846824646,18104
106,,1.4882367849349976,,1.4882367849349976,18105
106,,1.385541558265686,,1.385541558265686,18106
106,,1.2326403856277466,,1.2326403856277466,18107
106,,1.2920873165130615,,1.2920873165130615,18108
106,,1.6106250286102295,,1.6106250286102295,18109
106,,1.4091280698776245,,1.4091280698776245,18110
106,,1.3158708810806274,,1.3158708810806274,18111
106,,1.5313966274261475,,1.5313966274261475,18112
106,,1.6136366128921509,,1.6136366128921509,18113
106,,1.389037013053894,,1.389037013053894,18114
106,,1.2986327409744263,,1.2986327409744263,18115
106,,1.037299633026123,,1.037299633026123,18116
106,,1.3817921876907349,,1.3817921876907349,18117
106,,1.3338367938995361,,1.3338367938995361,18118
106,,1.23307466506958,,1.23307466506958,18119
106,,1.2327861785888672,,1.2327861785888672,18120
106,,1.4834226369857788,,1.4834226369857788,18121
106,,1.640397071838379,,1.640397071838379,18122
106,,1.495856761932373,,1.495856761932373,18123
106,,1.3846746683120728,,1.3846746683120728,18124
106,,1.4501763582229614,,1.4501763582229614,18125
106,,1.1929665803909302,,1.1929665803909302,18126
106,,1.5969260931015015,,1.5969260931015015,18127
106,,1.499657154083252,,1.499657154083252,18128
106,,1.148582935333252,,1.148582935333252,18129
106,,1.364605188369751,,1.364605188369751,18130
106,,1.3168267011642456,,1.3168267011642456,18131
106,,1.573384404182434,,1.573384404182434,18132
106,,1.1870536804199219,,1.1870536804199219,18133
106,,1.5415908098220825,,1.5415908098220825,18134
106,,1.6636332273483276,,1.6636332273483276,18135
106,,1.451961874961853,,1.451961874961853,18136
106,,1.316788673400879,,1.316788673400879,18137
106,,1.4553593397140503,,1.4553593397140503,18138
106,,1.6162161827087402,,1.6162161827087402,18139
106,,1.3534877300262451,,1.3534877300262451,18140
106,,1.1284207105636597,,1.1284207105636597,18141
106,,1.4648752212524414,,1.4648752212524414,18142
106,,1.434226393699646,,1.434226393699646,18143
106,,1.3897289037704468,,1.3897289037704468,18144
106,,1.5102674961090088,,1.5102674961090088,18145
106,,1.2129895687103271,,1.2129895687103271,18146
106,,1.2092713117599487,,1.2092713117599487,18147
106,,1.5070000886917114,,1.5070000886917114,18148
106,,1.6112868785858154,,1.6112868785858154,18149
106,,1.382995843887329,,1.382995843887329,18150
106,,1.7072540521621704,,1.7072540521621704,18151
106,,1.3366779088974,,1.3366779088974,18152
106,,1.6650868654251099,,1.6650868654251099,18153
106,,1.369030475616455,,1.369030475616455,18154
106,,1.4005789756774902,,1.4005789756774902,18155
106,,1.5378609895706177,,1.5378609895706177,18156
106,,1.3379600048065186,,1.3379600048065186,18157
106,,1.4547659158706665,,1.4547659158706665,18158
106,,1.2877603769302368,,1.2877603769302368,18159
106,,1.7263147830963135,,1.7263147830963135,18160
106,,1.428944706916809,,1.428944706916809,18161
106,,1.50697922706604,,1.50697922706604,18162
106,,1.5626792907714844,,1.5626792907714844,18163
106,,1.2528183460235596,,1.2528183460235596,18164
106,,1.2200629711151123,,1.2200629711151123,18165
106,,1.5367801189422607,,1.5367801189422607,18166
106,,1.2875463962554932,,1.2875463962554932,18167
106,,1.3291422128677368,,1.3291422128677368,18168
106,,1.5261505842208862,,1.5261505842208862,18169
106,,1.3321377038955688,,1.3321377038955688,18170
106,,1.4365731477737427,,1.4365731477737427,18171
106,,1.4685118198394775,,1.4685118198394775,18172
106,,1.4206054210662842,,1.4206054210662842,18173
106,,1.703365445137024,,1.703365445137024,18174
106,,1.4214156866073608,,1.4214156866073608,18175
106,,1.5444973707199097,,1.5444973707199097,18176
106,,1.6797608137130737,,1.6797608137130737,18177
106,,1.2663731575012207,,1.2663731575012207,18178
106,,1.291106939315796,,1.291106939315796,18179
106,,1.5770059823989868,,1.5770059823989868,18180
106,,1.3850034475326538,,1.3850034475326538,18181
106,,1.6163833141326904,,1.6163833141326904,18182
106,,1.47416090965271,,1.47416090965271,18183
106,,1.544763207435608,,1.544763207435608,18184
106,,1.6411023139953613,,1.6411023139953613,18185
106,,1.5768266916275024,,1.5768266916275024,18186
106,,1.4614955186843872,,1.4614955186843872,18187
106,,1.515991449356079,,1.515991449356079,18188
106,,1.5768934488296509,,1.5768934488296509,18189
106,1.4415810108184814,,1.4415810108184814,,18189
107,,1.4357333183288574,,1.4357333183288574,18190
107,,1.231337547302246,,1.231337547302246,18191
107,,1.258517861366272,,1.258517861366272,18192
107,,1.5872511863708496,,1.5872511863708496,18193
107,,0.879589855670929,,0.879589855670929,18194
107,,1.6242382526397705,,1.6242382526397705,18195
107,,1.33017098903656,,1.33017098903656,18196
107,,1.4050500392913818,,1.4050500392913818,18197
107,,1.442565679550171,,1.442565679550171,18198
107,,1.3953237533569336,,1.3953237533569336,18199
107,,1.502705693244934,,1.502705693244934,18200
107,,1.3900772333145142,,1.3900772333145142,18201
107,,1.3879300355911255,,1.3879300355911255,18202
107,,1.3767361640930176,,1.3767361640930176,18203
107,,1.3794207572937012,,1.3794207572937012,18204
107,,1.5806539058685303,,1.5806539058685303,18205
107,,1.3819643259048462,,1.3819643259048462,18206
107,,1.5450985431671143,,1.5450985431671143,18207
107,,1.3422138690948486,,1.3422138690948486,18208
107,,1.3010603189468384,,1.3010603189468384,18209
107,,1.49764883518219,,1.49764883518219,18210
107,,1.516627311706543,,1.516627311706543,18211
107,,1.7040084600448608,,1.7040084600448608,18212
107,,1.3995587825775146,,1.3995587825775146,18213
107,,1.6140919923782349,,1.6140919923782349,18214
107,,1.640191674232483,,1.640191674232483,18215
107,,1.471375823020935,,1.471375823020935,18216
107,,1.5364254713058472,,1.5364254713058472,18217
107,,1.667134165763855,,1.667134165763855,18218
107,,1.2876018285751343,,1.2876018285751343,18219
107,,1.6120641231536865,,1.6120641231536865,18220
107,,1.4740939140319824,,1.4740939140319824,18221
107,,1.5080515146255493,,1.5080515146255493,18222
107,,1.5817196369171143,,1.5817196369171143,18223
107,,1.3153932094573975,,1.3153932094573975,18224
107,,1.8011198043823242,,1.8011198043823242,18225
107,,1.7032177448272705,,1.7032177448272705,18226
107,,1.5044901371002197,,1.5044901371002197,18227
107,,1.5748364925384521,,1.5748364925384521,18228
107,,1.225182294845581,,1.225182294845581,18229
107,,1.3843531608581543,,1.3843531608581543,18230
107,,1.7321702241897583,,1.7321702241897583,18231
107,,1.5244499444961548,,1.5244499444961548,18232
107,,1.6585124731063843,,1.6585124731063843,18233
107,,1.4322402477264404,,1.4322402477264404,18234
107,,1.2220865488052368,,1.2220865488052368,18235
107,,1.6935077905654907,,1.6935077905654907,18236
107,,1.4703410863876343,,1.4703410863876343,18237
107,,1.5026814937591553,,1.5026814937591553,18238
107,,1.5912480354309082,,1.5912480354309082,18239
107,,1.4529589414596558,,1.4529589414596558,18240
107,,1.4018341302871704,,1.4018341302871704,18241
107,,1.2723932266235352,,1.2723932266235352,18242
107,,1.3321982622146606,,1.3321982622146606,18243
107,,1.3822948932647705,,1.3822948932647705,18244
107,,1.5052399635314941,,1.5052399635314941,18245
107,,1.2797231674194336,,1.2797231674194336,18246
107,,1.4424309730529785,,1.4424309730529785,18247
107,,1.469175934791565,,1.469175934791565,18248
107,,1.5620156526565552,,1.5620156526565552,18249
107,,1.4788578748703003,,1.4788578748703003,18250
107,,1.7318446636199951,,1.7318446636199951,18251
107,,1.5863044261932373,,1.5863044261932373,18252
107,,1.4280083179473877,,1.4280083179473877,18253
107,,1.7620007991790771,,1.7620007991790771,18254
107,,1.5106483697891235,,1.5106483697891235,18255
107,,1.4436044692993164,,1.4436044692993164,18256
107,,1.608901023864746,,1.608901023864746,18257
107,,1.4141968488693237,,1.4141968488693237,18258
107,,1.4442631006240845,,1.4442631006240845,18259
107,,1.3037129640579224,,1.3037129640579224,18260
107,,1.4139630794525146,,1.4139630794525146,18261
107,,1.5914299488067627,,1.5914299488067627,18262
107,,1.618107557296753,,1.618107557296753,18263
107,,1.4955004453659058,,1.4955004453659058,18264
107,,1.3421274423599243,,1.3421274423599243,18265
107,,1.3660337924957275,,1.3660337924957275,18266
107,,1.6374846696853638,,1.6374846696853638,18267
107,,1.445694923400879,,1.445694923400879,18268
107,,1.456530213356018,,1.456530213356018,18269
107,,1.6052254438400269,,1.6052254438400269,18270
107,,1.5748322010040283,,1.5748322010040283,18271
107,,1.625161051750183,,1.625161051750183,18272
107,,1.567943811416626,,1.567943811416626,18273
107,,1.360181212425232,,1.360181212425232,18274
107,,1.1772639751434326,,1.1772639751434326,18275
107,,1.6461158990859985,,1.6461158990859985,18276
107,,1.5112738609313965,,1.5112738609313965,18277
107,,1.2927567958831787,,1.2927567958831787,18278
107,,1.52969229221344,,1.52969229221344,18279
107,,1.4361048936843872,,1.4361048936843872,18280
107,,1.6944838762283325,,1.6944838762283325,18281
107,,1.2753666639328003,,1.2753666639328003,18282
107,,1.528343915939331,,1.528343915939331,18283
107,,1.7334929704666138,,1.7334929704666138,18284
107,,1.4284379482269287,,1.4284379482269287,18285
107,,1.6304417848587036,,1.6304417848587036,18286
107,,1.5041860342025757,,1.5041860342025757,18287
107,,1.4817721843719482,,1.4817721843719482,18288
107,,1.6279836893081665,,1.6279836893081665,18289
107,,1.303723931312561,,1.303723931312561,18290
107,,1.464708924293518,,1.464708924293518,18291
107,,1.4747841358184814,,1.4747841358184814,18292
107,,1.511937141418457,,1.511937141418457,18293
107,,1.1313495635986328,,1.1313495635986328,18294
107,,1.2328118085861206,,1.2328118085861206,18295
107,,1.0387505292892456,,1.0387505292892456,18296
107,,1.6012376546859741,,1.6012376546859741,18297
107,,1.5418627262115479,,1.5418627262115479,18298
107,,1.452017903327942,,1.452017903327942,18299
107,,1.5022848844528198,,1.5022848844528198,18300
107,,1.3230926990509033,,1.3230926990509033,18301
107,,1.596164584159851,,1.596164584159851,18302
107,,1.152747392654419,,1.152747392654419,18303
107,,1.469244122505188,,1.469244122505188,18304
107,,1.4032628536224365,,1.4032628536224365,18305
107,,1.5564676523208618,,1.5564676523208618,18306
107,,1.4787266254425049,,1.4787266254425049,18307
107,,1.3997535705566406,,1.3997535705566406,18308
107,,1.478827953338623,,1.478827953338623,18309
107,,1.4636577367782593,,1.4636577367782593,18310
107,,1.322019338607788,,1.322019338607788,18311
107,,1.6036077737808228,,1.6036077737808228,18312
107,,1.5454115867614746,,1.5454115867614746,18313
107,,1.47728431224823,,1.47728431224823,18314
107,,1.2144215106964111,,1.2144215106964111,18315
107,,1.300571322441101,,1.300571322441101,18316
107,,1.4142429828643799,,1.4142429828643799,18317
107,,1.353851079940796,,1.353851079940796,18318
107,,1.4814852476119995,,1.4814852476119995,18319
107,,1.1636958122253418,,1.1636958122253418,18320
107,,1.4833667278289795,,1.4833667278289795,18321
107,,1.4725755453109741,,1.4725755453109741,18322
107,,1.4603296518325806,,1.4603296518325806,18323
107,,1.5600104331970215,,1.5600104331970215,18324
107,,1.4309639930725098,,1.4309639930725098,18325
107,,1.5344196557998657,,1.5344196557998657,18326
107,,1.6918764114379883,,1.6918764114379883,18327
107,,1.4093363285064697,,1.4093363285064697,18328
107,,1.3545972108840942,,1.3545972108840942,18329
107,,1.27627432346344,,1.27627432346344,18330
107,,1.8243752717971802,,1.8243752717971802,18331
107,,1.4601480960845947,,1.4601480960845947,18332
107,,1.2164231538772583,,1.2164231538772583,18333
107,,1.61494779586792,,1.61494779586792,18334
107,,1.2799618244171143,,1.2799618244171143,18335
107,,1.1146578788757324,,1.1146578788757324,18336
107,,1.6167980432510376,,1.6167980432510376,18337
107,,1.4733390808105469,,1.4733390808105469,18338
107,,1.4212050437927246,,1.4212050437927246,18339
107,,1.50347900390625,,1.50347900390625,18340
107,,1.4091399908065796,,1.4091399908065796,18341
107,,1.7595586776733398,,1.7595586776733398,18342
107,,1.4036716222763062,,1.4036716222763062,18343
107,,1.3471150398254395,,1.3471150398254395,18344
107,,1.4880855083465576,,1.4880855083465576,18345
107,,1.1910014152526855,,1.1910014152526855,18346
107,,1.8109816312789917,,1.8109816312789917,18347
107,,1.351925015449524,,1.351925015449524,18348
107,,1.5716603994369507,,1.5716603994369507,18349
107,,1.4028435945510864,,1.4028435945510864,18350
107,,1.2900410890579224,,1.2900410890579224,18351
107,,1.2542444467544556,,1.2542444467544556,18352
107,,1.3724347352981567,,1.3724347352981567,18353
107,,1.5337330102920532,,1.5337330102920532,18354
107,,1.2202924489974976,,1.2202924489974976,18355
107,,1.2432141304016113,,1.2432141304016113,18356
107,,1.3821966648101807,,1.3821966648101807,18357
107,,1.3654818534851074,,1.3654818534851074,18358
107,,1.6673121452331543,,1.6673121452331543,18359
107,1.4565935134887695,,1.4565935134887695,,18359
108,,1.7298195362091064,,1.7298195362091064,18360
108,,1.3073740005493164,,1.3073740005493164,18361
108,,1.24848210811615,,1.24848210811615,18362
108,,1.5194625854492188,,1.5194625854492188,18363
108,,1.4812027215957642,,1.4812027215957642,18364
108,,1.3802194595336914,,1.3802194595336914,18365
108,,1.6476597785949707,,1.6476597785949707,18366
108,,1.5014631748199463,,1.5014631748199463,18367
108,,1.3481876850128174,,1.3481876850128174,18368
108,,1.4574167728424072,,1.4574167728424072,18369
108,,1.1665771007537842,,1.1665771007537842,18370
108,,1.2782357931137085,,1.2782357931137085,18371
108,,1.4946401119232178,,1.4946401119232178,18372
108,,1.2768186330795288,,1.2768186330795288,18373
108,,1.3785659074783325,,1.3785659074783325,18374
108,,1.4888283014297485,,1.4888283014297485,18375
108,,1.385263442993164,,1.385263442993164,18376
108,,1.5564508438110352,,1.5564508438110352,18377
108,,1.17581045627594,,1.17581045627594,18378
108,,1.2883100509643555,,1.2883100509643555,18379
108,,1.6940580606460571,,1.6940580606460571,18380
108,,1.480375051498413,,1.480375051498413,18381
108,,1.3627684116363525,,1.3627684116363525,18382
108,,1.4080810546875,,1.4080810546875,18383
108,,1.3230794668197632,,1.3230794668197632,18384
108,,1.4333367347717285,,1.4333367347717285,18385
108,,1.4516648054122925,,1.4516648054122925,18386
108,,1.3433034420013428,,1.3433034420013428,18387
108,,1.4221769571304321,,1.4221769571304321,18388
108,,1.5804822444915771,,1.5804822444915771,18389
108,,1.3296451568603516,,1.3296451568603516,18390
108,,1.3253194093704224,,1.3253194093704224,18391
108,,1.478821039199829,,1.478821039199829,18392
108,,1.213176965713501,,1.213176965713501,18393
108,,1.4790246486663818,,1.4790246486663818,18394
108,,1.6688593626022339,,1.6688593626022339,18395
108,,1.4508352279663086,,1.4508352279663086,18396
108,,1.4148176908493042,,1.4148176908493042,18397
108,,1.3066213130950928,,1.3066213130950928,18398
108,,1.134725570678711,,1.134725570678711,18399
108,,1.6503472328186035,,1.6503472328186035,18400
108,,1.5490301847457886,,1.5490301847457886,18401
108,,1.5108606815338135,,1.5108606815338135,18402
108,,1.4626671075820923,,1.4626671075820923,18403
108,,1.4458519220352173,,1.4458519220352173,18404
108,,1.5512912273406982,,1.5512912273406982,18405
108,,1.448753833770752,,1.448753833770752,18406
108,,1.536560297012329,,1.536560297012329,18407
108,,1.5012246370315552,,1.5012246370315552,18408
108,,1.437041997909546,,1.437041997909546,18409
108,,1.788983702659607,,1.788983702659607,18410
108,,1.669176697731018,,1.669176697731018,18411
108,,1.475887417793274,,1.475887417793274,18412
108,,1.2218894958496094,,1.2218894958496094,18413
108,,1.402883529663086,,1.402883529663086,18414
108,,1.593759536743164,,1.593759536743164,18415
108,,1.2354068756103516,,1.2354068756103516,18416
108,,1.350138783454895,,1.350138783454895,18417
108,,1.349700927734375,,1.349700927734375,18418
108,,1.6891705989837646,,1.6891705989837646,18419
108,,1.264440655708313,,1.264440655708313,18420
108,,1.2553606033325195,,1.2553606033325195,18421
108,,1.4930450916290283,,1.4930450916290283,18422
108,,1.5174452066421509,,1.5174452066421509,18423
108,,1.4038554430007935,,1.4038554430007935,18424
108,,1.2092218399047852,,1.2092218399047852,18425
108,,1.9290467500686646,,1.9290467500686646,18426
108,,1.1542534828186035,,1.1542534828186035,18427
108,,1.636564016342163,,1.636564016342163,18428
108,,1.4783884286880493,,1.4783884286880493,18429
108,,1.4170546531677246,,1.4170546531677246,18430
108,,1.613860011100769,,1.613860011100769,18431
108,,1.5560938119888306,,1.5560938119888306,18432
108,,1.1566991806030273,,1.1566991806030273,18433
108,,1.3087669610977173,,1.3087669610977173,18434
108,,1.2568691968917847,,1.2568691968917847,18435
108,,1.293675184249878,,1.293675184249878,18436
108,,1.550059199333191,,1.550059199333191,18437
108,,1.5468261241912842,,1.5468261241912842,18438
108,,1.5126394033432007,,1.5126394033432007,18439
108,,1.1927396059036255,,1.1927396059036255,18440
108,,1.6616718769073486,,1.6616718769073486,18441
108,,1.4171398878097534,,1.4171398878097534,18442
108,,1.4708071947097778,,1.4708071947097778,18443
108,,1.5376646518707275,,1.5376646518707275,18444
108,,1.395845890045166,,1.395845890045166,18445
108,,1.7368701696395874,,1.7368701696395874,18446
108,,1.64031982421875,,1.64031982421875,18447
108,,1.4848105907440186,,1.4848105907440186,18448
108,,1.2667511701583862,,1.2667511701583862,18449
108,,1.5576993227005005,,1.5576993227005005,18450
108,,1.486884355545044,,1.486884355545044,18451
108,,1.3275352716445923,,1.3275352716445923,18452
108,,1.3158048391342163,,1.3158048391342163,18453
108,,1.728663682937622,,1.728663682937622,18454
108,,1.2964112758636475,,1.2964112758636475,18455
108,,1.5569711923599243,,1.5569711923599243,18456
108,,1.5344470739364624,,1.5344470739364624,18457
108,,1.2725775241851807,,1.2725775241851807,18458
108,,1.383117437362671,,1.383117437362671,18459
108,,1.200147032737732,,1.200147032737732,18460
108,,1.3826040029525757,,1.3826040029525757,18461
108,,1.374755859375,,1.374755859375,18462
108,,1.3018338680267334,,1.3018338680267334,18463
108,,1.6325914859771729,,1.6325914859771729,18464
108,,1.6739375591278076,,1.6739375591278076,18465
108,,1.4979196786880493,,1.4979196786880493,18466
108,,1.6011056900024414,,1.6011056900024414,18467
108,,1.5947338342666626,,1.5947338342666626,18468
108,,1.3087917566299438,,1.3087917566299438,18469
108,,1.3916209936141968,,1.3916209936141968,18470
108,,1.761594295501709,,1.761594295501709,18471
108,,1.371468186378479,,1.371468186378479,18472
108,,1.5030347108840942,,1.5030347108840942,18473
108,,1.4466372728347778,,1.4466372728347778,18474
108,,1.4986779689788818,,1.4986779689788818,18475
108,,1.492213249206543,,1.492213249206543,18476
108,,1.5870482921600342,,1.5870482921600342,18477
108,,1.4579036235809326,,1.4579036235809326,18478
108,,1.3917208909988403,,1.3917208909988403,18479
108,,1.3136258125305176,,1.3136258125305176,18480
108,,1.3533811569213867,,1.3533811569213867,18481
108,,1.3676596879959106,,1.3676596879959106,18482
108,,1.200214147567749,,1.200214147567749,18483
108,,1.3933727741241455,,1.3933727741241455,18484
108,,1.0623875856399536,,1.0623875856399536,18485
108,,1.5007766485214233,,1.5007766485214233,18486
108,,1.6262822151184082,,1.6262822151184082,18487
108,,1.500821828842163,,1.500821828842163,18488
108,,1.3671644926071167,,1.3671644926071167,18489
108,,1.6381418704986572,,1.6381418704986572,18490
108,,1.479340672492981,,1.479340672492981,18491
108,,1.501564860343933,,1.501564860343933,18492
108,,1.5027238130569458,,1.5027238130569458,18493
108,,1.2066929340362549,,1.2066929340362549,18494
108,,1.6261788606643677,,1.6261788606643677,18495
108,,1.4877805709838867,,1.4877805709838867,18496
108,,1.4372891187667847,,1.4372891187667847,18497
108,,1.207820177078247,,1.207820177078247,18498
108,,1.5041306018829346,,1.5041306018829346,18499
108,,1.405293583869934,,1.405293583869934,18500
108,,1.4206925630569458,,1.4206925630569458,18501
108,,1.2376374006271362,,1.2376374006271362,18502
108,,1.523473858833313,,1.523473858833313,18503
108,,1.694838523864746,,1.694838523864746,18504
108,,1.5961905717849731,,1.5961905717849731,18505
108,,1.5581519603729248,,1.5581519603729248,18506
108,,1.8125050067901611,,1.8125050067901611,18507
108,,1.3041783571243286,,1.3041783571243286,18508
108,,1.383831262588501,,1.383831262588501,18509
108,,1.43373703956604,,1.43373703956604,18510
108,,1.4231483936309814,,1.4231483936309814,18511
108,,1.4395453929901123,,1.4395453929901123,18512
108,,1.4092602729797363,,1.4092602729797363,18513
108,,1.1349819898605347,,1.1349819898605347,18514
108,,1.5389913320541382,,1.5389913320541382,18515
108,,1.3222863674163818,,1.3222863674163818,18516
108,,1.6369978189468384,,1.6369978189468384,18517
108,,1.34233558177948,,1.34233558177948,18518
108,,1.5869724750518799,,1.5869724750518799,18519
108,,1.1228928565979004,,1.1228928565979004,18520
108,,1.4795290231704712,,1.4795290231704712,18521
108,,1.5323281288146973,,1.5323281288146973,18522
108,,1.625010371208191,,1.625010371208191,18523
108,,1.6001007556915283,,1.6001007556915283,18524
108,,1.185786247253418,,1.185786247253418,18525
108,,1.6872975826263428,,1.6872975826263428,18526
108,,1.5061805248260498,,1.5061805248260498,18527
108,,1.3755968809127808,,1.3755968809127808,18528
108,,1.7162543535232544,,1.7162543535232544,18529
108,1.4453879594802856,,1.4453879594802856,,18529
109,,1.3635512590408325,,1.3635512590408325,18530
109,,1.4769231081008911,,1.4769231081008911,18531
109,,1.3706389665603638,,1.3706389665603638,18532
109,,1.5357310771942139,,1.5357310771942139,18533
109,,1.3892724514007568,,1.3892724514007568,18534
109,,1.3868250846862793,,1.3868250846862793,18535
109,,1.2791107892990112,,1.2791107892990112,18536
109,,1.2150936126708984,,1.2150936126708984,18537
109,,1.429659128189087,,1.429659128189087,18538
109,,1.534767508506775,,1.534767508506775,18539
109,,1.4884852170944214,,1.4884852170944214,18540
109,,1.419543743133545,,1.419543743133545,18541
109,,1.3410381078720093,,1.3410381078720093,18542
109,,1.5411927700042725,,1.5411927700042725,18543
109,,1.5350666046142578,,1.5350666046142578,18544
109,,1.389303207397461,,1.389303207397461,18545
109,,1.5886024236679077,,1.5886024236679077,18546
109,,1.4159575700759888,,1.4159575700759888,18547
109,,1.5883902311325073,,1.5883902311325073,18548
109,,1.403062343597412,,1.403062343597412,18549
109,,1.3052036762237549,,1.3052036762237549,18550
109,,1.4534415006637573,,1.4534415006637573,18551
109,,1.5224837064743042,,1.5224837064743042,18552
109,,1.3631038665771484,,1.3631038665771484,18553
109,,1.7195796966552734,,1.7195796966552734,18554
109,,1.4353034496307373,,1.4353034496307373,18555
109,,1.3572745323181152,,1.3572745323181152,18556
109,,1.3769482374191284,,1.3769482374191284,18557
109,,1.4798282384872437,,1.4798282384872437,18558
109,,1.4011247158050537,,1.4011247158050537,18559
109,,1.2161909341812134,,1.2161909341812134,18560
109,,1.5414537191390991,,1.5414537191390991,18561
109,,1.2833170890808105,,1.2833170890808105,18562
109,,1.5168726444244385,,1.5168726444244385,18563
109,,1.591770887374878,,1.591770887374878,18564
109,,1.715466856956482,,1.715466856956482,18565
109,,1.674999713897705,,1.674999713897705,18566
109,,1.581617832183838,,1.581617832183838,18567
109,,1.3676464557647705,,1.3676464557647705,18568
109,,1.6374421119689941,,1.6374421119689941,18569
109,,1.3741079568862915,,1.3741079568862915,18570
109,,1.3327776193618774,,1.3327776193618774,18571
109,,1.484468936920166,,1.484468936920166,18572
109,,1.231391429901123,,1.231391429901123,18573
109,,1.539377212524414,,1.539377212524414,18574
109,,1.1081384420394897,,1.1081384420394897,18575
109,,1.2365097999572754,,1.2365097999572754,18576
109,,1.441740870475769,,1.441740870475769,18577
109,,1.251320719718933,,1.251320719718933,18578
109,,1.0486574172973633,,1.0486574172973633,18579
109,,1.3506603240966797,,1.3506603240966797,18580
109,,1.4113869667053223,,1.4113869667053223,18581
109,,1.5303431749343872,,1.5303431749343872,18582
109,,1.404754877090454,,1.404754877090454,18583
109,,1.0505393743515015,,1.0505393743515015,18584
109,,1.5289905071258545,,1.5289905071258545,18585
109,,1.479744791984558,,1.479744791984558,18586
109,,1.6250030994415283,,1.6250030994415283,18587
109,,1.3448140621185303,,1.3448140621185303,18588
109,,1.5703269243240356,,1.5703269243240356,18589
109,,1.515221357345581,,1.515221357345581,18590
109,,1.2673063278198242,,1.2673063278198242,18591
109,,1.3297038078308105,,1.3297038078308105,18592
109,,1.6525012254714966,,1.6525012254714966,18593
109,,1.4907625913619995,,1.4907625913619995,18594
109,,1.5751304626464844,,1.5751304626464844,18595
109,,1.283624291419983,,1.283624291419983,18596
109,,1.4625529050827026,,1.4625529050827026,18597
109,,1.582605004310608,,1.582605004310608,18598
109,,1.6362930536270142,,1.6362930536270142,18599
109,,1.2994972467422485,,1.2994972467422485,18600
109,,1.4251024723052979,,1.4251024723052979,18601
109,,1.4289792776107788,,1.4289792776107788,18602
109,,1.6316570043563843,,1.6316570043563843,18603
109,,1.7104082107543945,,1.7104082107543945,18604
109,,1.5118560791015625,,1.5118560791015625,18605
109,,1.3040482997894287,,1.3040482997894287,18606
109,,0.958149254322052,,0.958149254322052,18607
109,,1.7029613256454468,,1.7029613256454468,18608
109,,1.3615021705627441,,1.3615021705627441,18609
109,,1.4544718265533447,,1.4544718265533447,18610
109,,1.456505537033081,,1.456505537033081,18611
109,,1.340758204460144,,1.340758204460144,18612
109,,1.331094741821289,,1.331094741821289,18613
109,,1.5040031671524048,,1.5040031671524048,18614
109,,1.5239601135253906,,1.5239601135253906,18615
109,,1.323018193244934,,1.323018193244934,18616
109,,1.53170645236969,,1.53170645236969,18617
109,,1.1837338209152222,,1.1837338209152222,18618
109,,1.3602378368377686,,1.3602378368377686,18619
109,,1.517646074295044,,1.517646074295044,18620
109,,1.4960136413574219,,1.4960136413574219,18621
109,,1.4276952743530273,,1.4276952743530273,18622
109,,1.3343456983566284,,1.3343456983566284,18623
109,,1.6235382556915283,,1.6235382556915283,18624
109,,1.375430703163147,,1.375430703163147,18625
109,,1.4745646715164185,,1.4745646715164185,18626
109,,1.4686874151229858,,1.4686874151229858,18627
109,,1.6015827655792236,,1.6015827655792236,18628
109,,1.469857096672058,,1.469857096672058,18629
109,,1.2370052337646484,,1.2370052337646484,18630
109,,1.3775852918624878,,1.3775852918624878,18631
109,,1.497612714767456,,1.497612714767456,18632
109,,1.3587149381637573,,1.3587149381637573,18633
109,,1.068091869354248,,1.068091869354248,18634
109,,1.307457447052002,,1.307457447052002,18635
109,,1.3396692276000977,,1.3396692276000977,18636
109,,1.4375182390213013,,1.4375182390213013,18637
109,,1.728524088859558,,1.728524088859558,18638
109,,1.3298817873001099,,1.3298817873001099,18639
109,,1.3397568464279175,,1.3397568464279175,18640
109,,1.3067647218704224,,1.3067647218704224,18641
109,,1.399565577507019,,1.399565577507019,18642
109,,1.25398850440979,,1.25398850440979,18643
109,,1.1368216276168823,,1.1368216276168823,18644
109,,1.4579776525497437,,1.4579776525497437,18645
109,,1.1794112920761108,,1.1794112920761108,18646
109,,1.4075185060501099,,1.4075185060501099,18647
109,,1.5326743125915527,,1.5326743125915527,18648
109,,1.5552630424499512,,1.5552630424499512,18649
109,,1.2137295007705688,,1.2137295007705688,18650
109,,1.059576153755188,,1.059576153755188,18651
109,,1.4443261623382568,,1.4443261623382568,18652
109,,1.396341323852539,,1.396341323852539,18653
109,,1.2814851999282837,,1.2814851999282837,18654
109,,1.583125114440918,,1.583125114440918,18655
109,,1.2343969345092773,,1.2343969345092773,18656
109,,1.5014610290527344,,1.5014610290527344,18657
109,,1.2798324823379517,,1.2798324823379517,18658
109,,1.439940333366394,,1.439940333366394,18659
109,,1.4938536882400513,,1.4938536882400513,18660
109,,1.4910141229629517,,1.4910141229629517,18661
109,,1.4300874471664429,,1.4300874471664429,18662
109,,1.4427379369735718,,1.4427379369735718,18663
109,,1.5327249765396118,,1.5327249765396118,18664
109,,1.2553577423095703,,1.2553577423095703,18665
109,,1.5797702074050903,,1.5797702074050903,18666
109,,1.4803558588027954,,1.4803558588027954,18667
109,,1.0761220455169678,,1.0761220455169678,18668
109,,1.4218931198120117,,1.4218931198120117,18669
109,,1.4598172903060913,,1.4598172903060913,18670
109,,1.3987306356430054,,1.3987306356430054,18671
109,,1.3114367723464966,,1.3114367723464966,18672
109,,1.5560799837112427,,1.5560799837112427,18673
109,,1.1838505268096924,,1.1838505268096924,18674
109,,1.6885067224502563,,1.6885067224502563,18675
109,,1.575365662574768,,1.575365662574768,18676
109,,1.478466510772705,,1.478466510772705,18677
109,,1.4700027704238892,,1.4700027704238892,18678
109,,1.3906440734863281,,1.3906440734863281,18679
109,,1.257611870765686,,1.257611870765686,18680
109,,1.4818817377090454,,1.4818817377090454,18681
109,,1.4315195083618164,,1.4315195083618164,18682
109,,1.4832836389541626,,1.4832836389541626,18683
109,,1.4058555364608765,,1.4058555364608765,18684
109,,1.5686384439468384,,1.5686384439468384,18685
109,,1.48635733127594,,1.48635733127594,18686
109,,1.3200750350952148,,1.3200750350952148,18687
109,,1.5512866973876953,,1.5512866973876953,18688
109,,1.391977071762085,,1.391977071762085,18689
109,,1.3569715023040771,,1.3569715023040771,18690
109,,1.7787046432495117,,1.7787046432495117,18691
109,,1.7404148578643799,,1.7404148578643799,18692
109,,1.6081098318099976,,1.6081098318099976,18693
109,,1.7371183633804321,,1.7371183633804321,18694
109,,1.3283478021621704,,1.3283478021621704,18695
109,,1.6729602813720703,,1.6729602813720703,18696
109,,1.707025170326233,,1.707025170326233,18697
109,,1.40688157081604,,1.40688157081604,18698
109,,1.4870866537094116,,1.4870866537094116,18699
109,1.4298601150512695,,1.4298601150512695,,18699
110,,1.4646756649017334,,1.4646756649017334,18700
110,,1.5443285703659058,,1.5443285703659058,18701
110,,1.7357269525527954,,1.7357269525527954,18702
110,,1.6147408485412598,,1.6147408485412598,18703
110,,1.5614163875579834,,1.5614163875579834,18704
110,,1.3735523223876953,,1.3735523223876953,18705
110,,1.446044921875,,1.446044921875,18706
110,,1.0580025911331177,,1.0580025911331177,18707
110,,1.3037155866622925,,1.3037155866622925,18708
110,,1.5340205430984497,,1.5340205430984497,18709
110,,1.378808856010437,,1.378808856010437,18710
110,,1.4083976745605469,,1.4083976745605469,18711
110,,1.3891170024871826,,1.3891170024871826,18712
110,,1.638246774673462,,1.638246774673462,18713
110,,1.562097191810608,,1.562097191810608,18714
110,,1.406322717666626,,1.406322717666626,18715
110,,1.6172510385513306,,1.6172510385513306,18716
110,,1.719724178314209,,1.719724178314209,18717
110,,1.5973299741744995,,1.5973299741744995,18718
110,,1.674597144126892,,1.674597144126892,18719
110,,1.4975903034210205,,1.4975903034210205,18720
110,,1.6339056491851807,,1.6339056491851807,18721
110,,1.0101550817489624,,1.0101550817489624,18722
110,,1.2016913890838623,,1.2016913890838623,18723
110,,1.449677586555481,,1.449677586555481,18724
110,,1.3677418231964111,,1.3677418231964111,18725
110,,1.5160894393920898,,1.5160894393920898,18726
110,,1.4801850318908691,,1.4801850318908691,18727
110,,1.6082124710083008,,1.6082124710083008,18728
110,,1.260613203048706,,1.260613203048706,18729
110,,1.1481117010116577,,1.1481117010116577,18730
110,,1.4214608669281006,,1.4214608669281006,18731
110,,1.5470716953277588,,1.5470716953277588,18732
110,,1.4275776147842407,,1.4275776147842407,18733
110,,1.5682790279388428,,1.5682790279388428,18734
110,,1.1989940404891968,,1.1989940404891968,18735
110,,1.5116262435913086,,1.5116262435913086,18736
110,,1.3824118375778198,,1.3824118375778198,18737
110,,1.431429386138916,,1.431429386138916,18738
110,,1.5332103967666626,,1.5332103967666626,18739
110,,1.3693835735321045,,1.3693835735321045,18740
110,,1.3576021194458008,,1.3576021194458008,18741
110,,1.6631271839141846,,1.6631271839141846,18742
110,,1.6033028364181519,,1.6033028364181519,18743
110,,1.5604774951934814,,1.5604774951934814,18744
110,,1.373477816581726,,1.373477816581726,18745
110,,1.4794756174087524,,1.4794756174087524,18746
110,,1.533263087272644,,1.533263087272644,18747
110,,1.3135462999343872,,1.3135462999343872,18748
110,,1.5213639736175537,,1.5213639736175537,18749
110,,1.4766517877578735,,1.4766517877578735,18750
110,,1.4782758951187134,,1.4782758951187134,18751
110,,1.4239109754562378,,1.4239109754562378,18752
110,,1.53618586063385,,1.53618586063385,18753
110,,1.472951054573059,,1.472951054573059,18754
110,,1.4660183191299438,,1.4660183191299438,18755
110,,1.4677774906158447,,1.4677774906158447,18756
110,,1.535564661026001,,1.535564661026001,18757
110,,1.4472736120224,,1.4472736120224,18758
110,,1.6885334253311157,,1.6885334253311157,18759
110,,1.4718279838562012,,1.4718279838562012,18760
110,,1.644873023033142,,1.644873023033142,18761
110,,1.411550760269165,,1.411550760269165,18762
110,,1.52484929561615,,1.52484929561615,18763
110,,1.2637543678283691,,1.2637543678283691,18764
110,,1.2734063863754272,,1.2734063863754272,18765
110,,1.540361762046814,,1.540361762046814,18766
110,,1.5171067714691162,,1.5171067714691162,18767
110,,1.4506210088729858,,1.4506210088729858,18768
110,,1.297186255455017,,1.297186255455017,18769
110,,1.555965542793274,,1.555965542793274,18770
110,,1.3902232646942139,,1.3902232646942139,18771
110,,1.341658592224121,,1.341658592224121,18772
110,,1.3306738138198853,,1.3306738138198853,18773
110,,1.4608817100524902,,1.4608817100524902,18774
110,,1.4305611848831177,,1.4305611848831177,18775
110,,1.1555770635604858,,1.1555770635604858,18776
110,,1.0617272853851318,,1.0617272853851318,18777
110,,1.577235221862793,,1.577235221862793,18778
110,,1.418045997619629,,1.418045997619629,18779
110,,1.521655797958374,,1.521655797958374,18780
110,,1.4012558460235596,,1.4012558460235596,18781
110,,1.607730746269226,,1.607730746269226,18782
110,,1.315570592880249,,1.315570592880249,18783
110,,1.6251627206802368,,1.6251627206802368,18784
110,,1.666174054145813,,1.666174054145813,18785
110,,1.4292279481887817,,1.4292279481887817,18786
110,,1.5166949033737183,,1.5166949033737183,18787
110,,1.4979684352874756,,1.4979684352874756,18788
110,,1.3084628582000732,,1.3084628582000732,18789
110,,1.1839556694030762,,1.1839556694030762,18790
110,,1.6406041383743286,,1.6406041383743286,18791
110,,1.4047300815582275,,1.4047300815582275,18792
110,,1.6711162328720093,,1.6711162328720093,18793
110,,1.5957984924316406,,1.5957984924316406,18794
110,,1.4074491262435913,,1.4074491262435913,18795
110,,1.1723320484161377,,1.1723320484161377,18796
110,,1.2174246311187744,,1.2174246311187744,18797
110,,1.4530104398727417,,1.4530104398727417,18798
110,,1.3195816278457642,,1.3195816278457642,18799
110,,1.3118984699249268,,1.3118984699249268,18800
110,,1.308786153793335,,1.308786153793335,18801
110,,1.4462740421295166,,1.4462740421295166,18802
110,,1.380921483039856,,1.380921483039856,18803
110,,1.3719526529312134,,1.3719526529312134,18804
110,,1.3798483610153198,,1.3798483610153198,18805
110,,1.5412269830703735,,1.5412269830703735,18806
110,,1.5702271461486816,,1.5702271461486816,18807
110,,1.590145468711853,,1.590145468711853,18808
110,,1.4544322490692139,,1.4544322490692139,18809
110,,1.3797054290771484,,1.3797054290771484,18810
110,,1.1752383708953857,,1.1752383708953857,18811
110,,1.2346148490905762,,1.2346148490905762,18812
110,,1.3769915103912354,,1.3769915103912354,18813
110,,1.3259514570236206,,1.3259514570236206,18814
110,,1.493535041809082,,1.493535041809082,18815
110,,1.470641016960144,,1.470641016960144,18816
110,,1.4422930479049683,,1.4422930479049683,18817
110,,1.358194351196289,,1.358194351196289,18818
110,,1.404836654663086,,1.404836654663086,18819
110,,1.3645515441894531,,1.3645515441894531,18820
110,,1.5148625373840332,,1.5148625373840332,18821
110,,1.2804224491119385,,1.2804224491119385,18822
110,,1.2062314748764038,,1.2062314748764038,18823
110,,1.3632677793502808,,1.3632677793502808,18824
110,,1.6143854856491089,,1.6143854856491089,18825
110,,1.4611461162567139,,1.4611461162567139,18826
110,,1.4026702642440796,,1.4026702642440796,18827
110,,1.6623963117599487,,1.6623963117599487,18828
110,,1.7396172285079956,,1.7396172285079956,18829
110,,1.569777250289917,,1.569777250289917,18830
110,,1.3501110076904297,,1.3501110076904297,18831
110,,1.4661012887954712,,1.4661012887954712,18832
110,,1.2402976751327515,,1.2402976751327515,18833
110,,1.3515625,,1.3515625,18834
110,,1.3308082818984985,,1.3308082818984985,18835
110,,1.4746288061141968,,1.4746288061141968,18836
110,,1.62129545211792,,1.62129545211792,18837
110,,1.4866257905960083,,1.4866257905960083,18838
110,,1.3544985055923462,,1.3544985055923462,18839
110,,1.496683955192566,,1.496683955192566,18840
110,,1.2405091524124146,,1.2405091524124146,18841
110,,1.5169193744659424,,1.5169193744659424,18842
110,,1.3293557167053223,,1.3293557167053223,18843
110,,1.5970598459243774,,1.5970598459243774,18844
110,,1.7128159999847412,,1.7128159999847412,18845
110,,1.0442525148391724,,1.0442525148391724,18846
110,,1.6946600675582886,,1.6946600675582886,18847
110,,1.3064422607421875,,1.3064422607421875,18848
110,,1.1784441471099854,,1.1784441471099854,18849
110,,1.4343918561935425,,1.4343918561935425,18850
110,,1.2984493970870972,,1.2984493970870972,18851
110,,1.437201738357544,,1.437201738357544,18852
110,,1.4853628873825073,,1.4853628873825073,18853
110,,1.4792200326919556,,1.4792200326919556,18854
110,,1.507615089416504,,1.507615089416504,18855
110,,1.737418293952942,,1.737418293952942,18856
110,,1.1330394744873047,,1.1330394744873047,18857
110,,1.371158242225647,,1.371158242225647,18858
110,,1.5137325525283813,,1.5137325525283813,18859
110,,1.4705204963684082,,1.4705204963684082,18860
110,,1.3886598348617554,,1.3886598348617554,18861
110,,1.4615910053253174,,1.4615910053253174,18862
110,,1.6303356885910034,,1.6303356885910034,18863
110,,1.6098530292510986,,1.6098530292510986,18864
110,,1.1635199785232544,,1.1635199785232544,18865
110,,1.32743239402771,,1.32743239402771,18866
110,,1.6289427280426025,,1.6289427280426025,18867
110,,1.33176851272583,,1.33176851272583,18868
110,,0.995742917060852,,0.995742917060852,18869
110,1.4396458864212036,,1.4396458864212036,,18869
111,,1.026431918144226,,1.026431918144226,18870
111,,1.5589159727096558,,1.5589159727096558,18871
111,,1.4846183061599731,,1.4846183061599731,18872
111,,1.432247519493103,,1.432247519493103,18873
111,,1.4606693983078003,,1.4606693983078003,18874
111,,1.454279899597168,,1.454279899597168,18875
111,,1.1646608114242554,,1.1646608114242554,18876
111,,1.4359716176986694,,1.4359716176986694,18877
111,,1.2831733226776123,,1.2831733226776123,18878
111,,1.6693115234375,,1.6693115234375,18879
111,,1.434186339378357,,1.434186339378357,18880
111,,1.4219261407852173,,1.4219261407852173,18881
111,,1.217214822769165,,1.217214822769165,18882
111,,1.303829550743103,,1.303829550743103,18883
111,,1.4294978380203247,,1.4294978380203247,18884
111,,1.666459560394287,,1.666459560394287,18885
111,,1.417617917060852,,1.417617917060852,18886
111,,1.6183701753616333,,1.6183701753616333,18887
111,,1.5277239084243774,,1.5277239084243774,18888
111,,1.2088956832885742,,1.2088956832885742,18889
111,,1.1846932172775269,,1.1846932172775269,18890
111,,1.2300972938537598,,1.2300972938537598,18891
111,,1.3816436529159546,,1.3816436529159546,18892
111,,1.527908205986023,,1.527908205986023,18893
111,,1.4819095134735107,,1.4819095134735107,18894
111,,1.3510363101959229,,1.3510363101959229,18895
111,,1.6092313528060913,,1.6092313528060913,18896
111,,1.4809951782226562,,1.4809951782226562,18897
111,,1.501233696937561,,1.501233696937561,18898
111,,1.2368131875991821,,1.2368131875991821,18899
111,,1.3649044036865234,,1.3649044036865234,18900
111,,1.3891104459762573,,1.3891104459762573,18901
111,,1.3122904300689697,,1.3122904300689697,18902
111,,1.5814799070358276,,1.5814799070358276,18903
111,,1.5156828165054321,,1.5156828165054321,18904
111,,1.6234948635101318,,1.6234948635101318,18905
111,,1.2364628314971924,,1.2364628314971924,18906
111,,1.3626055717468262,,1.3626055717468262,18907
111,,1.37532639503479,,1.37532639503479,18908
111,,1.2782201766967773,,1.2782201766967773,18909
111,,1.4805041551589966,,1.4805041551589966,18910
111,,1.8294787406921387,,1.8294787406921387,18911
111,,1.5319743156433105,,1.5319743156433105,18912
111,,1.4672560691833496,,1.4672560691833496,18913
111,,1.271207332611084,,1.271207332611084,18914
111,,1.6180830001831055,,1.6180830001831055,18915
111,,1.603681206703186,,1.603681206703186,18916
111,,1.419682502746582,,1.419682502746582,18917
111,,1.3780903816223145,,1.3780903816223145,18918
111,,1.3022778034210205,,1.3022778034210205,18919
111,,1.431089162826538,,1.431089162826538,18920
111,,1.5730830430984497,,1.5730830430984497,18921
111,,1.4116476774215698,,1.4116476774215698,18922
111,,1.3779524564743042,,1.3779524564743042,18923
111,,1.518864393234253,,1.518864393234253,18924
111,,1.675571084022522,,1.675571084022522,18925
111,,1.5362287759780884,,1.5362287759780884,18926
111,,1.4755983352661133,,1.4755983352661133,18927
111,,1.6096371412277222,,1.6096371412277222,18928
111,,1.558515191078186,,1.558515191078186,18929
111,,1.2994390726089478,,1.2994390726089478,18930
111,,1.4105530977249146,,1.4105530977249146,18931
111,,1.5349373817443848,,1.5349373817443848,18932
111,,1.2400591373443604,,1.2400591373443604,18933
111,,1.2616575956344604,,1.2616575956344604,18934
111,,1.2085819244384766,,1.2085819244384766,18935
111,,1.5929417610168457,,1.5929417610168457,18936
111,,1.4312306642532349,,1.4312306642532349,18937
111,,1.0508898496627808,,1.0508898496627808,18938
111,,1.0336793661117554,,1.0336793661117554,18939
111,,1.4423842430114746,,1.4423842430114746,18940
111,,1.5365883111953735,,1.5365883111953735,18941
111,,1.636351466178894,,1.636351466178894,18942
111,,1.1417888402938843,,1.1417888402938843,18943
111,,1.4278355836868286,,1.4278355836868286,18944
111,,1.5951595306396484,,1.5951595306396484,18945
111,,1.5119009017944336,,1.5119009017944336,18946
111,,1.4664664268493652,,1.4664664268493652,18947
111,,1.5119727849960327,,1.5119727849960327,18948
111,,1.516178011894226,,1.516178011894226,18949
111,,1.1517194509506226,,1.1517194509506226,18950
111,,1.504836082458496,,1.504836082458496,18951
111,,1.5058480501174927,,1.5058480501174927,18952
111,,1.3749114274978638,,1.3749114274978638,18953
111,,1.327143669128418,,1.327143669128418,18954
111,,1.2251216173171997,,1.2251216173171997,18955
111,,1.6148754358291626,,1.6148754358291626,18956
111,,0.9915845990180969,,0.9915845990180969,18957
111,,1.4823955297470093,,1.4823955297470093,18958
111,,1.5844178199768066,,1.5844178199768066,18959
111,,1.3786327838897705,,1.3786327838897705,18960
111,,1.4219117164611816,,1.4219117164611816,18961
111,,1.2566455602645874,,1.2566455602645874,18962
111,,1.3094673156738281,,1.3094673156738281,18963
111,,1.445004940032959,,1.445004940032959,18964
111,,1.3977720737457275,,1.3977720737457275,18965
111,,1.5701223611831665,,1.5701223611831665,18966
111,,1.3542299270629883,,1.3542299270629883,18967
111,,1.7547414302825928,,1.7547414302825928,18968
111,,1.4738506078720093,,1.4738506078720093,18969
111,,1.5008318424224854,,1.5008318424224854,18970
111,,1.516875147819519,,1.516875147819519,18971
111,,1.307314157485962,,1.307314157485962,18972
111,,1.6244513988494873,,1.6244513988494873,18973
111,,1.338494062423706,,1.338494062423706,18974
111,,1.2062950134277344,,1.2062950134277344,18975
111,,1.3716903924942017,,1.3716903924942017,18976
111,,1.1321836709976196,,1.1321836709976196,18977
111,,1.5268220901489258,,1.5268220901489258,18978
111,,1.2435057163238525,,1.2435057163238525,18979
111,,1.4120134115219116,,1.4120134115219116,18980
111,,1.408555030822754,,1.408555030822754,18981
111,,1.6656584739685059,,1.6656584739685059,18982
111,,1.4935425519943237,,1.4935425519943237,18983
111,,1.448848843574524,,1.448848843574524,18984
111,,1.3661326169967651,,1.3661326169967651,18985
111,,1.315290927886963,,1.315290927886963,18986
111,,1.2927882671356201,,1.2927882671356201,18987
111,,1.5766854286193848,,1.5766854286193848,18988
111,,1.4755913019180298,,1.4755913019180298,18989
111,,1.7061306238174438,,1.7061306238174438,18990
111,,1.7786304950714111,,1.7786304950714111,18991
111,,1.4615721702575684,,1.4615721702575684,18992
111,,1.374949336051941,,1.374949336051941,18993
111,,1.6132193803787231,,1.6132193803787231,18994
111,,1.6735881567001343,,1.6735881567001343,18995
111,,1.7057188749313354,,1.7057188749313354,18996
111,,1.35347580909729,,1.35347580909729,18997
111,,1.7952779531478882,,1.7952779531478882,18998
111,,1.5643631219863892,,1.5643631219863892,18999
111,,1.3383631706237793,,1.3383631706237793,19000
111,,1.471158742904663,,1.471158742904663,19001
111,,1.586357593536377,,1.586357593536377,19002
111,,1.2725750207901,,1.2725750207901,19003
111,,1.3872336149215698,,1.3872336149215698,19004
111,,1.3293768167495728,,1.3293768167495728,19005
111,,1.5622589588165283,,1.5622589588165283,19006
111,,1.3614375591278076,,1.3614375591278076,19007
111,,1.7069870233535767,,1.7069870233535767,19008
111,,1.3495733737945557,,1.3495733737945557,19009
111,,1.5695772171020508,,1.5695772171020508,19010
111,,1.3078525066375732,,1.3078525066375732,19011
111,,1.6344425678253174,,1.6344425678253174,19012
111,,1.5188316106796265,,1.5188316106796265,19013
111,,1.689008116722107,,1.689008116722107,19014
111,,1.3032675981521606,,1.3032675981521606,19015
111,,1.3594483137130737,,1.3594483137130737,19016
111,,1.5690534114837646,,1.5690534114837646,19017
111,,1.5937622785568237,,1.5937622785568237,19018
111,,1.1959848403930664,,1.1959848403930664,19019
111,,1.2438645362854004,,1.2438645362854004,19020
111,,1.722090721130371,,1.722090721130371,19021
111,,1.5515892505645752,,1.5515892505645752,19022
111,,1.634090542793274,,1.634090542793274,19023
111,,1.6756291389465332,,1.6756291389465332,19024
111,,1.146522879600525,,1.146522879600525,19025
111,,1.528751254081726,,1.528751254081726,19026
111,,1.3359959125518799,,1.3359959125518799,19027
111,,1.1386604309082031,,1.1386604309082031,19028
111,,1.0751879215240479,,1.0751879215240479,19029
111,,1.5157583951950073,,1.5157583951950073,19030
111,,1.4036842584609985,,1.4036842584609985,19031
111,,1.2940059900283813,,1.2940059900283813,19032
111,,1.5628165006637573,,1.5628165006637573,19033
111,,1.52985680103302,,1.52985680103302,19034
111,,1.2618051767349243,,1.2618051767349243,19035
111,,1.6008832454681396,,1.6008832454681396,19036
111,,1.75433349609375,,1.75433349609375,19037
111,,1.689115285873413,,1.689115285873413,19038
111,,1.2753441333770752,,1.2753441333770752,19039
111,1.4393351078033447,,1.4393351078033447,,19039
112,,1.5730522871017456,,1.5730522871017456,19040
112,,1.2428170442581177,,1.2428170442581177,19041
112,,1.4271515607833862,,1.4271515607833862,19042
112,,1.599931240081787,,1.599931240081787,19043
112,,1.4647786617279053,,1.4647786617279053,19044
112,,1.4165669679641724,,1.4165669679641724,19045
112,,1.4498027563095093,,1.4498027563095093,19046
112,,1.5647858381271362,,1.5647858381271362,19047
112,,1.4173612594604492,,1.4173612594604492,19048
112,,1.2227661609649658,,1.2227661609649658,19049
112,,1.4305107593536377,,1.4305107593536377,19050
112,,1.1922301054000854,,1.1922301054000854,19051
112,,1.586437463760376,,1.586437463760376,19052
112,,1.5713038444519043,,1.5713038444519043,19053
112,,1.3385167121887207,,1.3385167121887207,19054
112,,1.134713888168335,,1.134713888168335,19055
112,,1.3429497480392456,,1.3429497480392456,19056
112,,1.3841512203216553,,1.3841512203216553,19057
112,,1.335039496421814,,1.335039496421814,19058
112,,1.5251142978668213,,1.5251142978668213,19059
112,,1.2897071838378906,,1.2897071838378906,19060
112,,1.4065505266189575,,1.4065505266189575,19061
112,,1.424414038658142,,1.424414038658142,19062
112,,1.3052935600280762,,1.3052935600280762,19063
112,,1.1227999925613403,,1.1227999925613403,19064
112,,1.655800700187683,,1.655800700187683,19065
112,,1.3057386875152588,,1.3057386875152588,19066
112,,1.3219486474990845,,1.3219486474990845,19067
112,,1.4090967178344727,,1.4090967178344727,19068
112,,1.3871780633926392,,1.3871780633926392,19069
112,,1.6368718147277832,,1.6368718147277832,19070
112,,1.3556071519851685,,1.3556071519851685,19071
112,,1.772567868232727,,1.772567868232727,19072
112,,1.321729302406311,,1.321729302406311,19073
112,,1.6739557981491089,,1.6739557981491089,19074
112,,1.4894345998764038,,1.4894345998764038,19075
112,,1.466611623764038,,1.466611623764038,19076
112,,1.4832737445831299,,1.4832737445831299,19077
112,,1.3948156833648682,,1.3948156833648682,19078
112,,1.3674405813217163,,1.3674405813217163,19079
112,,1.2602391242980957,,1.2602391242980957,19080
112,,1.5290217399597168,,1.5290217399597168,19081
112,,1.6554198265075684,,1.6554198265075684,19082
112,,1.545654296875,,1.545654296875,19083
112,,1.326171875,,1.326171875,19084
112,,1.8392300605773926,,1.8392300605773926,19085
112,,1.4907894134521484,,1.4907894134521484,19086
112,,1.5610965490341187,,1.5610965490341187,19087
112,,1.426482081413269,,1.426482081413269,19088
112,,1.5550932884216309,,1.5550932884216309,19089
112,,1.3808187246322632,,1.3808187246322632,19090
112,,1.67904531955719,,1.67904531955719,19091
112,,1.7792258262634277,,1.7792258262634277,19092
112,,1.479606032371521,,1.479606032371521,19093
112,,1.2496237754821777,,1.2496237754821777,19094
112,,1.7940709590911865,,1.7940709590911865,19095
112,,1.2987415790557861,,1.2987415790557861,19096
112,,1.406538963317871,,1.406538963317871,19097
112,,1.4058834314346313,,1.4058834314346313,19098
112,,1.1002336740493774,,1.1002336740493774,19099
112,,1.282241702079773,,1.282241702079773,19100
112,,1.3138788938522339,,1.3138788938522339,19101
112,,1.501659631729126,,1.501659631729126,19102
112,,1.2099227905273438,,1.2099227905273438,19103
112,,1.2613807916641235,,1.2613807916641235,19104
112,,1.6284970045089722,,1.6284970045089722,19105
112,,1.423828125,,1.423828125,19106
112,,1.6173627376556396,,1.6173627376556396,19107
112,,1.2654544115066528,,1.2654544115066528,19108
112,,1.5540268421173096,,1.5540268421173096,19109
112,,1.514458417892456,,1.514458417892456,19110
112,,1.4036805629730225,,1.4036805629730225,19111
112,,1.3399368524551392,,1.3399368524551392,19112
112,,1.474552869796753,,1.474552869796753,19113
112,,1.1789525747299194,,1.1789525747299194,19114
112,,1.6387196779251099,,1.6387196779251099,19115
112,,1.5611575841903687,,1.5611575841903687,19116
112,,1.6218490600585938,,1.6218490600585938,19117
112,,1.533463478088379,,1.533463478088379,19118
112,,1.7308233976364136,,1.7308233976364136,19119
112,,1.6705151796340942,,1.6705151796340942,19120
112,,1.4365109205245972,,1.4365109205245972,19121
112,,1.1061861515045166,,1.1061861515045166,19122
112,,1.300167202949524,,1.300167202949524,19123
112,,1.4424519538879395,,1.4424519538879395,19124
112,,1.5891783237457275,,1.5891783237457275,19125
112,,1.3386530876159668,,1.3386530876159668,19126
112,,1.2528759241104126,,1.2528759241104126,19127
112,,1.6430442333221436,,1.6430442333221436,19128
112,,1.7090590000152588,,1.7090590000152588,19129
112,,1.7545784711837769,,1.7545784711837769,19130
112,,1.1478968858718872,,1.1478968858718872,19131
112,,1.386563777923584,,1.386563777923584,19132
112,,1.3179850578308105,,1.3179850578308105,19133
112,,1.427000641822815,,1.427000641822815,19134
112,,1.1694387197494507,,1.1694387197494507,19135
112,,1.3870009183883667,,1.3870009183883667,19136
112,,1.2755930423736572,,1.2755930423736572,19137
112,,1.5781102180480957,,1.5781102180480957,19138
112,,1.3203675746917725,,1.3203675746917725,19139
112,,1.5557827949523926,,1.5557827949523926,19140
112,,1.4648972749710083,,1.4648972749710083,19141
112,,1.4246290922164917,,1.4246290922164917,19142
112,,1.4884936809539795,,1.4884936809539795,19143
112,,1.3970861434936523,,1.3970861434936523,19144
112,,1.5067163705825806,,1.5067163705825806,19145
112,,1.3331096172332764,,1.3331096172332764,19146
112,,1.219618320465088,,1.219618320465088,19147
112,,1.4365135431289673,,1.4365135431289673,19148
112,,1.3782610893249512,,1.3782610893249512,19149
112,,1.476938247680664,,1.476938247680664,19150
112,,1.5107239484786987,,1.5107239484786987,19151
112,,1.3879177570343018,,1.3879177570343018,19152
112,,1.5697312355041504,,1.5697312355041504,19153
112,,1.6842247247695923,,1.6842247247695923,19154
112,,1.4069552421569824,,1.4069552421569824,19155
112,,1.4264158010482788,,1.4264158010482788,19156
112,,1.5611063241958618,,1.5611063241958618,19157
112,,1.6001478433609009,,1.6001478433609009,19158
112,,1.3262397050857544,,1.3262397050857544,19159
112,,1.6136356592178345,,1.6136356592178345,19160
112,,1.8369386196136475,,1.8369386196136475,19161
112,,1.3933473825454712,,1.3933473825454712,19162
112,,1.3808339834213257,,1.3808339834213257,19163
112,,1.2996690273284912,,1.2996690273284912,19164
112,,1.1419398784637451,,1.1419398784637451,19165
112,,1.2784448862075806,,1.2784448862075806,19166
112,,1.1036220788955688,,1.1036220788955688,19167
112,,1.290077567100525,,1.290077567100525,19168
112,,1.4022009372711182,,1.4022009372711182,19169
112,,1.4445555210113525,,1.4445555210113525,19170
112,,1.5029969215393066,,1.5029969215393066,19171
112,,1.3425781726837158,,1.3425781726837158,19172
112,,1.547624945640564,,1.547624945640564,19173
112,,1.4876906871795654,,1.4876906871795654,19174
112,,1.7683759927749634,,1.7683759927749634,19175
112,,1.453349232673645,,1.453349232673645,19176
112,,1.489182949066162,,1.489182949066162,19177
112,,1.4047620296478271,,1.4047620296478271,19178
112,,1.6191946268081665,,1.6191946268081665,19179
112,,1.3953620195388794,,1.3953620195388794,19180
112,,1.5363068580627441,,1.5363068580627441,19181
112,,1.5034409761428833,,1.5034409761428833,19182
112,,1.4312217235565186,,1.4312217235565186,19183
112,,1.3935140371322632,,1.3935140371322632,19184
112,,1.7001782655715942,,1.7001782655715942,19185
112,,1.1633650064468384,,1.1633650064468384,19186
112,,1.3713271617889404,,1.3713271617889404,19187
112,,1.3451120853424072,,1.3451120853424072,19188
112,,1.5884273052215576,,1.5884273052215576,19189
112,,1.2432032823562622,,1.2432032823562622,19190
112,,1.264988660812378,,1.264988660812378,19191
112,,1.4749424457550049,,1.4749424457550049,19192
112,,1.467975378036499,,1.467975378036499,19193
112,,1.3028324842453003,,1.3028324842453003,19194
112,,1.5068689584732056,,1.5068689584732056,19195
112,,1.291234016418457,,1.291234016418457,19196
112,,1.6199898719787598,,1.6199898719787598,19197
112,,1.50048828125,,1.50048828125,19198
112,,1.2797564268112183,,1.2797564268112183,19199
112,,1.3137016296386719,,1.3137016296386719,19200
112,,1.4387729167938232,,1.4387729167938232,19201
112,,1.504848837852478,,1.504848837852478,19202
112,,1.5438135862350464,,1.5438135862350464,19203
112,,1.3553892374038696,,1.3553892374038696,19204
112,,1.3774985074996948,,1.3774985074996948,19205
112,,1.5366413593292236,,1.5366413593292236,19206
112,,1.363101840019226,,1.363101840019226,19207
112,,1.4801256656646729,,1.4801256656646729,19208
112,,1.7305786609649658,,1.7305786609649658,19209
112,1.4393075704574585,,1.4393075704574585,,19209
113,,1.2895352840423584,,1.2895352840423584,19210
113,,1.5629295110702515,,1.5629295110702515,19211
113,,1.3792437314987183,,1.3792437314987183,19212
113,,1.362158179283142,,1.362158179283142,19213
113,,1.1633058786392212,,1.1633058786392212,19214
113,,1.5790011882781982,,1.5790011882781982,19215
113,,1.302603840827942,,1.302603840827942,19216
113,,1.5702595710754395,,1.5702595710754395,19217
113,,1.3267239332199097,,1.3267239332199097,19218
113,,1.2861794233322144,,1.2861794233322144,19219
113,,1.6177829504013062,,1.6177829504013062,19220
113,,1.39069664478302,,1.39069664478302,19221
113,,1.592294692993164,,1.592294692993164,19222
113,,1.4742275476455688,,1.4742275476455688,19223
113,,1.463639259338379,,1.463639259338379,19224
113,,1.2957148551940918,,1.2957148551940918,19225
113,,1.5774697065353394,,1.5774697065353394,19226
113,,1.4766377210617065,,1.4766377210617065,19227
113,,1.3341630697250366,,1.3341630697250366,19228
113,,1.57915198802948,,1.57915198802948,19229
113,,1.3986618518829346,,1.3986618518829346,19230
113,,1.5158681869506836,,1.5158681869506836,19231
113,,1.2409881353378296,,1.2409881353378296,19232
113,,1.3212755918502808,,1.3212755918502808,19233
113,,1.5628145933151245,,1.5628145933151245,19234
113,,1.8725651502609253,,1.8725651502609253,19235
113,,1.825487732887268,,1.825487732887268,19236
113,,1.2829190492630005,,1.2829190492630005,19237
113,,1.3519779443740845,,1.3519779443740845,19238
113,,1.5474908351898193,,1.5474908351898193,19239
113,,1.4156041145324707,,1.4156041145324707,19240
113,,1.5741069316864014,,1.5741069316864014,19241
113,,1.5421326160430908,,1.5421326160430908,19242
113,,1.4358586072921753,,1.4358586072921753,19243
113,,1.331385850906372,,1.331385850906372,19244
113,,1.3011826276779175,,1.3011826276779175,19245
113,,1.4308488368988037,,1.4308488368988037,19246
113,,1.512372374534607,,1.512372374534607,19247
113,,1.6598834991455078,,1.6598834991455078,19248
113,,1.452955961227417,,1.452955961227417,19249
113,,1.5251034498214722,,1.5251034498214722,19250
113,,1.4656702280044556,,1.4656702280044556,19251
113,,1.3907701969146729,,1.3907701969146729,19252
113,,1.271855115890503,,1.271855115890503,19253
113,,1.446471095085144,,1.446471095085144,19254
113,,1.508798360824585,,1.508798360824585,19255
113,,1.1816781759262085,,1.1816781759262085,19256
113,,1.5029010772705078,,1.5029010772705078,19257
113,,1.581379771232605,,1.581379771232605,19258
113,,1.167730689048767,,1.167730689048767,19259
113,,1.6018733978271484,,1.6018733978271484,19260
113,,1.38939368724823,,1.38939368724823,19261
113,,1.3074504137039185,,1.3074504137039185,19262
113,,1.6863675117492676,,1.6863675117492676,19263
113,,1.4406319856643677,,1.4406319856643677,19264
113,,1.3067173957824707,,1.3067173957824707,19265
113,,1.2762454748153687,,1.2762454748153687,19266
113,,1.3772451877593994,,1.3772451877593994,19267
113,,1.3786104917526245,,1.3786104917526245,19268
113,,1.5258039236068726,,1.5258039236068726,19269
113,,1.5078626871109009,,1.5078626871109009,19270
113,,1.487860918045044,,1.487860918045044,19271
113,,1.3517359495162964,,1.3517359495162964,19272
113,,1.4516756534576416,,1.4516756534576416,19273
113,,1.5696017742156982,,1.5696017742156982,19274
113,,1.5487854480743408,,1.5487854480743408,19275
113,,1.401027798652649,,1.401027798652649,19276
113,,1.3799396753311157,,1.3799396753311157,19277
113,,1.5696574449539185,,1.5696574449539185,19278
113,,1.5387855768203735,,1.5387855768203735,19279
113,,1.370507836341858,,1.370507836341858,19280
113,,1.419249415397644,,1.419249415397644,19281
113,,1.5306932926177979,,1.5306932926177979,19282
113,,1.4513599872589111,,1.4513599872589111,19283
113,,1.159172534942627,,1.159172534942627,19284
113,,1.4401557445526123,,1.4401557445526123,19285
113,,1.4425910711288452,,1.4425910711288452,19286
113,,1.2520474195480347,,1.2520474195480347,19287
113,,1.5313975811004639,,1.5313975811004639,19288
113,,1.1545400619506836,,1.1545400619506836,19289
113,,1.164023756980896,,1.164023756980896,19290
113,,1.462048888206482,,1.462048888206482,19291
113,,1.474385380744934,,1.474385380744934,19292
113,,1.406675100326538,,1.406675100326538,19293
113,,1.377261996269226,,1.377261996269226,19294
113,,1.494126319885254,,1.494126319885254,19295
113,,1.3756197690963745,,1.3756197690963745,19296
113,,1.4216245412826538,,1.4216245412826538,19297
113,,1.442854404449463,,1.442854404449463,19298
113,,1.4651196002960205,,1.4651196002960205,19299
113,,1.466079592704773,,1.466079592704773,19300
113,,1.620972990989685,,1.620972990989685,19301
113,,1.5517823696136475,,1.5517823696136475,19302
113,,1.118817687034607,,1.118817687034607,19303
113,,1.316959261894226,,1.316959261894226,19304
113,,1.5446908473968506,,1.5446908473968506,19305
113,,1.4250447750091553,,1.4250447750091553,19306
113,,1.4173420667648315,,1.4173420667648315,19307
113,,1.3835088014602661,,1.3835088014602661,19308
113,,1.679625391960144,,1.679625391960144,19309
113,,1.0766130685806274,,1.0766130685806274,19310
113,,1.5020262002944946,,1.5020262002944946,19311
113,,1.7767809629440308,,1.7767809629440308,19312
113,,1.4903866052627563,,1.4903866052627563,19313
113,,1.5442047119140625,,1.5442047119140625,19314
113,,1.3054616451263428,,1.3054616451263428,19315
113,,1.1448054313659668,,1.1448054313659668,19316
113,,1.575977087020874,,1.575977087020874,19317
113,,1.1964101791381836,,1.1964101791381836,19318
113,,1.388426423072815,,1.388426423072815,19319
113,,1.26813542842865,,1.26813542842865,19320
113,,1.4622050523757935,,1.4622050523757935,19321
113,,1.2507823705673218,,1.2507823705673218,19322
113,,1.3327291011810303,,1.3327291011810303,19323
113,,1.4601900577545166,,1.4601900577545166,19324
113,,1.3497271537780762,,1.3497271537780762,19325
113,,1.5820789337158203,,1.5820789337158203,19326
113,,1.6850461959838867,,1.6850461959838867,19327
113,,1.4027824401855469,,1.4027824401855469,19328
113,,1.480170726776123,,1.480170726776123,19329
113,,1.3940293788909912,,1.3940293788909912,19330
113,,1.4704259634017944,,1.4704259634017944,19331
113,,1.3464577198028564,,1.3464577198028564,19332
113,,1.3683810234069824,,1.3683810234069824,19333
113,,1.628843903541565,,1.628843903541565,19334
113,,1.3277959823608398,,1.3277959823608398,19335
113,,1.4451206922531128,,1.4451206922531128,19336
113,,1.5330122709274292,,1.5330122709274292,19337
113,,1.6445826292037964,,1.6445826292037964,19338
113,,1.5130624771118164,,1.5130624771118164,19339
113,,1.6060006618499756,,1.6060006618499756,19340
113,,1.6850649118423462,,1.6850649118423462,19341
113,,1.2194350957870483,,1.2194350957870483,19342
113,,1.1602033376693726,,1.1602033376693726,19343
113,,1.3595792055130005,,1.3595792055130005,19344
113,,1.7024145126342773,,1.7024145126342773,19345
113,,1.3140190839767456,,1.3140190839767456,19346
113,,1.273789405822754,,1.273789405822754,19347
113,,1.6286543607711792,,1.6286543607711792,19348
113,,1.713300108909607,,1.713300108909607,19349
113,,1.2651734352111816,,1.2651734352111816,19350
113,,1.445556640625,,1.445556640625,19351
113,,1.5646333694458008,,1.5646333694458008,19352
113,,1.7956510782241821,,1.7956510782241821,19353
113,,1.3834830522537231,,1.3834830522537231,19354
113,,1.5639764070510864,,1.5639764070510864,19355
113,,1.1389297246932983,,1.1389297246932983,19356
113,,1.4536305665969849,,1.4536305665969849,19357
113,,1.4482845067977905,,1.4482845067977905,19358
113,,1.3191946744918823,,1.3191946744918823,19359
113,,1.5671021938323975,,1.5671021938323975,19360
113,,1.2264833450317383,,1.2264833450317383,19361
113,,1.3812758922576904,,1.3812758922576904,19362
113,,1.5047857761383057,,1.5047857761383057,19363
113,,1.2758636474609375,,1.2758636474609375,19364
113,,1.565224528312683,,1.565224528312683,19365
113,,1.5325374603271484,,1.5325374603271484,19366
113,,1.3891764879226685,,1.3891764879226685,19367
113,,1.3795453310012817,,1.3795453310012817,19368
113,,1.2732033729553223,,1.2732033729553223,19369
113,,1.5634183883666992,,1.5634183883666992,19370
113,,1.530232310295105,,1.530232310295105,19371
113,,1.3270487785339355,,1.3270487785339355,19372
113,,1.3381962776184082,,1.3381962776184082,19373
113,,1.4067261219024658,,1.4067261219024658,19374
113,,1.3622217178344727,,1.3622217178344727,19375
113,,1.7386606931686401,,1.7386606931686401,19376
113,,1.2761880159378052,,1.2761880159378052,19377
113,,1.577379584312439,,1.577379584312439,19378
113,,1.411230444908142,,1.411230444908142,19379
113,1.4372376203536987,,1.4372376203536987,,19379
114,,1.6096354722976685,,1.6096354722976685,19380
114,,1.0977489948272705,,1.0977489948272705,19381
114,,1.3639907836914062,,1.3639907836914062,19382
114,,1.463003158569336,,1.463003158569336,19383
114,,1.6616946458816528,,1.6616946458816528,19384
114,,1.578287124633789,,1.578287124633789,19385
114,,1.3954548835754395,,1.3954548835754395,19386
114,,1.5224030017852783,,1.5224030017852783,19387
114,,1.565582275390625,,1.565582275390625,19388
114,,1.309962272644043,,1.309962272644043,19389
114,,1.8864952325820923,,1.8864952325820923,19390
114,,1.4634895324707031,,1.4634895324707031,19391
114,,1.575986385345459,,1.575986385345459,19392
114,,1.3383969068527222,,1.3383969068527222,19393
114,,1.5093694925308228,,1.5093694925308228,19394
114,,1.710527777671814,,1.710527777671814,19395
114,,1.5239635705947876,,1.5239635705947876,19396
114,,1.3311741352081299,,1.3311741352081299,19397
114,,1.831058144569397,,1.831058144569397,19398
114,,1.2000902891159058,,1.2000902891159058,19399
114,,1.2188688516616821,,1.2188688516616821,19400
114,,1.1857386827468872,,1.1857386827468872,19401
114,,1.3578063249588013,,1.3578063249588013,19402
114,,1.1307450532913208,,1.1307450532913208,19403
114,,1.2646141052246094,,1.2646141052246094,19404
114,,1.1389541625976562,,1.1389541625976562,19405
114,,1.206297755241394,,1.206297755241394,19406
114,,1.1535834074020386,,1.1535834074020386,19407
114,,1.2383794784545898,,1.2383794784545898,19408
114,,1.4399102926254272,,1.4399102926254272,19409
114,,1.326188564300537,,1.326188564300537,19410
114,,1.2130109071731567,,1.2130109071731567,19411
114,,1.6530587673187256,,1.6530587673187256,19412
114,,1.4118136167526245,,1.4118136167526245,19413
114,,1.132116436958313,,1.132116436958313,19414
114,,1.3617936372756958,,1.3617936372756958,19415
114,,1.4344146251678467,,1.4344146251678467,19416
114,,1.492250680923462,,1.492250680923462,19417
114,,1.575393557548523,,1.575393557548523,19418
114,,1.5672428607940674,,1.5672428607940674,19419
114,,1.5778698921203613,,1.5778698921203613,19420
114,,1.2244712114334106,,1.2244712114334106,19421
114,,1.6059190034866333,,1.6059190034866333,19422
114,,1.5169724225997925,,1.5169724225997925,19423
114,,1.7391719818115234,,1.7391719818115234,19424
114,,1.617838978767395,,1.617838978767395,19425
114,,1.5932823419570923,,1.5932823419570923,19426
114,,1.4365439414978027,,1.4365439414978027,19427
114,,1.4174206256866455,,1.4174206256866455,19428
114,,1.1864243745803833,,1.1864243745803833,19429
114,,1.8079315423965454,,1.8079315423965454,19430
114,,1.6062943935394287,,1.6062943935394287,19431
114,,1.3073370456695557,,1.3073370456695557,19432
114,,1.4729325771331787,,1.4729325771331787,19433
114,,1.51740562915802,,1.51740562915802,19434
114,,1.7302250862121582,,1.7302250862121582,19435
114,,1.2449827194213867,,1.2449827194213867,19436
114,,1.3208837509155273,,1.3208837509155273,19437
114,,1.7947282791137695,,1.7947282791137695,19438
114,,1.4969537258148193,,1.4969537258148193,19439
114,,1.5396519899368286,,1.5396519899368286,19440
114,,1.5113482475280762,,1.5113482475280762,19441
114,,1.3273372650146484,,1.3273372650146484,19442
114,,1.424430012702942,,1.424430012702942,19443
114,,1.532368779182434,,1.532368779182434,19444
114,,1.5184448957443237,,1.5184448957443237,19445
114,,1.1959842443466187,,1.1959842443466187,19446
114,,1.4306905269622803,,1.4306905269622803,19447
114,,1.486422061920166,,1.486422061920166,19448
114,,1.34389328956604,,1.34389328956604,19449
114,,1.6214320659637451,,1.6214320659637451,19450
114,,1.1793203353881836,,1.1793203353881836,19451
114,,1.5900524854660034,,1.5900524854660034,19452
114,,1.5489223003387451,,1.5489223003387451,19453
114,,1.333434820175171,,1.333434820175171,19454
114,,1.4065083265304565,,1.4065083265304565,19455
114,,1.5668436288833618,,1.5668436288833618,19456
114,,1.5830270051956177,,1.5830270051956177,19457
114,,1.1692142486572266,,1.1692142486572266,19458
114,,1.610375165939331,,1.610375165939331,19459
114,,1.4877753257751465,,1.4877753257751465,19460
114,,1.5282394886016846,,1.5282394886016846,19461
114,,1.4004970788955688,,1.4004970788955688,19462
114,,1.3486864566802979,,1.3486864566802979,19463
114,,1.2798173427581787,,1.2798173427581787,19464
114,,1.3492872714996338,,1.3492872714996338,19465
114,,1.4689375162124634,,1.4689375162124634,19466
114,,1.4525383710861206,,1.4525383710861206,19467
114,,1.553330659866333,,1.553330659866333,19468
114,,1.6895204782485962,,1.6895204782485962,19469
114,,1.2881507873535156,,1.2881507873535156,19470
114,,1.4494730234146118,,1.4494730234146118,19471
114,,1.6240234375,,1.6240234375,19472
114,,1.5166586637496948,,1.5166586637496948,19473
114,,1.608344554901123,,1.608344554901123,19474
114,,1.5191539525985718,,1.5191539525985718,19475
114,,1.3624236583709717,,1.3624236583709717,19476
114,,1.6750465631484985,,1.6750465631484985,19477
114,,1.521969199180603,,1.521969199180603,19478
114,,1.5074232816696167,,1.5074232816696167,19479
114,,1.080721139907837,,1.080721139907837,19480
114,,1.4558852910995483,,1.4558852910995483,19481
114,,1.4832741022109985,,1.4832741022109985,19482
114,,1.3536027669906616,,1.3536027669906616,19483
114,,1.1165664196014404,,1.1165664196014404,19484
114,,1.5922678709030151,,1.5922678709030151,19485
114,,1.629799723625183,,1.629799723625183,19486
114,,1.468571424484253,,1.468571424484253,19487
114,,1.4295523166656494,,1.4295523166656494,19488
114,,1.5648112297058105,,1.5648112297058105,19489
114,,1.5552306175231934,,1.5552306175231934,19490
114,,1.127251386642456,,1.127251386642456,19491
114,,1.3688342571258545,,1.3688342571258545,19492
114,,1.236045002937317,,1.236045002937317,19493
114,,1.5355277061462402,,1.5355277061462402,19494
114,,1.6415380239486694,,1.6415380239486694,19495
114,,1.6110881567001343,,1.6110881567001343,19496
114,,1.2976744174957275,,1.2976744174957275,19497
114,,1.454988956451416,,1.454988956451416,19498
114,,1.3299643993377686,,1.3299643993377686,19499
114,,1.593040108680725,,1.593040108680725,19500
114,,1.5112887620925903,,1.5112887620925903,19501
114,,1.6134973764419556,,1.6134973764419556,19502
114,,1.347193717956543,,1.347193717956543,19503
114,,1.3556530475616455,,1.3556530475616455,19504
114,,1.4483574628829956,,1.4483574628829956,19505
114,,1.3686516284942627,,1.3686516284942627,19506
114,,1.3242623805999756,,1.3242623805999756,19507
114,,1.548282504081726,,1.548282504081726,19508
114,,1.5531436204910278,,1.5531436204910278,19509
114,,1.6001018285751343,,1.6001018285751343,19510
114,,1.2924977540969849,,1.2924977540969849,19511
114,,1.5014067888259888,,1.5014067888259888,19512
114,,1.4018172025680542,,1.4018172025680542,19513
114,,1.3060826063156128,,1.3060826063156128,19514
114,,1.5030628442764282,,1.5030628442764282,19515
114,,1.5061626434326172,,1.5061626434326172,19516
114,,1.5147641897201538,,1.5147641897201538,19517
114,,1.6003127098083496,,1.6003127098083496,19518
114,,1.287379503250122,,1.287379503250122,19519
114,,1.5409047603607178,,1.5409047603607178,19520
114,,1.5804375410079956,,1.5804375410079956,19521
114,,1.52401864528656,,1.52401864528656,19522
114,,1.4544950723648071,,1.4544950723648071,19523
114,,1.6800196170806885,,1.6800196170806885,19524
114,,1.279809594154358,,1.279809594154358,19525
114,,1.3311843872070312,,1.3311843872070312,19526
114,,1.3243839740753174,,1.3243839740753174,19527
114,,1.4704704284667969,,1.4704704284667969,19528
114,,1.3434014320373535,,1.3434014320373535,19529
114,,1.5707383155822754,,1.5707383155822754,19530
114,,1.2852656841278076,,1.2852656841278076,19531
114,,1.5444250106811523,,1.5444250106811523,19532
114,,1.5196728706359863,,1.5196728706359863,19533
114,,1.7019261121749878,,1.7019261121749878,19534
114,,1.480268955230713,,1.480268955230713,19535
114,,1.3371256589889526,,1.3371256589889526,19536
114,,1.603181004524231,,1.603181004524231,19537
114,,1.406693935394287,,1.406693935394287,19538
114,,1.7979787588119507,,1.7979787588119507,19539
114,,1.637361764907837,,1.637361764907837,19540
114,,1.5562524795532227,,1.5562524795532227,19541
114,,1.31516695022583,,1.31516695022583,19542
114,,1.539695382118225,,1.539695382118225,19543
114,,1.4824128150939941,,1.4824128150939941,19544
114,,1.41162109375,,1.41162109375,19545
114,,1.4720251560211182,,1.4720251560211182,19546
114,,1.3788665533065796,,1.3788665533065796,19547
114,,1.469614863395691,,1.469614863395691,19548
114,,1.5496841669082642,,1.5496841669082642,19549
114,1.454392671585083,,1.454392671585083,,19549
115,,1.4486486911773682,,1.4486486911773682,19550
115,,1.5780340433120728,,1.5780340433120728,19551
115,,1.2692852020263672,,1.2692852020263672,19552
115,,1.3180599212646484,,1.3180599212646484,19553
115,,1.7273736000061035,,1.7273736000061035,19554
115,,1.1860278844833374,,1.1860278844833374,19555
115,,1.5669769048690796,,1.5669769048690796,19556
115,,1.6479355096817017,,1.6479355096817017,19557
115,,1.1777217388153076,,1.1777217388153076,19558
115,,1.4230433702468872,,1.4230433702468872,19559
115,,1.5449568033218384,,1.5449568033218384,19560
115,,1.5133267641067505,,1.5133267641067505,19561
115,,1.2025591135025024,,1.2025591135025024,19562
115,,1.528988003730774,,1.528988003730774,19563
115,,1.3836069107055664,,1.3836069107055664,19564
115,,1.3963412046432495,,1.3963412046432495,19565
115,,1.6031444072723389,,1.6031444072723389,19566
115,,1.5905007123947144,,1.5905007123947144,19567
115,,1.2616887092590332,,1.2616887092590332,19568
115,,1.296094298362732,,1.296094298362732,19569
115,,1.296650767326355,,1.296650767326355,19570
115,,1.578843355178833,,1.578843355178833,19571
115,,1.5206758975982666,,1.5206758975982666,19572
115,,1.514039397239685,,1.514039397239685,19573
115,,1.1876815557479858,,1.1876815557479858,19574
115,,1.3663686513900757,,1.3663686513900757,19575
115,,1.2766681909561157,,1.2766681909561157,19576
115,,1.2960413694381714,,1.2960413694381714,19577
115,,1.296984314918518,,1.296984314918518,19578
115,,1.5021800994873047,,1.5021800994873047,19579
115,,1.4466099739074707,,1.4466099739074707,19580
115,,1.2443335056304932,,1.2443335056304932,19581
115,,1.481562614440918,,1.481562614440918,19582
115,,1.4599050283432007,,1.4599050283432007,19583
115,,1.57338547706604,,1.57338547706604,19584
115,,1.3134797811508179,,1.3134797811508179,19585
115,,1.4494282007217407,,1.4494282007217407,19586
115,,1.5668580532073975,,1.5668580532073975,19587
115,,1.2869224548339844,,1.2869224548339844,19588
115,,1.5556496381759644,,1.5556496381759644,19589
115,,1.6557855606079102,,1.6557855606079102,19590
115,,1.12962007522583,,1.12962007522583,19591
115,,1.5289998054504395,,1.5289998054504395,19592
115,,1.4400330781936646,,1.4400330781936646,19593
115,,1.7501749992370605,,1.7501749992370605,19594
115,,1.559922218322754,,1.559922218322754,19595
115,,1.5325756072998047,,1.5325756072998047,19596
115,,1.3199940919876099,,1.3199940919876099,19597
115,,1.4786322116851807,,1.4786322116851807,19598
115,,1.5182870626449585,,1.5182870626449585,19599
115,,1.3277020454406738,,1.3277020454406738,19600
115,,1.3864864110946655,,1.3864864110946655,19601
115,,1.5701093673706055,,1.5701093673706055,19602
115,,1.320845127105713,,1.320845127105713,19603
115,,1.3486870527267456,,1.3486870527267456,19604
115,,1.6154463291168213,,1.6154463291168213,19605
115,,1.4817074537277222,,1.4817074537277222,19606
115,,1.5273553133010864,,1.5273553133010864,19607
115,,1.1672066450119019,,1.1672066450119019,19608
115,,1.5913419723510742,,1.5913419723510742,19609
115,,1.725651502609253,,1.725651502609253,19610
115,,1.4286530017852783,,1.4286530017852783,19611
115,,1.2897475957870483,,1.2897475957870483,19612
115,,1.2831017971038818,,1.2831017971038818,19613
115,,1.6375555992126465,,1.6375555992126465,19614
115,,1.629104733467102,,1.629104733467102,19615
115,,1.4426589012145996,,1.4426589012145996,19616
115,,1.2419096231460571,,1.2419096231460571,19617
115,,1.6390814781188965,,1.6390814781188965,19618
115,,1.286575436592102,,1.286575436592102,19619
115,,1.4456346035003662,,1.4456346035003662,19620
115,,1.47724449634552,,1.47724449634552,19621
115,,1.3890259265899658,,1.3890259265899658,19622
115,,1.5972115993499756,,1.5972115993499756,19623
115,,1.2335231304168701,,1.2335231304168701,19624
115,,1.4200644493103027,,1.4200644493103027,19625
115,,1.539623498916626,,1.539623498916626,19626
115,,1.2159010171890259,,1.2159010171890259,19627
115,,1.257434368133545,,1.257434368133545,19628
115,,1.4534597396850586,,1.4534597396850586,19629
115,,1.2705941200256348,,1.2705941200256348,19630
115,,1.2083183526992798,,1.2083183526992798,19631
115,,1.198534607887268,,1.198534607887268,19632
115,,1.3105555772781372,,1.3105555772781372,19633
115,,1.556151270866394,,1.556151270866394,19634
115,,1.4078564643859863,,1.4078564643859863,19635
115,,1.5894110202789307,,1.5894110202789307,19636
115,,1.2710447311401367,,1.2710447311401367,19637
115,,1.5773969888687134,,1.5773969888687134,19638
115,,1.2635031938552856,,1.2635031938552856,19639
115,,1.2385793924331665,,1.2385793924331665,19640
115,,1.2331336736679077,,1.2331336736679077,19641
115,,1.5387402772903442,,1.5387402772903442,19642
115,,1.2965764999389648,,1.2965764999389648,19643
115,,1.287840723991394,,1.287840723991394,19644
115,,1.0738240480422974,,1.0738240480422974,19645
115,,1.5590976476669312,,1.5590976476669312,19646
115,,1.8531352281570435,,1.8531352281570435,19647
115,,1.329776406288147,,1.329776406288147,19648
115,,1.379183053970337,,1.379183053970337,19649
115,,1.281531810760498,,1.281531810760498,19650
115,,1.7229437828063965,,1.7229437828063965,19651
115,,1.41798734664917,,1.41798734664917,19652
115,,1.3974753618240356,,1.3974753618240356,19653
115,,1.231163740158081,,1.231163740158081,19654
115,,1.5044490098953247,,1.5044490098953247,19655
115,,1.4553236961364746,,1.4553236961364746,19656
115,,1.3881723880767822,,1.3881723880767822,19657
115,,1.4615838527679443,,1.4615838527679443,19658
115,,1.1920726299285889,,1.1920726299285889,19659
115,,1.6538933515548706,,1.6538933515548706,19660
115,,1.1307512521743774,,1.1307512521743774,19661
115,,1.3027464151382446,,1.3027464151382446,19662
115,,1.3693214654922485,,1.3693214654922485,19663
115,,1.4285962581634521,,1.4285962581634521,19664
115,,1.211277961730957,,1.211277961730957,19665
115,,1.1803630590438843,,1.1803630590438843,19666
115,,1.3453088998794556,,1.3453088998794556,19667
115,,1.5302870273590088,,1.5302870273590088,19668
115,,1.604610800743103,,1.604610800743103,19669
115,,1.5385771989822388,,1.5385771989822388,19670
115,,1.216813564300537,,1.216813564300537,19671
115,,1.4036648273468018,,1.4036648273468018,19672
115,,1.3220137357711792,,1.3220137357711792,19673
115,,1.3369981050491333,,1.3369981050491333,19674
115,,1.4358909130096436,,1.4358909130096436,19675
115,,1.3218315839767456,,1.3218315839767456,19676
115,,1.3605962991714478,,1.3605962991714478,19677
115,,1.4686603546142578,,1.4686603546142578,19678
115,,1.711162805557251,,1.711162805557251,19679
115,,1.4450525045394897,,1.4450525045394897,19680
115,,1.4709742069244385,,1.4709742069244385,19681
115,,1.4592294692993164,,1.4592294692993164,19682
115,,1.4564741849899292,,1.4564741849899292,19683
115,,1.4667693376541138,,1.4667693376541138,19684
115,,1.5455628633499146,,1.5455628633499146,19685
115,,1.144189715385437,,1.144189715385437,19686
115,,1.5806851387023926,,1.5806851387023926,19687
115,,1.6384855508804321,,1.6384855508804321,19688
115,,1.5020015239715576,,1.5020015239715576,19689
115,,1.1053452491760254,,1.1053452491760254,19690
115,,1.3068927526474,,1.3068927526474,19691
115,,1.5599232912063599,,1.5599232912063599,19692
115,,1.2546477317810059,,1.2546477317810059,19693
115,,1.5601798295974731,,1.5601798295974731,19694
115,,1.1971654891967773,,1.1971654891967773,19695
115,,1.3915164470672607,,1.3915164470672607,19696
115,,1.635310411453247,,1.635310411453247,19697
115,,1.5646723508834839,,1.5646723508834839,19698
115,,1.8045563697814941,,1.8045563697814941,19699
115,,1.1287922859191895,,1.1287922859191895,19700
115,,1.423038363456726,,1.423038363456726,19701
115,,1.2104477882385254,,1.2104477882385254,19702
115,,1.7239340543746948,,1.7239340543746948,19703
115,,1.184434175491333,,1.184434175491333,19704
115,,1.3652023077011108,,1.3652023077011108,19705
115,,1.6094592809677124,,1.6094592809677124,19706
115,,1.5825875997543335,,1.5825875997543335,19707
115,,1.4409657716751099,,1.4409657716751099,19708
115,,1.3742985725402832,,1.3742985725402832,19709
115,,1.545448660850525,,1.545448660850525,19710
115,,1.6996901035308838,,1.6996901035308838,19711
115,,1.6180750131607056,,1.6180750131607056,19712
115,,1.2152527570724487,,1.2152527570724487,19713
115,,1.359798789024353,,1.359798789024353,19714
115,,1.3143233060836792,,1.3143233060836792,19715
115,,1.6000614166259766,,1.6000614166259766,19716
115,,1.4017333984375,,1.4017333984375,19717
115,,1.356799602508545,,1.356799602508545,19718
115,,1.6735745668411255,,1.6735745668411255,19719
115,1.4228993654251099,,1.4228993654251099,,19719
116,,1.425655484199524,,1.425655484199524,19720
116,,1.588446855545044,,1.588446855545044,19721
116,,1.5644110441207886,,1.5644110441207886,19722
116,,1.3465746641159058,,1.3465746641159058,19723
116,,1.6896675825119019,,1.6896675825119019,19724
116,,1.352890133857727,,1.352890133857727,19725
116,,1.346434235572815,,1.346434235572815,19726
116,,1.6588377952575684,,1.6588377952575684,19727
116,,1.6100411415100098,,1.6100411415100098,19728
116,,1.1465028524398804,,1.1465028524398804,19729
116,,1.6249350309371948,,1.6249350309371948,19730
116,,1.5318453311920166,,1.5318453311920166,19731
116,,1.3330904245376587,,1.3330904245376587,19732
116,,1.3345445394515991,,1.3345445394515991,19733
116,,1.3194758892059326,,1.3194758892059326,19734
116,,1.4817781448364258,,1.4817781448364258,19735
116,,1.5531189441680908,,1.5531189441680908,19736
116,,1.2960586547851562,,1.2960586547851562,19737
116,,1.173030972480774,,1.173030972480774,19738
116,,1.6082103252410889,,1.6082103252410889,19739
116,,1.2673357725143433,,1.2673357725143433,19740
116,,1.3644754886627197,,1.3644754886627197,19741
116,,1.3228473663330078,,1.3228473663330078,19742
116,,1.4899003505706787,,1.4899003505706787,19743
116,,1.440922498703003,,1.440922498703003,19744
116,,1.255495548248291,,1.255495548248291,19745
116,,1.3263673782348633,,1.3263673782348633,19746
116,,1.241734266281128,,1.241734266281128,19747
116,,1.1941958665847778,,1.1941958665847778,19748
116,,1.407995343208313,,1.407995343208313,19749
116,,1.4822291135787964,,1.4822291135787964,19750
116,,1.2707247734069824,,1.2707247734069824,19751
116,,1.4121859073638916,,1.4121859073638916,19752
116,,1.424232006072998,,1.424232006072998,19753
116,,1.6779515743255615,,1.6779515743255615,19754
116,,1.4687026739120483,,1.4687026739120483,19755
116,,1.3966172933578491,,1.3966172933578491,19756
116,,1.4580538272857666,,1.4580538272857666,19757
116,,1.3774975538253784,,1.3774975538253784,19758
116,,1.5365846157073975,,1.5365846157073975,19759
116,,1.3791025876998901,,1.3791025876998901,19760
116,,1.2935644388198853,,1.2935644388198853,19761
116,,1.1713906526565552,,1.1713906526565552,19762
116,,1.3649588823318481,,1.3649588823318481,19763
116,,1.5171679258346558,,1.5171679258346558,19764
116,,1.568226933479309,,1.568226933479309,19765
116,,1.3816828727722168,,1.3816828727722168,19766
116,,1.4967589378356934,,1.4967589378356934,19767
116,,1.2161916494369507,,1.2161916494369507,19768
116,,1.323896884918213,,1.323896884918213,19769
116,,1.3623385429382324,,1.3623385429382324,19770
116,,1.4375128746032715,,1.4375128746032715,19771
116,,1.839032769203186,,1.839032769203186,19772
116,,1.5045770406723022,,1.5045770406723022,19773
116,,1.539719820022583,,1.539719820022583,19774
116,,1.5371754169464111,,1.5371754169464111,19775
116,,1.437029480934143,,1.437029480934143,19776
116,,1.4996614456176758,,1.4996614456176758,19777
116,,1.394029974937439,,1.394029974937439,19778
116,,1.5178050994873047,,1.5178050994873047,19779
116,,1.508584976196289,,1.508584976196289,19780
116,,1.5466296672821045,,1.5466296672821045,19781
116,,1.2694112062454224,,1.2694112062454224,19782
116,,1.5015616416931152,,1.5015616416931152,19783
116,,1.1621500253677368,,1.1621500253677368,19784
116,,1.5200697183609009,,1.5200697183609009,19785
116,,1.3772467374801636,,1.3772467374801636,19786
116,,1.615140676498413,,1.615140676498413,19787
116,,1.3549567461013794,,1.3549567461013794,19788
116,,1.7887418270111084,,1.7887418270111084,19789
116,,1.4738019704818726,,1.4738019704818726,19790
116,,1.7849256992340088,,1.7849256992340088,19791
116,,1.3244831562042236,,1.3244831562042236,19792
116,,1.4134621620178223,,1.4134621620178223,19793
116,,1.350507378578186,,1.350507378578186,19794
116,,1.4968938827514648,,1.4968938827514648,19795
116,,1.410626769065857,,1.410626769065857,19796
116,,1.2168902158737183,,1.2168902158737183,19797
116,,1.435749888420105,,1.435749888420105,19798
116,,1.726267695426941,,1.726267695426941,19799
116,,1.5955628156661987,,1.5955628156661987,19800
116,,1.372999668121338,,1.372999668121338,19801
116,,1.4062460660934448,,1.4062460660934448,19802
116,,1.5707725286483765,,1.5707725286483765,19803
116,,1.2445077896118164,,1.2445077896118164,19804
116,,1.6646463871002197,,1.6646463871002197,19805
116,,1.5543859004974365,,1.5543859004974365,19806
116,,1.3790442943572998,,1.3790442943572998,19807
116,,1.1744297742843628,,1.1744297742843628,19808
116,,1.6429027318954468,,1.6429027318954468,19809
116,,1.3073387145996094,,1.3073387145996094,19810
116,,1.5514187812805176,,1.5514187812805176,19811
116,,1.5293083190917969,,1.5293083190917969,19812
116,,1.582822322845459,,1.582822322845459,19813
116,,1.3719896078109741,,1.3719896078109741,19814
116,,1.2736033201217651,,1.2736033201217651,19815
116,,1.5812708139419556,,1.5812708139419556,19816
116,,1.2538431882858276,,1.2538431882858276,19817
116,,1.4092919826507568,,1.4092919826507568,19818
116,,1.5178277492523193,,1.5178277492523193,19819
116,,1.0964504480361938,,1.0964504480361938,19820
116,,1.3930329084396362,,1.3930329084396362,19821
116,,1.5031272172927856,,1.5031272172927856,19822
116,,1.5590217113494873,,1.5590217113494873,19823
116,,1.4876973628997803,,1.4876973628997803,19824
116,,1.4795317649841309,,1.4795317649841309,19825
116,,1.7039024829864502,,1.7039024829864502,19826
116,,1.3814588785171509,,1.3814588785171509,19827
116,,1.6428934335708618,,1.6428934335708618,19828
116,,1.369249701499939,,1.369249701499939,19829
116,,1.5557557344436646,,1.5557557344436646,19830
116,,1.1691619157791138,,1.1691619157791138,19831
116,,1.7384974956512451,,1.7384974956512451,19832
116,,1.5095834732055664,,1.5095834732055664,19833
116,,1.4128401279449463,,1.4128401279449463,19834
116,,1.2917778491973877,,1.2917778491973877,19835
116,,1.3299578428268433,,1.3299578428268433,19836
116,,1.6401265859603882,,1.6401265859603882,19837
116,,1.3720163106918335,,1.3720163106918335,19838
116,,1.5303771495819092,,1.5303771495819092,19839
116,,1.5216015577316284,,1.5216015577316284,19840
116,,1.19438636302948,,1.19438636302948,19841
116,,1.614548683166504,,1.614548683166504,19842
116,,1.0696625709533691,,1.0696625709533691,19843
116,,1.412858247756958,,1.412858247756958,19844
116,,1.2952947616577148,,1.2952947616577148,19845
116,,1.4700313806533813,,1.4700313806533813,19846
116,,1.1615736484527588,,1.1615736484527588,19847
116,,1.2487629652023315,,1.2487629652023315,19848
116,,1.3444186449050903,,1.3444186449050903,19849
116,,1.3547847270965576,,1.3547847270965576,19850
116,,1.3687394857406616,,1.3687394857406616,19851
116,,1.459924340248108,,1.459924340248108,19852
116,,1.540932536125183,,1.540932536125183,19853
116,,1.3301836252212524,,1.3301836252212524,19854
116,,1.4488036632537842,,1.4488036632537842,19855
116,,1.4962339401245117,,1.4962339401245117,19856
116,,1.3698499202728271,,1.3698499202728271,19857
116,,1.4472702741622925,,1.4472702741622925,19858
116,,1.736495018005371,,1.736495018005371,19859
116,,1.770737886428833,,1.770737886428833,19860
116,,1.4319480657577515,,1.4319480657577515,19861
116,,1.3222066164016724,,1.3222066164016724,19862
116,,1.5808172225952148,,1.5808172225952148,19863
116,,1.400902271270752,,1.400902271270752,19864
116,,1.6214299201965332,,1.6214299201965332,19865
116,,1.8955544233322144,,1.8955544233322144,19866
116,,1.5201503038406372,,1.5201503038406372,19867
116,,1.4359201192855835,,1.4359201192855835,19868
116,,1.343865156173706,,1.343865156173706,19869
116,,1.4471569061279297,,1.4471569061279297,19870
116,,1.5019347667694092,,1.5019347667694092,19871
116,,1.778912901878357,,1.778912901878357,19872
116,,0.9833343029022217,,0.9833343029022217,19873
116,,1.1733272075653076,,1.1733272075653076,19874
116,,1.5017683506011963,,1.5017683506011963,19875
116,,1.1830909252166748,,1.1830909252166748,19876
116,,1.3708362579345703,,1.3708362579345703,19877
116,,1.5301148891448975,,1.5301148891448975,19878
116,,1.359144687652588,,1.359144687652588,19879
116,,1.5551636219024658,,1.5551636219024658,19880
116,,1.7253693342208862,,1.7253693342208862,19881
116,,1.5369212627410889,,1.5369212627410889,19882
116,,1.3984123468399048,,1.3984123468399048,19883
116,,0.9545297026634216,,0.9545297026634216,19884
116,,1.3827584981918335,,1.3827584981918335,19885
116,,1.2189935445785522,,1.2189935445785522,19886
116,,1.355222463607788,,1.355222463607788,19887
116,,1.1770648956298828,,1.1770648956298828,19888
116,,1.5058372020721436,,1.5058372020721436,19889
116,1.4342190027236938,,1.4342190027236938,,19889
117,,1.6297463178634644,,1.6297463178634644,19890
117,,1.7818394899368286,,1.7818394899368286,19891
117,,1.3511931896209717,,1.3511931896209717,19892
117,,1.5309827327728271,,1.5309827327728271,19893
117,,1.1264420747756958,,1.1264420747756958,19894
117,,1.782212257385254,,1.782212257385254,19895
117,,1.4184783697128296,,1.4184783697128296,19896
117,,1.3903725147247314,,1.3903725147247314,19897
117,,1.383110523223877,,1.383110523223877,19898
117,,1.236560344696045,,1.236560344696045,19899
117,,1.367715835571289,,1.367715835571289,19900
117,,1.2342379093170166,,1.2342379093170166,19901
117,,1.3061076402664185,,1.3061076402664185,19902
117,,1.1286532878875732,,1.1286532878875732,19903
117,,1.687208890914917,,1.687208890914917,19904
117,,1.3612709045410156,,1.3612709045410156,19905
117,,1.40375816822052,,1.40375816822052,19906
117,,1.2134512662887573,,1.2134512662887573,19907
117,,1.3799872398376465,,1.3799872398376465,19908
117,,1.1405224800109863,,1.1405224800109863,19909
117,,1.5599857568740845,,1.5599857568740845,19910
117,,1.714422345161438,,1.714422345161438,19911
117,,1.7422658205032349,,1.7422658205032349,19912
117,,1.6245728731155396,,1.6245728731155396,19913
117,,1.4548509120941162,,1.4548509120941162,19914
117,,1.5908280611038208,,1.5908280611038208,19915
117,,1.3139362335205078,,1.3139362335205078,19916
117,,1.2637815475463867,,1.2637815475463867,19917
117,,1.2488009929656982,,1.2488009929656982,19918
117,,1.7226715087890625,,1.7226715087890625,19919
117,,1.6119436025619507,,1.6119436025619507,19920
117,,1.3383879661560059,,1.3383879661560059,19921
117,,1.3494151830673218,,1.3494151830673218,19922
117,,1.3280054330825806,,1.3280054330825806,19923
117,,1.4901129007339478,,1.4901129007339478,19924
117,,1.1163579225540161,,1.1163579225540161,19925
117,,1.2092400789260864,,1.2092400789260864,19926
117,,1.4627071619033813,,1.4627071619033813,19927
117,,1.4512665271759033,,1.4512665271759033,19928
117,,1.4472477436065674,,1.4472477436065674,19929
117,,1.3962732553482056,,1.3962732553482056,19930
117,,1.5414711236953735,,1.5414711236953735,19931
117,,1.390784740447998,,1.390784740447998,19932
117,,1.4454807043075562,,1.4454807043075562,19933
117,,1.4786494970321655,,1.4786494970321655,19934
117,,1.1048144102096558,,1.1048144102096558,19935
117,,1.4291237592697144,,1.4291237592697144,19936
117,,1.629141092300415,,1.629141092300415,19937
117,,1.3221508264541626,,1.3221508264541626,19938
117,,1.3989102840423584,,1.3989102840423584,19939
117,,1.9174684286117554,,1.9174684286117554,19940
117,,1.333389401435852,,1.333389401435852,19941
117,,1.5626236200332642,,1.5626236200332642,19942
117,,1.4954780340194702,,1.4954780340194702,19943
117,,1.1961219310760498,,1.1961219310760498,19944
117,,1.2934209108352661,,1.2934209108352661,19945
117,,1.584549069404602,,1.584549069404602,19946
117,,1.1782103776931763,,1.1782103776931763,19947
117,,1.5408151149749756,,1.5408151149749756,19948
117,,1.3595235347747803,,1.3595235347747803,19949
117,,1.638089895248413,,1.638089895248413,19950
117,,1.7315796613693237,,1.7315796613693237,19951
117,,1.6627641916275024,,1.6627641916275024,19952
117,,1.57453191280365,,1.57453191280365,19953
117,,1.456102728843689,,1.456102728843689,19954
117,,1.5036195516586304,,1.5036195516586304,19955
117,,1.3915058374404907,,1.3915058374404907,19956
117,,1.47066330909729,,1.47066330909729,19957
117,,1.4956458806991577,,1.4956458806991577,19958
117,,1.4480466842651367,,1.4480466842651367,19959
117,,1.4464184045791626,,1.4464184045791626,19960
117,,1.5045418739318848,,1.5045418739318848,19961
117,,1.5121110677719116,,1.5121110677719116,19962
117,,1.1761894226074219,,1.1761894226074219,19963
117,,1.541784644126892,,1.541784644126892,19964
117,,1.3475648164749146,,1.3475648164749146,19965
117,,1.5128861665725708,,1.5128861665725708,19966
117,,1.3799834251403809,,1.3799834251403809,19967
117,,1.756635069847107,,1.756635069847107,19968
117,,1.3333821296691895,,1.3333821296691895,19969
117,,1.614799976348877,,1.614799976348877,19970
117,,1.6121267080307007,,1.6121267080307007,19971
117,,1.4587658643722534,,1.4587658643722534,19972
117,,1.2474011182785034,,1.2474011182785034,19973
117,,1.5550707578659058,,1.5550707578659058,19974
117,,1.3770452737808228,,1.3770452737808228,19975
117,,1.6088653802871704,,1.6088653802871704,19976
117,,1.2985916137695312,,1.2985916137695312,19977
117,,1.385222315788269,,1.385222315788269,19978
117,,0.9788941144943237,,0.9788941144943237,19979
117,,1.5209451913833618,,1.5209451913833618,19980
117,,1.4555213451385498,,1.4555213451385498,19981
117,,1.7319912910461426,,1.7319912910461426,19982
117,,1.2997651100158691,,1.2997651100158691,19983
117,,1.6621173620224,,1.6621173620224,19984
117,,1.1231673955917358,,1.1231673955917358,19985
117,,1.6058298349380493,,1.6058298349380493,19986
117,,1.2682301998138428,,1.2682301998138428,19987
117,,1.4021278619766235,,1.4021278619766235,19988
117,,1.488679051399231,,1.488679051399231,19989
117,,1.3739067316055298,,1.3739067316055298,19990
117,,1.361311674118042,,1.361311674118042,19991
117,,1.5442699193954468,,1.5442699193954468,19992
117,,1.5040110349655151,,1.5040110349655151,19993
117,,1.5059295892715454,,1.5059295892715454,19994
117,,1.401623249053955,,1.401623249053955,19995
117,,1.4591948986053467,,1.4591948986053467,19996
117,,1.3909480571746826,,1.3909480571746826,19997
117,,1.3362065553665161,,1.3362065553665161,19998
117,,1.6870180368423462,,1.6870180368423462,19999
117,1.4421515464782715,,1.4421515464782715,,19999
