clip_index,split,category,phase,asset,source_frames,stored_contact_fraction,stored_contact_pairs,stored_contact_runs,one_frame_contact_runs,local_floor_proxy_only_fraction,stored_only_fraction,world_foot_height_p05_m,world_foot_height_p95_m
37,train,Crouch,full,/Game/Characters/UEFN_Mannequin/Animations/Crouch/M_Neutral_Crouch_Box_B_LL_Lfoot.M_Neutral_Crouch_Box_B_LL_Lfoot,127,0.314961,138,22,0,0.009843,0.0,0.0178,0.1915
38,train,Crouch,full,/Game/Characters/UEFN_Mannequin/Animations/Crouch/M_Neutral_Crouch_Box_B_LL_Rfoot.M_Neutral_Crouch_Box_B_LL_Rfoot,123,0.308943,131,21,1,0.02439,0.0,0.0184,0.1954
39,train,Crouch,full,/Game/Characters/UEFN_Mannequin/Animations/Crouch/M_Neutral_Crouch_Box_B_LR_Lfoot.M_Neutral_Crouch_Box_B_LR_Lfoot,124,0.282258,117,23,1,0.014113,0.0,0.0162,0.184
40,train,Crouch,full,/Game/Characters/UEFN_Mannequin/Animations/Crouch/M_Neutral_Crouch_Box_B_LR_Rfoot.M_Neutral_Crouch_Box_B_LR_Rfoot,127,0.314961,140,20,0,0.025591,0.0,0.02,0.197
41,train,Crouch,full,/Game/Characters/UEFN_Mannequin/Animations/Crouch/M_Neutral_Crouch_Box_B_RL_Lfoot.M_Neutral_Crouch_Box_B_RL_Lfoot,122,0.30123,127,20,1,0.018443,0.0,0.0209,0.1879
42,train,Crouch,full,/Game/Characters/UEFN_Mannequin/Animations/Crouch/M_Neutral_Crouch_Box_B_RL_Rfoot.M_Neutral_Crouch_Box_B_RL_Rfoot,123,0.29065,122,21,1,0.030488,0.0,0.0204,0.1824
43,train,Crouch,full,/Game/Characters/UEFN_Mannequin/Animations/Crouch/M_Neutral_Crouch_Box_B_RR_Lfoot.M_Neutral_Crouch_Box_B_RR_Lfoot,119,0.323529,135,19,2,0.039916,0.0,0.0198,0.1861
44,train,Crouch,full,/Game/Characters/UEFN_Mannequin/Animations/Crouch/M_Neutral_Crouch_Box_B_RR_Rfoot.M_Neutral_Crouch_Box_B_RR_Rfoot,125,0.3,133,17,0,0.068,0.0,0.0231,0.1965
45,train,Crouch,full,/Game/Characters/UEFN_Mannequin/Animations/Crouch/M_Neutral_Crouch_Box_F_LL_Lfoot.M_Neutral_Crouch_Box_F_LL_Lfoot,121,0.307851,130,19,0,0.002066,0.0,0.0183,0.195
46,train,Crouch,full,/Game/Characters/UEFN_Mannequin/Animations/Crouch/M_Neutral_Crouch_Box_F_LL_Rfoot.M_Neutral_Crouch_Box_F_LL_Rfoot,124,0.27621,119,18,1,0.004032,0.0,0.0189,0.1974
47,test,Crouch,full,/Game/Characters/UEFN_Mannequin/Animations/Crouch/M_Neutral_Crouch_Box_F_LR_Lfoot.M_Neutral_Crouch_Box_F_LR_Lfoot,118,0.294492,122,17,0,0.021186,0.0,0.0206,0.1986
48,train,Crouch,full,/Game/Characters/UEFN_Mannequin/Animations/Crouch/M_Neutral_Crouch_Box_F_LR_Rfoot.M_Neutral_Crouch_Box_F_LR_Rfoot,122,0.280738,119,18,0,0.014344,0.0,0.0221,0.1993
49,validation,Crouch,full,/Game/Characters/UEFN_Mannequin/Animations/Crouch/M_Neutral_Crouch_Box_F_RL_Lfoot.M_Neutral_Crouch_Box_F_RL_Lfoot,125,0.274,119,18,0,0.03,0.0,0.023,0.1989
50,train,Crouch,full,/Game/Characters/UEFN_Mannequin/Animations/Crouch/M_Neutral_Crouch_Box_F_RL_Rfoot.M_Neutral_Crouch_Box_F_RL_Rfoot,124,0.260081,109,20,1,0.022177,0.0,0.021,0.1999
51,train,Crouch,full,/Game/Characters/UEFN_Mannequin/Animations/Crouch/M_Neutral_Crouch_Box_F_RR_Lfoot.M_Neutral_Crouch_Box_F_RR_Lfoot,124,0.292339,127,18,0,0.03629,0.0,0.0224,0.2022
52,train,Crouch,full,/Game/Characters/UEFN_Mannequin/Animations/Crouch/M_Neutral_Crouch_Box_F_RR_Rfoot.M_Neutral_Crouch_Box_F_RR_Rfoot,121,0.272727,115,17,1,0.049587,0.0,0.0241,0.1919
53,validation,Crouch,full,/Game/Characters/UEFN_Mannequin/Animations/Crouch/M_Neutral_Crouch_Box_LL_B_Lfoot.M_Neutral_Crouch_Box_LL_B_Lfoot,127,0.295276,132,18,1,0.041339,0.0,0.0217,0.203
54,train,Crouch,full,/Game/Characters/UEFN_Mannequin/Animations/Crouch/M_Neutral_Crouch_Box_LL_B_Rfoot.M_Neutral_Crouch_Box_LL_B_Rfoot,126,0.269841,119,17,0,0.03373,0.0,0.0225,0.2118
55,train,Crouch,full,/Game/Characters/UEFN_Mannequin/Animations/Crouch/M_Neutral_Crouch_Box_LL_F_Lfoot.M_Neutral_Crouch_Box_LL_F_Lfoot,124,0.239919,100,19,1,0.018145,0.0,0.0224,0.2031
56,test,Crouch,full,/Game/Characters/UEFN_Mannequin/Animations/Crouch/M_Neutral_Crouch_Box_LL_F_Rfoot.M_Neutral_Crouch_Box_LL_F_Rfoot,126,0.253968,112,16,0,0.025794,0.0,0.0233,0.2145
57,train,Crouch,full,/Game/Characters/UEFN_Mannequin/Animations/Crouch/M_Neutral_Crouch_Box_LR_B_Lfoot.M_Neutral_Crouch_Box_LR_B_Lfoot,126,0.30754,137,18,0,0.031746,0.0,0.022,0.2076
58,train,Crouch,full,/Game/Characters/UEFN_Mannequin/Animations/Crouch/M_Neutral_Crouch_Box_LR_B_Rfoot.M_Neutral_Crouch_Box_LR_B_Rfoot,123,0.286585,124,17,0,0.030488,0.0,0.0214,0.2025
59,train,Crouch,full,/Game/Characters/UEFN_Mannequin/Animations/Crouch/M_Neutral_Crouch_Box_LR_F_Lfoot.M_Neutral_Crouch_Box_LR_F_Lfoot,126,0.255952,112,17,0,0.021825,0.0,0.0221,0.2134
60,validation,Crouch,full,/Game/Characters/UEFN_Mannequin/Animations/Crouch/M_Neutral_Crouch_Box_LR_F_Rfoot.M_Neutral_Crouch_Box_LR_F_Rfoot,125,0.21,89,16,1,0.022,0.0,0.0219,0.2212
61,train,Crouch,full,/Game/Characters/UEFN_Mannequin/Animations/Crouch/M_Neutral_Crouch_Box_RL_B_Lfoot.M_Neutral_Crouch_Box_RL_B_Lfoot,124,0.264113,115,16,1,0.03629,0.0,0.0211,0.2076
62,train,Crouch,full,/Game/Characters/UEFN_Mannequin/Animations/Crouch/M_Neutral_Crouch_Box_RL_B_Rfoot.M_Neutral_Crouch_Box_RL_B_Rfoot,127,0.30315,134,20,1,0.041339,0.0,0.0204,0.1976
63,train,Crouch,full,/Game/Characters/UEFN_Mannequin/Animations/Crouch/M_Neutral_Crouch_Box_RL_F_Lfoot.M_Neutral_Crouch_Box_RL_F_Lfoot,121,0.219008,89,17,1,0.020661,0.0,0.0217,0.2114
64,train,Crouch,full,/Game/Characters/UEFN_Mannequin/Animations/Crouch/M_Neutral_Crouch_Box_RL_F_Rfoot.M_Neutral_Crouch_Box_RL_F_Rfoot,124,0.241935,101,19,2,0.020161,0.0,0.0221,0.2052
65,train,Crouch,full,/Game/Characters/UEFN_Mannequin/Animations/Crouch/M_Neutral_Crouch_Box_RR_B_Lfoot.M_Neutral_Crouch_Box_RR_B_Lfoot,124,0.25,106,18,2,0.052419,0.0,0.0235,0.209
66,train,Crouch,full,/Game/Characters/UEFN_Mannequin/Animations/Crouch/M_Neutral_Crouch_Box_RR_B_Rfoot.M_Neutral_Crouch_Box_RR_B_Rfoot,127,0.281496,125,18,0,0.061024,0.0,0.0217,0.2035
67,train,Crouch,full,/Game/Characters/UEFN_Mannequin/Animations/Crouch/M_Neutral_Crouch_Box_RR_F_Lfoot.M_Neutral_Crouch_Box_RR_F_Lfoot,123,0.215447,92,14,1,0.042683,0.0,0.0237,0.2137
68,train,Crouch,full,/Game/Characters/UEFN_Mannequin/Animations/Crouch/M_Neutral_Crouch_Box_RR_F_Rfoot.M_Neutral_Crouch_Box_RR_F_Rfoot,126,0.259921,111,20,3,0.049603,0.0,0.0236,0.2041
69,train,Crouch,full,/Game/Characters/UEFN_Mannequin/Animations/Crouch/M_Neutral_Crouch_Diamond_B_FL_Lfoot.M_Neutral_Crouch_Diamond_B_FL_Lfoot,103,0.208738,72,14,1,0.041262,0.0,0.0239,0.2063
70,train,Crouch,full,/Game/Characters/UEFN_Mannequin/Animations/Crouch/M_Neutral_Crouch_Diamond_B_FL_Rfoot.M_Neutral_Crouch_Diamond_B_FL_Rfoot,102,0.240196,83,15,1,0.041667,0.0,0.0247,0.2059
71,train,Crouch,full,/Game/Characters/UEFN_Mannequin/Animations/Crouch/M_Neutral_Crouch_Diamond_B_FR_Lfoot.M_Neutral_Crouch_Diamond_B_FR_Lfoot,101,0.215347,74,13,0,0.027228,0.0,0.0191,0.2065
72,train,Crouch,full,/Game/Characters/UEFN_Mannequin/Animations/Crouch/M_Neutral_Crouch_Diamond_B_FR_Rfoot.M_Neutral_Crouch_Diamond_B_FR_Rfoot,100,0.2375,81,14,0,0.0375,0.0,0.0187,0.2072
73,train,Crouch,full,/Game/Characters/UEFN_Mannequin/Animations/Crouch/M_Neutral_Crouch_Diamond_BL_BR_Lfoot.M_Neutral_Crouch_Diamond_BL_BR_Lfoot,104,0.334135,119,20,2,0.019231,0.0,0.0159,0.1884
74,validation,Crouch,full,/Game/Characters/UEFN_Mannequin/Animations/Crouch/M_Neutral_Crouch_Diamond_BL_BR_Rfoot.M_Neutral_Crouch_Diamond_BL_BR_Rfoot,106,0.266509,94,19,2,0.018868,0.0,0.0156,0.21
75,train,Crouch,full,/Game/Characters/UEFN_Mannequin/Animations/Crouch/M_Neutral_Crouch_Diamond_BL_F_Lfoot.M_Neutral_Crouch_Diamond_BL_F_Lfoot,100,0.2625,90,15,1,0.0225,0.0,0.0178,0.2114
76,train,Crouch,full,/Game/Characters/UEFN_Mannequin/Animations/Crouch/M_Neutral_Crouch_Diamond_BL_F_Rfoot.M_Neutral_Crouch_Diamond_BL_F_Rfoot,101,0.257426,88,16,1,0.017327,0.0,0.0153,0.2123
77,validation,Crouch,full,/Game/Characters/UEFN_Mannequin/Animations/Crouch/M_Neutral_Crouch_Diamond_BL_FL_Lfoot.M_Neutral_Crouch_Diamond_BL_FL_Lfoot,99,0.252525,82,18,2,0.010101,0.0,0.0177,0.2057
78,train,Crouch,full,/Game/Characters/UEFN_Mannequin/Animations/Crouch/M_Neutral_Crouch_Diamond_BL_FL_Rfoot.M_Neutral_Crouch_Diamond_BL_FL_Rfoot,105,0.259524,91,18,1,0.004762,0.0,0.0162,0.2057
79,train,Crouch,full,/Game/Characters/UEFN_Mannequin/Animations/Crouch/M_Neutral_Crouch_Diamond_BR_BL_Lfoot.M_Neutral_Crouch_Diamond_BR_BL_Lfoot,103,0.347087,126,17,1,0.002427,0.0,0.0128,0.1948
80,train,Crouch,full,/Game/Characters/UEFN_Mannequin/Animations/Crouch/M_Neutral_Crouch_Diamond_BR_BL_Rfoot.M_Neutral_Crouch_Diamond_BR_BL_Rfoot,105,0.335714,123,18,1,0.011905,0.0,0.0126,0.1947
81,train,Crouch,full,/Game/Characters/UEFN_Mannequin/Animations/Crouch/M_Neutral_Crouch_Diamond_BR_F_Lfoot.M_Neutral_Crouch_Diamond_BR_F_Lfoot,103,0.257282,91,15,1,0.012136,0.0,0.017,0.2097
82,train,Crouch,full,/Game/Characters/UEFN_Mannequin/Animations/Crouch/M_Neutral_Crouch_Diamond_BR_F_Rfoot.M_Neutral_Crouch_Diamond_BR_F_Rfoot,104,0.283654,102,16,1,0.019231,0.0,0.0171,0.2078
83,train,Crouch,full,/Game/Characters/UEFN_Mannequin/Animations/Crouch/M_Neutral_Crouch_Diamond_BR_FR_Lfoot.M_Neutral_Crouch_Diamond_BR_FR_Lfoot,104,0.262019,94,15,1,0.004808,0.0,0.015,0.1996
84,train,Crouch,full,/Game/Characters/UEFN_Mannequin/Animations/Crouch/M_Neutral_Crouch_Diamond_BR_FR_Rfoot.M_Neutral_Crouch_Diamond_BR_FR_Rfoot,104,0.286058,103,16,1,0.016827,0.0,0.0151,0.1966
85,train,Crouch,full,/Game/Characters/UEFN_Mannequin/Animations/Crouch/M_Neutral_Crouch_Diamond_F_BL_Lfoot.M_Neutral_Crouch_Diamond_F_BL_Lfoot,99,0.292929,100,16,1,0.012626,0.0,0.0144,0.2052
86,train,Crouch,full,/Game/Characters/UEFN_Mannequin/Animations/Crouch/M_Neutral_Crouch_Diamond_F_BL_Rfoot.M_Neutral_Crouch_Diamond_F_BL_Rfoot,100,0.31,109,15,0,0.0175,0.0,0.0154,0.2106
87,train,Crouch,full,/Game/Characters/UEFN_Mannequin/Animations/Crouch/M_Neutral_Crouch_Diamond_F_BR_Lfoot.M_Neutral_Crouch_Diamond_F_BR_Lfoot,101,0.319307,112,17,0,0.019802,0.0,0.0223,0.2025
88,validation,Crouch,full,/Game/Characters/UEFN_Mannequin/Animations/Crouch/M_Neutral_Crouch_Diamond_F_BR_Rfoot.M_Neutral_Crouch_Diamond_F_BR_Rfoot,100,0.28,97,15,0,0.0525,0.0,0.0216,0.2092
89,test,Crouch,full,/Game/Characters/UEFN_Mannequin/Animations/Crouch/M_Neutral_Crouch_Diamond_FL_B_Lfoot.M_Neutral_Crouch_Diamond_FL_B_Lfoot,99,0.239899,81,14,2,0.030303,0.0,0.0206,0.2106
90,train,Crouch,full,/Game/Characters/UEFN_Mannequin/Animations/Crouch/M_Neutral_Crouch_Diamond_FL_B_Rfoot.M_Neutral_Crouch_Diamond_FL_B_Rfoot,102,0.269608,95,15,2,0.012255,0.0,0.0209,0.2098
91,validation,Crouch,full,/Game/Characters/UEFN_Mannequin/Animations/Crouch/M_Neutral_Crouch_Diamond_FL_BL_Lfoot.M_Neutral_Crouch_Diamond_FL_BL_Lfoot,99,0.292929,100,16,4,0.002525,0.0,0.013,0.1872
92,train,Crouch,full,/Game/Characters/UEFN_Mannequin/Animations/Crouch/M_Neutral_Crouch_Diamond_FL_BL_Rfoot.M_Neutral_Crouch_Diamond_FL_BL_Rfoot,102,0.330882,121,14,0,0.002451,0.0,0.0146,0.2056
93,train,Crouch,full,/Game/Characters/UEFN_Mannequin/Animations/Crouch/M_Neutral_Crouch_Diamond_FL_FR_Lfoot.M_Neutral_Crouch_Diamond_FL_FR_Lfoot,103,0.23301,83,13,0,0.012136,0.0,0.0175,0.2035
94,train,Crouch,full,/Game/Characters/UEFN_Mannequin/Animations/Crouch/M_Neutral_Crouch_Diamond_FL_FR_Rfoot.M_Neutral_Crouch_Diamond_FL_FR_Rfoot,103,0.206311,70,15,2,0.0,0.0,0.016,0.2063
95,train,Crouch,full,/Game/Characters/UEFN_Mannequin/Animations/Crouch/M_Neutral_Crouch_Diamond_FR_B_Lfoot.M_Neutral_Crouch_Diamond_FR_B_Lfoot,97,0.260309,87,14,1,0.023196,0.0,0.0216,0.211
96,train,Crouch,full,/Game/Characters/UEFN_Mannequin/Animations/Crouch/M_Neutral_Crouch_Diamond_FR_B_Rfoot.M_Neutral_Crouch_Diamond_FR_B_Rfoot,99,0.275253,95,14,1,0.012626,0.0,0.0217,0.2179
97,train,Crouch,full,/Game/Characters/UEFN_Mannequin/Animations/Crouch/M_Neutral_Crouch_Diamond_FR_BR_Lfoot.M_Neutral_Crouch_Diamond_FR_BR_Lfoot,104,0.319712,117,16,0,0.016827,0.0,0.0197,0.202
98,train,Crouch,full,/Game/Characters/UEFN_Mannequin/Animations/Crouch/M_Neutral_Crouch_Diamond_FR_BR_Rfoot.M_Neutral_Crouch_Diamond_FR_BR_Rfoot,98,0.30102,102,16,0,0.038265,0.0,0.0205,0.1977
99,test,Crouch,full,/Game/Characters/UEFN_Mannequin/Animations/Crouch/M_Neutral_Crouch_Diamond_FR_FL_Lfoot.M_Neutral_Crouch_Diamond_FR_FL_Lfoot,101,0.225248,75,16,3,0.014851,0.0,0.0219,0.2078
100,train,Crouch,full,/Game/Characters/UEFN_Mannequin/Animations/Crouch/M_Neutral_Crouch_Diamond_FR_FL_Rfoot.M_Neutral_Crouch_Diamond_FR_FL_Rfoot,103,0.230583,77,18,2,0.009709,0.0,0.0227,0.206
101,validation,Crouch,full,/Game/Characters/UEFN_Mannequin/Animations/Crouch/M_Neutral_Crouch_Hourglass_BL_RL_Lfoot.M_Neutral_Crouch_Hourglass_BL_RL_Lfoot,100,0.3525,122,19,1,0.015,0.0,0.0163,0.1861
102,train,Crouch,full,/Game/Characters/UEFN_Mannequin/Animations/Crouch/M_Neutral_Crouch_Hourglass_BL_RL_Rfoot.M_Neutral_Crouch_Hourglass_BL_RL_Rfoot,102,0.301471,107,16,0,0.026961,0.0,0.0163,0.1945
103,test,Crouch,full,/Game/Characters/UEFN_Mannequin/Animations/Crouch/M_Neutral_Crouch_Hourglass_BL_RR_Lfoot.M_Neutral_Crouch_Hourglass_BL_RR_Lfoot,101,0.334158,118,17,0,0.019802,0.0,0.0169,0.1851
104,train,Crouch,full,/Game/Characters/UEFN_Mannequin/Animations/Crouch/M_Neutral_Crouch_Hourglass_BL_RR_Rfoot.M_Neutral_Crouch_Hourglass_BL_RR_Rfoot,102,0.338235,120,18,0,0.019608,0.0,0.0165,0.1949
105,test,Crouch,full,/Game/Characters/UEFN_Mannequin/Animations/Crouch/M_Neutral_Crouch_Hourglass_BR_LL_Lfoot.M_Neutral_Crouch_Hourglass_BR_LL_Lfoot,102,0.294118,104,16,2,0.017157,0.0,0.0172,0.2004
106,validation,Crouch,full,/Game/Characters/UEFN_Mannequin/Animations/Crouch/M_Neutral_Crouch_Hourglass_BR_LL_Rfoot.M_Neutral_Crouch_Hourglass_BR_LL_Rfoot,105,0.3,112,14,1,0.019048,0.0,0.0148,0.1919
107,train,Crouch,full,/Game/Characters/UEFN_Mannequin/Animations/Crouch/M_Neutral_Crouch_Hourglass_BR_LR_Lfoot.M_Neutral_Crouch_Hourglass_BR_LR_Lfoot,98,0.30102,102,16,1,0.020408,0.0,0.0171,0.1919
108,train,Crouch,full,/Game/Characters/UEFN_Mannequin/Animations/Crouch/M_Neutral_Crouch_Hourglass_FL_RL_Lfoot.M_Neutral_Crouch_Hourglass_FL_RL_Lfoot,95,0.289474,93,17,1,0.015789,0.0,0.0216,0.1854
109,train,Crouch,full,/Game/Characters/UEFN_Mannequin/Animations/Crouch/M_Neutral_Crouch_Hourglass_FL_RL_Rfoot.M_Neutral_Crouch_Hourglass_FL_RL_Rfoot,97,0.283505,93,17,4,0.025773,0.0,0.0224,0.1993
110,train,Crouch,full,/Game/Characters/UEFN_Mannequin/Animations/Crouch/M_Neutral_Crouch_Hourglass_FL_RR_Lfoot.M_Neutral_Crouch_Hourglass_FL_RR_Lfoot,93,0.287634,93,14,1,0.032258,0.0,0.0197,0.185
111,train,Crouch,full,/Game/Characters/UEFN_Mannequin/Animations/Crouch/M_Neutral_Crouch_Hourglass_FL_RR_Rfoot.M_Neutral_Crouch_Hourglass_FL_RR_Rfoot,90,0.302778,94,15,1,0.016667,0.0,0.0175,0.1954
112,train,Crouch,full,/Game/Characters/UEFN_Mannequin/Animations/Crouch/M_Neutral_Crouch_Hourglass_FR_LL_Lfoot.M_Neutral_Crouch_Hourglass_FR_LL_Lfoot,90,0.263889,81,14,1,0.013889,0.0,0.0207,0.2011
113,train,Crouch,full,/Game/Characters/UEFN_Mannequin/Animations/Crouch/M_Neutral_Crouch_Hourglass_FR_LL_Rfoot.M_Neutral_Crouch_Hourglass_FR_LL_Rfoot,92,0.298913,96,14,0,0.013587,0.0,0.0181,0.2021
114,train,Crouch,full,/Game/Characters/UEFN_Mannequin/Animations/Crouch/M_Neutral_Crouch_Hourglass_FR_LR_Lfoot.M_Neutral_Crouch_Hourglass_FR_LR_Lfoot,93,0.274194,87,15,0,0.016129,0.0,0.0214,0.208
115,train,Crouch,full,/Game/Characters/UEFN_Mannequin/Animations/Crouch/M_Neutral_Crouch_Hourglass_FR_LR_Rfoot.M_Neutral_Crouch_Hourglass_FR_LR_Rfoot,93,0.287634,91,16,1,0.016129,0.0,0.0217,0.2052
116,train,Crouch,full,/Game/Characters/UEFN_Mannequin/Animations/Crouch/M_Neutral_Crouch_Hourglass_LL_BR_Lfoot.M_Neutral_Crouch_Hourglass_LL_BR_Lfoot,94,0.340426,112,16,2,0.005319,0.0,0.0177,0.1801
117,test,Crouch,full,/Game/Characters/UEFN_Mannequin/Animations/Crouch/M_Neutral_Crouch_Hourglass_LL_BR_Rfoot.M_Neutral_Crouch_Hourglass_LL_BR_Rfoot,95,0.313158,102,17,1,0.039474,0.0,0.0208,0.1967
118,test,Crouch,full,/Game/Characters/UEFN_Mannequin/Animations/Crouch/M_Neutral_Crouch_Hourglass_LL_FR_Lfoot.M_Neutral_Crouch_Hourglass_LL_FR_Lfoot,93,0.303763,95,18,2,0.002688,0.0,0.0186,0.1936
119,train,Crouch,full,/Game/Characters/UEFN_Mannequin/Animations/Crouch/M_Neutral_Crouch_Hourglass_LL_FR_Rfoot.M_Neutral_Crouch_Hourglass_LL_FR_Rfoot,91,0.277473,85,16,1,0.016484,0.0,0.0162,0.2
120,validation,Crouch,full,/Game/Characters/UEFN_Mannequin/Animations/Crouch/M_Neutral_Crouch_Hourglass_LR_BR_Lfoot.M_Neutral_Crouch_Hourglass_LR_BR_Lfoot,93,0.349462,114,16,0,0.016129,0.0,0.0195,0.1821
121,train,Crouch,full,/Game/Characters/UEFN_Mannequin/Animations/Crouch/M_Neutral_Crouch_Hourglass_LR_BR_Rfoot.M_Neutral_Crouch_Hourglass_LR_BR_Rfoot,94,0.31383,102,16,0,0.037234,0.0,0.0213,0.1906
122,train,Crouch,full,/Game/Characters/UEFN_Mannequin/Animations/Crouch/M_Neutral_Crouch_Hourglass_LR_FR_Lfoot.M_Neutral_Crouch_Hourglass_LR_FR_Lfoot,92,0.309783,98,16,0,0.008152,0.0,0.0196,0.1968
123,train,Crouch,full,/Game/Characters/UEFN_Mannequin/Animations/Crouch/M_Neutral_Crouch_Hourglass_LR_FR_Rfoot.M_Neutral_Crouch_Hourglass_LR_FR_Rfoot,95,0.289474,93,17,3,0.018421,0.0,0.018,0.1976
124,validation,Crouch,full,/Game/Characters/UEFN_Mannequin/Animations/Crouch/M_Neutral_Crouch_Hourglass_RL_BL_Lfoot.M_Neutral_Crouch_Hourglass_RL_BL_Lfoot,92,0.317935,103,14,0,0.021739,0.0,0.0133,0.1981
125,train,Crouch,full,/Game/Characters/UEFN_Mannequin/Animations/Crouch/M_Neutral_Crouch_Hourglass_RL_BL_Rfoot.M_Neutral_Crouch_Hourglass_RL_BL_Rfoot,92,0.361413,118,15,0,0.021739,0.0,0.0149,0.1967
126,train,Crouch,full,/Game/Characters/UEFN_Mannequin/Animations/Crouch/M_Neutral_Crouch_Hourglass_RL_FL_Lfoot.M_Neutral_Crouch_Hourglass_RL_FL_Lfoot,93,0.266129,83,16,2,0.010753,0.0,0.0209,0.1969
127,validation,Crouch,full,/Game/Characters/UEFN_Mannequin/Animations/Crouch/M_Neutral_Crouch_Hourglass_RL_FL_Rfoot.M_Neutral_Crouch_Hourglass_RL_FL_Rfoot,89,0.264045,76,18,3,0.014045,0.0,0.0214,0.1967
128,validation,Crouch,full,/Game/Characters/UEFN_Mannequin/Animations/Crouch/M_Neutral_Crouch_Hourglass_RR_BL_Lfoot.M_Neutral_Crouch_Hourglass_RR_BL_Lfoot,95,0.328947,109,16,1,0.060526,0.0,0.0135,0.2066
129,train,Crouch,full,/Game/Characters/UEFN_Mannequin/Animations/Crouch/M_Neutral_Crouch_Hourglass_RR_BL_Rfoot.M_Neutral_Crouch_Hourglass_RR_BL_Rfoot,93,0.346774,115,14,0,0.040323,0.0,0.015,0.1987
130,train,Crouch,full,/Game/Characters/UEFN_Mannequin/Animations/Crouch/M_Neutral_Crouch_Hourglass_RR_FL_Lfoot.M_Neutral_Crouch_Hourglass_RR_FL_Lfoot,93,0.252688,79,15,1,0.043011,0.0,0.024,0.2054
131,test,Crouch,full,/Game/Characters/UEFN_Mannequin/Animations/Crouch/M_Neutral_Crouch_Hourglass_RR_FL_Rfoot.M_Neutral_Crouch_Hourglass_RR_FL_Rfoot,91,0.244505,73,16,3,0.027473,0.0,0.024,0.1918
132,test,Crouch,turn,/Game/Characters/UEFN_Mannequin/Animations/Crouch/M_Neutral_Crouch_Idle_Turn_045_L.M_Neutral_Crouch_Idle_Turn_045_L,76,0.654605,193,6,0,0.200658,0.0,0.0306,0.155
133,train,Crouch,turn,/Game/Characters/UEFN_Mannequin/Animations/Crouch/M_Neutral_Crouch_Idle_Turn_045_R.M_Neutral_Crouch_Idle_Turn_045_R,76,0.657895,194,6,0,0.197368,0.0,0.0314,0.156
134,train,Crouch,turn,/Game/Characters/UEFN_Mannequin/Animations/Crouch/M_Neutral_Crouch_Idle_Turn_090_L.M_Neutral_Crouch_Idle_Turn_090_L,76,0.595395,173,8,1,0.167763,0.0,0.0306,0.1555
135,test,Crouch,turn,/Game/Characters/UEFN_Mannequin/Animations/Crouch/M_Neutral_Crouch_Idle_Turn_090_R.M_Neutral_Crouch_Idle_Turn_090_R,76,0.608553,176,9,2,0.1875,0.0,0.0305,0.1572
136,train,Crouch,turn,/Game/Characters/UEFN_Mannequin/Animations/Crouch/M_Neutral_Crouch_Idle_Turn_135_L.M_Neutral_Crouch_Idle_Turn_135_L,81,0.611111,190,8,0,0.188272,0.0,0.0304,0.1557
137,train,Crouch,turn,/Game/Characters/UEFN_Mannequin/Animations/Crouch/M_Neutral_Crouch_Idle_Turn_135_R.M_Neutral_Crouch_Idle_Turn_135_R,81,0.564815,177,6,0,0.212963,0.0,0.0312,0.1554
138,train,Crouch,turn,/Game/Characters/UEFN_Mannequin/Animations/Crouch/M_Neutral_Crouch_Idle_Turn_180_L.M_Neutral_Crouch_Idle_Turn_180_L,81,0.583333,183,6,1,0.175926,0.0,0.0296,0.1746
139,train,Crouch,turn,/Game/Characters/UEFN_Mannequin/Animations/Crouch/M_Neutral_Crouch_Idle_Turn_180_R.M_Neutral_Crouch_Idle_Turn_180_R,81,0.592593,185,7,0,0.169753,0.0,0.0305,0.1606
140,train,Crouch,loop,/Game/Characters/UEFN_Mannequin/Animations/Crouch/M_Neutral_Crouch_Loop_B.M_Neutral_Crouch_Loop_B,116,0.284483,115,17,2,0.043103,0.0,0.0234,0.2043
141,train,Crouch,loop,/Game/Characters/UEFN_Mannequin/Animations/Crouch/M_Neutral_Crouch_Loop_BL.M_Neutral_Crouch_Loop_BL,118,0.353814,148,19,0,0.014831,0.0,0.0137,0.1949
142,train,Crouch,loop,/Game/Characters/UEFN_Mannequin/Animations/Crouch/M_Neutral_Crouch_Loop_BR.M_Neutral_Crouch_Loop_BR,118,0.330508,137,19,1,0.016949,0.0,0.0145,0.1832
143,train,Crouch,loop,/Game/Characters/UEFN_Mannequin/Animations/Crouch/M_Neutral_Crouch_Loop_F.M_Neutral_Crouch_Loop_F,112,0.214286,83,13,1,0.020089,0.0,0.026,0.2173
144,train,Crouch,loop,/Game/Characters/UEFN_Mannequin/Animations/Crouch/M_Neutral_Crouch_Loop_F_L_20.M_Neutral_Crouch_Loop_F_L_20,112,0.216518,84,13,0,0.020089,0.0,0.0233,0.2146
145,test,Crouch,loop,/Game/Characters/UEFN_Mannequin/Animations/Crouch/M_Neutral_Crouch_Loop_F_R_20.M_Neutral_Crouch_Loop_F_R_20,112,0.216518,84,13,0,0.022321,0.0,0.0233,0.2146
146,validation,Crouch,loop,/Game/Characters/UEFN_Mannequin/Animations/Crouch/M_Neutral_Crouch_Loop_FL.M_Neutral_Crouch_Loop_FL,115,0.217391,81,19,4,0.0,0.0,0.0224,0.2002
147,train,Crouch,loop,/Game/Characters/UEFN_Mannequin/Animations/Crouch/M_Neutral_Crouch_Loop_FR.M_Neutral_Crouch_Loop_FR,115,0.234783,92,16,0,0.002174,0.0,0.02,0.2077
148,validation,Crouch,loop,/Game/Characters/UEFN_Mannequin/Animations/Crouch/M_Neutral_Crouch_Loop_LL.M_Neutral_Crouch_Loop_LL,116,0.303879,123,18,3,0.047414,0.0,0.0204,0.1936
149,train,Crouch,loop,/Game/Characters/UEFN_Mannequin/Animations/Crouch/M_Neutral_Crouch_Loop_LR.M_Neutral_Crouch_Loop_LR,118,0.32839,138,17,2,0.03178,0.0,0.0215,0.186
150,train,Crouch,loop,/Game/Characters/UEFN_Mannequin/Animations/Crouch/M_Neutral_Crouch_Loop_RL.M_Neutral_Crouch_Loop_RL,116,0.280172,115,15,1,0.047414,0.0,0.0235,0.1821
151,train,Crouch,loop,/Game/Characters/UEFN_Mannequin/Animations/Crouch/M_Neutral_Crouch_Loop_RR.M_Neutral_Crouch_Loop_RR,118,0.309322,131,15,2,0.097458,0.0,0.024,0.1831
152,train,Crouch,pivot,/Game/Characters/UEFN_Mannequin/Animations/Crouch/M_Neutral_Crouch_Pivot_B_F_Lfoot.M_Neutral_Crouch_Pivot_B_F_Lfoot,134,0.23694,110,17,2,0.05597,0.0,0.026,0.2141
153,train,Crouch,pivot,/Game/Characters/UEFN_Mannequin/Animations/Crouch/M_Neutral_Crouch_Pivot_BL_FR_Lfoot.M_Neutral_Crouch_Pivot_BL_FR_Lfoot,131,0.28626,127,23,0,0.019084,0.0,0.0173,0.2035
154,validation,Crouch,pivot,/Game/Characters/UEFN_Mannequin/Animations/Crouch/M_Neutral_Crouch_Pivot_BL_FR_Rfoot.M_Neutral_Crouch_Pivot_BL_FR_Rfoot,129,0.273256,118,23,4,0.007752,0.0,0.0155,0.2095
155,train,Crouch,pivot,/Game/Characters/UEFN_Mannequin/Animations/Crouch/M_Neutral_Crouch_Pivot_BR_FL_Lfoot.M_Neutral_Crouch_Pivot_BR_FL_Lfoot,132,0.238636,106,20,3,0.051136,0.0,0.0243,0.2069
156,test,Crouch,pivot,/Game/Characters/UEFN_Mannequin/Animations/Crouch/M_Neutral_Crouch_Pivot_BR_FL_Rfoot.M_Neutral_Crouch_Pivot_BR_FL_Rfoot,131,0.23855,104,21,3,0.038168,0.0,0.0238,0.1965
157,train,Crouch,pivot,/Game/Characters/UEFN_Mannequin/Animations/Crouch/M_Neutral_Crouch_Pivot_FL_BR_Lfoot.M_Neutral_Crouch_Pivot_FL_BR_Lfoot,131,0.240458,104,22,5,0.04771,0.0,0.0233,0.1958
158,train,Crouch,pivot,/Game/Characters/UEFN_Mannequin/Animations/Crouch/M_Neutral_Crouch_Pivot_FL_BR_Rfoot.M_Neutral_Crouch_Pivot_FL_BR_Rfoot,133,0.231203,102,21,2,0.046992,0.0,0.0237,0.1969
159,test,Crouch,pivot,/Game/Characters/UEFN_Mannequin/Animations/Crouch/M_Neutral_Crouch_Pivot_FR_BL_Rfoot.M_Neutral_Crouch_Pivot_FR_BL_Rfoot,133,0.289474,131,23,2,0.028195,0.0,0.0274,0.2039
160,train,Crouch,pivot,/Game/Characters/UEFN_Mannequin/Animations/Crouch/M_Neutral_Crouch_Pivot_LL_RL_Rfoot.M_Neutral_Crouch_Pivot_LL_RL_Rfoot,129,0.277132,124,19,1,0.04845,0.0,0.0232,0.1982
161,train,Crouch,pivot,/Game/Characters/UEFN_Mannequin/Animations/Crouch/M_Neutral_Crouch_Pivot_LR_RR_Rfoot.M_Neutral_Crouch_Pivot_LR_RR_Rfoot,133,0.306391,145,18,0,0.06203,0.0,0.0235,0.1799
162,train,Crouch,pivot,/Game/Characters/UEFN_Mannequin/Animations/Crouch/M_Neutral_Crouch_Pivot_RL_LL_Rfoot.M_Neutral_Crouch_Pivot_RL_LL_Rfoot,136,0.288603,136,21,2,0.049632,0.0,0.0227,0.1906
163,train,Crouch,pivot,/Game/Characters/UEFN_Mannequin/Animations/Crouch/M_Neutral_Crouch_Pivot_RR_LR_Rfoot.M_Neutral_Crouch_Pivot_RR_LR_Rfoot,136,0.297794,142,20,1,0.053309,0.0,0.0213,0.1855
164,train,Crouch,full,/Game/Characters/UEFN_Mannequin/Animations/Crouch/M_Neutral_Crouch_Prism_F_FL_Lfoot.M_Neutral_Crouch_Prism_F_FL_Lfoot,99,0.189394,58,17,2,0.015152,0.0,0.0235,0.208
165,train,Crouch,full,/Game/Characters/UEFN_Mannequin/Animations/Crouch/M_Neutral_Crouch_Prism_F_FL_Rfoot.M_Neutral_Crouch_Prism_F_FL_Rfoot,98,0.201531,65,14,3,0.030612,0.0,0.0232,0.2063
166,train,Crouch,full,/Game/Characters/UEFN_Mannequin/Animations/Crouch/M_Neutral_Crouch_Prism_F_FR_Lfoot.M_Neutral_Crouch_Prism_F_FR_Lfoot,99,0.25,84,15,0,0.012626,0.0,0.019,0.2011
167,validation,Crouch,full,/Game/Characters/UEFN_Mannequin/Animations/Crouch/M_Neutral_Crouch_Prism_F_FR_Rfoot.M_Neutral_Crouch_Prism_F_FR_Rfoot,97,0.224227,74,13,1,0.023196,0.0,0.0185,0.205
168,test,Crouch,full,/Game/Characters/UEFN_Mannequin/Animations/Crouch/M_Neutral_Crouch_Prism_FL_F_Lfoot.M_Neutral_Crouch_Prism_FL_F_Lfoot,98,0.219388,72,14,2,0.035714,0.0,0.0217,0.206
169,train,Crouch,full,/Game/Characters/UEFN_Mannequin/Animations/Crouch/M_Neutral_Crouch_Prism_FL_F_Rfoot.M_Neutral_Crouch_Prism_FL_F_Rfoot,98,0.204082,69,11,1,0.010204,0.0,0.0214,0.2104
170,train,Crouch,full,/Game/Characters/UEFN_Mannequin/Animations/Crouch/M_Neutral_Crouch_Prism_FR_F_Lfoot.M_Neutral_Crouch_Prism_FR_F_Lfoot,99,0.234848,79,14,1,0.015152,0.0,0.0217,0.2115
171,validation,Crouch,full,/Game/Characters/UEFN_Mannequin/Animations/Crouch/M_Neutral_Crouch_Prism_FR_F_Rfoot.M_Neutral_Crouch_Prism_FR_F_Rfoot,97,0.216495,70,14,1,0.023196,0.0,0.0226,0.2163
172,train,Crouch,start,/Game/Characters/UEFN_Mannequin/Animations/Crouch/M_Neutral_Crouch_Reface_Start_B_L_090.M_Neutral_Crouch_Reface_Start_B_L_090,94,0.31383,103,15,0,0.037234,0.0,0.0183,0.1973
173,train,Crouch,start,/Game/Characters/UEFN_Mannequin/Animations/Crouch/M_Neutral_Crouch_Reface_Start_B_L_180.M_Neutral_Crouch_Reface_Start_B_L_180,99,0.285354,99,14,0,0.022727,0.0,0.0206,0.2007
174,train,Crouch,start,/Game/Characters/UEFN_Mannequin/Animations/Crouch/M_Neutral_Crouch_Reface_Start_B_R_090.M_Neutral_Crouch_Reface_Start_B_R_090,94,0.268617,91,10,0,0.039894,0.0,0.022,0.2049
175,train,Crouch,start,/Game/Characters/UEFN_Mannequin/Animations/Crouch/M_Neutral_Crouch_Reface_Start_B_R_180.M_Neutral_Crouch_Reface_Start_B_R_180,98,0.262755,92,11,1,0.035714,0.0,0.0222,0.2074
176,test,Crouch,start,/Game/Characters/UEFN_Mannequin/Animations/Crouch/M_Neutral_Crouch_Reface_Start_F_L_090.M_Neutral_Crouch_Reface_Start_F_L_090,97,0.201031,67,11,0,0.03866,0.0,0.0233,0.2135
177,test,Crouch,start,/Game/Characters/UEFN_Mannequin/Animations/Crouch/M_Neutral_Crouch_Reface_Start_F_L_180.M_Neutral_Crouch_Reface_Start_F_L_180,98,0.19898,63,15,4,0.020408,0.0,0.0233,0.2155
178,train,Crouch,start,/Game/Characters/UEFN_Mannequin/Animations/Crouch/M_Neutral_Crouch_Reface_Start_F_R_090.M_Neutral_Crouch_Reface_Start_F_R_090,95,0.226316,73,13,0,0.023684,0.0,0.0236,0.2156
179,train,Crouch,start,/Game/Characters/UEFN_Mannequin/Animations/Crouch/M_Neutral_Crouch_Reface_Start_F_R_180.M_Neutral_Crouch_Reface_Start_F_R_180,96,0.208333,67,13,3,0.03125,0.0,0.0235,0.2131
180,validation,Crouch,full,/Game/Characters/UEFN_Mannequin/Animations/Crouch/M_Neutral_Crouch_Shuffle_LR_to_LL_Lfoot.M_Neutral_Crouch_Shuffle_LR_to_LL_Lfoot,129,0.321705,146,20,0,0.015504,0.0,0.0184,0.1913
181,train,Crouch,full,/Game/Characters/UEFN_Mannequin/Animations/Crouch/M_Neutral_Crouch_Shuffle_LR_to_LL_Rfoot.M_Neutral_Crouch_Shuffle_LR_to_LL_Rfoot,129,0.29845,133,21,1,0.013566,0.0,0.0184,0.1912
182,train,Crouch,full,/Game/Characters/UEFN_Mannequin/Animations/Crouch/M_Neutral_Crouch_Shuffle_RR_to_RL_Lfoot.M_Neutral_Crouch_Shuffle_RR_to_RL_Lfoot,129,0.244186,110,16,2,0.046512,0.0,0.0202,0.1734
183,train,Crouch,full,/Game/Characters/UEFN_Mannequin/Animations/Crouch/M_Neutral_Crouch_Shuffle_RR_to_RL_Rfoot.M_Neutral_Crouch_Shuffle_RR_to_RL_Rfoot,131,0.305344,140,20,2,0.038168,0.0,0.0217,0.1745
184,train,Crouch,start,/Game/Characters/UEFN_Mannequin/Animations/Crouch/M_Neutral_Crouch_Start_B_Lfoot.M_Neutral_Crouch_Start_B_Lfoot,87,0.224138,67,11,1,0.086207,0.0,0.0302,0.2073
185,train,Crouch,start,/Game/Characters/UEFN_Mannequin/Animations/Crouch/M_Neutral_Crouch_Start_B_Rfoot.M_Neutral_Crouch_Start_B_Rfoot,75,0.24,59,13,1,0.06,0.0,0.0275,0.2033
186,train,Crouch,start,/Game/Characters/UEFN_Mannequin/Animations/Crouch/M_Neutral_Crouch_Start_BL_Rfoot.M_Neutral_Crouch_Start_BL_Rfoot,74,0.35473,91,14,0,0.023649,0.0,0.0141,0.2093
187,validation,Crouch,start,/Game/Characters/UEFN_Mannequin/Animations/Crouch/M_Neutral_Crouch_Start_F_Lfoot.M_Neutral_Crouch_Start_F_Lfoot,78,0.246795,66,11,0,0.038462,0.0,0.0276,0.2162
188,train,Crouch,start,/Game/Characters/UEFN_Mannequin/Animations/Crouch/M_Neutral_Crouch_Start_F_Rfoot.M_Neutral_Crouch_Start_F_Rfoot,106,0.231132,84,14,0,0.040094,0.0,0.0233,0.2152
189,validation,Crouch,start,/Game/Characters/UEFN_Mannequin/Animations/Crouch/M_Neutral_Crouch_Start_FL_Lfoot.M_Neutral_Crouch_Start_FL_Lfoot,101,0.15099,47,14,2,0.009901,0.0,0.0264,0.2042
190,test,Crouch,start,/Game/Characters/UEFN_Mannequin/Animations/Crouch/M_Neutral_Crouch_Start_FL_Rfoot.M_Neutral_Crouch_Start_FL_Rfoot,68,0.235294,52,12,2,0.025735,0.0,0.0271,0.2008
191,train,Crouch,start,/Game/Characters/UEFN_Mannequin/Animations/Crouch/M_Neutral_Crouch_Start_FR_Rfoot.M_Neutral_Crouch_Start_FR_Rfoot,108,0.210648,76,15,1,0.032407,0.0,0.0197,0.2047
192,train,Crouch,start,/Game/Characters/UEFN_Mannequin/Animations/Crouch/M_Neutral_Crouch_Start_LL_Lfoot.M_Neutral_Crouch_Start_LL_Lfoot,105,0.235714,88,11,0,0.07619,0.0,0.0255,0.2023
193,train,Crouch,start,/Game/Characters/UEFN_Mannequin/Animations/Crouch/M_Neutral_Crouch_Start_LR_Lfoot.M_Neutral_Crouch_Start_LR_Lfoot,88,0.252841,74,15,1,0.073864,0.0,0.0214,0.1739
194,validation,Crouch,start,/Game/Characters/UEFN_Mannequin/Animations/Crouch/M_Neutral_Crouch_Start_RL_Lfoot.M_Neutral_Crouch_Start_RL_Lfoot,93,0.290323,93,15,2,0.056452,0.0,0.0237,0.1928
195,validation,Crouch,start,/Game/Characters/UEFN_Mannequin/Animations/Crouch/M_Neutral_Crouch_Start_RL_Rfoot.M_Neutral_Crouch_Start_RL_Rfoot,106,0.283019,105,15,1,0.03066,0.0,0.0257,0.1956
196,train,Crouch,stop,/Game/Characters/UEFN_Mannequin/Animations/Crouch/M_Neutral_Crouch_Stop_B_Lfoot.M_Neutral_Crouch_Stop_B_Lfoot,167,0.522455,338,11,0,0.17515,0.0,0.0255,0.1761
197,train,Crouch,stop,/Game/Characters/UEFN_Mannequin/Animations/Crouch/M_Neutral_Crouch_Stop_B_Rfoot.M_Neutral_Crouch_Stop_B_Rfoot,186,0.56586,409,12,0,0.173387,0.0,0.0269,0.1621
198,train,Crouch,stop,/Game/Characters/UEFN_Mannequin/Animations/Crouch/M_Neutral_Crouch_Stop_BL_Lfoot.M_Neutral_Crouch_Stop_BL_Lfoot,165,0.560606,358,12,0,0.184848,0.0,0.0271,0.1614
199,train,Crouch,stop,/Game/Characters/UEFN_Mannequin/Animations/Crouch/M_Neutral_Crouch_Stop_BL_Rfoot.M_Neutral_Crouch_Stop_BL_Rfoot,158,0.56962,349,11,0,0.170886,0.0,0.0258,0.1628
200,train,Crouch,stop,/Game/Characters/UEFN_Mannequin/Animations/Crouch/M_Neutral_Crouch_Stop_BR_Lfoot.M_Neutral_Crouch_Stop_BR_Lfoot,140,0.530357,287,10,1,0.173214,0.0,0.025,0.1697
201,validation,Crouch,stop,/Game/Characters/UEFN_Mannequin/Animations/Crouch/M_Neutral_Crouch_Stop_F_Lfoot.M_Neutral_Crouch_Stop_F_Lfoot,151,0.513245,302,8,0,0.155629,0.0,0.0315,0.1773
202,train,Crouch,stop,/Game/Characters/UEFN_Mannequin/Animations/Crouch/M_Neutral_Crouch_Stop_F_Rfoot.M_Neutral_Crouch_Stop_F_Rfoot,185,0.527027,376,14,2,0.154054,0.0,0.0277,0.1668
203,validation,Crouch,stop,/Game/Characters/UEFN_Mannequin/Animations/Crouch/M_Neutral_Crouch_Stop_FL_Rfoot.M_Neutral_Crouch_Stop_FL_Rfoot,169,0.539941,350,15,3,0.139053,0.0,0.0291,0.1679
204,train,Crouch,stop,/Game/Characters/UEFN_Mannequin/Animations/Crouch/M_Neutral_Crouch_Stop_FR_Lfoot.M_Neutral_Crouch_Stop_FR_Lfoot,181,0.555249,389,13,1,0.15884,0.0,0.0228,0.1637
205,test,Crouch,stop,/Game/Characters/UEFN_Mannequin/Animations/Crouch/M_Neutral_Crouch_Stop_LL_Lfoot.M_Neutral_Crouch_Stop_LL_Lfoot,150,0.531667,307,12,1,0.175,0.0,0.0244,0.165
206,validation,Crouch,stop,/Game/Characters/UEFN_Mannequin/Animations/Crouch/M_Neutral_Crouch_Stop_LR_Rfoot.M_Neutral_Crouch_Stop_LR_Rfoot,153,0.52451,309,12,0,0.145425,0.0,0.0265,0.1685
207,train,Crouch,stop,/Game/Characters/UEFN_Mannequin/Animations/Crouch/M_Neutral_Crouch_Stop_RL_Lfoot.M_Neutral_Crouch_Stop_RL_Lfoot,170,0.520588,342,12,0,0.176471,0.0,0.0279,0.168
208,validation,Crouch,stop,/Game/Characters/UEFN_Mannequin/Animations/Crouch/M_Neutral_Crouch_Stop_RR_Lfoot.M_Neutral_Crouch_Stop_RR_Lfoot,176,0.538352,367,12,0,0.171875,0.0,0.0274,0.1664
209,train,Crouch,stop,/Game/Characters/UEFN_Mannequin/Animations/Crouch/M_Neutral_Crouch_Stop_RR_Rfoot.M_Neutral_Crouch_Stop_RR_Rfoot,170,0.564706,373,11,0,0.175,0.0,0.0253,0.1603
210,train,Crouch,turn,/Game/Characters/UEFN_Mannequin/Animations/Crouch/M_Neutral_Crouch_Turn_L_045_Lfoot.M_Neutral_Crouch_Turn_L_045_Lfoot,98,0.22449,74,14,2,0.012755,0.0,0.0243,0.2162
211,validation,Crouch,turn,/Game/Characters/UEFN_Mannequin/Animations/Crouch/M_Neutral_Crouch_Turn_L_045_Rfoot.M_Neutral_Crouch_Turn_L_045_Rfoot,95,0.231579,75,13,0,0.021053,0.0,0.0245,0.2152
212,train,Crouch,turn,/Game/Characters/UEFN_Mannequin/Animations/Crouch/M_Neutral_Crouch_Turn_L_090_Lfoot.M_Neutral_Crouch_Turn_L_090_Lfoot,97,0.234536,77,14,0,0.023196,0.0,0.0246,0.218
213,train,Crouch,turn,/Game/Characters/UEFN_Mannequin/Animations/Crouch/M_Neutral_Crouch_Turn_L_090_Rfoot.M_Neutral_Crouch_Turn_L_090_Rfoot,92,0.247283,76,15,2,0.027174,0.0,0.0234,0.2125
214,train,Crouch,turn,/Game/Characters/UEFN_Mannequin/Animations/Crouch/M_Neutral_Crouch_Turn_L_135_Lfoot.M_Neutral_Crouch_Turn_L_135_Lfoot,99,0.214646,70,15,1,0.005051,0.0,0.0246,0.2125
215,train,Crouch,turn,/Game/Characters/UEFN_Mannequin/Animations/Crouch/M_Neutral_Crouch_Turn_L_135_Rfoot.M_Neutral_Crouch_Turn_L_135_Rfoot,94,0.228723,73,13,0,0.018617,0.0,0.0245,0.2169
216,train,Crouch,turn,/Game/Characters/UEFN_Mannequin/Animations/Crouch/M_Neutral_Crouch_Turn_L_180_Lfoot.M_Neutral_Crouch_Turn_L_180_Lfoot,99,0.219697,71,16,3,0.005051,0.0,0.0246,0.2131
217,train,Crouch,turn,/Game/Characters/UEFN_Mannequin/Animations/Crouch/M_Neutral_Crouch_Turn_L_180_Rfoot.M_Neutral_Crouch_Turn_L_180_Rfoot,97,0.213918,69,14,2,0.005155,0.0,0.0251,0.2076
218,train,Crouch,turn,/Game/Characters/UEFN_Mannequin/Animations/Crouch/M_Neutral_Crouch_Turn_R_045_Lfoot.M_Neutral_Crouch_Turn_R_045_Lfoot,96,0.226562,72,15,3,0.015625,0.0,0.0237,0.2171
219,test,Crouch,turn,/Game/Characters/UEFN_Mannequin/Animations/Crouch/M_Neutral_Crouch_Turn_R_045_Rfoot.M_Neutral_Crouch_Turn_R_045_Rfoot,97,0.213918,70,13,0,0.015464,0.0,0.0251,0.2159
220,train,Crouch,turn,/Game/Characters/UEFN_Mannequin/Animations/Crouch/M_Neutral_Crouch_Turn_R_090_Lfoot.M_Neutral_Crouch_Turn_R_090_Lfoot,92,0.25,78,14,1,0.027174,0.0,0.0236,0.2192
221,train,Crouch,turn,/Game/Characters/UEFN_Mannequin/Animations/Crouch/M_Neutral_Crouch_Turn_R_090_Rfoot.M_Neutral_Crouch_Turn_R_090_Rfoot,97,0.216495,69,15,1,0.020619,0.0,0.0246,0.2174
222,validation,Crouch,turn,/Game/Characters/UEFN_Mannequin/Animations/Crouch/M_Neutral_Crouch_Turn_R_135_Lfoot.M_Neutral_Crouch_Turn_R_135_Lfoot,95,0.234211,75,14,1,0.018421,0.0,0.0247,0.2185
223,train,Crouch,turn,/Game/Characters/UEFN_Mannequin/Animations/Crouch/M_Neutral_Crouch_Turn_R_135_Rfoot.M_Neutral_Crouch_Turn_R_135_Rfoot,100,0.22,72,16,1,0.005,0.0,0.0253,0.2112
224,train,Crouch,turn,/Game/Characters/UEFN_Mannequin/Animations/Crouch/M_Neutral_Crouch_Turn_R_180_Lfoot.M_Neutral_Crouch_Turn_R_180_Lfoot,97,0.224227,74,13,1,0.007732,0.0,0.0248,0.2149
225,train,Crouch,turn,/Game/Characters/UEFN_Mannequin/Animations/Crouch/M_Neutral_Crouch_Turn_R_180_Rfoot.M_Neutral_Crouch_Turn_R_180_Rfoot,100,0.2125,69,16,2,0.005,0.0,0.0253,0.213
226,train,Crouch,full,/Game/Characters/UEFN_Mannequin/Animations/Crouch/M_Neutral_Transition_Crouch_to_Stand.M_Neutral_Transition_Crouch_to_Stand,76,0.828947,244,8,0,0.052632,0.0,0.0321,0.1311
227,train,Crouch,full,/Game/Characters/UEFN_Mannequin/Animations/Crouch/M_Neutral_Transition_Stand_to_Crouch.M_Neutral_Transition_Stand_to_Crouch,76,0.697368,204,8,1,0.210526,0.0,0.0316,0.1556
228,train,Crouch,full,/Game/Characters/UEFN_Mannequin/Animations/Crouch/M_Relaxed_Crouch_Box_B_LL_Lfoot.M_Relaxed_Crouch_Box_B_LL_Lfoot,157,0.238854,132,18,1,0.084395,0.0,0.0307,0.2087
229,train,Crouch,full,/Game/Characters/UEFN_Mannequin/Animations/Crouch/M_Relaxed_Crouch_Box_B_LL_Rfoot.M_Relaxed_Crouch_Box_B_LL_Rfoot,161,0.243789,139,18,3,0.085404,0.0,0.0303,0.2093
230,test,Crouch,full,/Game/Characters/UEFN_Mannequin/Animations/Crouch/M_Relaxed_Crouch_Box_B_LR_Lfoot.M_Relaxed_Crouch_Box_B_LR_Lfoot,162,0.25463,146,19,3,0.072531,0.0,0.0323,0.204
231,train,Crouch,full,/Game/Characters/UEFN_Mannequin/Animations/Crouch/M_Relaxed_Crouch_Box_B_LR_Rfoot.M_Relaxed_Crouch_Box_B_LR_Rfoot,161,0.254658,145,19,4,0.088509,0.0,0.0317,0.1978
232,train,Crouch,full,/Game/Characters/UEFN_Mannequin/Animations/Crouch/M_Relaxed_Crouch_Box_B_RL_Lfoot.M_Relaxed_Crouch_Box_B_RL_Lfoot,165,0.265152,159,16,1,0.078788,0.0,0.0312,0.1979
233,train,Crouch,full,/Game/Characters/UEFN_Mannequin/Animations/Crouch/M_Relaxed_Crouch_Box_B_RL_Rfoot.M_Relaxed_Crouch_Box_B_RL_Rfoot,145,0.289655,151,17,1,0.062069,0.0,0.0306,0.1968
234,train,Crouch,full,/Game/Characters/UEFN_Mannequin/Animations/Crouch/M_Relaxed_Crouch_Box_B_RR_Lfoot.M_Relaxed_Crouch_Box_B_RR_Lfoot,139,0.291367,143,19,1,0.079137,0.0,0.0298,0.1962
235,train,Crouch,full,/Game/Characters/UEFN_Mannequin/Animations/Crouch/M_Relaxed_Crouch_Box_B_RR_Rfoot.M_Relaxed_Crouch_Box_B_RR_Rfoot,139,0.276978,136,18,2,0.059353,0.0,0.028,0.2002
236,train,Crouch,full,/Game/Characters/UEFN_Mannequin/Animations/Crouch/M_Relaxed_Crouch_Box_F_LL_Lfoot.M_Relaxed_Crouch_Box_F_LL_Lfoot,141,0.274823,134,21,3,0.049645,0.0,0.027,0.2088
237,train,Crouch,full,/Game/Characters/UEFN_Mannequin/Animations/Crouch/M_Relaxed_Crouch_Box_F_LL_Rfoot.M_Relaxed_Crouch_Box_F_LL_Rfoot,158,0.256329,144,18,0,0.063291,0.0,0.0286,0.2146
238,validation,Crouch,full,/Game/Characters/UEFN_Mannequin/Animations/Crouch/M_Relaxed_Crouch_Box_F_LR_Lfoot.M_Relaxed_Crouch_Box_F_LR_Lfoot,164,0.234756,136,18,2,0.077744,0.0,0.0299,0.2042
239,test,Crouch,full,/Game/Characters/UEFN_Mannequin/Animations/Crouch/M_Relaxed_Crouch_Box_F_LR_Rfoot.M_Relaxed_Crouch_Box_F_LR_Rfoot,179,0.243017,153,21,0,0.065642,0.0,0.0273,0.2019
240,train,Crouch,full,/Game/Characters/UEFN_Mannequin/Animations/Crouch/M_Relaxed_Crouch_Box_F_RL_Lfoot.M_Relaxed_Crouch_Box_F_RL_Lfoot,181,0.252762,161,22,3,0.066298,0.0,0.0277,0.1957
241,validation,Crouch,full,/Game/Characters/UEFN_Mannequin/Animations/Crouch/M_Relaxed_Crouch_Box_F_RL_Rfoot.M_Relaxed_Crouch_Box_F_RL_Rfoot,171,0.225146,132,22,6,0.071637,0.0,0.029,0.2017
242,test,Crouch,full,/Game/Characters/UEFN_Mannequin/Animations/Crouch/M_Relaxed_Crouch_Box_F_RR_Lfoot.M_Relaxed_Crouch_Box_F_RR_Lfoot,168,0.233631,139,18,3,0.104167,0.0,0.0297,0.2145
243,train,Crouch,full,/Game/Characters/UEFN_Mannequin/Animations/Crouch/M_Relaxed_Crouch_Box_F_RR_Rfoot.M_Relaxed_Crouch_Box_F_RR_Rfoot,160,0.260937,149,18,0,0.092188,0.0,0.0303,0.2044
244,train,Crouch,full,/Game/Characters/UEFN_Mannequin/Animations/Crouch/M_Relaxed_Crouch_Box_LL_B_Rfoot.M_Relaxed_Crouch_Box_LL_B_Rfoot,176,0.241477,150,20,3,0.096591,0.0,0.0315,0.2181
245,train,Crouch,full,/Game/Characters/UEFN_Mannequin/Animations/Crouch/M_Relaxed_Crouch_Box_LL_F_Lfoot.M_Relaxed_Crouch_Box_LL_F_Lfoot,178,0.213483,132,20,3,0.057584,0.0,0.0304,0.2189
246,train,Crouch,full,/Game/Characters/UEFN_Mannequin/Animations/Crouch/M_Relaxed_Crouch_Box_LL_F_Rfoot.M_Relaxed_Crouch_Box_LL_F_Rfoot,186,0.215054,141,19,1,0.077957,0.0,0.0304,0.2174
247,train,Crouch,full,/Game/Characters/UEFN_Mannequin/Animations/Crouch/M_Relaxed_Crouch_Box_LR_B_Lfoot.M_Relaxed_Crouch_Box_LR_B_Lfoot,175,0.264286,164,21,1,0.072857,0.0,0.0294,0.2134
248,test,Crouch,full,/Game/Characters/UEFN_Mannequin/Animations/Crouch/M_Relaxed_Crouch_Box_LR_B_Rfoot.M_Relaxed_Crouch_Box_LR_B_Rfoot,170,0.257353,155,20,1,0.069118,0.0,0.0308,0.214
249,train,Crouch,full,/Game/Characters/UEFN_Mannequin/Animations/Crouch/M_Relaxed_Crouch_Box_LR_F_Lfoot.M_Relaxed_Crouch_Box_LR_F_Lfoot,191,0.234293,158,21,1,0.054974,0.0,0.029,0.214
250,train,Crouch,full,/Game/Characters/UEFN_Mannequin/Animations/Crouch/M_Relaxed_Crouch_Box_LR_F_Rfoot.M_Relaxed_Crouch_Box_LR_F_Rfoot,170,0.245588,145,22,4,0.045588,0.0,0.0238,0.2151
251,train,Crouch,full,/Game/Characters/UEFN_Mannequin/Animations/Crouch/M_Relaxed_Crouch_Box_RL_B_Lfoot.M_Relaxed_Crouch_Box_RL_B_Lfoot,158,0.261076,145,20,1,0.064873,0.0,0.0307,0.2133
252,train,Crouch,full,/Game/Characters/UEFN_Mannequin/Animations/Crouch/M_Relaxed_Crouch_Box_RL_F_Rfoot.M_Relaxed_Crouch_Box_RL_F_Rfoot,186,0.228495,148,22,2,0.063172,0.0,0.029,0.213
253,train,Crouch,full,/Game/Characters/UEFN_Mannequin/Animations/Crouch/M_Relaxed_Crouch_Box_RR_B_Lfoot.M_Relaxed_Crouch_Box_RR_B_Lfoot,173,0.263006,164,18,1,0.093931,0.0,0.0317,0.2149
254,train,Crouch,full,/Game/Characters/UEFN_Mannequin/Animations/Crouch/M_Relaxed_Crouch_Box_RR_B_Rfoot.M_Relaxed_Crouch_Box_RR_B_Rfoot,168,0.25744,156,17,1,0.098214,0.0,0.0317,0.2115
255,train,Crouch,full,/Game/Characters/UEFN_Mannequin/Animations/Crouch/M_Relaxed_Crouch_Box_RR_F_Lfoot.M_Relaxed_Crouch_Box_RR_F_Lfoot,172,0.235465,142,20,1,0.05814,0.0,0.0236,0.2208
256,test,Crouch,full,/Game/Characters/UEFN_Mannequin/Animations/Crouch/M_Relaxed_Crouch_Box_RR_F_Rfoot.M_Relaxed_Crouch_Box_RR_F_Rfoot,166,0.248494,144,21,4,0.057229,0.0,0.0234,0.2151
257,train,Crouch,full,/Game/Characters/UEFN_Mannequin/Animations/Crouch/M_Relaxed_Crouch_Diamond_BL_BR_Lfoot.M_Relaxed_Crouch_Diamond_BL_BR_Lfoot,176,0.285511,180,21,2,0.09233,0.0,0.029,0.1972
258,train,Crouch,full,/Game/Characters/UEFN_Mannequin/Animations/Crouch/M_Relaxed_Crouch_Diamond_BL_BR_Rfoot.M_Relaxed_Crouch_Diamond_BL_BR_Rfoot,170,0.269118,160,23,5,0.097059,0.0,0.0298,0.1936
259,train,Crouch,full,/Game/Characters/UEFN_Mannequin/Animations/Crouch/M_Relaxed_Crouch_Diamond_BL_FL_Lfoot.M_Relaxed_Crouch_Diamond_BL_FL_Lfoot,184,0.237772,148,27,4,0.033967,0.0,0.0287,0.2094
260,validation,Crouch,full,/Game/Characters/UEFN_Mannequin/Animations/Crouch/M_Relaxed_Crouch_Diamond_BR_BL_Lfoot.M_Relaxed_Crouch_Diamond_BR_BL_Lfoot,160,0.228125,127,19,2,0.075,0.0,0.0304,0.206
261,train,Crouch,full,/Game/Characters/UEFN_Mannequin/Animations/Crouch/M_Relaxed_Crouch_Diamond_BR_BL_Rfoot.M_Relaxed_Crouch_Diamond_BR_BL_Rfoot,173,0.24711,152,19,2,0.086705,0.0,0.031,0.2079
262,train,Crouch,full,/Game/Characters/UEFN_Mannequin/Animations/Crouch/M_Relaxed_Crouch_Diamond_BR_FR_Lfoot.M_Relaxed_Crouch_Diamond_BR_FR_Lfoot,183,0.222678,142,21,1,0.04918,0.0,0.0309,0.2119
263,train,Crouch,full,/Game/Characters/UEFN_Mannequin/Animations/Crouch/M_Relaxed_Crouch_Diamond_BR_FR_Rfoot.M_Relaxed_Crouch_Diamond_BR_FR_Rfoot,173,0.206647,123,20,2,0.062139,0.0,0.0313,0.2132
264,train,Crouch,full,/Game/Characters/UEFN_Mannequin/Animations/Crouch/M_Relaxed_Crouch_Diamond_FL_BL_Lfoot.M_Relaxed_Crouch_Diamond_FL_BL_Lfoot,173,0.263006,159,23,2,0.069364,0.0,0.03,0.2157
265,train,Crouch,full,/Game/Characters/UEFN_Mannequin/Animations/Crouch/M_Relaxed_Crouch_Diamond_FL_BL_Rfoot.M_Relaxed_Crouch_Diamond_FL_BL_Rfoot,174,0.244253,148,22,1,0.054598,0.0,0.0287,0.2129
266,validation,Crouch,full,/Game/Characters/UEFN_Mannequin/Animations/Crouch/M_Relaxed_Crouch_Diamond_FL_FR_Lfoot.M_Relaxed_Crouch_Diamond_FL_FR_Lfoot,185,0.22973,144,26,3,0.010811,0.0,0.0307,0.2127
267,train,Crouch,full,/Game/Characters/UEFN_Mannequin/Animations/Crouch/M_Relaxed_Crouch_Diamond_FL_FR_Rfoot.M_Relaxed_Crouch_Diamond_FL_FR_Rfoot,181,0.229282,140,26,3,0.01105,0.0,0.0305,0.2139
268,test,Crouch,full,/Game/Characters/UEFN_Mannequin/Animations/Crouch/M_Relaxed_Crouch_Diamond_FR_BR_Lfoot.M_Relaxed_Crouch_Diamond_FR_BR_Lfoot,169,0.260355,154,22,2,0.085799,0.0,0.0318,0.2091
269,train,Crouch,full,/Game/Characters/UEFN_Mannequin/Animations/Crouch/M_Relaxed_Crouch_Diamond_FR_BR_Rfoot.M_Relaxed_Crouch_Diamond_FR_BR_Rfoot,179,0.259777,165,21,2,0.076816,0.0,0.0313,0.2078
270,train,Crouch,full,/Game/Characters/UEFN_Mannequin/Animations/Crouch/M_Relaxed_Crouch_Diamond_FR_FL_Lfoot.M_Relaxed_Crouch_Diamond_FR_FL_Lfoot,174,0.219828,128,25,3,0.021552,0.0,0.0318,0.2146
271,train,Crouch,full,/Game/Characters/UEFN_Mannequin/Animations/Crouch/M_Relaxed_Crouch_Diamond_FR_FL_Rfoot.M_Relaxed_Crouch_Diamond_FR_FL_Rfoot,184,0.220109,139,23,2,0.02038,0.0,0.032,0.2215
272,train,Crouch,full,/Game/Characters/UEFN_Mannequin/Animations/Crouch/M_Relaxed_Crouch_Hourglass_BL_RL_Lfoot.M_Relaxed_Crouch_Hourglass_BL_RL_Lfoot,148,0.244932,130,15,0,0.106419,0.0,0.0277,0.1964
273,train,Crouch,full,/Game/Characters/UEFN_Mannequin/Animations/Crouch/M_Relaxed_Crouch_Hourglass_BL_RL_Rfoot.M_Relaxed_Crouch_Hourglass_BL_RL_Rfoot,160,0.2625,150,18,1,0.09375,0.0,0.0298,0.2089
274,train,Crouch,full,/Game/Characters/UEFN_Mannequin/Animations/Crouch/M_Relaxed_Crouch_Hourglass_BL_RR_Lfoot.M_Relaxed_Crouch_Hourglass_BL_RR_Lfoot,156,0.267628,147,20,2,0.100962,0.0,0.0299,0.2028
275,train,Crouch,full,/Game/Characters/UEFN_Mannequin/Animations/Crouch/M_Relaxed_Crouch_Hourglass_BL_RR_Rfoot.M_Relaxed_Crouch_Hourglass_BL_RR_Rfoot,150,0.25,133,17,1,0.115,0.0,0.0311,0.2081
276,train,Crouch,full,/Game/Characters/UEFN_Mannequin/Animations/Crouch/M_Relaxed_Crouch_Hourglass_BR_LL_Rfoot.M_Relaxed_Crouch_Hourglass_BR_LL_Rfoot,162,0.243827,141,17,0,0.108025,0.0,0.032,0.1995
277,train,Crouch,full,/Game/Characters/UEFN_Mannequin/Animations/Crouch/M_Relaxed_Crouch_Hourglass_BR_LR_Lfoot.M_Relaxed_Crouch_Hourglass_BR_LR_Lfoot,158,0.237342,128,22,2,0.068038,0.0,0.0313,0.2003
278,train,Crouch,full,/Game/Characters/UEFN_Mannequin/Animations/Crouch/M_Relaxed_Crouch_Hourglass_BR_LR_Rfoot.M_Relaxed_Crouch_Hourglass_BR_LR_Rfoot,154,0.26461,144,19,2,0.092532,0.0,0.0312,0.1953
279,train,Crouch,full,/Game/Characters/UEFN_Mannequin/Animations/Crouch/M_Relaxed_Crouch_Hourglass_FL_RR_Lfoot.M_Relaxed_Crouch_Hourglass_FL_RR_Lfoot,182,0.266484,174,20,0,0.086538,0.0,0.0304,0.2047
280,train,Crouch,full,/Game/Characters/UEFN_Mannequin/Animations/Crouch/M_Relaxed_Crouch_Hourglass_FL_RR_Rfoot.M_Relaxed_Crouch_Hourglass_FL_RR_Rfoot,166,0.237952,135,23,4,0.076807,0.0,0.0309,0.2048
281,train,Crouch,full,/Game/Characters/UEFN_Mannequin/Animations/Crouch/M_Relaxed_Crouch_Hourglass_FR_LL_Lfoot.M_Relaxed_Crouch_Hourglass_FR_LL_Lfoot,165,0.248485,142,22,1,0.066667,0.0,0.0277,0.2035
282,train,Crouch,full,/Game/Characters/UEFN_Mannequin/Animations/Crouch/M_Relaxed_Crouch_Hourglass_FR_LL_Rfoot.M_Relaxed_Crouch_Hourglass_FR_LL_Rfoot,160,0.251563,140,21,2,0.075,0.0,0.0319,0.2096
283,train,Crouch,full,/Game/Characters/UEFN_Mannequin/Animations/Crouch/M_Relaxed_Crouch_Hourglass_FR_LR_Lfoot.M_Relaxed_Crouch_Hourglass_FR_LR_Lfoot,169,0.245562,137,29,8,0.04142,0.0,0.0309,0.2134
284,train,Crouch,full,/Game/Characters/UEFN_Mannequin/Animations/Crouch/M_Relaxed_Crouch_Hourglass_FR_LR_Rfoot.M_Relaxed_Crouch_Hourglass_FR_LR_Rfoot,177,0.24435,149,24,2,0.056497,0.0,0.0312,0.2022
285,train,Crouch,full,/Game/Characters/UEFN_Mannequin/Animations/Crouch/M_Relaxed_Crouch_Hourglass_LL_FR_Lfoot.M_Relaxed_Crouch_Hourglass_LL_FR_Lfoot,151,0.269868,141,22,2,0.023179,0.0,0.0291,0.2135
286,train,Crouch,full,/Game/Characters/UEFN_Mannequin/Animations/Crouch/M_Relaxed_Crouch_Hourglass_LL_FR_Rfoot.M_Relaxed_Crouch_Hourglass_LL_FR_Rfoot,178,0.223315,136,23,2,0.05618,0.0,0.0322,0.2139
287,train,Crouch,full,/Game/Characters/UEFN_Mannequin/Animations/Crouch/M_Relaxed_Crouch_Hourglass_LR_BR_Lfoot.M_Relaxed_Crouch_Hourglass_LR_BR_Lfoot,166,0.256024,152,18,0,0.114458,0.0,0.0314,0.1981
288,validation,Crouch,full,/Game/Characters/UEFN_Mannequin/Animations/Crouch/M_Relaxed_Crouch_Hourglass_LR_BR_Rfoot.M_Relaxed_Crouch_Hourglass_LR_BR_Rfoot,160,0.248438,142,17,1,0.098437,0.0,0.0306,0.2003
289,train,Crouch,full,/Game/Characters/UEFN_Mannequin/Animations/Crouch/M_Relaxed_Crouch_Hourglass_LR_FR_Lfoot.M_Relaxed_Crouch_Hourglass_LR_FR_Lfoot,163,0.242331,136,22,1,0.042945,0.0,0.0309,0.2087
290,validation,Crouch,full,/Game/Characters/UEFN_Mannequin/Animations/Crouch/M_Relaxed_Crouch_Hourglass_LR_FR_Rfoot.M_Relaxed_Crouch_Hourglass_LR_FR_Rfoot,169,0.251479,146,24,2,0.059172,0.0,0.0312,0.2138
291,train,Crouch,full,/Game/Characters/UEFN_Mannequin/Animations/Crouch/M_Relaxed_Crouch_Hourglass_RL_BL_Lfoot.M_Relaxed_Crouch_Hourglass_RL_BL_Lfoot,148,0.243243,125,19,2,0.084459,0.0,0.0307,0.1959
292,train,Crouch,full,/Game/Characters/UEFN_Mannequin/Animations/Crouch/M_Relaxed_Crouch_Hourglass_RL_BL_Rfoot.M_Relaxed_Crouch_Hourglass_RL_BL_Rfoot,152,0.286184,154,20,1,0.083882,0.0,0.0301,0.2097
293,train,Crouch,full,/Game/Characters/UEFN_Mannequin/Animations/Crouch/M_Relaxed_Crouch_Hourglass_RL_FL_Lfoot.M_Relaxed_Crouch_Hourglass_RL_FL_Lfoot,162,0.233025,125,26,4,0.040123,0.0,0.0316,0.2088
294,validation,Crouch,full,/Game/Characters/UEFN_Mannequin/Animations/Crouch/M_Relaxed_Crouch_Hourglass_RL_FL_Rfoot.M_Relaxed_Crouch_Hourglass_RL_FL_Rfoot,164,0.221037,123,22,1,0.050305,0.0,0.0301,0.2079
295,test,Crouch,full,/Game/Characters/UEFN_Mannequin/Animations/Crouch/M_Relaxed_Crouch_Hourglass_RR_BL_Lfoot.M_Relaxed_Crouch_Hourglass_RR_BL_Lfoot,168,0.24256,143,20,2,0.108631,0.0,0.0307,0.2042
296,train,Crouch,full,/Game/Characters/UEFN_Mannequin/Animations/Crouch/M_Relaxed_Crouch_Hourglass_RR_BL_Rfoot.M_Relaxed_Crouch_Hourglass_RR_BL_Rfoot,155,0.241935,132,18,1,0.095161,0.0,0.03,0.2124
297,test,Crouch,full,/Game/Characters/UEFN_Mannequin/Animations/Crouch/M_Relaxed_Crouch_Hourglass_RR_FL_Lfoot.M_Relaxed_Crouch_Hourglass_RR_FL_Lfoot,180,0.240278,153,20,2,0.070833,0.0,0.0309,0.2121
298,train,Crouch,loop,/Game/Characters/UEFN_Mannequin/Animations/Crouch/M_Relaxed_Crouch_Loop_B.M_Relaxed_Crouch_Loop_B,123,0.262195,114,15,4,0.079268,0.0,0.0317,0.2049
299,train,Crouch,loop,/Game/Characters/UEFN_Mannequin/Animations/Crouch/M_Relaxed_Crouch_Loop_BL.M_Relaxed_Crouch_Loop_BL,123,0.25813,115,12,0,0.097561,0.0,0.0306,0.2168
300,train,Crouch,loop,/Game/Characters/UEFN_Mannequin/Animations/Crouch/M_Relaxed_Crouch_Loop_BR.M_Relaxed_Crouch_Loop_BR,123,0.231707,104,10,0,0.126016,0.0,0.032,0.1931
301,train,Crouch,loop,/Game/Characters/UEFN_Mannequin/Animations/Crouch/M_Relaxed_Crouch_Loop_F.M_Relaxed_Crouch_Loop_F,125,0.23,99,16,1,0.024,0.0,0.0208,0.2086
302,train,Crouch,loop,/Game/Characters/UEFN_Mannequin/Animations/Crouch/M_Relaxed_Crouch_Loop_FL.M_Relaxed_Crouch_Loop_FL,127,0.190945,80,17,3,0.015748,0.0,0.0324,0.2091
303,train,Crouch,loop,/Game/Characters/UEFN_Mannequin/Animations/Crouch/M_Relaxed_Crouch_Loop_FR.M_Relaxed_Crouch_Loop_FR,127,0.216535,93,17,0,0.019685,0.0,0.0329,0.2219
304,train,Crouch,loop,/Game/Characters/UEFN_Mannequin/Animations/Crouch/M_Relaxed_Crouch_Loop_LL.M_Relaxed_Crouch_Loop_LL,125,0.202,92,9,1,0.132,0.0,0.0328,0.205
305,test,Crouch,loop,/Game/Characters/UEFN_Mannequin/Animations/Crouch/M_Relaxed_Crouch_Loop_LR.M_Relaxed_Crouch_Loop_LR,125,0.22,98,12,1,0.1,0.0,0.0329,0.2008
306,test,Crouch,loop,/Game/Characters/UEFN_Mannequin/Animations/Crouch/M_Relaxed_Crouch_Loop_RL.M_Relaxed_Crouch_Loop_RL,125,0.216,99,9,1,0.124,0.0,0.0323,0.1868
307,test,Crouch,loop,/Game/Characters/UEFN_Mannequin/Animations/Crouch/M_Relaxed_Crouch_Loop_RR.M_Relaxed_Crouch_Loop_RR,125,0.246,112,11,1,0.158,0.0,0.0322,0.1917
308,train,Crouch,pivot,/Game/Characters/UEFN_Mannequin/Animations/Crouch/M_Relaxed_Crouch_Pivot_B_F_Lfoot.M_Relaxed_Crouch_Pivot_B_F_Lfoot,124,0.239919,102,17,3,0.068548,0.0,0.0222,0.2128
309,validation,Crouch,pivot,/Game/Characters/UEFN_Mannequin/Animations/Crouch/M_Relaxed_Crouch_Pivot_B_F_Rfoot.M_Relaxed_Crouch_Pivot_B_F_Rfoot,125,0.246,104,19,2,0.06,0.0,0.0235,0.2036
310,train,Crouch,pivot,/Game/Characters/UEFN_Mannequin/Animations/Crouch/M_Relaxed_Crouch_Pivot_F_B_Lfoot.M_Relaxed_Crouch_Pivot_F_B_Lfoot,128,0.253906,112,18,2,0.064453,0.0,0.0234,0.2054
311,train,Crouch,pivot,/Game/Characters/UEFN_Mannequin/Animations/Crouch/M_Relaxed_Crouch_Pivot_F_B_Rfoot.M_Relaxed_Crouch_Pivot_F_B_Rfoot,127,0.257874,114,17,1,0.080709,0.0,0.0238,0.2043
312,train,Crouch,pivot,/Game/Characters/UEFN_Mannequin/Animations/Crouch/M_Relaxed_Crouch_Pivot_LL_RL_Lfoot.M_Relaxed_Crouch_Pivot_LL_RL_Lfoot,125,0.216,96,12,2,0.128,0.0,0.031,0.1871
313,train,Crouch,pivot,/Game/Characters/UEFN_Mannequin/Animations/Crouch/M_Relaxed_Crouch_Pivot_LL_RL_Rfoot.M_Relaxed_Crouch_Pivot_LL_RL_Rfoot,125,0.204,90,12,2,0.144,0.0,0.0318,0.1919
314,train,Crouch,pivot,/Game/Characters/UEFN_Mannequin/Animations/Crouch/M_Relaxed_Crouch_Pivot_RL_LL_Lfoot.M_Relaxed_Crouch_Pivot_RL_LL_Lfoot,127,0.224409,101,13,2,0.11811,0.0,0.0289,0.2016
315,train,Crouch,pivot,/Game/Characters/UEFN_Mannequin/Animations/Crouch/M_Relaxed_Crouch_Pivot_RL_LL_Rfoot.M_Relaxed_Crouch_Pivot_RL_LL_Rfoot,129,0.23062,107,12,0,0.094961,0.0,0.0286,0.1984
316,validation,Crouch,full,/Game/Characters/UEFN_Mannequin/Animations/Crouch/M_Relaxed_Crouch_Quad_B_BL_Lfoot.M_Relaxed_Crouch_Quad_B_BL_Lfoot,181,0.259669,168,20,1,0.100829,0.0,0.031,0.222
317,train,Crouch,full,/Game/Characters/UEFN_Mannequin/Animations/Crouch/M_Relaxed_Crouch_Quad_B_BL_Rfoot.M_Relaxed_Crouch_Quad_B_BL_Rfoot,147,0.277211,144,19,1,0.061224,0.0,0.0289,0.2079
318,train,Crouch,full,/Game/Characters/UEFN_Mannequin/Animations/Crouch/M_Relaxed_Crouch_Quad_B_BR_Rfoot.M_Relaxed_Crouch_Quad_B_BR_Rfoot,161,0.237578,139,14,1,0.124224,0.0,0.0318,0.1941
319,train,Crouch,full,/Game/Characters/UEFN_Mannequin/Animations/Crouch/M_Relaxed_Crouch_Quad_B_FL_Lfoot.M_Relaxed_Crouch_Quad_B_FL_Lfoot,172,0.219477,131,20,1,0.040698,0.0,0.0316,0.2179
320,train,Crouch,full,/Game/Characters/UEFN_Mannequin/Animations/Crouch/M_Relaxed_Crouch_Quad_B_FL_Rfoot.M_Relaxed_Crouch_Quad_B_FL_Rfoot,169,0.213018,123,21,2,0.028107,0.0,0.0302,0.2125
321,test,Crouch,full,/Game/Characters/UEFN_Mannequin/Animations/Crouch/M_Relaxed_Crouch_Quad_B_FR_Lfoot.M_Relaxed_Crouch_Quad_B_FR_Lfoot,172,0.22093,131,21,3,0.047965,0.0,0.0305,0.2202
322,train,Crouch,full,/Game/Characters/UEFN_Mannequin/Animations/Crouch/M_Relaxed_Crouch_Quad_B_FR_Rfoot.M_Relaxed_Crouch_Quad_B_FR_Rfoot,168,0.24256,140,23,2,0.034226,0.0,0.0306,0.2174
323,test,Crouch,full,/Game/Characters/UEFN_Mannequin/Animations/Crouch/M_Relaxed_Crouch_Quad_BL_B_Lfoot.M_Relaxed_Crouch_Quad_BL_B_Lfoot,159,0.25,142,17,0,0.092767,0.0,0.03,0.217
324,train,Crouch,full,/Game/Characters/UEFN_Mannequin/Animations/Crouch/M_Relaxed_Crouch_Quad_BL_B_Rfoot.M_Relaxed_Crouch_Quad_BL_B_Rfoot,158,0.264241,150,17,1,0.093354,0.0,0.0303,0.2111
325,train,Crouch,full,/Game/Characters/UEFN_Mannequin/Animations/Crouch/M_Relaxed_Crouch_Quad_BL_F_Lfoot.M_Relaxed_Crouch_Quad_BL_F_Lfoot,178,0.234551,146,21,2,0.036517,0.0,0.0219,0.2174
326,train,Crouch,full,/Game/Characters/UEFN_Mannequin/Animations/Crouch/M_Relaxed_Crouch_Quad_BL_F_Rfoot.M_Relaxed_Crouch_Quad_BL_F_Rfoot,178,0.244382,151,23,2,0.036517,0.0,0.0281,0.2201
327,test,Crouch,full,/Game/Characters/UEFN_Mannequin/Animations/Crouch/M_Relaxed_Crouch_Quad_BR_B_Lfoot.M_Relaxed_Crouch_Quad_BR_B_Lfoot,155,0.248387,138,16,2,0.090323,0.0,0.0322,0.2087
328,test,Crouch,full,/Game/Characters/UEFN_Mannequin/Animations/Crouch/M_Relaxed_Crouch_Quad_BR_B_Rfoot.M_Relaxed_Crouch_Quad_BR_B_Rfoot,156,0.285256,160,18,0,0.084936,0.0,0.0304,0.2014
329,train,Crouch,full,/Game/Characters/UEFN_Mannequin/Animations/Crouch/M_Relaxed_Crouch_Quad_BR_F_Lfoot.M_Relaxed_Crouch_Quad_BR_F_Lfoot,176,0.232955,143,21,3,0.042614,0.0,0.0297,0.2215
330,train,Crouch,full,/Game/Characters/UEFN_Mannequin/Animations/Crouch/M_Relaxed_Crouch_Quad_BR_F_Rfoot.M_Relaxed_Crouch_Quad_BR_F_Rfoot,178,0.220506,139,18,2,0.066011,0.0,0.0302,0.214
331,train,Crouch,full,/Game/Characters/UEFN_Mannequin/Animations/Crouch/M_Relaxed_Crouch_Quad_F_BL_Lfoot.M_Relaxed_Crouch_Quad_F_BL_Lfoot,134,0.287313,136,18,0,0.054104,0.0,0.0278,0.2249
332,train,Crouch,full,/Game/Characters/UEFN_Mannequin/Animations/Crouch/M_Relaxed_Crouch_Quad_F_BL_Rfoot.M_Relaxed_Crouch_Quad_F_BL_Rfoot,136,0.242647,112,20,0,0.038603,0.0,0.0268,0.2201
333,train,Crouch,full,/Game/Characters/UEFN_Mannequin/Animations/Crouch/M_Relaxed_Crouch_Quad_F_BR_Lfoot.M_Relaxed_Crouch_Quad_F_BR_Lfoot,162,0.291667,165,24,3,0.057099,0.0,0.0276,0.2106
334,train,Crouch,full,/Game/Characters/UEFN_Mannequin/Animations/Crouch/M_Relaxed_Crouch_Quad_F_BR_Rfoot.M_Relaxed_Crouch_Quad_F_BR_Rfoot,155,0.25,136,19,2,0.075806,0.0,0.0273,0.2067
335,train,Crouch,full,/Game/Characters/UEFN_Mannequin/Animations/Crouch/M_Relaxed_Crouch_Quad_F_FL_Rfoot.M_Relaxed_Crouch_Quad_F_FL_Rfoot,172,0.24564,147,22,3,0.039244,0.0,0.0234,0.2062
336,train,Crouch,full,/Game/Characters/UEFN_Mannequin/Animations/Crouch/M_Relaxed_Crouch_Quad_F_FR_Lfoot.M_Relaxed_Crouch_Quad_F_FR_Lfoot,174,0.225575,135,22,2,0.021552,0.0,0.0296,0.2198
337,test,Crouch,full,/Game/Characters/UEFN_Mannequin/Animations/Crouch/M_Relaxed_Crouch_Quad_F_FR_Rfoot.M_Relaxed_Crouch_Quad_F_FR_Rfoot,176,0.235795,143,23,1,0.021307,0.0,0.0298,0.2243
338,train,Crouch,full,/Game/Characters/UEFN_Mannequin/Animations/Crouch/M_Relaxed_Crouch_Quad_FL_B_Lfoot.M_Relaxed_Crouch_Quad_FL_B_Lfoot,155,0.245161,131,21,1,0.043548,0.0,0.0298,0.2039
339,train,Crouch,full,/Game/Characters/UEFN_Mannequin/Animations/Crouch/M_Relaxed_Crouch_Quad_FL_B_Rfoot.M_Relaxed_Crouch_Quad_FL_B_Rfoot,169,0.245562,146,20,1,0.042899,0.0,0.03,0.2061
340,train,Crouch,full,/Game/Characters/UEFN_Mannequin/Animations/Crouch/M_Relaxed_Crouch_Quad_FL_F_Lfoot.M_Relaxed_Crouch_Quad_FL_F_Lfoot,177,0.231638,141,23,1,0.024011,0.0,0.0235,0.2146
341,train,Crouch,full,/Game/Characters/UEFN_Mannequin/Animations/Crouch/M_Relaxed_Crouch_Quad_FR_B_Lfoot.M_Relaxed_Crouch_Quad_FR_B_Lfoot,181,0.243094,154,22,1,0.062155,0.0,0.0321,0.2183
342,train,Crouch,full,/Game/Characters/UEFN_Mannequin/Animations/Crouch/M_Relaxed_Crouch_Quad_FR_B_Rfoot.M_Relaxed_Crouch_Quad_FR_B_Rfoot,169,0.254438,150,22,2,0.039941,0.0,0.0308,0.219
343,train,Crouch,full,/Game/Characters/UEFN_Mannequin/Animations/Crouch/M_Relaxed_Crouch_Quad_FR_F_Lfoot.M_Relaxed_Crouch_Quad_FR_F_Lfoot,179,0.251397,155,25,4,0.026536,0.0,0.0305,0.2196
344,train,Crouch,full,/Game/Characters/UEFN_Mannequin/Animations/Crouch/M_Relaxed_Crouch_Quad_FR_F_Rfoot.M_Relaxed_Crouch_Quad_FR_F_Rfoot,185,0.244595,158,23,0,0.027027,0.0,0.0235,0.221
345,train,Crouch,start,/Game/Characters/UEFN_Mannequin/Animations/Crouch/M_Relaxed_Crouch_Reface_Start_090_L_Lfoot.M_Relaxed_Crouch_Reface_Start_090_L_Lfoot,116,0.243534,98,15,2,0.068966,0.0,0.0203,0.2024
346,train,Crouch,start,/Game/Characters/UEFN_Mannequin/Animations/Crouch/M_Relaxed_Crouch_Reface_Start_090_L_Rfoot.M_Relaxed_Crouch_Reface_Start_090_L_Rfoot,114,0.219298,84,16,2,0.026316,0.0,0.0207,0.2079
347,validation,Crouch,start,/Game/Characters/UEFN_Mannequin/Animations/Crouch/M_Relaxed_Crouch_Reface_Start_090_R_Lfoot.M_Relaxed_Crouch_Reface_Start_090_R_Lfoot,120,0.222917,92,15,2,0.052083,0.0,0.0208,0.2055
348,validation,Crouch,start,/Game/Characters/UEFN_Mannequin/Animations/Crouch/M_Relaxed_Crouch_Reface_Start_090_R_Rfoot.M_Relaxed_Crouch_Reface_Start_090_R_Rfoot,115,0.254348,101,16,3,0.05,0.0,0.0207,0.2015
349,train,Crouch,start,/Game/Characters/UEFN_Mannequin/Animations/Crouch/M_Relaxed_Crouch_Reface_Start_180_L_Lfoot.M_Relaxed_Crouch_Reface_Start_180_L_Lfoot,81,0.243827,69,10,1,0.037037,0.0,0.0229,0.1981
350,train,Crouch,start,/Game/Characters/UEFN_Mannequin/Animations/Crouch/M_Relaxed_Crouch_Reface_Start_180_L_Rfoot.M_Relaxed_Crouch_Reface_Start_180_L_Rfoot,111,0.234234,90,14,1,0.051802,0.0,0.0207,0.2058
351,train,Crouch,start,/Game/Characters/UEFN_Mannequin/Animations/Crouch/M_Relaxed_Crouch_Reface_Start_180_R_Lfoot.M_Relaxed_Crouch_Reface_Start_180_R_Lfoot,76,0.25,67,9,0,0.072368,0.0,0.0233,0.1792
352,train,Crouch,start,/Game/Characters/UEFN_Mannequin/Animations/Crouch/M_Relaxed_Crouch_Reface_Start_180_R_Rfoot.M_Relaxed_Crouch_Reface_Start_180_R_Rfoot,111,0.211712,78,16,2,0.063063,0.0,0.0207,0.207
353,test,Crouch,start,/Game/Characters/UEFN_Mannequin/Animations/Crouch/M_Relaxed_Crouch_Reface_Start_B_090_L_Lfoot.M_Relaxed_Crouch_Reface_Start_B_090_L_Lfoot,108,0.226852,88,10,1,0.071759,0.0,0.0306,0.2045
354,train,Crouch,start,/Game/Characters/UEFN_Mannequin/Animations/Crouch/M_Relaxed_Crouch_Reface_Start_B_090_L_Rfoot.M_Relaxed_Crouch_Reface_Start_B_090_L_Rfoot,110,0.270455,108,11,2,0.090909,0.0,0.0317,0.2054
355,train,Crouch,start,/Game/Characters/UEFN_Mannequin/Animations/Crouch/M_Relaxed_Crouch_Reface_Start_B_090_R_Lfoot.M_Relaxed_Crouch_Reface_Start_B_090_R_Lfoot,109,0.247706,99,9,0,0.080275,0.0,0.0301,0.2034
356,train,Crouch,start,/Game/Characters/UEFN_Mannequin/Animations/Crouch/M_Relaxed_Crouch_Reface_Start_B_090_R_Rfoot.M_Relaxed_Crouch_Reface_Start_B_090_R_Rfoot,111,0.247748,99,11,2,0.065315,0.0,0.0319,0.2077
357,train,Crouch,start,/Game/Characters/UEFN_Mannequin/Animations/Crouch/M_Relaxed_Crouch_Reface_Start_B_180_L_Lfoot.M_Relaxed_Crouch_Reface_Start_B_180_L_Lfoot,113,0.236726,96,11,1,0.097345,0.0,0.0319,0.2075
358,train,Crouch,start,/Game/Characters/UEFN_Mannequin/Animations/Crouch/M_Relaxed_Crouch_Reface_Start_B_180_L_Rfoot.M_Relaxed_Crouch_Reface_Start_B_180_L_Rfoot,115,0.228261,93,12,3,0.076087,0.0,0.0316,0.2078
359,train,Crouch,start,/Game/Characters/UEFN_Mannequin/Animations/Crouch/M_Relaxed_Crouch_Reface_Start_B_180_R_Lfoot.M_Relaxed_Crouch_Reface_Start_B_180_R_Lfoot,113,0.227876,92,11,1,0.10177,0.0,0.0309,0.2081
360,train,Crouch,start,/Game/Characters/UEFN_Mannequin/Animations/Crouch/M_Relaxed_Crouch_Reface_Start_B_180_R_Rfoot.M_Relaxed_Crouch_Reface_Start_B_180_R_Rfoot,106,0.231132,86,12,3,0.087264,0.0,0.031,0.2034
361,validation,Crouch,stop,/Game/Characters/UEFN_Mannequin/Animations/Crouch/M_Relaxed_Crouch_Reface_Stop_090_L_Lfoot.M_Relaxed_Crouch_Reface_Stop_090_L_Lfoot,176,0.474432,319,15,1,0.149148,0.0,0.0229,0.178
362,validation,Crouch,stop,/Game/Characters/UEFN_Mannequin/Animations/Crouch/M_Relaxed_Crouch_Reface_Stop_090_L_Rfoot.M_Relaxed_Crouch_Reface_Stop_090_L_Rfoot,176,0.487216,329,14,1,0.134943,0.0,0.0222,0.1776
363,train,Crouch,stop,/Game/Characters/UEFN_Mannequin/Animations/Crouch/M_Relaxed_Crouch_Reface_Stop_090_R_Lfoot.M_Relaxed_Crouch_Reface_Stop_090_R_Lfoot,176,0.464489,313,14,0,0.144886,0.0,0.0232,0.1834
364,train,Crouch,stop,/Game/Characters/UEFN_Mannequin/Animations/Crouch/M_Relaxed_Crouch_Reface_Stop_090_R_Rfoot.M_Relaxed_Crouch_Reface_Stop_090_R_Rfoot,176,0.428977,286,16,3,0.133523,0.0,0.0224,0.1861
365,train,Crouch,stop,/Game/Characters/UEFN_Mannequin/Animations/Crouch/M_Relaxed_Crouch_Reface_Stop_180_L_Lfoot.M_Relaxed_Crouch_Reface_Stop_180_L_Lfoot,176,0.454545,304,16,1,0.130682,0.0,0.023,0.1852
366,test,Crouch,stop,/Game/Characters/UEFN_Mannequin/Animations/Crouch/M_Relaxed_Crouch_Reface_Stop_180_L_Rfoot.M_Relaxed_Crouch_Reface_Stop_180_L_Rfoot,176,0.47017,316,15,2,0.12642,0.0,0.0233,0.1793
367,train,Crouch,stop,/Game/Characters/UEFN_Mannequin/Animations/Crouch/M_Relaxed_Crouch_Reface_Stop_180_R_Lfoot.M_Relaxed_Crouch_Reface_Stop_180_R_Lfoot,176,0.447443,299,16,1,0.119318,0.0,0.0232,0.1776
368,train,Crouch,stop,/Game/Characters/UEFN_Mannequin/Animations/Crouch/M_Relaxed_Crouch_Reface_Stop_180_R_Rfoot.M_Relaxed_Crouch_Reface_Stop_180_R_Rfoot,176,0.433239,289,16,3,0.136364,0.0,0.0224,0.1829
369,train,Crouch,spin,/Game/Characters/UEFN_Mannequin/Animations/Crouch/M_Relaxed_Crouch_Spin_360_F_L_Lfoot.M_Relaxed_Crouch_Spin_360_F_L_Lfoot,198,0.231061,155,28,5,0.02399,0.0,0.0174,0.2008
370,train,Crouch,spin,/Game/Characters/UEFN_Mannequin/Animations/Crouch/M_Relaxed_Crouch_Spin_360_F_L_Rfoot.M_Relaxed_Crouch_Spin_360_F_L_Rfoot,178,0.205056,123,23,4,0.02809,0.0,0.0211,0.2134
371,train,Crouch,spin,/Game/Characters/UEFN_Mannequin/Animations/Crouch/M_Relaxed_Crouch_Spin_360_F_R_Lfoot.M_Relaxed_Crouch_Spin_360_F_R_Lfoot,183,0.236339,146,27,6,0.019126,0.0,0.0215,0.2097
372,train,Crouch,spin,/Game/Characters/UEFN_Mannequin/Animations/Crouch/M_Relaxed_Crouch_Spin_360_F_R_Rfoot.M_Relaxed_Crouch_Spin_360_F_R_Rfoot,191,0.22644,148,25,4,0.032723,0.0,0.0203,0.2131
373,train,Crouch,spin,/Game/Characters/UEFN_Mannequin/Animations/Crouch/M_Relaxed_Crouch_Spin_B_F_L_Lfoot.M_Relaxed_Crouch_Spin_B_F_L_Lfoot,158,0.240506,134,18,3,0.045886,0.0,0.0196,0.2019
374,train,Crouch,spin,/Game/Characters/UEFN_Mannequin/Animations/Crouch/M_Relaxed_Crouch_Spin_B_F_L_Rfoot.M_Relaxed_Crouch_Spin_B_F_L_Rfoot,171,0.251462,151,21,3,0.048246,0.0,0.0202,0.2069
375,train,Crouch,spin,/Game/Characters/UEFN_Mannequin/Animations/Crouch/M_Relaxed_Crouch_Spin_B_F_R_Lfoot.M_Relaxed_Crouch_Spin_B_F_R_Lfoot,155,0.224194,121,18,4,0.067742,0.0,0.0195,0.2033
376,validation,Crouch,spin,/Game/Characters/UEFN_Mannequin/Animations/Crouch/M_Relaxed_Crouch_Spin_B_F_R_Rfoot.M_Relaxed_Crouch_Spin_B_F_R_Rfoot,158,0.232595,129,18,4,0.05538,0.0,0.0195,0.203
377,train,Crouch,spin,/Game/Characters/UEFN_Mannequin/Animations/Crouch/M_Relaxed_Crouch_Spin_B_RL_Lfoot.M_Relaxed_Crouch_Spin_B_RL_Lfoot,159,0.227987,129,16,1,0.113208,0.0,0.0313,0.1917
378,train,Crouch,spin,/Game/Characters/UEFN_Mannequin/Animations/Crouch/M_Relaxed_Crouch_Spin_B_RL_Rfoot.M_Relaxed_Crouch_Spin_B_RL_Rfoot,161,0.22205,130,13,1,0.131988,0.0,0.0317,0.1888
379,train,Crouch,spin,/Game/Characters/UEFN_Mannequin/Animations/Crouch/M_Relaxed_Crouch_Spin_F_B_L_Rfoot.M_Relaxed_Crouch_Spin_F_B_L_Rfoot,154,0.248377,137,16,1,0.047078,0.0,0.0216,0.2131
380,train,Crouch,spin,/Game/Characters/UEFN_Mannequin/Animations/Crouch/M_Relaxed_Crouch_Spin_F_B_R_Lfoot.M_Relaxed_Crouch_Spin_F_B_R_Lfoot,154,0.233766,126,18,2,0.050325,0.0,0.0241,0.2058
381,train,Crouch,spin,/Game/Characters/UEFN_Mannequin/Animations/Crouch/M_Relaxed_Crouch_Spin_F_B_R_Rfoot.M_Relaxed_Crouch_Spin_F_B_R_Rfoot,156,0.233974,130,16,2,0.073718,0.0,0.0237,0.2133
382,train,Crouch,spin,/Game/Characters/UEFN_Mannequin/Animations/Crouch/M_Relaxed_Crouch_Spin_F_LL_Lfoot.M_Relaxed_Crouch_Spin_F_LL_Lfoot,156,0.203526,113,14,2,0.102564,0.0,0.0209,0.211
383,train,Crouch,spin,/Game/Characters/UEFN_Mannequin/Animations/Crouch/M_Relaxed_Crouch_Spin_F_LL_Rfoot.M_Relaxed_Crouch_Spin_F_LL_Rfoot,157,0.218153,121,16,4,0.08758,0.0,0.02,0.2083
384,train,Crouch,spin,/Game/Characters/UEFN_Mannequin/Animations/Crouch/M_Relaxed_Crouch_Spin_F_LR_Lfoot.M_Relaxed_Crouch_Spin_F_LR_Lfoot,157,0.216561,119,17,3,0.073248,0.0,0.0214,0.1999
385,train,Crouch,spin,/Game/Characters/UEFN_Mannequin/Animations/Crouch/M_Relaxed_Crouch_Spin_F_LR_Rfoot.M_Relaxed_Crouch_Spin_F_LR_Rfoot,161,0.212733,120,17,3,0.07764,0.0,0.0205,0.2016
386,train,Crouch,spin,/Game/Characters/UEFN_Mannequin/Animations/Crouch/M_Relaxed_Crouch_Spin_F_RL_Lfoot.M_Relaxed_Crouch_Spin_F_RL_Lfoot,160,0.225,123,21,7,0.071875,0.0,0.021,0.1937
387,train,Crouch,spin,/Game/Characters/UEFN_Mannequin/Animations/Crouch/M_Relaxed_Crouch_Spin_F_RL_Rfoot.M_Relaxed_Crouch_Spin_F_RL_Rfoot,157,0.19586,105,18,4,0.08121,0.0,0.0206,0.2059
388,train,Crouch,spin,/Game/Characters/UEFN_Mannequin/Animations/Crouch/M_Relaxed_Crouch_Spin_F_RR_Lfoot.M_Relaxed_Crouch_Spin_F_RR_Lfoot,157,0.22293,121,19,3,0.089172,0.0,0.0208,0.1979
389,validation,Crouch,spin,/Game/Characters/UEFN_Mannequin/Animations/Crouch/M_Relaxed_Crouch_Spin_F_RR_Rfoot.M_Relaxed_Crouch_Spin_F_RR_Rfoot,157,0.197452,108,16,3,0.082803,0.0,0.0196,0.2049
390,test,Crouch,spin,/Game/Characters/UEFN_Mannequin/Animations/Crouch/M_Relaxed_Crouch_Spin_LL_B_Lfoot.M_Relaxed_Crouch_Spin_LL_B_Lfoot,157,0.213376,117,17,3,0.071656,0.0,0.0289,0.2037
391,validation,Crouch,spin,/Game/Characters/UEFN_Mannequin/Animations/Crouch/M_Relaxed_Crouch_Spin_LL_B_Rfoot.M_Relaxed_Crouch_Spin_LL_B_Rfoot,153,0.235294,128,16,2,0.080065,0.0,0.0279,0.2071
392,train,Crouch,spin,/Game/Characters/UEFN_Mannequin/Animations/Crouch/M_Relaxed_Crouch_Spin_LL_F_Lfoot.M_Relaxed_Crouch_Spin_LL_F_Lfoot,159,0.22327,124,18,1,0.044025,0.0,0.0196,0.2022
393,validation,Crouch,spin,/Game/Characters/UEFN_Mannequin/Animations/Crouch/M_Relaxed_Crouch_Spin_LL_F_Rfoot.M_Relaxed_Crouch_Spin_LL_F_Rfoot,161,0.246894,139,20,2,0.074534,0.0,0.0203,0.1996
394,train,Crouch,spin,/Game/Characters/UEFN_Mannequin/Animations/Crouch/M_Relaxed_Crouch_Spin_LR_F_Lfoot.M_Relaxed_Crouch_Spin_LR_F_Lfoot,155,0.240323,132,17,1,0.05,0.0,0.0195,0.2025
395,train,Crouch,spin,/Game/Characters/UEFN_Mannequin/Animations/Crouch/M_Relaxed_Crouch_Spin_LR_F_Rfoot.M_Relaxed_Crouch_Spin_LR_F_Rfoot,161,0.251553,143,19,2,0.045031,0.0,0.0195,0.2103
396,test,Crouch,spin,/Game/Characters/UEFN_Mannequin/Animations/Crouch/M_Relaxed_Crouch_Spin_RL_B_Lfoot.M_Relaxed_Crouch_Spin_RL_B_Lfoot,157,0.243631,137,16,2,0.085987,0.0,0.0289,0.2044
397,train,Crouch,spin,/Game/Characters/UEFN_Mannequin/Animations/Crouch/M_Relaxed_Crouch_Spin_RL_B_Rfoot.M_Relaxed_Crouch_Spin_RL_B_Rfoot,154,0.224026,124,14,2,0.112013,0.0,0.0296,0.2096
398,train,Crouch,spin,/Game/Characters/UEFN_Mannequin/Animations/Crouch/M_Relaxed_Crouch_Spin_RL_F_Lfoot.M_Relaxed_Crouch_Spin_RL_F_Lfoot,155,0.214516,119,14,0,0.083871,0.0,0.0195,0.1994
399,validation,Crouch,spin,/Game/Characters/UEFN_Mannequin/Animations/Crouch/M_Relaxed_Crouch_Spin_RL_F_Rfoot.M_Relaxed_Crouch_Spin_RL_F_Rfoot,157,0.248408,136,20,4,0.06051,0.0,0.0195,0.2091
400,train,Crouch,spin,/Game/Characters/UEFN_Mannequin/Animations/Crouch/M_Relaxed_Crouch_Spin_RR_F_Lfoot.M_Relaxed_Crouch_Spin_RR_F_Lfoot,155,0.220968,118,19,1,0.069355,0.0,0.0195,0.2046
401,train,Crouch,spin,/Game/Characters/UEFN_Mannequin/Animations/Crouch/M_Relaxed_Crouch_Spin_RR_F_Rfoot.M_Relaxed_Crouch_Spin_RR_F_Rfoot,159,0.237421,131,20,3,0.064465,0.0,0.0195,0.2069
402,train,Crouch,start,/Game/Characters/UEFN_Mannequin/Animations/Crouch/M_Relaxed_Crouch_Start_B_Lfoot.M_Relaxed_Crouch_Start_B_Lfoot,112,0.258929,105,11,0,0.078125,0.0,0.0299,0.2087
403,train,Crouch,start,/Game/Characters/UEFN_Mannequin/Animations/Crouch/M_Relaxed_Crouch_Start_B_Rfoot.M_Relaxed_Crouch_Start_B_Rfoot,107,0.280374,108,12,0,0.074766,0.0,0.0303,0.2074
404,train,Crouch,start,/Game/Characters/UEFN_Mannequin/Animations/Crouch/M_Relaxed_Crouch_Start_F_Lfoot.M_Relaxed_Crouch_Start_F_Lfoot,123,0.239837,99,19,3,0.030488,0.0,0.0269,0.2164
405,test,Crouch,start,/Game/Characters/UEFN_Mannequin/Animations/Crouch/M_Relaxed_Crouch_Start_F_Rfoot.M_Relaxed_Crouch_Start_F_Rfoot,131,0.240458,110,16,2,0.055344,0.0,0.0211,0.2143
406,train,Crouch,start,/Game/Characters/UEFN_Mannequin/Animations/Crouch/M_Relaxed_Crouch_Start_LL_Lfoot.M_Relaxed_Crouch_Start_LL_Lfoot,115,0.226087,94,10,2,0.134783,0.0,0.0313,0.1996
407,train,Crouch,start,/Game/Characters/UEFN_Mannequin/Animations/Crouch/M_Relaxed_Crouch_Start_LL_Rfoot.M_Relaxed_Crouch_Start_LL_Rfoot,108,0.215278,82,11,2,0.108796,0.0,0.03,0.2023
408,test,Crouch,start,/Game/Characters/UEFN_Mannequin/Animations/Crouch/M_Relaxed_Crouch_Start_RL_Lfoot.M_Relaxed_Crouch_Start_RL_Lfoot,117,0.241453,101,12,1,0.115385,0.0,0.0315,0.1937
409,train,Crouch,start,/Game/Characters/UEFN_Mannequin/Animations/Crouch/M_Relaxed_Crouch_Start_RL_Rfoot.M_Relaxed_Crouch_Start_RL_Rfoot,116,0.256466,108,11,1,0.112069,0.0,0.0309,0.1866
410,train,Crouch,stop,/Game/Characters/UEFN_Mannequin/Animations/Crouch/M_Relaxed_Crouch_Stop_B_Lfoot.M_Relaxed_Crouch_Stop_B_Lfoot,176,0.508523,346,12,0,0.171875,0.0,0.0299,0.1923
411,test,Crouch,stop,/Game/Characters/UEFN_Mannequin/Animations/Crouch/M_Relaxed_Crouch_Stop_B_Rfoot.M_Relaxed_Crouch_Stop_B_Rfoot,176,0.52983,361,12,1,0.173295,0.0,0.0263,0.1857
412,validation,Crouch,stop,/Game/Characters/UEFN_Mannequin/Animations/Crouch/M_Relaxed_Crouch_Stop_F_Lfoot.M_Relaxed_Crouch_Stop_F_Lfoot,176,0.536932,363,15,2,0.15483,0.0,0.0234,0.1578
413,validation,Crouch,stop,/Game/Characters/UEFN_Mannequin/Animations/Crouch/M_Relaxed_Crouch_Stop_F_Rfoot.M_Relaxed_Crouch_Stop_F_Rfoot,176,0.536932,362,16,4,0.140625,0.0,0.0231,0.1685
414,train,Crouch,stop,/Game/Characters/UEFN_Mannequin/Animations/Crouch/M_Relaxed_Crouch_Stop_LL_Lfoot.M_Relaxed_Crouch_Stop_LL_Lfoot,176,0.514205,352,10,0,0.197443,0.0,0.0309,0.1785
415,train,Crouch,stop,/Game/Characters/UEFN_Mannequin/Animations/Crouch/M_Relaxed_Crouch_Stop_RL_Lfoot.M_Relaxed_Crouch_Stop_RL_Lfoot,176,0.49858,343,8,0,0.213068,0.0,0.0313,0.1673
416,train,Crouch,stop,/Game/Characters/UEFN_Mannequin/Animations/Crouch/M_Relaxed_Crouch_Stop_RL_Rfoot.M_Relaxed_Crouch_Stop_RL_Rfoot,176,0.514205,350,12,1,0.153409,0.0,0.0302,0.1591
417,train,Crouch,full,/Game/Characters/UEFN_Mannequin/Animations/Crouch/M_Relaxed_Crouch_Switch_LR_LL_Lfoot.M_Relaxed_Crouch_Switch_LR_LL_Lfoot,155,0.224194,126,13,0,0.119355,0.0,0.0315,0.2061
418,train,Crouch,full,/Game/Characters/UEFN_Mannequin/Animations/Crouch/M_Relaxed_Crouch_Switch_LR_LL_Rfoot.M_Relaxed_Crouch_Switch_LR_LL_Rfoot,168,0.221726,134,15,0,0.119048,0.0,0.0315,0.2034
419,train,Crouch,full,/Game/Characters/UEFN_Mannequin/Animations/Crouch/M_Relaxed_Crouch_Switch_RR_RL_Lfoot.M_Relaxed_Crouch_Switch_RR_RL_Lfoot,167,0.226048,133,18,3,0.125749,0.0,0.0287,0.1863
420,train,Crouch,full,/Game/Characters/UEFN_Mannequin/Animations/Crouch/M_Relaxed_Crouch_Switch_RR_RL_Rfoot.M_Relaxed_Crouch_Switch_RR_RL_Rfoot,156,0.222756,124,15,3,0.126603,0.0,0.0308,0.1854
421,test,Crouch,turn,/Game/Characters/UEFN_Mannequin/Animations/Crouch/M_Relaxed_Crouch_Turn_090_L_Lfoot.M_Relaxed_Crouch_Turn_090_L_Lfoot,158,0.238924,131,20,1,0.028481,0.0,0.0193,0.2152
422,train,Crouch,turn,/Game/Characters/UEFN_Mannequin/Animations/Crouch/M_Relaxed_Crouch_Turn_090_L_Rfoot.M_Relaxed_Crouch_Turn_090_L_Rfoot,161,0.228261,129,18,2,0.051242,0.0,0.0189,0.21
423,train,Crouch,turn,/Game/Characters/UEFN_Mannequin/Animations/Crouch/M_Relaxed_Crouch_Turn_090_R_Lfoot.M_Relaxed_Crouch_Turn_090_R_Lfoot,158,0.243671,133,21,1,0.030063,0.0,0.0192,0.2089
424,train,Crouch,turn,/Game/Characters/UEFN_Mannequin/Animations/Crouch/M_Relaxed_Crouch_Turn_090_R_Rfoot.M_Relaxed_Crouch_Turn_090_R_Rfoot,159,0.215409,117,20,2,0.036164,0.0,0.0186,0.216
425,train,Crouch,turn,/Game/Characters/UEFN_Mannequin/Animations/Crouch/M_Relaxed_Crouch_Turn_180_L_Lfoot.M_Relaxed_Crouch_Turn_180_L_Lfoot,170,0.232353,139,19,2,0.064706,0.0,0.0194,0.2052
426,validation,Crouch,turn,/Game/Characters/UEFN_Mannequin/Animations/Crouch/M_Relaxed_Crouch_Turn_180_L_Rfoot.M_Relaxed_Crouch_Turn_180_L_Rfoot,170,0.227941,137,18,0,0.055882,0.0,0.0193,0.2036
427,train,Crouch,turn,/Game/Characters/UEFN_Mannequin/Animations/Crouch/M_Relaxed_Crouch_Turn_180_R_Lfoot.M_Relaxed_Crouch_Turn_180_R_Lfoot,172,0.232558,141,19,3,0.074128,0.0,0.0191,0.2145
428,train,Crouch,turn,/Game/Characters/UEFN_Mannequin/Animations/Crouch/M_Relaxed_Crouch_Turn_180_R_Rfoot.M_Relaxed_Crouch_Turn_180_R_Rfoot,170,0.230882,139,18,1,0.061765,0.0,0.0195,0.21
429,train,Crouch,full,/Game/Characters/UEFN_Mannequin/Animations/Crouch/M_Relaxed_Transition_Crouch_to_Stand.M_Relaxed_Transition_Crouch_to_Stand,76,0.819079,241,8,0,0.0625,0.0,0.0316,0.1316
430,test,Crouch,full,/Game/Characters/UEFN_Mannequin/Animations/Crouch/M_Relaxed_Transition_Stand_to_Crouch.M_Relaxed_Transition_Stand_to_Crouch,76,0.697368,204,8,1,0.210526,0.0,0.0316,0.1556
729,train,Run,full,/Game/Characters/UEFN_Mannequin/Animations/Run/M_Neutral_Run_Arc_Small_L.M_Neutral_Run_Arc_Small_L,70,0.057143,4,12,8,0.0,0.0,0.0243,0.5193
730,train,Run,full,/Game/Characters/UEFN_Mannequin/Animations/Run/M_Neutral_Run_Arc_Small_R.M_Neutral_Run_Arc_Small_R,70,0.032143,2,7,5,0.0,0.0,0.0277,0.5026
731,train,Run,full,/Game/Characters/UEFN_Mannequin/Animations/Run/M_Neutral_Run_Arc_Wide_L.M_Neutral_Run_Arc_Wide_L,79,0.047468,8,7,2,0.006329,0.0,0.0359,0.5238
732,train,Run,full,/Game/Characters/UEFN_Mannequin/Animations/Run/M_Neutral_Run_Arc_Wide_R.M_Neutral_Run_Arc_Wide_R,79,0.056962,9,9,1,0.006329,0.0,0.0337,0.5568
733,test,Run,full,/Game/Characters/UEFN_Mannequin/Animations/Run/M_Neutral_Run_Box_B_LL_Lfoot.M_Neutral_Run_Box_B_LL_Lfoot,118,0.074153,21,14,3,0.010593,0.0,0.0273,0.2519
734,validation,Run,full,/Game/Characters/UEFN_Mannequin/Animations/Run/M_Neutral_Run_Box_B_LL_Rfoot.M_Neutral_Run_Box_B_LL_Rfoot,113,0.070796,18,14,6,0.011062,0.0,0.0272,0.2423
735,test,Run,full,/Game/Characters/UEFN_Mannequin/Animations/Run/M_Neutral_Run_Box_B_LR_Lfoot.M_Neutral_Run_Box_B_LR_Lfoot,112,0.089286,27,13,2,0.024554,0.0,0.0258,0.3295
736,train,Run,full,/Game/Characters/UEFN_Mannequin/Animations/Run/M_Neutral_Run_Box_B_LR_Rfoot.M_Neutral_Run_Box_B_LR_Rfoot,116,0.077586,23,13,1,0.012931,0.0,0.0254,0.3201
737,train,Run,full,/Game/Characters/UEFN_Mannequin/Animations/Run/M_Neutral_Run_Box_B_RL_Lfoot.M_Neutral_Run_Box_B_RL_Lfoot,96,0.091146,22,13,3,0.018229,0.0,0.0253,0.2692
738,train,Run,full,/Game/Characters/UEFN_Mannequin/Animations/Run/M_Neutral_Run_Box_B_RR_Lfoot.M_Neutral_Run_Box_B_RR_Lfoot,126,0.093254,30,17,3,0.021825,0.0,0.0231,0.2508
739,test,Run,full,/Game/Characters/UEFN_Mannequin/Animations/Run/M_Neutral_Run_Box_B_RR_Rfoot.M_Neutral_Run_Box_B_RR_Rfoot,120,0.091667,30,14,2,0.01875,0.0,0.0256,0.2568
740,test,Run,full,/Game/Characters/UEFN_Mannequin/Animations/Run/M_Neutral_Run_Box_F_LL_Lfoot.M_Neutral_Run_Box_F_LL_Lfoot,90,0.041667,6,9,4,0.008333,0.0,0.0261,0.5155
741,train,Run,full,/Game/Characters/UEFN_Mannequin/Animations/Run/M_Neutral_Run_Box_F_LL_Rfoot.M_Neutral_Run_Box_F_LL_Rfoot,90,0.063889,12,11,3,0.011111,0.0,0.0296,0.5366
742,validation,Run,full,/Game/Characters/UEFN_Mannequin/Animations/Run/M_Neutral_Run_Box_F_LR_Lfoot.M_Neutral_Run_Box_F_LR_Lfoot,96,0.078125,18,12,1,0.015625,0.0,0.0278,0.5145
743,train,Run,full,/Game/Characters/UEFN_Mannequin/Animations/Run/M_Neutral_Run_Box_F_LR_Rfoot.M_Neutral_Run_Box_F_LR_Rfoot,96,0.065104,13,12,3,0.013021,0.0,0.0245,0.4961
744,train,Run,full,/Game/Characters/UEFN_Mannequin/Animations/Run/M_Neutral_Run_Box_F_RR_Lfoot.M_Neutral_Run_Box_F_RR_Lfoot,121,0.070248,18,16,5,0.012397,0.0,0.0228,0.5141
745,train,Run,full,/Game/Characters/UEFN_Mannequin/Animations/Run/M_Neutral_Run_Box_LL_B_Lfoot.M_Neutral_Run_Box_LL_B_Lfoot,98,0.084184,21,12,5,0.015306,0.0,0.0289,0.2569
746,validation,Run,full,/Game/Characters/UEFN_Mannequin/Animations/Run/M_Neutral_Run_Box_LL_B_Rfoot.M_Neutral_Run_Box_LL_B_Rfoot,99,0.083333,23,10,1,0.015152,0.0,0.0283,0.2568
747,train,Run,full,/Game/Characters/UEFN_Mannequin/Animations/Run/M_Neutral_Run_Box_LL_F_Lfoot.M_Neutral_Run_Box_LL_F_Lfoot,98,0.053571,8,13,6,0.007653,0.0,0.0277,0.5923
748,train,Run,full,/Game/Characters/UEFN_Mannequin/Animations/Run/M_Neutral_Run_Box_LL_F_Rfoot.M_Neutral_Run_Box_LL_F_Rfoot,98,0.061224,12,12,4,0.012755,0.0,0.0285,0.581
749,train,Run,full,/Game/Characters/UEFN_Mannequin/Animations/Run/M_Neutral_Run_Box_LR_B_Rfoot.M_Neutral_Run_Box_LR_B_Rfoot,99,0.085859,24,10,0,0.015152,0.0,0.0242,0.2817
750,train,Run,full,/Game/Characters/UEFN_Mannequin/Animations/Run/M_Neutral_Run_Box_LR_F_Lfoot.M_Neutral_Run_Box_LR_F_Lfoot,97,0.059278,11,12,3,0.010309,0.0,0.0263,0.5936
751,test,Run,full,/Game/Characters/UEFN_Mannequin/Animations/Run/M_Neutral_Run_Box_LR_F_Rfoot.M_Neutral_Run_Box_LR_F_Rfoot,98,0.066327,14,12,1,0.010204,0.0,0.0234,0.585
752,train,Run,full,/Game/Characters/UEFN_Mannequin/Animations/Run/M_Neutral_Run_Box_RL_B_Lfoot.M_Neutral_Run_Box_RL_B_Lfoot,113,0.095133,30,13,2,0.035398,0.0,0.0281,0.2732
753,train,Run,full,/Game/Characters/UEFN_Mannequin/Animations/Run/M_Neutral_Run_Box_RL_B_Rfoot.M_Neutral_Run_Box_RL_B_Rfoot,108,0.076389,20,13,3,0.025463,0.0,0.0271,0.2892
754,test,Run,full,/Game/Characters/UEFN_Mannequin/Animations/Run/M_Neutral_Run_Box_RL_F_Lfoot.M_Neutral_Run_Box_RL_F_Lfoot,92,0.070652,14,12,2,0.008152,0.0,0.025,0.5634
755,train,Run,full,/Game/Characters/UEFN_Mannequin/Animations/Run/M_Neutral_Run_Box_RL_F_Rfoot.M_Neutral_Run_Box_RL_F_Rfoot,90,0.069444,10,15,9,0.0,0.0,0.0253,0.583
756,train,Run,full,/Game/Characters/UEFN_Mannequin/Animations/Run/M_Neutral_Run_Box_RR_B_Rfoot.M_Neutral_Run_Box_RR_B_Rfoot,98,0.089286,22,13,2,0.020408,0.0,0.0231,0.2515
757,train,Run,full,/Game/Characters/UEFN_Mannequin/Animations/Run/M_Neutral_Run_Box_RR_F_Lfoot.M_Neutral_Run_Box_RR_F_Lfoot,88,0.065341,12,11,4,0.011364,0.0,0.0225,0.5756
758,train,Run,full,/Game/Characters/UEFN_Mannequin/Animations/Run/M_Neutral_Run_Box_RR_F_Rfoot.M_Neutral_Run_Box_RR_F_Rfoot,111,0.054054,11,13,5,0.013514,0.0,0.0258,0.5874
759,train,Run,full,/Game/Characters/UEFN_Mannequin/Animations/Run/M_Neutral_Run_Circle_Strafe_L.M_Neutral_Run_Circle_Strafe_L,431,0.133991,183,48,1,0.052784,0.0,0.0249,0.2374
760,train,Run,full,/Game/Characters/UEFN_Mannequin/Animations/Run/M_Neutral_Run_Diamond_B_FR_Lfoot.M_Neutral_Run_Diamond_B_FR_Lfoot,99,0.070707,18,10,3,0.007576,0.0,0.0238,0.5555
761,train,Run,full,/Game/Characters/UEFN_Mannequin/Animations/Run/M_Neutral_Run_Diamond_B_FR_Rfoot.M_Neutral_Run_Diamond_B_FR_Rfoot,98,0.058673,14,9,3,0.015306,0.0,0.0259,0.582
762,validation,Run,full,/Game/Characters/UEFN_Mannequin/Animations/Run/M_Neutral_Run_Diamond_BL_BR_Rfoot.M_Neutral_Run_Diamond_BL_BR_Rfoot,109,0.09633,27,15,1,0.016055,0.0,0.0271,0.2717
763,test,Run,full,/Game/Characters/UEFN_Mannequin/Animations/Run/M_Neutral_Run_Diamond_BL_F_Rfoot.M_Neutral_Run_Diamond_BL_F_Rfoot,99,0.068182,16,11,4,0.015152,0.0,0.0238,0.5764
764,train,Run,full,/Game/Characters/UEFN_Mannequin/Animations/Run/M_Neutral_Run_Diamond_BL_FL_Lfoot.M_Neutral_Run_Diamond_BL_FL_Lfoot,133,0.086466,27,19,6,0.007519,0.0,0.0294,0.5562
765,test,Run,full,/Game/Characters/UEFN_Mannequin/Animations/Run/M_Neutral_Run_Diamond_BL_FL_Rfoot.M_Neutral_Run_Diamond_BL_FL_Rfoot,141,0.088652,29,21,7,0.01773,0.0,0.0273,0.5304
766,train,Run,full,/Game/Characters/UEFN_Mannequin/Animations/Run/M_Neutral_Run_Diamond_BR_BL_Lfoot.M_Neutral_Run_Diamond_BR_BL_Lfoot,96,0.132812,35,16,0,0.028646,0.0,0.0299,0.2879
767,train,Run,full,/Game/Characters/UEFN_Mannequin/Animations/Run/M_Neutral_Run_Diamond_BR_BL_Rfoot.M_Neutral_Run_Diamond_BR_BL_Rfoot,101,0.081683,20,13,1,0.007426,0.0,0.0234,0.2646
768,train,Run,full,/Game/Characters/UEFN_Mannequin/Animations/Run/M_Neutral_Run_Diamond_BR_F_Lfoot.M_Neutral_Run_Diamond_BR_F_Lfoot,98,0.071429,17,11,0,0.017857,0.0,0.0239,0.5888
769,train,Run,full,/Game/Characters/UEFN_Mannequin/Animations/Run/M_Neutral_Run_Diamond_BR_F_Rfoot.M_Neutral_Run_Diamond_BR_F_Rfoot,100,0.0975,27,12,3,0.0125,0.0,0.0249,0.5793
770,train,Run,full,/Game/Characters/UEFN_Mannequin/Animations/Run/M_Neutral_Run_Diamond_BR_FR_Lfoot.M_Neutral_Run_Diamond_BR_FR_Lfoot,97,0.069588,15,12,5,0.007732,0.0,0.0227,0.5696
771,train,Run,full,/Game/Characters/UEFN_Mannequin/Animations/Run/M_Neutral_Run_Diamond_BR_FR_Rfoot.M_Neutral_Run_Diamond_BR_FR_Rfoot,98,0.071429,14,14,7,0.010204,0.0,0.0233,0.5511
772,train,Run,full,/Game/Characters/UEFN_Mannequin/Animations/Run/M_Neutral_Run_Diamond_F_BL_Lfoot.M_Neutral_Run_Diamond_F_BL_Lfoot,135,0.053704,17,12,3,0.005556,0.0,0.0224,0.4992
773,train,Run,full,/Game/Characters/UEFN_Mannequin/Animations/Run/M_Neutral_Run_Diamond_F_BL_Rfoot.M_Neutral_Run_Diamond_F_BL_Rfoot,100,0.09,25,11,0,0.0275,0.0,0.0259,0.5332
774,train,Run,full,/Game/Characters/UEFN_Mannequin/Animations/Run/M_Neutral_Run_Diamond_F_BR_Lfoot.M_Neutral_Run_Diamond_F_BR_Lfoot,98,0.086735,23,11,1,0.02551,0.0,0.0247,0.4921
775,train,Run,full,/Game/Characters/UEFN_Mannequin/Animations/Run/M_Neutral_Run_Diamond_FL_B_Lfoot.M_Neutral_Run_Diamond_FL_B_Lfoot,115,0.095652,28,16,5,0.013043,0.0,0.0219,0.4021
776,train,Run,full,/Game/Characters/UEFN_Mannequin/Animations/Run/M_Neutral_Run_Diamond_FL_B_Rfoot.M_Neutral_Run_Diamond_FL_B_Rfoot,96,0.091146,24,11,0,0.020833,0.0,0.0248,0.5179
777,test,Run,full,/Game/Characters/UEFN_Mannequin/Animations/Run/M_Neutral_Run_Diamond_FL_BL_Lfoot.M_Neutral_Run_Diamond_FL_BL_Lfoot,98,0.081633,19,13,2,0.012755,0.0,0.0254,0.4749
778,train,Run,full,/Game/Characters/UEFN_Mannequin/Animations/Run/M_Neutral_Run_Diamond_FL_BL_Rfoot.M_Neutral_Run_Diamond_FL_BL_Rfoot,98,0.094388,24,13,2,0.020408,0.0,0.0242,0.5041
779,train,Run,full,/Game/Characters/UEFN_Mannequin/Animations/Run/M_Neutral_Run_Diamond_FL_FR_Lfoot.M_Neutral_Run_Diamond_FL_FR_Lfoot,90,0.055556,10,10,4,0.008333,0.0,0.0238,0.6031
780,test,Run,full,/Game/Characters/UEFN_Mannequin/Animations/Run/M_Neutral_Run_Diamond_FL_FR_Rfoot.M_Neutral_Run_Diamond_FL_FR_Rfoot,92,0.048913,6,12,7,0.002717,0.0,0.0225,0.6083
781,train,Run,full,/Game/Characters/UEFN_Mannequin/Animations/Run/M_Neutral_Run_Diamond_FR_B_Lfoot.M_Neutral_Run_Diamond_FR_B_Lfoot,119,0.090336,27,16,4,0.021008,0.0,0.024,0.4465
782,train,Run,full,/Game/Characters/UEFN_Mannequin/Animations/Run/M_Neutral_Run_Diamond_FR_B_Rfoot.M_Neutral_Run_Diamond_FR_B_Rfoot,112,0.075893,20,14,2,0.017857,0.0,0.0237,0.4191
783,validation,Run,full,/Game/Characters/UEFN_Mannequin/Animations/Run/M_Neutral_Run_Diamond_FR_BR_Lfoot.M_Neutral_Run_Diamond_FR_BR_Lfoot,108,0.099537,21,22,10,0.0,0.0,0.0292,0.4418
784,train,Run,full,/Game/Characters/UEFN_Mannequin/Animations/Run/M_Neutral_Run_Diamond_FR_BR_Rfoot.M_Neutral_Run_Diamond_FR_BR_Rfoot,119,0.088235,25,17,4,0.014706,0.0,0.0304,0.4224
785,test,Run,full,/Game/Characters/UEFN_Mannequin/Animations/Run/M_Neutral_Run_Diamond_FR_FL_Lfoot.M_Neutral_Run_Diamond_FR_FL_Lfoot,87,0.057471,7,13,6,0.008621,0.0,0.0233,0.602
786,train,Run,full,/Game/Characters/UEFN_Mannequin/Animations/Run/M_Neutral_Run_Diamond_FR_FL_Rfoot.M_Neutral_Run_Diamond_FR_FL_Rfoot,85,0.064706,10,12,6,0.005882,0.0,0.0233,0.6124
787,train,Run,full,/Game/Characters/UEFN_Mannequin/Animations/Run/M_Neutral_Run_Hourglass_BL_RL_Lfoot.M_Neutral_Run_Hourglass_BL_RL_Lfoot,99,0.10101,24,16,4,0.005051,0.0,0.0231,0.2959
788,train,Run,full,/Game/Characters/UEFN_Mannequin/Animations/Run/M_Neutral_Run_Hourglass_BL_RL_Rfoot.M_Neutral_Run_Hourglass_BL_RL_Rfoot,98,0.102041,26,14,3,0.020408,0.0,0.0239,0.2781
789,train,Run,full,/Game/Characters/UEFN_Mannequin/Animations/Run/M_Neutral_Run_Hourglass_BL_RR_Lfoot.M_Neutral_Run_Hourglass_BL_RR_Lfoot,97,0.10567,27,14,2,0.012887,0.0,0.0203,0.2702
790,train,Run,full,/Game/Characters/UEFN_Mannequin/Animations/Run/M_Neutral_Run_Hourglass_BL_RR_Rfoot.M_Neutral_Run_Hourglass_BL_RR_Rfoot,91,0.096154,22,13,3,0.016484,0.0,0.0208,0.2759
791,train,Run,full,/Game/Characters/UEFN_Mannequin/Animations/Run/M_Neutral_Run_Hourglass_BR_LL_Lfoot.M_Neutral_Run_Hourglass_BR_LL_Lfoot,95,0.068421,16,10,3,0.015789,0.0,0.0252,0.2554
792,train,Run,full,/Game/Characters/UEFN_Mannequin/Animations/Run/M_Neutral_Run_Hourglass_BR_LL_Rfoot.M_Neutral_Run_Hourglass_BR_LL_Rfoot,98,0.086735,24,10,0,0.030612,0.0,0.0237,0.2522
793,train,Run,full,/Game/Characters/UEFN_Mannequin/Animations/Run/M_Neutral_Run_Hourglass_BR_LR_Lfoot.M_Neutral_Run_Hourglass_BR_LR_Lfoot,115,0.073913,21,13,1,0.019565,0.0,0.0298,0.2965
794,train,Run,full,/Game/Characters/UEFN_Mannequin/Animations/Run/M_Neutral_Run_Hourglass_BR_LR_Rfoot.M_Neutral_Run_Hourglass_BR_LR_Rfoot,109,0.077982,21,13,1,0.011468,0.0,0.0299,0.3018
795,train,Run,full,/Game/Characters/UEFN_Mannequin/Animations/Run/M_Neutral_Run_Hourglass_FL_RL_Lfoot.M_Neutral_Run_Hourglass_FL_RL_Lfoot,93,0.037634,4,10,7,0.0,0.0,0.0193,0.3941
796,train,Run,full,/Game/Characters/UEFN_Mannequin/Animations/Run/M_Neutral_Run_Hourglass_FL_RL_Rfoot.M_Neutral_Run_Hourglass_FL_RL_Rfoot,111,0.054054,14,10,2,0.004505,0.0,0.0229,0.3751
797,train,Run,full,/Game/Characters/UEFN_Mannequin/Animations/Run/M_Neutral_Run_Hourglass_FL_RR_Lfoot.M_Neutral_Run_Hourglass_FL_RR_Lfoot,106,0.061321,16,10,2,0.009434,0.0,0.0208,0.4014
798,train,Run,full,/Game/Characters/UEFN_Mannequin/Animations/Run/M_Neutral_Run_Hourglass_FL_RR_Rfoot.M_Neutral_Run_Hourglass_FL_RR_Rfoot,108,0.046296,11,9,2,0.006944,0.0,0.0216,0.365
799,train,Run,full,/Game/Characters/UEFN_Mannequin/Animations/Run/M_Neutral_Run_Hourglass_FR_LL_Lfoot.M_Neutral_Run_Hourglass_FR_LL_Lfoot,110,0.031818,4,10,7,0.002273,0.0,0.0231,0.4325
800,test,Run,full,/Game/Characters/UEFN_Mannequin/Animations/Run/M_Neutral_Run_Hourglass_FR_LL_Rfoot.M_Neutral_Run_Hourglass_FR_LL_Rfoot,97,0.06701,15,11,4,0.010309,0.0,0.0262,0.5439
801,train,Run,full,/Game/Characters/UEFN_Mannequin/Animations/Run/M_Neutral_Run_Hourglass_FR_LR_Lfoot.M_Neutral_Run_Hourglass_FR_LR_Lfoot,111,0.060811,14,13,4,0.006757,0.0,0.0247,0.4213
802,train,Run,full,/Game/Characters/UEFN_Mannequin/Animations/Run/M_Neutral_Run_Hourglass_FR_LR_Rfoot.M_Neutral_Run_Hourglass_FR_LR_Rfoot,110,0.063636,15,13,4,0.011364,0.0,0.0271,0.3834
803,train,Run,full,/Game/Characters/UEFN_Mannequin/Animations/Run/M_Neutral_Run_Hourglass_LL_BR_Lfoot.M_Neutral_Run_Hourglass_LL_BR_Lfoot,100,0.0675,17,10,2,0.0075,0.0,0.0337,0.2622
804,train,Run,full,/Game/Characters/UEFN_Mannequin/Animations/Run/M_Neutral_Run_Hourglass_LL_BR_Rfoot.M_Neutral_Run_Hourglass_LL_BR_Rfoot,112,0.055804,13,12,5,0.004464,0.0,0.0271,0.2645
805,train,Run,full,/Game/Characters/UEFN_Mannequin/Animations/Run/M_Neutral_Run_Hourglass_LL_FR_Lfoot.M_Neutral_Run_Hourglass_LL_FR_Lfoot,100,0.07,16,12,6,0.0025,0.0,0.0228,0.5699
806,train,Run,full,/Game/Characters/UEFN_Mannequin/Animations/Run/M_Neutral_Run_Hourglass_LL_FR_Rfoot.M_Neutral_Run_Hourglass_LL_FR_Rfoot,111,0.063063,13,15,9,0.002252,0.0,0.0193,0.4704
807,train,Run,full,/Game/Characters/UEFN_Mannequin/Animations/Run/M_Neutral_Run_Hourglass_LR_BR_Lfoot.M_Neutral_Run_Hourglass_LR_BR_Lfoot,92,0.054348,10,10,4,0.013587,0.0,0.032,0.2739
808,test,Run,full,/Game/Characters/UEFN_Mannequin/Animations/Run/M_Neutral_Run_Hourglass_LR_BR_Rfoot.M_Neutral_Run_Hourglass_LR_BR_Rfoot,114,0.054825,12,13,5,0.008772,0.0,0.0285,0.2772
809,train,Run,full,/Game/Characters/UEFN_Mannequin/Animations/Run/M_Neutral_Run_Hourglass_LR_FR_Lfoot.M_Neutral_Run_Hourglass_LR_FR_Lfoot,100,0.065,18,8,1,0.005,0.0,0.0245,0.5827
810,validation,Run,full,/Game/Characters/UEFN_Mannequin/Animations/Run/M_Neutral_Run_Hourglass_LR_FR_Rfoot.M_Neutral_Run_Hourglass_LR_FR_Rfoot,119,0.054622,12,14,6,0.004202,0.0,0.0222,0.4636
811,test,Run,full,/Game/Characters/UEFN_Mannequin/Animations/Run/M_Neutral_Run_Hourglass_RL_BL_Lfoot.M_Neutral_Run_Hourglass_RL_BL_Lfoot,115,0.08913,26,15,3,0.021739,0.0,0.0227,0.2606
812,train,Run,full,/Game/Characters/UEFN_Mannequin/Animations/Run/M_Neutral_Run_Hourglass_RL_BL_Rfoot.M_Neutral_Run_Hourglass_RL_BL_Rfoot,107,0.063084,14,13,5,0.002336,0.0,0.0154,0.2864
813,train,Run,full,/Game/Characters/UEFN_Mannequin/Animations/Run/M_Neutral_Run_Hourglass_RL_FL_Lfoot.M_Neutral_Run_Hourglass_RL_FL_Lfoot,116,0.060345,14,14,4,0.006466,0.0,0.0249,0.543
814,validation,Run,full,/Game/Characters/UEFN_Mannequin/Animations/Run/M_Neutral_Run_Hourglass_RL_FL_Rfoot.M_Neutral_Run_Hourglass_RL_FL_Rfoot,98,0.076531,19,11,2,0.012755,0.0,0.0217,0.54
815,validation,Run,full,/Game/Characters/UEFN_Mannequin/Animations/Run/M_Neutral_Run_Hourglass_RR_BL_Lfoot.M_Neutral_Run_Hourglass_RR_BL_Lfoot,113,0.079646,23,13,1,0.013274,0.0,0.0176,0.2516
816,train,Run,full,/Game/Characters/UEFN_Mannequin/Animations/Run/M_Neutral_Run_Hourglass_RR_BL_Rfoot.M_Neutral_Run_Hourglass_RR_BL_Rfoot,100,0.095,26,12,1,0.025,0.0,0.0232,0.2984
817,train,Run,full,/Game/Characters/UEFN_Mannequin/Animations/Run/M_Neutral_Run_Hourglass_RR_FL_Lfoot.M_Neutral_Run_Hourglass_RR_FL_Lfoot,98,0.07398,18,11,1,0.017857,0.0,0.0219,0.5297
818,train,Run,full,/Game/Characters/UEFN_Mannequin/Animations/Run/M_Neutral_Run_Hourglass_RR_FL_Rfoot.M_Neutral_Run_Hourglass_RR_FL_Rfoot,99,0.088384,21,14,3,0.020202,0.0,0.0214,0.5425
819,train,Run,loop,/Game/Characters/UEFN_Mannequin/Animations/Run/M_Neutral_Run_Loop_B.M_Neutral_Run_Loop_B,78,0.099359,23,8,0,0.025641,0.0,0.0261,0.2501
820,test,Run,loop,/Game/Characters/UEFN_Mannequin/Animations/Run/M_Neutral_Run_Loop_BL.M_Neutral_Run_Loop_BL,78,0.073718,13,10,2,0.003205,0.0,0.0219,0.3351
821,train,Run,loop,/Game/Characters/UEFN_Mannequin/Animations/Run/M_Neutral_Run_Loop_BR.M_Neutral_Run_Loop_BR,78,0.099359,22,9,1,0.025641,0.0,0.0224,0.29
822,train,Run,loop,/Game/Characters/UEFN_Mannequin/Animations/Run/M_Neutral_Run_Loop_F.M_Neutral_Run_Loop_F,76,0.049342,7,8,1,0.009868,0.0,0.0257,0.6338
823,train,Run,loop,/Game/Characters/UEFN_Mannequin/Animations/Run/M_Neutral_Run_Loop_F_L_20.M_Neutral_Run_Loop_F_L_20,76,0.052632,7,9,2,0.006579,0.0,0.0243,0.631
824,validation,Run,loop,/Game/Characters/UEFN_Mannequin/Animations/Run/M_Neutral_Run_Loop_F_R_20.M_Neutral_Run_Loop_F_R_20,76,0.052632,7,9,2,0.006579,0.0,0.0243,0.631
825,train,Run,loop,/Game/Characters/UEFN_Mannequin/Animations/Run/M_Neutral_Run_Loop_FL.M_Neutral_Run_Loop_FL,76,0.055921,7,10,3,0.006579,0.0,0.0234,0.6163
826,train,Run,loop,/Game/Characters/UEFN_Mannequin/Animations/Run/M_Neutral_Run_Loop_FR.M_Neutral_Run_Loop_FR,76,0.029605,1,8,7,0.0,0.0,0.0252,0.6441
827,train,Run,loop,/Game/Characters/UEFN_Mannequin/Animations/Run/M_Neutral_Run_Loop_LL.M_Neutral_Run_Loop_LL,72,0.038194,4,7,4,0.0,0.0,0.0297,0.2415
828,train,Run,loop,/Game/Characters/UEFN_Mannequin/Animations/Run/M_Neutral_Run_Loop_LR.M_Neutral_Run_Loop_LR,72,0.072917,13,8,0,0.013889,0.0,0.0299,0.3187
829,train,Run,loop,/Game/Characters/UEFN_Mannequin/Animations/Run/M_Neutral_Run_Loop_LR_offset.M_Neutral_Run_Loop_LR_offset,72,0.024306,1,6,5,0.003472,0.0,0.0291,0.3942
830,validation,Run,loop,/Game/Characters/UEFN_Mannequin/Animations/Run/M_Neutral_Run_Loop_RL.M_Neutral_Run_Loop_RL,74,0.087838,16,10,2,0.010135,0.0,0.0244,0.2591
831,train,Run,loop,/Game/Characters/UEFN_Mannequin/Animations/Run/M_Neutral_Run_Loop_RR.M_Neutral_Run_Loop_RR,72,0.086806,17,8,0,0.017361,0.0,0.0193,0.2191
832,train,Run,loop,/Game/Characters/UEFN_Mannequin/Animations/Run/M_Neutral_Run_Loop_RR_offset.M_Neutral_Run_Loop_RR_offset,72,0.024306,2,5,3,0.0,0.0,0.0117,0.2916
833,train,Run,loop,/Game/Characters/UEFN_Mannequin/Animations/Run/M_Neutral_Run_Loop_Strafe_BR.M_Neutral_Run_Loop_Strafe_BR,78,0.044872,6,8,3,0.019231,0.0,0.0365,0.2657
834,train,Run,loop,/Game/Characters/UEFN_Mannequin/Animations/Run/M_Neutral_Run_Loop_Strafe_FL.M_Neutral_Run_Loop_Strafe_FL,76,0.032895,4,6,3,0.0,0.0,0.0273,0.4348
835,train,Run,pivot,/Game/Characters/UEFN_Mannequin/Animations/Run/M_Neutral_Run_Pivot_B_F_Lfoot.M_Neutral_Run_Pivot_B_F_Lfoot,133,0.116541,41,21,6,0.022556,0.0,0.0298,0.5131
836,validation,Run,pivot,/Game/Characters/UEFN_Mannequin/Animations/Run/M_Neutral_Run_Pivot_B_F_Rfoot.M_Neutral_Run_Pivot_B_F_Rfoot,132,0.092803,34,15,4,0.026515,0.0,0.0276,0.5045
837,train,Run,pivot,/Game/Characters/UEFN_Mannequin/Animations/Run/M_Neutral_Run_Pivot_BL_FR_Lfoot.M_Neutral_Run_Pivot_BL_FR_Lfoot,123,0.095528,31,16,2,0.026423,0.0,0.0187,0.4395
838,train,Run,pivot,/Game/Characters/UEFN_Mannequin/Animations/Run/M_Neutral_Run_Pivot_BL_FR_Rfoot.M_Neutral_Run_Pivot_BL_FR_Rfoot,82,0.070122,11,12,5,0.009146,0.0,0.0163,0.4678
839,train,Run,pivot,/Game/Characters/UEFN_Mannequin/Animations/Run/M_Neutral_Run_Pivot_BR_FL_Lfoot.M_Neutral_Run_Pivot_BR_FL_Lfoot,137,0.080292,26,18,6,0.010949,0.0,0.0275,0.5309
840,train,Run,pivot,/Game/Characters/UEFN_Mannequin/Animations/Run/M_Neutral_Run_Pivot_BR_FL_Rfoot.M_Neutral_Run_Pivot_BR_FL_Rfoot,98,0.127551,35,15,2,0.015306,0.0,0.0239,0.5297
841,test,Run,pivot,/Game/Characters/UEFN_Mannequin/Animations/Run/M_Neutral_Run_Pivot_F_B_Lfoot.M_Neutral_Run_Pivot_F_B_Lfoot,98,0.109694,27,16,4,0.02551,0.0,0.0242,0.493
842,train,Run,pivot,/Game/Characters/UEFN_Mannequin/Animations/Run/M_Neutral_Run_Pivot_F_B_Rfoot.M_Neutral_Run_Pivot_F_B_Rfoot,95,0.118421,32,13,4,0.015789,0.0,0.0239,0.5226
843,train,Run,pivot,/Game/Characters/UEFN_Mannequin/Animations/Run/M_Neutral_Run_Pivot_FL_BR_Lfoot.M_Neutral_Run_Pivot_FL_BR_Lfoot,100,0.135,38,16,3,0.0175,0.0,0.0229,0.3935
844,train,Run,pivot,/Game/Characters/UEFN_Mannequin/Animations/Run/M_Neutral_Run_Pivot_FL_BR_Rfoot.M_Neutral_Run_Pivot_FL_BR_Rfoot,100,0.0975,28,11,0,0.03,0.0,0.0254,0.3952
845,train,Run,pivot,/Game/Characters/UEFN_Mannequin/Animations/Run/M_Neutral_Run_Pivot_FR_BL_Lfoot.M_Neutral_Run_Pivot_FR_BL_Lfoot,100,0.0725,19,10,1,0.015,0.0,0.025,0.5268
846,train,Run,pivot,/Game/Characters/UEFN_Mannequin/Animations/Run/M_Neutral_Run_Pivot_FR_BL_Rfoot.M_Neutral_Run_Pivot_FR_BL_Rfoot,99,0.093434,25,12,3,0.020202,0.0,0.0238,0.5396
847,train,Run,pivot,/Game/Characters/UEFN_Mannequin/Animations/Run/M_Neutral_Run_Pivot_LL_RL_Lfoot.M_Neutral_Run_Pivot_LL_RL_Lfoot,96,0.09375,24,12,0,0.026042,0.0,0.0269,0.2656
848,train,Run,pivot,/Game/Characters/UEFN_Mannequin/Animations/Run/M_Neutral_Run_Pivot_LL_RL_Rfoot.M_Neutral_Run_Pivot_LL_RL_Rfoot,96,0.109375,30,12,1,0.018229,0.0,0.0225,0.2658
849,train,Run,pivot,/Game/Characters/UEFN_Mannequin/Animations/Run/M_Neutral_Run_Pivot_LR_RR_Lfoot.M_Neutral_Run_Pivot_LR_RR_Lfoot,101,0.086634,21,14,4,0.017327,0.0,0.0194,0.2659
850,test,Run,pivot,/Game/Characters/UEFN_Mannequin/Animations/Run/M_Neutral_Run_Pivot_LR_RR_Rfoot.M_Neutral_Run_Pivot_LR_RR_Rfoot,113,0.097345,29,15,3,0.044248,0.0,0.0214,0.3043
851,train,Run,pivot,/Game/Characters/UEFN_Mannequin/Animations/Run/M_Neutral_Run_Pivot_RL_LL_Lfoot.M_Neutral_Run_Pivot_RL_LL_Lfoot,90,0.077778,18,10,3,0.025,0.0,0.0235,0.2366
852,train,Run,pivot,/Game/Characters/UEFN_Mannequin/Animations/Run/M_Neutral_Run_Pivot_RL_LL_Rfoot.M_Neutral_Run_Pivot_RL_LL_Rfoot,96,0.109375,29,13,2,0.020833,0.0,0.0246,0.2437
853,train,Run,pivot,/Game/Characters/UEFN_Mannequin/Animations/Run/M_Neutral_Run_Pivot_RR_LR_Lfoot.M_Neutral_Run_Pivot_RR_LR_Lfoot,96,0.104167,28,12,0,0.023438,0.0,0.0217,0.3179
854,test,Run,pivot,/Game/Characters/UEFN_Mannequin/Animations/Run/M_Neutral_Run_Pivot_RR_LR_Rfoot.M_Neutral_Run_Pivot_RR_LR_Rfoot,100,0.1325,39,14,2,0.0225,0.0,0.0214,0.2817
855,train,Run,full,/Game/Characters/UEFN_Mannequin/Animations/Run/M_Neutral_Run_Prism_F_FL_Lfoot.M_Neutral_Run_Prism_F_FL_Lfoot,84,0.0625,8,13,5,0.002976,0.0,0.024,0.5939
856,train,Run,full,/Game/Characters/UEFN_Mannequin/Animations/Run/M_Neutral_Run_Prism_F_FL_Rfoot.M_Neutral_Run_Prism_F_FL_Rfoot,84,0.053571,6,12,7,0.005952,0.0,0.024,0.609
857,validation,Run,full,/Game/Characters/UEFN_Mannequin/Animations/Run/M_Neutral_Run_Prism_F_FR_Lfoot.M_Neutral_Run_Prism_F_FR_Lfoot,85,0.047059,7,9,4,0.005882,0.0,0.0262,0.6288
858,test,Run,full,/Game/Characters/UEFN_Mannequin/Animations/Run/M_Neutral_Run_Prism_F_FR_Rfoot.M_Neutral_Run_Prism_F_FR_Rfoot,84,0.047619,4,12,8,0.002976,0.0,0.0256,0.6258
859,validation,Run,full,/Game/Characters/UEFN_Mannequin/Animations/Run/M_Neutral_Run_Prism_FL_F_Lfoot.M_Neutral_Run_Prism_FL_F_Lfoot,80,0.0375,3,9,6,0.0,0.0,0.0298,0.5825
860,train,Run,full,/Game/Characters/UEFN_Mannequin/Animations/Run/M_Neutral_Run_Prism_FL_F_Rfoot.M_Neutral_Run_Prism_FL_F_Rfoot,80,0.053125,7,10,5,0.0,0.0,0.0264,0.5814
861,train,Run,full,/Game/Characters/UEFN_Mannequin/Animations/Run/M_Neutral_Run_Prism_FR_F_Lfoot.M_Neutral_Run_Prism_FR_F_Lfoot,81,0.058642,8,11,4,0.003086,0.0,0.0297,0.5723
862,test,Run,full,/Game/Characters/UEFN_Mannequin/Animations/Run/M_Neutral_Run_Prism_FR_F_Rfoot.M_Neutral_Run_Prism_FR_F_Rfoot,81,0.058642,7,12,6,0.006173,0.0,0.027,0.5754
863,train,Run,start,/Game/Characters/UEFN_Mannequin/Animations/Run/M_Neutral_Run_Reface_Start_B_L_090.M_Neutral_Run_Reface_Start_B_L_090,73,0.136986,31,9,0,0.027397,0.0,0.0256,0.2455
864,train,Run,start,/Game/Characters/UEFN_Mannequin/Animations/Run/M_Neutral_Run_Reface_Start_B_L_180.M_Neutral_Run_Reface_Start_B_L_180,73,0.150685,33,11,1,0.044521,0.0,0.0272,0.2432
865,train,Run,start,/Game/Characters/UEFN_Mannequin/Animations/Run/M_Neutral_Run_Reface_Start_B_R_090.M_Neutral_Run_Reface_Start_B_R_090,73,0.133562,27,12,4,0.017123,0.0,0.0273,0.2517
866,train,Run,start,/Game/Characters/UEFN_Mannequin/Animations/Run/M_Neutral_Run_Reface_Start_B_R_180.M_Neutral_Run_Reface_Start_B_R_180,73,0.167808,38,11,0,0.034247,0.0,0.0259,0.2423
867,train,Run,start,/Game/Characters/UEFN_Mannequin/Animations/Run/M_Neutral_Run_Reface_Start_F_L_090.M_Neutral_Run_Reface_Start_F_L_090,85,0.067647,13,10,3,0.005882,0.0,0.0315,0.603
868,train,Run,start,/Game/Characters/UEFN_Mannequin/Animations/Run/M_Neutral_Run_Reface_Start_F_L_180.M_Neutral_Run_Reface_Start_F_L_180,85,0.082353,17,11,3,0.014706,0.0,0.027,0.5939
869,train,Run,start,/Game/Characters/UEFN_Mannequin/Animations/Run/M_Neutral_Run_Reface_Start_F_R_180.M_Neutral_Run_Reface_Start_F_R_180,83,0.081325,16,11,3,0.009036,0.0,0.0251,0.5996
870,train,Run,full,/Game/Characters/UEFN_Mannequin/Animations/Run/M_Neutral_Run_Shuffle_LR_to_LL_Lfoot.M_Neutral_Run_Shuffle_LR_to_LL_Lfoot,88,0.053977,9,10,4,0.002841,0.0,0.0203,0.2423
871,train,Run,full,/Game/Characters/UEFN_Mannequin/Animations/Run/M_Neutral_Run_Shuffle_LR_to_LL_Rfoot.M_Neutral_Run_Shuffle_LR_to_LL_Rfoot,77,0.048701,6,9,5,0.006494,0.0,0.0252,0.252
872,train,Run,full,/Game/Characters/UEFN_Mannequin/Animations/Run/M_Neutral_Run_Shuffle_RR_to_RL_Lfoot.M_Neutral_Run_Shuffle_RR_to_RL_Lfoot,86,0.087209,19,11,2,0.008721,0.0,0.0209,0.2448
873,train,Run,spin,/Game/Characters/UEFN_Mannequin/Animations/Run/M_Neutral_Run_Spin_F_B_Lfoot.M_Neutral_Run_Spin_F_B_Lfoot,96,0.075521,18,11,2,0.015625,0.0,0.0255,0.5145
874,train,Run,start,/Game/Characters/UEFN_Mannequin/Animations/Run/M_Neutral_Run_Start_B_Lfoot.M_Neutral_Run_Start_B_Lfoot,85,0.144118,35,14,5,0.008824,0.0,0.0251,0.2533
875,train,Run,start,/Game/Characters/UEFN_Mannequin/Animations/Run/M_Neutral_Run_Start_B_Rfoot.M_Neutral_Run_Start_B_Rfoot,83,0.138554,30,16,4,0.021084,0.0,0.0247,0.2585
876,train,Run,start,/Game/Characters/UEFN_Mannequin/Animations/Run/M_Neutral_Run_Start_BL_Lfoot.M_Neutral_Run_Start_BL_Lfoot,83,0.129518,30,13,1,0.012048,0.0,0.0253,0.3269
877,validation,Run,start,/Game/Characters/UEFN_Mannequin/Animations/Run/M_Neutral_Run_Start_BL_Rfoot.M_Neutral_Run_Start_BL_Rfoot,85,0.111765,26,12,1,0.0,0.0,0.0246,0.312
878,train,Run,start,/Game/Characters/UEFN_Mannequin/Animations/Run/M_Neutral_Run_Start_BR_Lfoot.M_Neutral_Run_Start_BR_Lfoot,84,0.133929,33,12,1,0.008929,0.0,0.0227,0.2864
879,train,Run,start,/Game/Characters/UEFN_Mannequin/Animations/Run/M_Neutral_Run_Start_BR_Rfoot.M_Neutral_Run_Start_BR_Rfoot,87,0.126437,32,12,2,0.025862,0.0,0.0254,0.2923
880,validation,Run,start,/Game/Characters/UEFN_Mannequin/Animations/Run/M_Neutral_Run_Start_F_Lfoot.M_Neutral_Run_Start_F_Lfoot,79,0.107595,22,12,1,0.009494,0.0,0.0258,0.597
881,train,Run,start,/Game/Characters/UEFN_Mannequin/Animations/Run/M_Neutral_Run_Start_F_Rfoot.M_Neutral_Run_Start_F_Rfoot,86,0.130814,32,13,4,0.005814,0.0,0.0259,0.5952
882,train,Run,start,/Game/Characters/UEFN_Mannequin/Animations/Run/M_Neutral_Run_Start_FL_Lfoot.M_Neutral_Run_Start_FL_Lfoot,77,0.103896,21,11,1,0.00974,0.0,0.0276,0.563
883,train,Run,start,/Game/Characters/UEFN_Mannequin/Animations/Run/M_Neutral_Run_Start_FL_Rfoot.M_Neutral_Run_Start_FL_Rfoot,88,0.125,32,12,2,0.008523,0.0,0.0258,0.5759
884,train,Run,start,/Game/Characters/UEFN_Mannequin/Animations/Run/M_Neutral_Run_Start_FR_Lfoot.M_Neutral_Run_Start_FR_Lfoot,82,0.103659,24,10,5,0.012195,0.0,0.0274,0.6034
885,validation,Run,start,/Game/Characters/UEFN_Mannequin/Animations/Run/M_Neutral_Run_Start_FR_Rfoot.M_Neutral_Run_Start_FR_Rfoot,79,0.113924,26,10,4,0.003165,0.0,0.0262,0.6146
886,test,Run,start,/Game/Characters/UEFN_Mannequin/Animations/Run/M_Neutral_Run_Start_LL_Lfoot.M_Neutral_Run_Start_LL_Lfoot,76,0.098684,19,11,3,0.0,0.0,0.0257,0.231
887,train,Run,start,/Game/Characters/UEFN_Mannequin/Animations/Run/M_Neutral_Run_Start_LL_Rfoot.M_Neutral_Run_Start_LL_Rfoot,83,0.123494,30,11,4,0.006024,0.0,0.0275,0.2452
888,train,Run,start,/Game/Characters/UEFN_Mannequin/Animations/Run/M_Neutral_Run_Start_LR_Lfoot.M_Neutral_Run_Start_LR_Lfoot,84,0.113095,26,12,1,0.017857,0.0,0.0282,0.336
889,train,Run,start,/Game/Characters/UEFN_Mannequin/Animations/Run/M_Neutral_Run_Start_LR_Rfoot.M_Neutral_Run_Start_LR_Rfoot,88,0.133523,33,14,2,0.008523,0.0,0.0244,0.3308
890,validation,Run,start,/Game/Characters/UEFN_Mannequin/Animations/Run/M_Neutral_Run_Start_RL_Lfoot.M_Neutral_Run_Start_RL_Lfoot,89,0.11236,26,14,4,0.014045,0.0,0.0238,0.3539
891,train,Run,start,/Game/Characters/UEFN_Mannequin/Animations/Run/M_Neutral_Run_Start_RL_Rfoot.M_Neutral_Run_Start_RL_Rfoot,85,0.15,35,16,4,0.0,0.0,0.0242,0.3151
892,train,Run,start,/Game/Characters/UEFN_Mannequin/Animations/Run/M_Neutral_Run_Start_RR_Lfoot.M_Neutral_Run_Start_RR_Lfoot,79,0.126582,30,10,0,0.009494,0.0,0.0206,0.2343
893,train,Run,start,/Game/Characters/UEFN_Mannequin/Animations/Run/M_Neutral_Run_Start_RR_Rfoot.M_Neutral_Run_Start_RR_Rfoot,75,0.136667,28,13,1,0.013333,0.0,0.0207,0.234
894,train,Run,stop,/Game/Characters/UEFN_Mannequin/Animations/Run/M_Neutral_Run_Stop_B_Lfoot.M_Neutral_Run_Stop_B_Lfoot,101,0.59901,233,9,0,0.054455,0.0,0.0302,0.1947
895,train,Run,stop,/Game/Characters/UEFN_Mannequin/Animations/Run/M_Neutral_Run_Stop_B_Rfoot.M_Neutral_Run_Stop_B_Rfoot,118,0.661017,303,9,1,0.042373,0.0,0.0293,0.179
896,train,Run,stop,/Game/Characters/UEFN_Mannequin/Animations/Run/M_Neutral_Run_Stop_BL_Lfoot.M_Neutral_Run_Stop_BL_Lfoot,115,0.730435,325,11,3,0.002174,0.0,0.0302,0.1848
897,train,Run,stop,/Game/Characters/UEFN_Mannequin/Animations/Run/M_Neutral_Run_Stop_BL_Rfoot.M_Neutral_Run_Stop_BL_Rfoot,119,0.689076,319,9,0,0.023109,0.0,0.029,0.221
898,test,Run,stop,/Game/Characters/UEFN_Mannequin/Animations/Run/M_Neutral_Run_Stop_BR_Lfoot.M_Neutral_Run_Stop_BR_Lfoot,97,0.572165,212,10,2,0.036082,0.0,0.03,0.2081
899,validation,Run,stop,/Game/Characters/UEFN_Mannequin/Animations/Run/M_Neutral_Run_Stop_BR_Rfoot.M_Neutral_Run_Stop_BR_Rfoot,107,0.661215,275,8,0,0.030374,0.0,0.031,0.1751
900,train,Run,stop,/Game/Characters/UEFN_Mannequin/Animations/Run/M_Neutral_Run_Stop_F_Lfoot.M_Neutral_Run_Stop_F_Lfoot,123,0.595528,281,12,3,0.056911,0.0,0.0319,0.4359
901,train,Run,stop,/Game/Characters/UEFN_Mannequin/Animations/Run/M_Neutral_Run_Stop_F_Rfoot.M_Neutral_Run_Stop_F_Rfoot,123,0.613821,292,10,0,0.050813,0.0,0.0302,0.4665
902,validation,Run,stop,/Game/Characters/UEFN_Mannequin/Animations/Run/M_Neutral_Run_Stop_FL_Lfoot.M_Neutral_Run_Stop_FL_Lfoot,104,0.600962,242,8,1,0.036058,0.0,0.0292,0.3349
903,train,Run,stop,/Game/Characters/UEFN_Mannequin/Animations/Run/M_Neutral_Run_Stop_FL_Rfoot.M_Neutral_Run_Stop_FL_Rfoot,118,0.610169,279,9,2,0.044492,0.0,0.0267,0.3245
904,train,Run,stop,/Game/Characters/UEFN_Mannequin/Animations/Run/M_Neutral_Run_Stop_FR_Lfoot.M_Neutral_Run_Stop_FR_Lfoot,106,0.544811,220,11,2,0.07783,0.0,0.0306,0.3928
905,train,Run,stop,/Game/Characters/UEFN_Mannequin/Animations/Run/M_Neutral_Run_Stop_FR_Rfoot.M_Neutral_Run_Stop_FR_Rfoot,109,0.676606,286,9,3,0.009174,0.0,0.0295,0.3475
906,train,Run,stop,/Game/Characters/UEFN_Mannequin/Animations/Run/M_Neutral_Run_Stop_LL_Lfoot.M_Neutral_Run_Stop_LL_Lfoot,112,0.658482,284,11,1,0.011161,0.0,0.0307,0.1753
907,validation,Run,stop,/Game/Characters/UEFN_Mannequin/Animations/Run/M_Neutral_Run_Stop_LL_Rfoot.M_Neutral_Run_Stop_LL_Rfoot,113,0.619469,271,9,1,0.022124,0.0,0.0302,0.2112
908,train,Run,stop,/Game/Characters/UEFN_Mannequin/Animations/Run/M_Neutral_Run_Stop_LR_Lfoot.M_Neutral_Run_Stop_LR_Lfoot,114,0.686404,304,9,2,0.013158,0.0,0.0301,0.1933
909,train,Run,stop,/Game/Characters/UEFN_Mannequin/Animations/Run/M_Neutral_Run_Stop_LR_Rfoot.M_Neutral_Run_Stop_LR_Rfoot,91,0.546703,189,10,1,0.035714,0.0,0.0286,0.2174
910,validation,Run,stop,/Game/Characters/UEFN_Mannequin/Animations/Run/M_Neutral_Run_Stop_RL_Lfoot.M_Neutral_Run_Stop_RL_Lfoot,118,0.682203,311,11,4,0.019068,0.0,0.0312,0.1903
911,validation,Run,stop,/Game/Characters/UEFN_Mannequin/Animations/Run/M_Neutral_Run_Stop_RL_Rfoot.M_Neutral_Run_Stop_RL_Rfoot,81,0.564815,176,7,1,0.033951,0.0,0.0298,0.201
912,train,Run,stop,/Game/Characters/UEFN_Mannequin/Animations/Run/M_Neutral_Run_Stop_RR_Lfoot.M_Neutral_Run_Stop_RR_Lfoot,96,0.559896,205,10,0,0.036458,0.0,0.0295,0.186
913,validation,Run,stop,/Game/Characters/UEFN_Mannequin/Animations/Run/M_Neutral_Run_Stop_RR_Rfoot.M_Neutral_Run_Stop_RR_Rfoot,124,0.756048,365,10,1,0.004032,0.0,0.0299,0.1628
914,train,Run,turn,/Game/Characters/UEFN_Mannequin/Animations/Run/M_Neutral_Run_Turn_L_045_Lfoot.M_Neutral_Run_Turn_L_045_Lfoot,50,0.055,5,6,2,0.0,0.0,0.0304,0.5597
915,train,Run,turn,/Game/Characters/UEFN_Mannequin/Animations/Run/M_Neutral_Run_Turn_L_045_Rfoot.M_Neutral_Run_Turn_L_045_Rfoot,50,0.025,1,4,3,0.005,0.0,0.0296,0.5779
916,train,Run,turn,/Game/Characters/UEFN_Mannequin/Animations/Run/M_Neutral_Run_Turn_L_090_Lfoot.M_Neutral_Run_Turn_L_090_Lfoot,97,0.064433,11,14,5,0.007732,0.0,0.0252,0.6067
917,test,Run,turn,/Game/Characters/UEFN_Mannequin/Animations/Run/M_Neutral_Run_Turn_L_090_Rfoot.M_Neutral_Run_Turn_L_090_Rfoot,93,0.077957,15,14,3,0.005376,0.0,0.0247,0.6212
918,train,Run,turn,/Game/Characters/UEFN_Mannequin/Animations/Run/M_Neutral_Run_Turn_L_135_Lfoot.M_Neutral_Run_Turn_L_135_Lfoot,86,0.06686,12,11,6,0.023256,0.0,0.0256,0.6138
919,train,Run,turn,/Game/Characters/UEFN_Mannequin/Animations/Run/M_Neutral_Run_Turn_L_135_Rfoot.M_Neutral_Run_Turn_L_135_Rfoot,90,0.083333,18,12,6,0.025,0.0,0.0256,0.5988
920,train,Run,turn,/Game/Characters/UEFN_Mannequin/Animations/Run/M_Neutral_Run_Turn_L_180_Lfoot.M_Neutral_Run_Turn_L_180_Lfoot,104,0.091346,24,14,3,0.009615,0.0,0.0243,0.6083
921,train,Run,turn,/Game/Characters/UEFN_Mannequin/Animations/Run/M_Neutral_Run_Turn_L_180_Rfoot.M_Neutral_Run_Turn_L_180_Rfoot,108,0.078704,20,14,6,0.016204,0.0,0.0251,0.6273
922,train,Run,turn,/Game/Characters/UEFN_Mannequin/Animations/Run/M_Neutral_Run_Turn_R_045_Lfoot.M_Neutral_Run_Turn_R_045_Lfoot,50,0.025,2,3,1,0.005,0.0,0.0304,0.5962
923,train,Run,turn,/Game/Characters/UEFN_Mannequin/Animations/Run/M_Neutral_Run_Turn_R_045_Rfoot.M_Neutral_Run_Turn_R_045_Rfoot,48,0.026042,2,3,1,0.0,0.0,0.0303,0.5821
924,train,Run,turn,/Game/Characters/UEFN_Mannequin/Animations/Run/M_Neutral_Run_Turn_R_090_Lfoot.M_Neutral_Run_Turn_R_090_Lfoot,94,0.050532,8,11,5,0.005319,0.0,0.0251,0.6276
925,train,Run,turn,/Game/Characters/UEFN_Mannequin/Animations/Run/M_Neutral_Run_Turn_R_090_Rfoot.M_Neutral_Run_Turn_R_090_Rfoot,95,0.055263,9,12,4,0.005263,0.0,0.0245,0.632
926,train,Run,turn,/Game/Characters/UEFN_Mannequin/Animations/Run/M_Neutral_Run_Turn_R_135_Lfoot.M_Neutral_Run_Turn_R_135_Lfoot,87,0.063218,14,8,4,0.017241,0.0,0.0271,0.6132
927,train,Run,turn,/Game/Characters/UEFN_Mannequin/Animations/Run/M_Neutral_Run_Turn_R_135_Rfoot.M_Neutral_Run_Turn_R_135_Rfoot,83,0.084337,17,11,3,0.018072,0.0,0.0264,0.6113
928,train,Run,turn,/Game/Characters/UEFN_Mannequin/Animations/Run/M_Neutral_Run_Turn_R_180_Lfoot.M_Neutral_Run_Turn_R_180_Lfoot,108,0.074074,18,14,5,0.006944,0.0,0.0253,0.6036
929,train,Run,turn,/Game/Characters/UEFN_Mannequin/Animations/Run/M_Neutral_Run_Turn_R_180_Rfoot.M_Neutral_Run_Turn_R_180_Rfoot,103,0.09466,25,14,3,0.009709,0.0,0.0237,0.6256
930,train,Run,full,/Game/Characters/UEFN_Mannequin/Animations/Run/M_Neutral_Transition_Sprint_to_Run_Lfoot.M_Neutral_Transition_Sprint_to_Run_Lfoot,102,0.04902,9,11,3,0.002451,0.0,0.0278,0.6759
931,train,Run,full,/Game/Characters/UEFN_Mannequin/Animations/Run/M_Neutral_Transition_Sprint_to_Run_Rfoot.M_Neutral_Transition_Sprint_to_Run_Rfoot,98,0.056122,11,11,1,0.007653,0.0,0.0254,0.6617
932,train,Run,full,/Game/Characters/UEFN_Mannequin/Animations/Run/M_Neutral_Transition_Walk_to_Run_Lfoot.M_Neutral_Transition_Walk_to_Run_Lfoot,116,0.131466,48,13,0,0.017241,0.0,0.0246,0.6019
933,train,Run,full,/Game/Characters/UEFN_Mannequin/Animations/Run/M_Neutral_Transition_Walk_to_Run_Rfoot.M_Neutral_Transition_Walk_to_Run_Rfoot,101,0.158416,51,13,2,0.014851,0.0,0.0237,0.5826
934,train,Run,full,/Game/Characters/UEFN_Mannequin/Animations/Run/M_Relaxed_Run_Box_B_LL_Lfoot.M_Relaxed_Run_Box_B_LL_Lfoot,110,0.072727,20,12,1,0.029545,0.0,0.0253,0.2728
935,train,Run,full,/Game/Characters/UEFN_Mannequin/Animations/Run/M_Relaxed_Run_Box_B_LL_Rfoot.M_Relaxed_Run_Box_B_LL_Rfoot,105,0.069048,17,12,1,0.030952,0.0,0.0258,0.2537
936,train,Run,full,/Game/Characters/UEFN_Mannequin/Animations/Run/M_Relaxed_Run_Box_B_LR_Lfoot.M_Relaxed_Run_Box_B_LR_Lfoot,112,0.066964,19,11,1,0.017857,0.0,0.0307,0.3506
937,train,Run,full,/Game/Characters/UEFN_Mannequin/Animations/Run/M_Relaxed_Run_Box_B_RL_Lfoot.M_Relaxed_Run_Box_B_RL_Lfoot,112,0.064732,18,11,3,0.015625,0.0,0.024,0.307
938,validation,Run,full,/Game/Characters/UEFN_Mannequin/Animations/Run/M_Relaxed_Run_Box_B_RR_Lfoot.M_Relaxed_Run_Box_B_RR_Lfoot,106,0.068396,15,14,5,0.004717,0.0,0.0329,0.2691
939,train,Run,full,/Game/Characters/UEFN_Mannequin/Animations/Run/M_Relaxed_Run_Box_F_LL_Lfoot.M_Relaxed_Run_Box_F_LL_Lfoot,111,0.065315,18,11,0,0.02027,0.0,0.0257,0.3893
940,train,Run,full,/Game/Characters/UEFN_Mannequin/Animations/Run/M_Relaxed_Run_Box_F_LL_Rfoot.M_Relaxed_Run_Box_F_LL_Rfoot,107,0.070093,17,13,3,0.018692,0.0,0.027,0.4186
941,train,Run,full,/Game/Characters/UEFN_Mannequin/Animations/Run/M_Relaxed_Run_Box_F_LR_Lfoot.M_Relaxed_Run_Box_F_LR_Lfoot,107,0.067757,18,11,1,0.007009,0.0,0.0324,0.3851
942,train,Run,full,/Game/Characters/UEFN_Mannequin/Animations/Run/M_Relaxed_Run_Box_F_LR_Rfoot.M_Relaxed_Run_Box_F_LR_Rfoot,118,0.057203,14,13,3,0.006356,0.0,0.0321,0.4155
943,train,Run,full,/Game/Characters/UEFN_Mannequin/Animations/Run/M_Relaxed_Run_Box_F_RL_Lfoot.M_Relaxed_Run_Box_F_RL_Lfoot,116,0.05819,17,10,1,0.002155,0.0,0.0255,0.3803
944,train,Run,full,/Game/Characters/UEFN_Mannequin/Animations/Run/M_Relaxed_Run_Box_F_RL_Rfoot.M_Relaxed_Run_Box_F_RL_Rfoot,115,0.071739,21,12,2,0.006522,0.0,0.0242,0.4126
945,validation,Run,full,/Game/Characters/UEFN_Mannequin/Animations/Run/M_Relaxed_Run_Box_F_RR_Lfoot.M_Relaxed_Run_Box_F_RR_Lfoot,114,0.08114,22,15,3,0.017544,0.0,0.035,0.3857
946,train,Run,full,/Game/Characters/UEFN_Mannequin/Animations/Run/M_Relaxed_Run_Box_F_RR_Rfoot.M_Relaxed_Run_Box_F_RR_Rfoot,112,0.055804,12,13,5,0.006696,0.0,0.0325,0.4122
947,train,Run,full,/Game/Characters/UEFN_Mannequin/Animations/Run/M_Relaxed_Run_Box_LL_B_Lfoot.M_Relaxed_Run_Box_LL_B_Lfoot,109,0.091743,24,16,2,0.025229,0.0,0.0207,0.2732
948,train,Run,full,/Game/Characters/UEFN_Mannequin/Animations/Run/M_Relaxed_Run_Box_LL_B_Rfoot.M_Relaxed_Run_Box_LL_B_Rfoot,109,0.094037,27,14,2,0.022936,0.0,0.0214,0.2794
949,validation,Run,full,/Game/Characters/UEFN_Mannequin/Animations/Run/M_Relaxed_Run_Box_LL_F_Lfoot.M_Relaxed_Run_Box_LL_F_Lfoot,113,0.059735,16,11,3,0.00885,0.0,0.0252,0.4736
950,train,Run,full,/Game/Characters/UEFN_Mannequin/Animations/Run/M_Relaxed_Run_Box_LL_F_Rfoot.M_Relaxed_Run_Box_LL_F_Rfoot,116,0.079741,25,12,0,0.017241,0.0,0.0256,0.4811
951,validation,Run,full,/Game/Characters/UEFN_Mannequin/Animations/Run/M_Relaxed_Run_Box_LR_B_Lfoot.M_Relaxed_Run_Box_LR_B_Lfoot,101,0.076733,21,10,1,0.017327,0.0,0.03,0.3256
952,train,Run,full,/Game/Characters/UEFN_Mannequin/Animations/Run/M_Relaxed_Run_Box_LR_B_Rfoot.M_Relaxed_Run_Box_LR_B_Rfoot,118,0.074153,23,12,0,0.019068,0.0,0.032,0.3006
953,validation,Run,full,/Game/Characters/UEFN_Mannequin/Animations/Run/M_Relaxed_Run_Box_LR_F_Lfoot.M_Relaxed_Run_Box_LR_F_Lfoot,116,0.077586,22,14,3,0.0,0.0,0.0293,0.4745
954,train,Run,full,/Game/Characters/UEFN_Mannequin/Animations/Run/M_Relaxed_Run_Box_LR_F_Rfoot.M_Relaxed_Run_Box_LR_F_Rfoot,115,0.080435,24,13,0,0.015217,0.0,0.0303,0.4734
955,train,Run,full,/Game/Characters/UEFN_Mannequin/Animations/Run/M_Relaxed_Run_Box_RL_B_Rfoot.M_Relaxed_Run_Box_RL_B_Rfoot,113,0.086283,24,15,3,0.013274,0.0,0.0224,0.2977
956,train,Run,full,/Game/Characters/UEFN_Mannequin/Animations/Run/M_Relaxed_Run_Box_RL_F_Lfoot.M_Relaxed_Run_Box_RL_F_Lfoot,123,0.081301,27,13,1,0.006098,0.0,0.0233,0.4756
957,train,Run,full,/Game/Characters/UEFN_Mannequin/Animations/Run/M_Relaxed_Run_Box_RL_F_Rfoot.M_Relaxed_Run_Box_RL_F_Rfoot,116,0.06681,18,13,1,0.002155,0.0,0.0229,0.4883
958,train,Run,full,/Game/Characters/UEFN_Mannequin/Animations/Run/M_Relaxed_Run_Box_RR_B_Lfoot.M_Relaxed_Run_Box_RR_B_Lfoot,118,0.084746,26,14,2,0.03178,0.0,0.0297,0.2791
959,validation,Run,full,/Game/Characters/UEFN_Mannequin/Animations/Run/M_Relaxed_Run_Box_RR_B_Rfoot.M_Relaxed_Run_Box_RR_B_Rfoot,115,0.082609,25,13,1,0.023913,0.0,0.0293,0.2752
960,train,Run,full,/Game/Characters/UEFN_Mannequin/Animations/Run/M_Relaxed_Run_Box_RR_F_Lfoot.M_Relaxed_Run_Box_RR_F_Lfoot,135,0.07037,23,15,3,0.007407,0.0,0.0282,0.4769
961,validation,Run,full,/Game/Characters/UEFN_Mannequin/Animations/Run/M_Relaxed_Run_Box_RR_F_Rfoot.M_Relaxed_Run_Box_RR_F_Rfoot,114,0.083333,25,13,0,0.006579,0.0,0.0314,0.4986
962,train,Run,full,/Game/Characters/UEFN_Mannequin/Animations/Run/M_Relaxed_Run_Diamond_BL_BR_Rfoot.M_Relaxed_Run_Diamond_BL_BR_Rfoot,138,0.097826,35,19,2,0.021739,0.0,0.0232,0.2842
963,train,Run,full,/Game/Characters/UEFN_Mannequin/Animations/Run/M_Relaxed_Run_Diamond_BL_FL_Rfoot.M_Relaxed_Run_Diamond_BL_FL_Rfoot,114,0.08114,22,15,3,0.017544,0.0,0.03,0.46
964,train,Run,full,/Game/Characters/UEFN_Mannequin/Animations/Run/M_Relaxed_Run_Diamond_BR_BL_Rfoot.M_Relaxed_Run_Diamond_BR_BL_Rfoot,102,0.095588,27,12,2,0.029412,0.0,0.0287,0.2871
965,test,Run,full,/Game/Characters/UEFN_Mannequin/Animations/Run/M_Relaxed_Run_Diamond_BR_FR_Lfoot.M_Relaxed_Run_Diamond_BR_FR_Lfoot,121,0.082645,24,16,4,0.008264,0.0,0.0264,0.4447
966,train,Run,full,/Game/Characters/UEFN_Mannequin/Animations/Run/M_Relaxed_Run_Diamond_BR_FR_Rfoot.M_Relaxed_Run_Diamond_BR_FR_Rfoot,116,0.053879,14,11,2,0.015086,0.0,0.0296,0.449
967,train,Run,full,/Game/Characters/UEFN_Mannequin/Animations/Run/M_Relaxed_Run_Diamond_FL_BL_Lfoot.M_Relaxed_Run_Diamond_FL_BL_Lfoot,117,0.089744,26,16,1,0.023504,0.0,0.0299,0.3523
968,train,Run,full,/Game/Characters/UEFN_Mannequin/Animations/Run/M_Relaxed_Run_Diamond_FL_BL_Rfoot.M_Relaxed_Run_Diamond_FL_BL_Rfoot,124,0.102823,32,19,6,0.012097,0.0,0.0305,0.4138
969,train,Run,full,/Game/Characters/UEFN_Mannequin/Animations/Run/M_Relaxed_Run_Diamond_FL_FR_Lfoot.M_Relaxed_Run_Diamond_FL_FR_Lfoot,125,0.088,29,15,2,0.008,0.0,0.0253,0.4752
970,train,Run,full,/Game/Characters/UEFN_Mannequin/Animations/Run/M_Relaxed_Run_Diamond_FL_FR_Rfoot.M_Relaxed_Run_Diamond_FL_FR_Rfoot,124,0.070565,21,14,3,0.002016,0.0,0.0314,0.4647
971,train,Run,full,/Game/Characters/UEFN_Mannequin/Animations/Run/M_Relaxed_Run_Diamond_FR_BR_Lfoot.M_Relaxed_Run_Diamond_FR_BR_Lfoot,118,0.069915,13,20,9,0.0,0.0,0.0304,0.3911
972,train,Run,full,/Game/Characters/UEFN_Mannequin/Animations/Run/M_Relaxed_Run_Diamond_FR_BR_Rfoot.M_Relaxed_Run_Diamond_FR_BR_Rfoot,120,0.085417,25,16,4,0.01875,0.0,0.0251,0.3362
973,train,Run,full,/Game/Characters/UEFN_Mannequin/Animations/Run/M_Relaxed_Run_Diamond_FR_FL_Lfoot.M_Relaxed_Run_Diamond_FR_FL_Lfoot,129,0.085271,29,15,1,0.003876,0.0,0.032,0.4745
974,train,Run,full,/Game/Characters/UEFN_Mannequin/Animations/Run/M_Relaxed_Run_Diamond_FR_FL_Rfoot.M_Relaxed_Run_Diamond_FR_FL_Rfoot,132,0.092803,34,15,1,0.003788,0.0,0.0257,0.4711
975,train,Run,full,/Game/Characters/UEFN_Mannequin/Animations/Run/M_Relaxed_Run_Hourglass_BL_RL_Rfoot.M_Relaxed_Run_Hourglass_BL_RL_Rfoot,124,0.068548,20,14,2,0.012097,0.0,0.0307,0.333
976,train,Run,full,/Game/Characters/UEFN_Mannequin/Animations/Run/M_Relaxed_Run_Hourglass_BL_RR_Lfoot.M_Relaxed_Run_Hourglass_BL_RR_Lfoot,115,0.091304,28,14,1,0.03913,0.0,0.0335,0.2572
977,train,Run,full,/Game/Characters/UEFN_Mannequin/Animations/Run/M_Relaxed_Run_Hourglass_BL_RR_Rfoot.M_Relaxed_Run_Hourglass_BL_RR_Rfoot,110,0.081818,19,17,6,0.018182,0.0,0.0316,0.2568
978,train,Run,full,/Game/Characters/UEFN_Mannequin/Animations/Run/M_Relaxed_Run_Hourglass_BR_LL_Lfoot.M_Relaxed_Run_Hourglass_BR_LL_Lfoot,117,0.083333,23,16,3,0.027778,0.0,0.027,0.2767
979,train,Run,full,/Game/Characters/UEFN_Mannequin/Animations/Run/M_Relaxed_Run_Hourglass_BR_LL_Rfoot.M_Relaxed_Run_Hourglass_BR_LL_Rfoot,124,0.082661,25,16,2,0.042339,0.0,0.0275,0.2642
980,train,Run,full,/Game/Characters/UEFN_Mannequin/Animations/Run/M_Relaxed_Run_Hourglass_BR_LR_Lfoot.M_Relaxed_Run_Hourglass_BR_LR_Lfoot,117,0.076923,21,15,3,0.004274,0.0,0.0292,0.3337
981,train,Run,full,/Game/Characters/UEFN_Mannequin/Animations/Run/M_Relaxed_Run_Hourglass_BR_LR_Rfoot.M_Relaxed_Run_Hourglass_BR_LR_Rfoot,136,0.066176,21,15,3,0.020221,0.0,0.0313,0.3424
982,test,Run,full,/Game/Characters/UEFN_Mannequin/Animations/Run/M_Relaxed_Run_Hourglass_FR_LL_Lfoot.M_Relaxed_Run_Hourglass_FR_LL_Lfoot,121,0.057851,16,12,2,0.018595,0.0,0.0317,0.3428
983,validation,Run,full,/Game/Characters/UEFN_Mannequin/Animations/Run/M_Relaxed_Run_Hourglass_FR_LL_Rfoot.M_Relaxed_Run_Hourglass_FR_LL_Rfoot,120,0.072917,22,13,2,0.027083,0.0,0.0273,0.3732
984,train,Run,full,/Game/Characters/UEFN_Mannequin/Animations/Run/M_Relaxed_Run_Hourglass_LR_BR_Rfoot.M_Relaxed_Run_Hourglass_LR_BR_Rfoot,118,0.091102,29,14,2,0.021186,0.0,0.0296,0.2934
985,train,Run,full,/Game/Characters/UEFN_Mannequin/Animations/Run/M_Relaxed_Run_Hourglass_RL_FL_Lfoot.M_Relaxed_Run_Hourglass_RL_FL_Lfoot,134,0.070896,23,15,3,0.007463,0.0,0.0319,0.4181
986,test,Run,full,/Game/Characters/UEFN_Mannequin/Animations/Run/M_Relaxed_Run_Hourglass_RR_BL_Rfoot.M_Relaxed_Run_Hourglass_RR_BL_Rfoot,120,0.075,23,13,2,0.027083,0.0,0.031,0.2664
987,validation,Run,full,/Game/Characters/UEFN_Mannequin/Animations/Run/M_Relaxed_Run_Hourglass_RR_FL_Lfoot.M_Relaxed_Run_Hourglass_RR_FL_Lfoot,127,0.064961,21,12,1,0.009843,0.0,0.0321,0.418
988,train,Run,full,/Game/Characters/UEFN_Mannequin/Animations/Run/M_Relaxed_Run_Hourglass_RR_FL_Rfoot.M_Relaxed_Run_Hourglass_RR_FL_Rfoot,119,0.090336,31,12,0,0.018908,0.0,0.0315,0.4201
989,train,Run,loop,/Game/Characters/UEFN_Mannequin/Animations/Run/M_Relaxed_Run_Loop_B.M_Relaxed_Run_Loop_B,79,0.098101,20,11,2,0.037975,0.0,0.0215,0.2857
990,train,Run,loop,/Game/Characters/UEFN_Mannequin/Animations/Run/M_Relaxed_Run_Loop_BL.M_Relaxed_Run_Loop_BL,79,0.101266,21,11,1,0.031646,0.0,0.0204,0.2827
991,train,Run,loop,/Game/Characters/UEFN_Mannequin/Animations/Run/M_Relaxed_Run_Loop_BR.M_Relaxed_Run_Loop_BR,79,0.101266,21,11,1,0.031646,0.0,0.0204,0.2827
992,train,Run,loop,/Game/Characters/UEFN_Mannequin/Animations/Run/M_Relaxed_Run_Loop_F.M_Relaxed_Run_Loop_F,88,0.079545,20,8,0,0.0,0.0,0.0249,0.4892
993,train,Run,loop,/Game/Characters/UEFN_Mannequin/Animations/Run/M_Relaxed_Run_Loop_FL.M_Relaxed_Run_Loop_FL,88,0.079545,20,8,0,0.0,0.0,0.0235,0.4873
994,train,Run,loop,/Game/Characters/UEFN_Mannequin/Animations/Run/M_Relaxed_Run_Loop_FR.M_Relaxed_Run_Loop_FR,88,0.079545,20,8,0,0.0,0.0,0.0235,0.4873
995,train,Run,loop,/Game/Characters/UEFN_Mannequin/Animations/Run/M_Relaxed_Run_Loop_LL.M_Relaxed_Run_Loop_LL,79,0.072785,14,9,0,0.031646,0.0,0.024,0.2559
996,train,Run,loop,/Game/Characters/UEFN_Mannequin/Animations/Run/M_Relaxed_Run_Loop_LR_offset.M_Relaxed_Run_Loop_LR_offset,88,0.071023,16,9,1,0.008523,0.0,0.0307,0.3705
997,train,Run,loop,/Game/Characters/UEFN_Mannequin/Animations/Run/M_Relaxed_Run_Loop_RL.M_Relaxed_Run_Loop_RL,88,0.059659,14,7,1,0.005682,0.0,0.0239,0.3744
998,test,Run,loop,/Game/Characters/UEFN_Mannequin/Animations/Run/M_Relaxed_Run_Loop_RR_offset.M_Relaxed_Run_Loop_RR_offset,79,0.079114,13,12,5,0.009494,0.0,0.0253,0.2425
999,train,Run,pivot,/Game/Characters/UEFN_Mannequin/Animations/Run/M_Relaxed_Run_Pivot_B_F_Lfoot.M_Relaxed_Run_Pivot_B_F_Lfoot,123,0.097561,35,13,0,0.014228,0.0,0.0214,0.4484
1000,train,Run,pivot,/Game/Characters/UEFN_Mannequin/Animations/Run/M_Relaxed_Run_Pivot_B_F_Rfoot.M_Relaxed_Run_Pivot_B_F_Rfoot,122,0.112705,41,14,2,0.028689,0.0,0.0226,0.4748
1001,train,Run,pivot,/Game/Characters/UEFN_Mannequin/Animations/Run/M_Relaxed_Run_Pivot_F_B_Lfoot.M_Relaxed_Run_Pivot_F_B_Lfoot,118,0.129237,43,18,1,0.008475,0.0,0.0187,0.3984
1002,train,Run,pivot,/Game/Characters/UEFN_Mannequin/Animations/Run/M_Relaxed_Run_Pivot_F_B_Rfoot.M_Relaxed_Run_Pivot_F_B_Rfoot,115,0.136957,44,19,6,0.01087,0.0,0.018,0.4131
1003,validation,Run,pivot,/Game/Characters/UEFN_Mannequin/Animations/Run/M_Relaxed_Run_Pivot_LL_RL_Lfoot.M_Relaxed_Run_Pivot_LL_RL_Lfoot,119,0.081933,26,13,3,0.014706,0.0,0.0251,0.3045
1004,train,Run,pivot,/Game/Characters/UEFN_Mannequin/Animations/Run/M_Relaxed_Run_Pivot_LL_RL_Rfoot.M_Relaxed_Run_Pivot_LL_RL_Rfoot,118,0.084746,27,13,2,0.010593,0.0,0.026,0.3133
1005,train,Run,pivot,/Game/Characters/UEFN_Mannequin/Animations/Run/M_Relaxed_Run_Pivot_RL_LL_Lfoot.M_Relaxed_Run_Pivot_RL_LL_Lfoot,117,0.081197,25,13,4,0.027778,0.0,0.0276,0.2853
1006,train,Run,pivot,/Game/Characters/UEFN_Mannequin/Animations/Run/M_Relaxed_Run_Pivot_RL_LL_Rfoot.M_Relaxed_Run_Pivot_RL_LL_Rfoot,115,0.086957,28,12,1,0.036957,0.0,0.0249,0.2737
1007,train,Run,full,/Game/Characters/UEFN_Mannequin/Animations/Run/M_Relaxed_Run_Quad_B_BL_Rfoot.M_Relaxed_Run_Quad_B_BL_Rfoot,110,0.05,12,10,1,0.013636,0.0,0.0318,0.2902
1008,train,Run,full,/Game/Characters/UEFN_Mannequin/Animations/Run/M_Relaxed_Run_Quad_B_BR_Lfoot.M_Relaxed_Run_Quad_B_BR_Lfoot,113,0.090708,28,13,1,0.037611,0.0,0.029,0.2885
1009,train,Run,full,/Game/Characters/UEFN_Mannequin/Animations/Run/M_Relaxed_Run_Quad_B_BR_Rfoot.M_Relaxed_Run_Quad_B_BR_Rfoot,114,0.087719,25,15,4,0.035088,0.0,0.0296,0.2868
1010,train,Run,full,/Game/Characters/UEFN_Mannequin/Animations/Run/M_Relaxed_Run_Quad_B_FL_Lfoot.M_Relaxed_Run_Quad_B_FL_Lfoot,130,0.086538,33,12,0,0.021154,0.0,0.0293,0.456
1011,validation,Run,full,/Game/Characters/UEFN_Mannequin/Animations/Run/M_Relaxed_Run_Quad_B_FL_Rfoot.M_Relaxed_Run_Quad_B_FL_Rfoot,128,0.083984,30,13,1,0.025391,0.0,0.029,0.4502
1012,train,Run,full,/Game/Characters/UEFN_Mannequin/Animations/Run/M_Relaxed_Run_Quad_B_FR_Lfoot.M_Relaxed_Run_Quad_B_FR_Lfoot,110,0.088636,25,14,3,0.006818,0.0,0.029,0.4374
1013,train,Run,full,/Game/Characters/UEFN_Mannequin/Animations/Run/M_Relaxed_Run_Quad_B_FR_Rfoot.M_Relaxed_Run_Quad_B_FR_Rfoot,106,0.082547,21,14,3,0.004717,0.0,0.0277,0.4059
1014,train,Run,full,/Game/Characters/UEFN_Mannequin/Animations/Run/M_Relaxed_Run_Quad_BL_B_Lfoot.M_Relaxed_Run_Quad_BL_B_Lfoot,117,0.081197,23,15,2,0.038462,0.0,0.0292,0.2928
1015,train,Run,full,/Game/Characters/UEFN_Mannequin/Animations/Run/M_Relaxed_Run_Quad_BL_B_Rfoot.M_Relaxed_Run_Quad_BL_B_Rfoot,112,0.091518,26,15,2,0.044643,0.0,0.0216,0.2748
1016,train,Run,full,/Game/Characters/UEFN_Mannequin/Animations/Run/M_Relaxed_Run_Quad_BL_F_Lfoot.M_Relaxed_Run_Quad_BL_F_Lfoot,118,0.091102,32,11,0,0.03178,0.0,0.0265,0.4589
1017,train,Run,full,/Game/Characters/UEFN_Mannequin/Animations/Run/M_Relaxed_Run_Quad_BL_F_Rfoot.M_Relaxed_Run_Quad_BL_F_Rfoot,123,0.069106,21,13,2,0.014228,0.0,0.0297,0.4723
1018,train,Run,full,/Game/Characters/UEFN_Mannequin/Animations/Run/M_Relaxed_Run_Quad_BR_B_Lfoot.M_Relaxed_Run_Quad_BR_B_Lfoot,119,0.077731,25,12,0,0.033613,0.0,0.0305,0.2868
1019,train,Run,full,/Game/Characters/UEFN_Mannequin/Animations/Run/M_Relaxed_Run_Quad_BR_B_Rfoot.M_Relaxed_Run_Quad_BR_B_Rfoot,115,0.082609,25,13,0,0.05,0.0,0.029,0.286
1020,train,Run,full,/Game/Characters/UEFN_Mannequin/Animations/Run/M_Relaxed_Run_Quad_BR_F_Lfoot.M_Relaxed_Run_Quad_BR_F_Lfoot,134,0.080224,29,14,2,0.009328,0.0,0.0314,0.4814
1021,train,Run,full,/Game/Characters/UEFN_Mannequin/Animations/Run/M_Relaxed_Run_Quad_BR_F_Rfoot.M_Relaxed_Run_Quad_BR_F_Rfoot,135,0.075926,27,14,2,0.014815,0.0,0.0304,0.4567
1022,train,Run,full,/Game/Characters/UEFN_Mannequin/Animations/Run/M_Relaxed_Run_Quad_F_BL_Lfoot.M_Relaxed_Run_Quad_F_BL_Lfoot,117,0.115385,37,17,2,0.021368,0.0,0.0294,0.3371
1023,train,Run,full,/Game/Characters/UEFN_Mannequin/Animations/Run/M_Relaxed_Run_Quad_F_BL_Rfoot.M_Relaxed_Run_Quad_F_BL_Rfoot,123,0.089431,29,15,3,0.014228,0.0,0.029,0.3568
1024,train,Run,full,/Game/Characters/UEFN_Mannequin/Animations/Run/M_Relaxed_Run_Quad_F_BR_Lfoot.M_Relaxed_Run_Quad_F_BR_Lfoot,109,0.100917,31,13,1,0.043578,0.0,0.0302,0.4029
1025,validation,Run,full,/Game/Characters/UEFN_Mannequin/Animations/Run/M_Relaxed_Run_Quad_F_BR_Rfoot.M_Relaxed_Run_Quad_F_BR_Rfoot,116,0.068966,20,12,2,0.028017,0.0,0.0289,0.3604
1026,test,Run,full,/Game/Characters/UEFN_Mannequin/Animations/Run/M_Relaxed_Run_Quad_F_FL_Lfoot.M_Relaxed_Run_Quad_F_FL_Lfoot,116,0.068966,19,13,3,0.0,0.0,0.0312,0.4857
1027,train,Run,full,/Game/Characters/UEFN_Mannequin/Animations/Run/M_Relaxed_Run_Quad_F_FL_Rfoot.M_Relaxed_Run_Quad_F_FL_Rfoot,122,0.069672,19,15,5,0.0,0.0,0.0286,0.5004
1028,train,Run,full,/Game/Characters/UEFN_Mannequin/Animations/Run/M_Relaxed_Run_Quad_F_FR_Lfoot.M_Relaxed_Run_Quad_F_FR_Lfoot,119,0.05042,14,10,3,0.002101,0.0,0.0292,0.4667
1029,train,Run,full,/Game/Characters/UEFN_Mannequin/Animations/Run/M_Relaxed_Run_Quad_F_FR_Rfoot.M_Relaxed_Run_Quad_F_FR_Rfoot,116,0.068966,17,15,6,0.0,0.0,0.0268,0.4931
1030,test,Run,full,/Game/Characters/UEFN_Mannequin/Animations/Run/M_Relaxed_Run_Quad_FL_B_Lfoot.M_Relaxed_Run_Quad_FL_B_Lfoot,129,0.114341,43,16,1,0.02907,0.0,0.0264,0.3637
1031,train,Run,full,/Game/Characters/UEFN_Mannequin/Animations/Run/M_Relaxed_Run_Quad_FL_B_Rfoot.M_Relaxed_Run_Quad_FL_B_Rfoot,130,0.103846,37,17,3,0.023077,0.0,0.0239,0.3607
1032,train,Run,full,/Game/Characters/UEFN_Mannequin/Animations/Run/M_Relaxed_Run_Quad_FL_F_Rfoot.M_Relaxed_Run_Quad_FL_F_Rfoot,122,0.077869,23,15,3,0.0,0.0,0.0281,0.5075
1033,train,Run,full,/Game/Characters/UEFN_Mannequin/Animations/Run/M_Relaxed_Run_Quad_FR_B_Lfoot.M_Relaxed_Run_Quad_FR_B_Lfoot,119,0.092437,30,14,3,0.037815,0.0,0.0293,0.3436
1034,validation,Run,full,/Game/Characters/UEFN_Mannequin/Animations/Run/M_Relaxed_Run_Quad_FR_B_Rfoot.M_Relaxed_Run_Quad_FR_B_Rfoot,115,0.121739,42,14,1,0.019565,0.0,0.0279,0.3477
1035,train,Run,start,/Game/Characters/UEFN_Mannequin/Animations/Run/M_Relaxed_Run_Reface_Start_090_L_Lfoot.M_Relaxed_Run_Reface_Start_090_L_Lfoot,96,0.117188,32,13,2,0.005208,0.0,0.023,0.4483
1036,train,Run,start,/Game/Characters/UEFN_Mannequin/Animations/Run/M_Relaxed_Run_Reface_Start_090_L_Rfoot.M_Relaxed_Run_Reface_Start_090_L_Rfoot,98,0.137755,41,13,0,0.0,0.0,0.0206,0.447
1037,train,Run,start,/Game/Characters/UEFN_Mannequin/Animations/Run/M_Relaxed_Run_Reface_Start_090_R_Lfoot.M_Relaxed_Run_Reface_Start_090_R_Lfoot,94,0.132979,38,12,1,0.013298,0.0,0.0226,0.4305
1038,train,Run,start,/Game/Characters/UEFN_Mannequin/Animations/Run/M_Relaxed_Run_Reface_Start_090_R_Rfoot.M_Relaxed_Run_Reface_Start_090_R_Rfoot,96,0.114583,31,13,2,0.005208,0.0,0.0215,0.4394
1039,train,Run,start,/Game/Characters/UEFN_Mannequin/Animations/Run/M_Relaxed_Run_Reface_Start_180_L_Lfoot.M_Relaxed_Run_Reface_Start_180_L_Lfoot,98,0.109694,32,11,1,0.002551,0.0,0.0217,0.4453
1040,validation,Run,start,/Game/Characters/UEFN_Mannequin/Animations/Run/M_Relaxed_Run_Reface_Start_180_L_Rfoot.M_Relaxed_Run_Reface_Start_180_L_Rfoot,99,0.106061,30,12,2,0.0,0.0,0.0231,0.45
1041,train,Run,start,/Game/Characters/UEFN_Mannequin/Animations/Run/M_Relaxed_Run_Reface_Start_180_R_Lfoot.M_Relaxed_Run_Reface_Start_180_R_Lfoot,99,0.098485,27,12,0,0.0,0.0,0.0222,0.4464
1042,train,Run,start,/Game/Characters/UEFN_Mannequin/Animations/Run/M_Relaxed_Run_Reface_Start_180_R_Rfoot.M_Relaxed_Run_Reface_Start_180_R_Rfoot,98,0.09949,27,12,3,0.002551,0.0,0.0222,0.4495
1043,train,Run,start,/Game/Characters/UEFN_Mannequin/Animations/Run/M_Relaxed_Run_Reface_Start_B_090_L_Lfoot.M_Relaxed_Run_Reface_Start_B_090_L_Lfoot,90,0.169444,43,18,4,0.022222,0.0,0.0208,0.2608
1044,test,Run,start,/Game/Characters/UEFN_Mannequin/Animations/Run/M_Relaxed_Run_Reface_Start_B_090_L_Rfoot.M_Relaxed_Run_Reface_Start_B_090_L_Rfoot,89,0.157303,39,17,3,0.014045,0.0,0.0201,0.2732
1045,train,Run,start,/Game/Characters/UEFN_Mannequin/Animations/Run/M_Relaxed_Run_Reface_Start_B_090_R_Lfoot.M_Relaxed_Run_Reface_Start_B_090_R_Lfoot,88,0.139205,34,15,1,0.025568,0.0,0.02,0.2486
1046,train,Run,start,/Game/Characters/UEFN_Mannequin/Animations/Run/M_Relaxed_Run_Reface_Start_B_090_R_Rfoot.M_Relaxed_Run_Reface_Start_B_090_R_Rfoot,90,0.191667,51,18,2,0.019444,0.0,0.0196,0.2564
1047,train,Run,start,/Game/Characters/UEFN_Mannequin/Animations/Run/M_Relaxed_Run_Reface_Start_B_180_L_Lfoot.M_Relaxed_Run_Reface_Start_B_180_L_Lfoot,104,0.151442,45,18,4,0.016827,0.0,0.0213,0.2572
1048,train,Run,start,/Game/Characters/UEFN_Mannequin/Animations/Run/M_Relaxed_Run_Reface_Start_B_180_R_Lfoot.M_Relaxed_Run_Reface_Start_B_180_R_Lfoot,105,0.128571,35,19,5,0.019048,0.0,0.0202,0.255
1049,train,Run,start,/Game/Characters/UEFN_Mannequin/Animations/Run/M_Relaxed_Run_Reface_Start_B_180_R_Rfoot.M_Relaxed_Run_Reface_Start_B_180_R_Rfoot,106,0.169811,54,18,3,0.011792,0.0,0.0208,0.2734
1050,train,Run,stop,/Game/Characters/UEFN_Mannequin/Animations/Run/M_Relaxed_Run_Reface_Stop_090_L_Lfoot.M_Relaxed_Run_Reface_Stop_090_L_Lfoot,75,0.363333,100,9,1,0.056667,0.0,0.0269,0.4409
1051,train,Run,stop,/Game/Characters/UEFN_Mannequin/Animations/Run/M_Relaxed_Run_Reface_Stop_090_L_Rfoot.M_Relaxed_Run_Reface_Stop_090_L_Rfoot,75,0.4,109,11,1,0.026667,0.0,0.0269,0.4509
1052,train,Run,stop,/Game/Characters/UEFN_Mannequin/Animations/Run/M_Relaxed_Run_Reface_Stop_090_R_Lfoot.M_Relaxed_Run_Reface_Stop_090_R_Lfoot,85,0.476471,154,8,0,0.032353,0.0,0.0275,0.4134
1053,train,Run,stop,/Game/Characters/UEFN_Mannequin/Animations/Run/M_Relaxed_Run_Reface_Stop_090_R_Rfoot.M_Relaxed_Run_Reface_Stop_090_R_Rfoot,80,0.3875,115,9,1,0.040625,0.0,0.0304,0.4426
1054,train,Run,stop,/Game/Characters/UEFN_Mannequin/Animations/Run/M_Relaxed_Run_Reface_Stop_180_L_Lfoot.M_Relaxed_Run_Reface_Stop_180_L_Lfoot,76,0.3125,85,10,0,0.026316,0.0,0.0277,0.435
1055,train,Run,stop,/Game/Characters/UEFN_Mannequin/Animations/Run/M_Relaxed_Run_Reface_Stop_180_L_Rfoot.M_Relaxed_Run_Reface_Stop_180_L_Rfoot,73,0.335616,88,10,2,0.030822,0.0,0.0255,0.4499
1056,train,Run,stop,/Game/Characters/UEFN_Mannequin/Animations/Run/M_Relaxed_Run_Reface_Stop_180_R_Lfoot.M_Relaxed_Run_Reface_Stop_180_R_Lfoot,85,0.329412,100,12,1,0.032353,0.0,0.0257,0.4205
1057,train,Run,stop,/Game/Characters/UEFN_Mannequin/Animations/Run/M_Relaxed_Run_Reface_Stop_180_R_Rfoot.M_Relaxed_Run_Reface_Stop_180_R_Rfoot,85,0.3,89,13,2,0.035294,0.0,0.0296,0.4408
1058,train,Run,loop,/Game/Characters/UEFN_Mannequin/Animations/Run/M_Relaxed_Run_Slope_down_Loop_F.M_Relaxed_Run_Slope_down_Loop_F,81,0.0,0,0,0,0.006173,0.0,0.6378,5.0822
1059,train,Run,loop,/Game/Characters/UEFN_Mannequin/Animations/Run/M_Relaxed_Run_Slope_up_Loop_F.M_Relaxed_Run_Slope_up_Loop_F,76,0.0,0,0,0,0.016447,0.0,0.368,4.6968
1060,train,Run,spin,/Game/Characters/UEFN_Mannequin/Animations/Run/M_Relaxed_Run_Spin_B_F_L_Lfoot.M_Relaxed_Run_Spin_B_F_L_Lfoot,112,0.084821,25,13,2,0.013393,0.0,0.0232,0.4699
1061,train,Run,spin,/Game/Characters/UEFN_Mannequin/Animations/Run/M_Relaxed_Run_Spin_B_F_L_Rfoot.M_Relaxed_Run_Spin_B_F_L_Rfoot,118,0.082627,26,13,1,0.019068,0.0,0.0237,0.4441
1062,train,Run,spin,/Game/Characters/UEFN_Mannequin/Animations/Run/M_Relaxed_Run_Spin_B_F_R_Lfoot.M_Relaxed_Run_Spin_B_F_R_Lfoot,109,0.082569,25,11,0,0.011468,0.0,0.0228,0.4455
1063,test,Run,spin,/Game/Characters/UEFN_Mannequin/Animations/Run/M_Relaxed_Run_Spin_B_F_R_Rfoot.M_Relaxed_Run_Spin_B_F_R_Rfoot,114,0.08114,25,12,1,0.017544,0.0,0.0226,0.4622
1064,train,Run,spin,/Game/Characters/UEFN_Mannequin/Animations/Run/M_Relaxed_Run_Spin_B_RL_Lfoot.M_Relaxed_Run_Spin_B_RL_Lfoot,115,0.076087,23,12,1,0.015217,0.0,0.024,0.3325
1065,test,Run,spin,/Game/Characters/UEFN_Mannequin/Animations/Run/M_Relaxed_Run_Spin_B_RL_Rfoot.M_Relaxed_Run_Spin_B_RL_Rfoot,114,0.063596,17,12,3,0.008772,0.0,0.0234,0.3239
1066,train,Run,spin,/Game/Characters/UEFN_Mannequin/Animations/Run/M_Relaxed_Run_Spin_F_360_L_Lfoot.M_Relaxed_Run_Spin_F_360_L_Lfoot,119,0.069328,22,11,0,0.002101,0.0,0.0265,0.4757
1067,test,Run,spin,/Game/Characters/UEFN_Mannequin/Animations/Run/M_Relaxed_Run_Spin_F_360_L_Rfoot.M_Relaxed_Run_Spin_F_360_L_Rfoot,113,0.059735,17,10,0,0.002212,0.0,0.0252,0.4745
1068,train,Run,spin,/Game/Characters/UEFN_Mannequin/Animations/Run/M_Relaxed_Run_Spin_F_360_R_Lfoot.M_Relaxed_Run_Spin_F_360_R_Lfoot,118,0.076271,23,13,1,0.006356,0.0,0.025,0.4739
1069,train,Run,spin,/Game/Characters/UEFN_Mannequin/Animations/Run/M_Relaxed_Run_Spin_F_360_R_Rfoot.M_Relaxed_Run_Spin_F_360_R_Rfoot,117,0.074786,23,12,0,0.002137,0.0,0.0263,0.4807
1070,train,Run,spin,/Game/Characters/UEFN_Mannequin/Animations/Run/M_Relaxed_Run_Spin_F_B_L_Lfoot.M_Relaxed_Run_Spin_F_B_L_Lfoot,114,0.100877,30,16,2,0.010965,0.0,0.0214,0.389
1071,train,Run,spin,/Game/Characters/UEFN_Mannequin/Animations/Run/M_Relaxed_Run_Spin_F_B_L_Rfoot.M_Relaxed_Run_Spin_F_B_L_Rfoot,105,0.097619,26,15,2,0.009524,0.0,0.0202,0.4216
1072,train,Run,spin,/Game/Characters/UEFN_Mannequin/Animations/Run/M_Relaxed_Run_Spin_F_B_R_Lfoot.M_Relaxed_Run_Spin_F_B_R_Lfoot,111,0.099099,28,16,3,0.006757,0.0,0.0207,0.3932
1073,train,Run,spin,/Game/Characters/UEFN_Mannequin/Animations/Run/M_Relaxed_Run_Spin_F_B_R_Rfoot.M_Relaxed_Run_Spin_F_B_R_Rfoot,114,0.089912,27,14,1,0.015351,0.0,0.0212,0.4123
1074,train,Run,spin,/Game/Characters/UEFN_Mannequin/Animations/Run/M_Relaxed_Run_Spin_F_LL_Lfoot.M_Relaxed_Run_Spin_F_LL_Lfoot,102,0.07598,19,12,1,0.017157,0.0,0.0259,0.4099
1075,train,Run,spin,/Game/Characters/UEFN_Mannequin/Animations/Run/M_Relaxed_Run_Spin_F_LL_Rfoot.M_Relaxed_Run_Spin_F_LL_Rfoot,111,0.083333,24,13,1,0.018018,0.0,0.0246,0.4136
1076,train,Run,spin,/Game/Characters/UEFN_Mannequin/Animations/Run/M_Relaxed_Run_Spin_F_LR_Lfoot.M_Relaxed_Run_Spin_F_LR_Lfoot,120,0.077083,25,12,2,0.0,0.0,0.0233,0.3958
1077,validation,Run,spin,/Game/Characters/UEFN_Mannequin/Animations/Run/M_Relaxed_Run_Spin_F_LR_Rfoot.M_Relaxed_Run_Spin_F_LR_Rfoot,120,0.075,25,11,1,0.004167,0.0,0.0222,0.4131
1078,train,Run,spin,/Game/Characters/UEFN_Mannequin/Animations/Run/M_Relaxed_Run_Spin_F_RL_Lfoot.M_Relaxed_Run_Spin_F_RL_Lfoot,112,0.069196,21,10,1,0.0,0.0,0.0257,0.3894
1079,train,Run,spin,/Game/Characters/UEFN_Mannequin/Animations/Run/M_Relaxed_Run_Spin_F_RL_Rfoot.M_Relaxed_Run_Spin_F_RL_Rfoot,113,0.075221,23,11,0,0.006637,0.0,0.0252,0.4089
1080,train,Run,spin,/Game/Characters/UEFN_Mannequin/Animations/Run/M_Relaxed_Run_Spin_F_RR_Lfoot.M_Relaxed_Run_Spin_F_RR_Lfoot,113,0.09292,29,13,0,0.022124,0.0,0.0275,0.4115
1081,train,Run,spin,/Game/Characters/UEFN_Mannequin/Animations/Run/M_Relaxed_Run_Spin_F_RR_Rfoot.M_Relaxed_Run_Spin_F_RR_Rfoot,102,0.088235,24,12,0,0.017157,0.0,0.0243,0.4263
1082,train,Run,spin,/Game/Characters/UEFN_Mannequin/Animations/Run/M_Relaxed_Run_Spin_LL_B_Lfoot.M_Relaxed_Run_Spin_LL_B_Lfoot,106,0.099057,25,17,6,0.018868,0.0,0.0211,0.2516
1083,train,Run,spin,/Game/Characters/UEFN_Mannequin/Animations/Run/M_Relaxed_Run_Spin_LL_B_Rfoot.M_Relaxed_Run_Spin_LL_B_Rfoot,108,0.078704,20,14,4,0.025463,0.0,0.0215,0.2752
1084,train,Run,spin,/Game/Characters/UEFN_Mannequin/Animations/Run/M_Relaxed_Run_Spin_LL_F_Lfoot.M_Relaxed_Run_Spin_LL_F_Lfoot,116,0.081897,24,14,2,0.010776,0.0,0.0234,0.4313
1085,test,Run,spin,/Game/Characters/UEFN_Mannequin/Animations/Run/M_Relaxed_Run_Spin_LL_F_Rfoot.M_Relaxed_Run_Spin_LL_F_Rfoot,109,0.073394,21,11,0,0.009174,0.0,0.026,0.4438
1086,train,Run,spin,/Game/Characters/UEFN_Mannequin/Animations/Run/M_Relaxed_Run_Spin_LR_F_Lfoot.M_Relaxed_Run_Spin_LR_F_Lfoot,113,0.084071,26,12,1,0.006637,0.0,0.0264,0.4553
1087,train,Run,spin,/Game/Characters/UEFN_Mannequin/Animations/Run/M_Relaxed_Run_Spin_LR_F_Rfoot.M_Relaxed_Run_Spin_LR_F_Rfoot,114,0.08114,26,11,0,0.0,0.0,0.0249,0.4481
1088,train,Run,spin,/Game/Characters/UEFN_Mannequin/Animations/Run/M_Relaxed_Run_Spin_RL_B_Lfoot.M_Relaxed_Run_Spin_RL_B_Lfoot,112,0.104911,30,17,2,0.015625,0.0,0.0204,0.2967
1089,train,Run,spin,/Game/Characters/UEFN_Mannequin/Animations/Run/M_Relaxed_Run_Spin_RL_B_Rfoot.M_Relaxed_Run_Spin_RL_B_Rfoot,110,0.095455,26,16,3,0.013636,0.0,0.0219,0.2807
1090,train,Run,spin,/Game/Characters/UEFN_Mannequin/Animations/Run/M_Relaxed_Run_Spin_RL_F_Lfoot.M_Relaxed_Run_Spin_RL_F_Lfoot,112,0.078125,24,11,0,0.002232,0.0,0.0244,0.4445
1091,train,Run,spin,/Game/Characters/UEFN_Mannequin/Animations/Run/M_Relaxed_Run_Spin_RL_F_Rfoot.M_Relaxed_Run_Spin_RL_F_Rfoot,114,0.083333,27,11,0,0.004386,0.0,0.0236,0.4517
1092,validation,Run,spin,/Game/Characters/UEFN_Mannequin/Animations/Run/M_Relaxed_Run_Spin_RR_F_Lfoot.M_Relaxed_Run_Spin_RR_F_Lfoot,114,0.087719,27,13,1,0.006579,0.0,0.0222,0.4438
1093,train,Run,spin,/Game/Characters/UEFN_Mannequin/Animations/Run/M_Relaxed_Run_Spin_RR_F_Rfoot.M_Relaxed_Run_Spin_RR_F_Rfoot,111,0.083333,24,13,2,0.009009,0.0,0.0233,0.4426
1094,test,Run,start,/Game/Characters/UEFN_Mannequin/Animations/Run/M_Relaxed_Run_Start_B_Lfoot.M_Relaxed_Run_Start_B_Lfoot,79,0.14557,30,16,4,0.025316,0.0,0.0207,0.2694
1095,test,Run,start,/Game/Characters/UEFN_Mannequin/Animations/Run/M_Relaxed_Run_Start_B_Rfoot.M_Relaxed_Run_Start_B_Rfoot,85,0.155882,41,12,2,0.041176,0.0,0.022,0.2629
1096,test,Run,start,/Game/Characters/UEFN_Mannequin/Animations/Run/M_Relaxed_Run_Start_F_Lfoot.M_Relaxed_Run_Start_F_Lfoot,91,0.148352,41,13,1,0.0,0.0,0.0228,0.4538
1097,train,Run,start,/Game/Characters/UEFN_Mannequin/Animations/Run/M_Relaxed_Run_Start_F_Rfoot.M_Relaxed_Run_Start_F_Rfoot,91,0.145604,40,13,1,0.0,0.0,0.0207,0.4506
1098,train,Run,start,/Game/Characters/UEFN_Mannequin/Animations/Run/M_Relaxed_Run_Start_LL_Lfoot.M_Relaxed_Run_Start_LL_Lfoot,89,0.126404,31,14,3,0.025281,0.0,0.0273,0.2357
1099,train,Run,start,/Game/Characters/UEFN_Mannequin/Animations/Run/M_Relaxed_Run_Start_LL_Rfoot.M_Relaxed_Run_Start_LL_Rfoot,90,0.105556,25,13,1,0.022222,0.0,0.0282,0.2517
1100,validation,Run,start,/Game/Characters/UEFN_Mannequin/Animations/Run/M_Relaxed_Run_Start_RL_Lfoot.M_Relaxed_Run_Start_RL_Lfoot,97,0.108247,29,13,3,0.005155,0.0,0.0231,0.2962
1101,train,Run,start,/Game/Characters/UEFN_Mannequin/Animations/Run/M_Relaxed_Run_Start_RL_Rfoot.M_Relaxed_Run_Start_RL_Rfoot,95,0.139474,40,13,1,0.010526,0.0,0.024,0.3135
1102,train,Run,stop,/Game/Characters/UEFN_Mannequin/Animations/Run/M_Relaxed_Run_Stop_B_Rfoot.M_Relaxed_Run_Stop_B_Rfoot,70,0.4,102,10,2,0.057143,0.0,0.022,0.2244
1103,train,Run,stop,/Game/Characters/UEFN_Mannequin/Animations/Run/M_Relaxed_Run_Stop_F_Lfoot.M_Relaxed_Run_Stop_F_Lfoot,116,0.56681,254,9,1,0.012931,0.0,0.0285,0.3813
1104,train,Run,stop,/Game/Characters/UEFN_Mannequin/Animations/Run/M_Relaxed_Run_Stop_F_Rfoot.M_Relaxed_Run_Stop_F_Rfoot,115,0.515217,227,10,0,0.063043,0.0,0.0292,0.4164
1105,train,Run,stop,/Game/Characters/UEFN_Mannequin/Animations/Run/M_Relaxed_Run_Stop_LL_Lfoot.M_Relaxed_Run_Stop_LL_Lfoot,78,0.426282,123,10,2,0.057692,0.0,0.0309,0.1997
1106,train,Run,stop,/Game/Characters/UEFN_Mannequin/Animations/Run/M_Relaxed_Run_Stop_LL_Rfoot.M_Relaxed_Run_Stop_LL_Rfoot,73,0.328767,87,9,1,0.14726,0.0,0.0265,0.2069
1107,train,Run,stop,/Game/Characters/UEFN_Mannequin/Animations/Run/M_Relaxed_Run_Stop_RL_Lfoot.M_Relaxed_Run_Stop_RL_Lfoot,77,0.444805,127,10,2,0.016234,0.0,0.0277,0.2905
1108,train,Run,stop,/Game/Characters/UEFN_Mannequin/Animations/Run/M_Relaxed_Run_Stop_RL_Rfoot.M_Relaxed_Run_Stop_RL_Rfoot,80,0.45,135,9,0,0.040625,0.0,0.0268,0.264
1109,train,Run,full,/Game/Characters/UEFN_Mannequin/Animations/Run/M_Relaxed_Run_Switch_LR_LL_Lfoot.M_Relaxed_Run_Switch_LR_LL_Lfoot,116,0.099138,30,16,2,0.012931,0.0,0.0244,0.2779
1110,train,Run,full,/Game/Characters/UEFN_Mannequin/Animations/Run/M_Relaxed_Run_Switch_LR_LL_Rfoot.M_Relaxed_Run_Switch_LR_LL_Rfoot,120,0.095833,28,18,2,0.014583,0.0,0.0235,0.273
1111,test,Run,full,/Game/Characters/UEFN_Mannequin/Animations/Run/M_Relaxed_Run_Switch_RR_RL_Lfoot.M_Relaxed_Run_Switch_RR_RL_Lfoot,119,0.088235,26,16,3,0.008403,0.0,0.0223,0.29
1112,train,Run,full,/Game/Characters/UEFN_Mannequin/Animations/Run/M_Relaxed_Run_Switch_RR_RL_Rfoot.M_Relaxed_Run_Switch_RR_RL_Rfoot,133,0.080827,27,16,3,0.013158,0.0,0.0209,0.2916
1113,train,Run,turn,/Game/Characters/UEFN_Mannequin/Animations/Run/M_Relaxed_Run_Turn_L_090_Lfoot.M_Relaxed_Run_Turn_L_090_Lfoot,119,0.079832,25,13,0,0.006303,0.0,0.0234,0.4702
1114,train,Run,turn,/Game/Characters/UEFN_Mannequin/Animations/Run/M_Relaxed_Run_Turn_L_090_Rfoot.M_Relaxed_Run_Turn_L_090_Rfoot,117,0.083333,26,13,1,0.004274,0.0,0.0225,0.4881
1115,train,Run,turn,/Game/Characters/UEFN_Mannequin/Animations/Run/M_Relaxed_Run_Turn_L_180_Lfoot.M_Relaxed_Run_Turn_L_180_Lfoot,121,0.10124,34,15,1,0.0,0.0,0.0219,0.476
1116,train,Run,turn,/Game/Characters/UEFN_Mannequin/Animations/Run/M_Relaxed_Run_Turn_L_180_Rfoot.M_Relaxed_Run_Turn_L_180_Rfoot,123,0.107724,39,14,0,0.0,0.0,0.0211,0.4809
1117,validation,Run,turn,/Game/Characters/UEFN_Mannequin/Animations/Run/M_Relaxed_Run_Turn_R_090_Lfoot.M_Relaxed_Run_Turn_R_090_Lfoot,117,0.07265,21,13,2,0.002137,0.0,0.0244,0.4715
1118,train,Run,turn,/Game/Characters/UEFN_Mannequin/Animations/Run/M_Relaxed_Run_Turn_R_090_Rfoot.M_Relaxed_Run_Turn_R_090_Rfoot,122,0.07582,25,12,0,0.002049,0.0,0.0224,0.5014
1119,train,Run,turn,/Game/Characters/UEFN_Mannequin/Animations/Run/M_Relaxed_Run_Turn_R_180_Lfoot.M_Relaxed_Run_Turn_R_180_Lfoot,125,0.096,33,15,2,0.002,0.0,0.0228,0.4719
1120,train,Run,turn,/Game/Characters/UEFN_Mannequin/Animations/Run/M_Relaxed_Run_Turn_R_180_Rfoot.M_Relaxed_Run_Turn_R_180_Rfoot,122,0.106557,39,13,0,0.002049,0.0,0.0205,0.4772
1121,train,Run,full,/Game/Characters/UEFN_Mannequin/Animations/Run/M_Relaxed_Transition_Sprint_to_Run_Lfoot.M_Relaxed_Transition_Sprint_to_Run_Lfoot,111,0.065315,18,11,2,0.002252,0.0,0.0253,0.6578
1122,validation,Run,full,/Game/Characters/UEFN_Mannequin/Animations/Run/M_Relaxed_Transition_Sprint_to_Run_Rfoot.M_Relaxed_Transition_Sprint_to_Run_Rfoot,110,0.059091,15,11,2,0.002273,0.0,0.0243,0.6364
1123,train,Run,full,/Game/Characters/UEFN_Mannequin/Animations/Run/M_Relaxed_Transition_Walk_to_Run_Lfoot.M_Relaxed_Transition_Walk_to_Run_Lfoot,130,0.134615,55,15,0,0.030769,0.0,0.0253,0.4465
1124,train,Run,full,/Game/Characters/UEFN_Mannequin/Animations/Run/M_Relaxed_Transition_Walk_to_Run_Rfoot.M_Relaxed_Transition_Walk_to_Run_Rfoot,132,0.13447,57,14,1,0.020833,0.0,0.0242,0.4471
1295,train,Walk,full,/Game/Characters/UEFN_Mannequin/Animations/Walk/M_Neutral_Transition_Run_to_Walk_Lfoot.M_Neutral_Transition_Run_to_Walk_Lfoot,135,0.218519,101,17,0,0.024074,0.0,0.0251,0.4064
1296,train,Walk,full,/Game/Characters/UEFN_Mannequin/Animations/Walk/M_Neutral_Transition_Run_to_Walk_Rfoot.M_Neutral_Transition_Run_to_Walk_Rfoot,133,0.191729,87,15,0,0.046992,0.0,0.0314,0.4368
1297,test,Walk,full,/Game/Characters/UEFN_Mannequin/Animations/Walk/M_Neutral_Transition_Sprint_to_Walk_Lfoot.M_Neutral_Transition_Sprint_to_Walk_Lfoot,146,0.178082,86,18,2,0.02226,0.0,0.0289,0.5962
1298,validation,Walk,full,/Game/Characters/UEFN_Mannequin/Animations/Walk/M_Neutral_Transition_Sprint_to_Walk_Rfoot.M_Neutral_Transition_Sprint_to_Walk_Rfoot,141,0.191489,91,17,1,0.01773,0.0,0.0269,0.5206
1299,train,Walk,full,/Game/Characters/UEFN_Mannequin/Animations/Walk/M_Neutral_Walk_Arc_F_Small_L.M_Neutral_Walk_Arc_F_Small_L,111,0.164414,57,16,2,0.004505,0.0,0.0297,0.2347
1300,train,Walk,full,/Game/Characters/UEFN_Mannequin/Animations/Walk/M_Neutral_Walk_Arc_F_Small_R.M_Neutral_Walk_Arc_F_Small_R,111,0.146396,52,13,3,0.011261,0.0,0.0313,0.2423
1301,test,Walk,full,/Game/Characters/UEFN_Mannequin/Animations/Walk/M_Neutral_Walk_Arc_F_Tight_L.M_Neutral_Walk_Arc_F_Tight_L,111,0.204955,79,12,1,0.083333,0.0,0.0271,0.2482
1302,train,Walk,full,/Game/Characters/UEFN_Mannequin/Animations/Walk/M_Neutral_Walk_Arc_F_Tight_R.M_Neutral_Walk_Arc_F_Tight_R,111,0.177928,67,12,1,0.058559,0.0,0.037,0.251
1303,train,Walk,full,/Game/Characters/UEFN_Mannequin/Animations/Walk/M_Neutral_Walk_Arc_F_Wide_L.M_Neutral_Walk_Arc_F_Wide_L,113,0.207965,82,12,1,0.086283,0.0,0.0271,0.2468
1304,validation,Walk,full,/Game/Characters/UEFN_Mannequin/Animations/Walk/M_Neutral_Walk_Arc_F_Wide_R.M_Neutral_Walk_Arc_F_Wide_R,113,0.172566,68,10,1,0.108407,0.0,0.0349,0.2528
1305,train,Walk,full,/Game/Characters/UEFN_Mannequin/Animations/Walk/M_Neutral_Walk_Box_B_LL_Lfoot.M_Neutral_Walk_Box_B_LL_Lfoot,150,0.296667,156,22,1,0.051667,0.0,0.0247,0.1942
1306,validation,Walk,full,/Game/Characters/UEFN_Mannequin/Animations/Walk/M_Neutral_Walk_Box_B_LL_Rfoot.M_Neutral_Walk_Box_B_LL_Rfoot,147,0.306122,159,21,0,0.076531,0.0,0.0247,0.1913
1307,validation,Walk,full,/Game/Characters/UEFN_Mannequin/Animations/Walk/M_Neutral_Walk_Box_B_LR_Lfoot.M_Neutral_Walk_Box_B_LR_Lfoot,143,0.284965,144,19,0,0.043706,0.0,0.0249,0.2118
1308,train,Walk,full,/Game/Characters/UEFN_Mannequin/Animations/Walk/M_Neutral_Walk_Box_B_LR_Rfoot.M_Neutral_Walk_Box_B_LR_Rfoot,147,0.284014,149,18,0,0.052721,0.0,0.024,0.2038
1309,test,Walk,full,/Game/Characters/UEFN_Mannequin/Animations/Walk/M_Neutral_Walk_Box_B_RL_Lfoot.M_Neutral_Walk_Box_B_RL_Lfoot,139,0.284173,140,18,1,0.032374,0.0,0.0234,0.2082
1310,train,Walk,full,/Game/Characters/UEFN_Mannequin/Animations/Walk/M_Neutral_Walk_Box_B_RL_Rfoot.M_Neutral_Walk_Box_B_RL_Rfoot,145,0.286207,148,18,0,0.034483,0.0,0.0244,0.2052
1311,train,Walk,full,/Game/Characters/UEFN_Mannequin/Animations/Walk/M_Neutral_Walk_Box_B_RR_Lfoot.M_Neutral_Walk_Box_B_RR_Lfoot,138,0.326087,160,20,0,0.041667,0.0,0.0237,0.1888
1312,test,Walk,full,/Game/Characters/UEFN_Mannequin/Animations/Walk/M_Neutral_Walk_Box_B_RR_Rfoot.M_Neutral_Walk_Box_B_RR_Rfoot,138,0.300725,145,21,3,0.050725,0.0,0.0233,0.1926
1313,train,Walk,full,/Game/Characters/UEFN_Mannequin/Animations/Walk/M_Neutral_Walk_Box_F_LL_Lfoot.M_Neutral_Walk_Box_F_LL_Lfoot,132,0.293561,133,22,1,0.041667,0.0,0.0249,0.2048
1314,validation,Walk,full,/Game/Characters/UEFN_Mannequin/Animations/Walk/M_Neutral_Walk_Box_F_LL_Rfoot.M_Neutral_Walk_Box_F_LL_Rfoot,145,0.241379,122,18,1,0.077586,0.0,0.027,0.2112
1315,train,Walk,full,/Game/Characters/UEFN_Mannequin/Animations/Walk/M_Neutral_Walk_Box_F_LR_Lfoot.M_Neutral_Walk_Box_F_LR_Lfoot,133,0.219925,100,17,1,0.039474,0.0,0.0262,0.2222
1316,train,Walk,full,/Game/Characters/UEFN_Mannequin/Animations/Walk/M_Neutral_Walk_Box_F_LR_Rfoot.M_Neutral_Walk_Box_F_LR_Rfoot,133,0.263158,122,18,0,0.048872,0.0,0.0257,0.2245
1317,train,Walk,full,/Game/Characters/UEFN_Mannequin/Animations/Walk/M_Neutral_Walk_Box_F_RL_Lfoot.M_Neutral_Walk_Box_F_RL_Lfoot,148,0.258446,132,21,1,0.048986,0.0,0.0258,0.2202
1318,train,Walk,full,/Game/Characters/UEFN_Mannequin/Animations/Walk/M_Neutral_Walk_Box_F_RL_Rfoot.M_Neutral_Walk_Box_F_RL_Rfoot,142,0.269366,132,21,1,0.03169,0.0,0.0259,0.2191
1319,train,Walk,full,/Game/Characters/UEFN_Mannequin/Animations/Walk/M_Neutral_Walk_Box_F_RR_Rfoot.M_Neutral_Walk_Box_F_RR_Rfoot,135,0.27963,129,22,1,0.051852,0.0,0.0238,0.2024
1320,train,Walk,full,/Game/Characters/UEFN_Mannequin/Animations/Walk/M_Neutral_Walk_Box_LL_B_Lfoot.M_Neutral_Walk_Box_LL_B_Lfoot,141,0.29078,147,17,0,0.083333,0.0,0.0232,0.203
1321,train,Walk,full,/Game/Characters/UEFN_Mannequin/Animations/Walk/M_Neutral_Walk_Box_LL_B_Rfoot.M_Neutral_Walk_Box_LL_B_Rfoot,140,0.292857,147,17,0,0.058929,0.0,0.0219,0.2036
1322,train,Walk,full,/Game/Characters/UEFN_Mannequin/Animations/Walk/M_Neutral_Walk_Box_LL_F_Lfoot.M_Neutral_Walk_Box_LL_F_Lfoot,139,0.239209,117,16,0,0.061151,0.0,0.0273,0.2169
1323,train,Walk,full,/Game/Characters/UEFN_Mannequin/Animations/Walk/M_Neutral_Walk_Box_LL_F_Rfoot.M_Neutral_Walk_Box_LL_F_Rfoot,135,0.237037,111,17,0,0.044444,0.0,0.0279,0.2235
1324,train,Walk,full,/Game/Characters/UEFN_Mannequin/Animations/Walk/M_Neutral_Walk_Box_LR_B_Lfoot.M_Neutral_Walk_Box_LR_B_Lfoot,142,0.304577,155,18,1,0.054577,0.0,0.0228,0.2111
1325,train,Walk,full,/Game/Characters/UEFN_Mannequin/Animations/Walk/M_Neutral_Walk_Box_LR_B_Rfoot.M_Neutral_Walk_Box_LR_B_Rfoot,138,0.313406,155,18,0,0.048913,0.0,0.0232,0.2108
1326,test,Walk,full,/Game/Characters/UEFN_Mannequin/Animations/Walk/M_Neutral_Walk_Box_LR_F_Lfoot.M_Neutral_Walk_Box_LR_F_Lfoot,140,0.223214,108,17,0,0.028571,0.0,0.0286,0.2438
1327,train,Walk,full,/Game/Characters/UEFN_Mannequin/Animations/Walk/M_Neutral_Walk_Box_LR_F_Rfoot.M_Neutral_Walk_Box_LR_F_Rfoot,142,0.228873,112,18,0,0.03169,0.0,0.0279,0.2396
1328,train,Walk,full,/Game/Characters/UEFN_Mannequin/Animations/Walk/M_Neutral_Walk_Box_RL_B_Lfoot.M_Neutral_Walk_Box_RL_B_Lfoot,139,0.27518,137,16,0,0.046763,0.0,0.0211,0.2148
1329,train,Walk,full,/Game/Characters/UEFN_Mannequin/Animations/Walk/M_Neutral_Walk_Box_RL_B_Rfoot.M_Neutral_Walk_Box_RL_B_Rfoot,142,0.292254,150,16,0,0.070423,0.0,0.0249,0.2137
1330,train,Walk,full,/Game/Characters/UEFN_Mannequin/Animations/Walk/M_Neutral_Walk_Box_RL_F_Lfoot.M_Neutral_Walk_Box_RL_F_Lfoot,146,0.222603,111,19,0,0.027397,0.0,0.028,0.235
1331,test,Walk,full,/Game/Characters/UEFN_Mannequin/Animations/Walk/M_Neutral_Walk_Box_RL_F_Rfoot.M_Neutral_Walk_Box_RL_F_Rfoot,141,0.228723,108,21,3,0.028369,0.0,0.028,0.2396
1332,train,Walk,full,/Game/Characters/UEFN_Mannequin/Animations/Walk/M_Neutral_Walk_Box_RR_B_Lfoot.M_Neutral_Walk_Box_RR_B_Lfoot,139,0.293165,147,16,0,0.088129,0.0,0.0242,0.2082
1333,train,Walk,full,/Game/Characters/UEFN_Mannequin/Animations/Walk/M_Neutral_Walk_Box_RR_B_Rfoot.M_Neutral_Walk_Box_RR_B_Rfoot,139,0.285971,144,15,0,0.100719,0.0,0.025,0.2013
1334,train,Walk,full,/Game/Characters/UEFN_Mannequin/Animations/Walk/M_Neutral_Walk_Box_RR_F_Lfoot.M_Neutral_Walk_Box_RR_F_Lfoot,139,0.23741,113,19,2,0.043165,0.0,0.0281,0.2244
1335,validation,Walk,full,/Game/Characters/UEFN_Mannequin/Animations/Walk/M_Neutral_Walk_Box_RR_F_Rfoot.M_Neutral_Walk_Box_RR_F_Rfoot,141,0.241135,118,18,1,0.065603,0.0,0.0275,0.2233
1336,train,Walk,full,/Game/Characters/UEFN_Mannequin/Animations/Walk/M_Neutral_Walk_Circle_Strafe_L.M_Neutral_Walk_Circle_Strafe_L,88,0.340909,109,11,0,0.059659,0.0,0.0228,0.1985
1337,train,Walk,full,/Game/Characters/UEFN_Mannequin/Animations/Walk/M_Neutral_Walk_Circle_Strafe_R.M_Neutral_Walk_Circle_Strafe_R,80,0.26875,77,9,0,0.109375,0.0,0.0262,0.2101
1338,train,Walk,full,/Game/Characters/UEFN_Mannequin/Animations/Walk/M_Neutral_Walk_Diamond_B_FL_Lfoot.M_Neutral_Walk_Diamond_B_FL_Lfoot,144,0.291667,150,18,0,0.055556,0.0,0.0251,0.2162
1339,train,Walk,full,/Game/Characters/UEFN_Mannequin/Animations/Walk/M_Neutral_Walk_Diamond_B_FL_Rfoot.M_Neutral_Walk_Diamond_B_FL_Rfoot,138,0.289855,142,18,0,0.039855,0.0,0.0234,0.2127
1340,train,Walk,full,/Game/Characters/UEFN_Mannequin/Animations/Walk/M_Neutral_Walk_Diamond_B_FR_Lfoot.M_Neutral_Walk_Diamond_B_FR_Lfoot,139,0.291367,143,19,0,0.03777,0.0,0.0254,0.218
1341,train,Walk,full,/Game/Characters/UEFN_Mannequin/Animations/Walk/M_Neutral_Walk_Diamond_B_FR_Rfoot.M_Neutral_Walk_Diamond_B_FR_Rfoot,141,0.304965,152,20,1,0.046099,0.0,0.0249,0.2157
1342,train,Walk,full,/Game/Characters/UEFN_Mannequin/Animations/Walk/M_Neutral_Walk_Diamond_BL_BR_Lfoot.M_Neutral_Walk_Diamond_BL_BR_Lfoot,144,0.293403,149,20,1,0.095486,0.0,0.0217,0.1927
1343,validation,Walk,full,/Game/Characters/UEFN_Mannequin/Animations/Walk/M_Neutral_Walk_Diamond_BL_BR_Rfoot.M_Neutral_Walk_Diamond_BL_BR_Rfoot,140,0.276786,136,19,0,0.101786,0.0,0.0218,0.1976
1344,train,Walk,full,/Game/Characters/UEFN_Mannequin/Animations/Walk/M_Neutral_Walk_Diamond_BL_F_Rfoot.M_Neutral_Walk_Diamond_BL_F_Rfoot,140,0.278571,136,20,1,0.057143,0.0,0.0249,0.2196
1345,test,Walk,full,/Game/Characters/UEFN_Mannequin/Animations/Walk/M_Neutral_Walk_Diamond_BL_FL_Lfoot.M_Neutral_Walk_Diamond_BL_FL_Lfoot,143,0.251748,127,17,0,0.078671,0.0,0.0242,0.2182
1346,train,Walk,full,/Game/Characters/UEFN_Mannequin/Animations/Walk/M_Neutral_Walk_Diamond_BL_FL_Rfoot.M_Neutral_Walk_Diamond_BL_FL_Rfoot,141,0.274823,136,19,0,0.065603,0.0,0.0236,0.218
1347,train,Walk,full,/Game/Characters/UEFN_Mannequin/Animations/Walk/M_Neutral_Walk_Diamond_BR_BL_Lfoot.M_Neutral_Walk_Diamond_BR_BL_Lfoot,147,0.22619,117,16,2,0.159864,0.0,0.025,0.1905
1348,train,Walk,full,/Game/Characters/UEFN_Mannequin/Animations/Walk/M_Neutral_Walk_Diamond_BR_BL_Rfoot.M_Neutral_Walk_Diamond_BR_BL_Rfoot,142,0.234155,118,15,1,0.15493,0.0,0.0242,0.1894
1349,validation,Walk,full,/Game/Characters/UEFN_Mannequin/Animations/Walk/M_Neutral_Walk_Diamond_BR_F_Lfoot.M_Neutral_Walk_Diamond_BR_F_Lfoot,137,0.25,120,17,2,0.074818,0.0,0.0279,0.2227
1350,train,Walk,full,/Game/Characters/UEFN_Mannequin/Animations/Walk/M_Neutral_Walk_Diamond_BR_F_Rfoot.M_Neutral_Walk_Diamond_BR_F_Rfoot,140,0.2625,129,18,1,0.064286,0.0,0.0269,0.2228
1351,validation,Walk,full,/Game/Characters/UEFN_Mannequin/Animations/Walk/M_Neutral_Walk_Diamond_BR_FR_Lfoot.M_Neutral_Walk_Diamond_BR_FR_Lfoot,143,0.251748,126,18,2,0.078671,0.0,0.0263,0.2115
1352,validation,Walk,full,/Game/Characters/UEFN_Mannequin/Animations/Walk/M_Neutral_Walk_Diamond_BR_FR_Rfoot.M_Neutral_Walk_Diamond_BR_FR_Rfoot,142,0.25,122,20,4,0.084507,0.0,0.0254,0.2203
1353,train,Walk,full,/Game/Characters/UEFN_Mannequin/Animations/Walk/M_Neutral_Walk_Diamond_F_BL_Lfoot.M_Neutral_Walk_Diamond_F_BL_Lfoot,140,0.257143,127,17,0,0.116071,0.0,0.0247,0.2196
1354,test,Walk,full,/Game/Characters/UEFN_Mannequin/Animations/Walk/M_Neutral_Walk_Diamond_F_BL_Rfoot.M_Neutral_Walk_Diamond_F_BL_Rfoot,140,0.258929,128,17,0,0.125,0.0,0.0249,0.2151
1355,train,Walk,full,/Game/Characters/UEFN_Mannequin/Animations/Walk/M_Neutral_Walk_Diamond_F_BR_Lfoot.M_Neutral_Walk_Diamond_F_BR_Lfoot,139,0.285971,141,18,0,0.077338,0.0,0.022,0.2053
1356,train,Walk,full,/Game/Characters/UEFN_Mannequin/Animations/Walk/M_Neutral_Walk_Diamond_F_BR_Rfoot.M_Neutral_Walk_Diamond_F_BR_Rfoot,139,0.273381,133,19,1,0.093525,0.0,0.0219,0.2134
1357,train,Walk,full,/Game/Characters/UEFN_Mannequin/Animations/Walk/M_Neutral_Walk_Diamond_FL_B_Lfoot.M_Neutral_Walk_Diamond_FL_B_Lfoot,139,0.273381,136,16,0,0.079137,0.0,0.025,0.2142
1358,train,Walk,full,/Game/Characters/UEFN_Mannequin/Animations/Walk/M_Neutral_Walk_Diamond_FL_B_Rfoot.M_Neutral_Walk_Diamond_FL_B_Rfoot,138,0.317029,155,20,0,0.039855,0.0,0.0229,0.2144
1359,train,Walk,full,/Game/Characters/UEFN_Mannequin/Animations/Walk/M_Neutral_Walk_Diamond_FL_BL_Lfoot.M_Neutral_Walk_Diamond_FL_BL_Lfoot,141,0.239362,119,16,0,0.129433,0.0,0.0241,0.214
1360,train,Walk,full,/Game/Characters/UEFN_Mannequin/Animations/Walk/M_Neutral_Walk_Diamond_FL_BL_Rfoot.M_Neutral_Walk_Diamond_FL_BL_Rfoot,141,0.25,124,17,0,0.111702,0.0,0.0243,0.2097
1361,train,Walk,full,/Game/Characters/UEFN_Mannequin/Animations/Walk/M_Neutral_Walk_Diamond_FL_FR_Lfoot.M_Neutral_Walk_Diamond_FL_FR_Lfoot,141,0.244681,117,21,2,0.046099,0.0,0.0251,0.2288
1362,train,Walk,full,/Game/Characters/UEFN_Mannequin/Animations/Walk/M_Neutral_Walk_Diamond_FL_FR_Rfoot.M_Neutral_Walk_Diamond_FL_FR_Rfoot,140,0.255357,124,19,0,0.053571,0.0,0.0251,0.2356
1363,train,Walk,full,/Game/Characters/UEFN_Mannequin/Animations/Walk/M_Neutral_Walk_Diamond_FR_B_Lfoot.M_Neutral_Walk_Diamond_FR_B_Lfoot,139,0.303957,152,17,0,0.068345,0.0,0.023,0.2139
1364,train,Walk,full,/Game/Characters/UEFN_Mannequin/Animations/Walk/M_Neutral_Walk_Diamond_FR_B_Rfoot.M_Neutral_Walk_Diamond_FR_B_Rfoot,140,0.303571,153,17,0,0.064286,0.0,0.025,0.2135
1365,train,Walk,full,/Game/Characters/UEFN_Mannequin/Animations/Walk/M_Neutral_Walk_Diamond_FR_BR_Lfoot.M_Neutral_Walk_Diamond_FR_BR_Lfoot,137,0.273723,131,19,1,0.096715,0.0,0.0223,0.2058
1366,train,Walk,full,/Game/Characters/UEFN_Mannequin/Animations/Walk/M_Neutral_Walk_Diamond_FR_BR_Rfoot.M_Neutral_Walk_Diamond_FR_BR_Rfoot,143,0.262238,131,19,0,0.090909,0.0,0.0224,0.2116
1367,validation,Walk,full,/Game/Characters/UEFN_Mannequin/Animations/Walk/M_Neutral_Walk_Diamond_FR_FL_Rfoot.M_Neutral_Walk_Diamond_FR_FL_Rfoot,142,0.265845,133,18,0,0.054577,0.0,0.0254,0.2304
1368,train,Walk,full,/Game/Characters/UEFN_Mannequin/Animations/Walk/M_Neutral_Walk_Hourglass_BL_RL_Lfoot.M_Neutral_Walk_Hourglass_BL_RL_Lfoot,141,0.274823,136,19,1,0.058511,0.0,0.023,0.1997
1369,train,Walk,full,/Game/Characters/UEFN_Mannequin/Animations/Walk/M_Neutral_Walk_Hourglass_BL_RL_Rfoot.M_Neutral_Walk_Hourglass_BL_RL_Rfoot,138,0.269928,129,20,1,0.057971,0.0,0.0243,0.2057
1370,train,Walk,full,/Game/Characters/UEFN_Mannequin/Animations/Walk/M_Neutral_Walk_Hourglass_BL_RR_Lfoot.M_Neutral_Walk_Hourglass_BL_RR_Lfoot,135,0.325926,155,21,1,0.062963,0.0,0.0225,0.1779
1371,train,Walk,full,/Game/Characters/UEFN_Mannequin/Animations/Walk/M_Neutral_Walk_Hourglass_BL_RR_Rfoot.M_Neutral_Walk_Hourglass_BL_RR_Rfoot,135,0.292593,138,20,0,0.096296,0.0,0.0232,0.1809
1372,train,Walk,full,/Game/Characters/UEFN_Mannequin/Animations/Walk/M_Neutral_Walk_Hourglass_BR_LL_Lfoot.M_Neutral_Walk_Hourglass_BR_LL_Lfoot,136,0.235294,109,19,4,0.106618,0.0,0.026,0.1922
1373,train,Walk,full,/Game/Characters/UEFN_Mannequin/Animations/Walk/M_Neutral_Walk_Hourglass_BR_LL_Rfoot.M_Neutral_Walk_Hourglass_BR_LL_Rfoot,137,0.279197,133,20,2,0.094891,0.0,0.0247,0.1871
1374,train,Walk,full,/Game/Characters/UEFN_Mannequin/Animations/Walk/M_Neutral_Walk_Hourglass_BR_LR_Lfoot.M_Neutral_Walk_Hourglass_BR_LR_Lfoot,139,0.235612,112,19,3,0.086331,0.0,0.0254,0.2079
1375,test,Walk,full,/Game/Characters/UEFN_Mannequin/Animations/Walk/M_Neutral_Walk_Hourglass_BR_LR_Rfoot.M_Neutral_Walk_Hourglass_BR_LR_Rfoot,141,0.242908,120,17,1,0.083333,0.0,0.0248,0.2077
1376,train,Walk,full,/Game/Characters/UEFN_Mannequin/Animations/Walk/M_Neutral_Walk_Hourglass_FL_RL_Lfoot.M_Neutral_Walk_Hourglass_FL_RL_Lfoot,140,0.251786,121,20,0,0.0375,0.0,0.023,0.2222
1377,train,Walk,full,/Game/Characters/UEFN_Mannequin/Animations/Walk/M_Neutral_Walk_Hourglass_FL_RL_Rfoot.M_Neutral_Walk_Hourglass_FL_RL_Rfoot,146,0.239726,118,22,3,0.02226,0.0,0.0242,0.2278
1378,train,Walk,full,/Game/Characters/UEFN_Mannequin/Animations/Walk/M_Neutral_Walk_Hourglass_FL_RR_Lfoot.M_Neutral_Walk_Hourglass_FL_RR_Lfoot,134,0.287313,133,21,1,0.048507,0.0,0.0232,0.2008
1379,train,Walk,full,/Game/Characters/UEFN_Mannequin/Animations/Walk/M_Neutral_Walk_Hourglass_FL_RR_Rfoot.M_Neutral_Walk_Hourglass_FL_RR_Rfoot,139,0.289568,139,22,1,0.048561,0.0,0.0227,0.2025
1380,train,Walk,full,/Game/Characters/UEFN_Mannequin/Animations/Walk/M_Neutral_Walk_Hourglass_FR_LL_Lfoot.M_Neutral_Walk_Hourglass_FR_LL_Lfoot,135,0.277778,131,19,1,0.07963,0.0,0.0255,0.2117
1381,train,Walk,full,/Game/Characters/UEFN_Mannequin/Animations/Walk/M_Neutral_Walk_Hourglass_FR_LL_Rfoot.M_Neutral_Walk_Hourglass_FR_LL_Rfoot,132,0.282197,128,21,0,0.056818,0.0,0.0255,0.2027
1382,train,Walk,full,/Game/Characters/UEFN_Mannequin/Animations/Walk/M_Neutral_Walk_Hourglass_FR_LR_Lfoot.M_Neutral_Walk_Hourglass_FR_LR_Lfoot,133,0.257519,118,19,1,0.046992,0.0,0.0249,0.2231
1383,test,Walk,full,/Game/Characters/UEFN_Mannequin/Animations/Walk/M_Neutral_Walk_Hourglass_LL_BR_Lfoot.M_Neutral_Walk_Hourglass_LL_BR_Lfoot,137,0.275547,134,17,0,0.113139,0.0,0.0218,0.1917
1384,test,Walk,full,/Game/Characters/UEFN_Mannequin/Animations/Walk/M_Neutral_Walk_Hourglass_LL_BR_Rfoot.M_Neutral_Walk_Hourglass_LL_BR_Rfoot,136,0.277574,131,20,1,0.09375,0.0,0.0214,0.1943
1385,train,Walk,full,/Game/Characters/UEFN_Mannequin/Animations/Walk/M_Neutral_Walk_Hourglass_LL_FR_Lfoot.M_Neutral_Walk_Hourglass_LL_FR_Lfoot,138,0.244565,117,18,1,0.085145,0.0,0.026,0.2116
1386,train,Walk,full,/Game/Characters/UEFN_Mannequin/Animations/Walk/M_Neutral_Walk_Hourglass_LL_FR_Rfoot.M_Neutral_Walk_Hourglass_LL_FR_Rfoot,134,0.264925,124,18,0,0.083955,0.0,0.026,0.2172
1387,test,Walk,full,/Game/Characters/UEFN_Mannequin/Animations/Walk/M_Neutral_Walk_Hourglass_LR_BR_Lfoot.M_Neutral_Walk_Hourglass_LR_BR_Lfoot,137,0.228102,109,16,0,0.083942,0.0,0.0212,0.2043
1388,train,Walk,full,/Game/Characters/UEFN_Mannequin/Animations/Walk/M_Neutral_Walk_Hourglass_LR_BR_Rfoot.M_Neutral_Walk_Hourglass_LR_BR_Rfoot,149,0.283557,149,20,0,0.077181,0.0,0.0204,0.205
1389,validation,Walk,full,/Game/Characters/UEFN_Mannequin/Animations/Walk/M_Neutral_Walk_Hourglass_LR_FR_Lfoot.M_Neutral_Walk_Hourglass_LR_FR_Lfoot,140,0.246429,121,17,0,0.066071,0.0,0.026,0.2257
1390,train,Walk,full,/Game/Characters/UEFN_Mannequin/Animations/Walk/M_Neutral_Walk_Hourglass_LR_FR_Rfoot.M_Neutral_Walk_Hourglass_LR_FR_Rfoot,140,0.25,121,19,1,0.0625,0.0,0.0256,0.2256
1391,train,Walk,full,/Game/Characters/UEFN_Mannequin/Animations/Walk/M_Neutral_Walk_Hourglass_RL_BL_Lfoot.M_Neutral_Walk_Hourglass_RL_BL_Lfoot,150,0.246667,131,17,0,0.131667,0.0,0.0243,0.2103
1392,train,Walk,full,/Game/Characters/UEFN_Mannequin/Animations/Walk/M_Neutral_Walk_Hourglass_RL_BL_Rfoot.M_Neutral_Walk_Hourglass_RL_BL_Rfoot,138,0.235507,114,16,0,0.119565,0.0,0.0246,0.2011
1393,train,Walk,full,/Game/Characters/UEFN_Mannequin/Animations/Walk/M_Neutral_Walk_Hourglass_RL_FL_Lfoot.M_Neutral_Walk_Hourglass_RL_FL_Lfoot,138,0.242754,117,17,0,0.067029,0.0,0.025,0.229
1394,validation,Walk,full,/Game/Characters/UEFN_Mannequin/Animations/Walk/M_Neutral_Walk_Hourglass_RL_FL_Rfoot.M_Neutral_Walk_Hourglass_RL_FL_Rfoot,140,0.239286,117,17,0,0.066071,0.0,0.0258,0.2275
1395,train,Walk,full,/Game/Characters/UEFN_Mannequin/Animations/Walk/M_Neutral_Walk_Hourglass_RR_BL_Lfoot.M_Neutral_Walk_Hourglass_RR_BL_Lfoot,138,0.240942,117,16,0,0.143116,0.0,0.0241,0.1909
1396,train,Walk,full,/Game/Characters/UEFN_Mannequin/Animations/Walk/M_Neutral_Walk_Hourglass_RR_BL_Rfoot.M_Neutral_Walk_Hourglass_RR_BL_Rfoot,138,0.248188,122,15,0,0.155797,0.0,0.0249,0.1816
1397,train,Walk,full,/Game/Characters/UEFN_Mannequin/Animations/Walk/M_Neutral_Walk_Hourglass_RR_FL_Lfoot.M_Neutral_Walk_Hourglass_RR_FL_Lfoot,137,0.24635,117,18,1,0.065693,0.0,0.0254,0.2218
1398,train,Walk,full,/Game/Characters/UEFN_Mannequin/Animations/Walk/M_Neutral_Walk_Hourglass_RR_FL_Rfoot.M_Neutral_Walk_Hourglass_RR_FL_Rfoot,138,0.244565,118,17,0,0.085145,0.0,0.0254,0.2153
1399,train,Walk,loop,/Game/Characters/UEFN_Mannequin/Animations/Walk/M_Neutral_Walk_Loop_B.M_Neutral_Walk_Loop_B,122,0.383197,171,16,0,0.0,0.0,0.0202,0.2046
1400,train,Walk,loop,/Game/Characters/UEFN_Mannequin/Animations/Walk/M_Neutral_Walk_Loop_BL.M_Neutral_Walk_Loop_BL,122,0.258197,111,15,0,0.145492,0.0,0.0238,0.1854
1401,train,Walk,loop,/Game/Characters/UEFN_Mannequin/Animations/Walk/M_Neutral_Walk_Loop_BR.M_Neutral_Walk_Loop_BR,122,0.239754,105,12,0,0.145492,0.0,0.0227,0.2013
1402,train,Walk,loop,/Game/Characters/UEFN_Mannequin/Animations/Walk/M_Neutral_Walk_Loop_F.M_Neutral_Walk_Loop_F,121,0.266529,113,16,0,0.020661,0.0,0.0314,0.248
1403,test,Walk,loop,/Game/Characters/UEFN_Mannequin/Animations/Walk/M_Neutral_Walk_Loop_F_L_20.M_Neutral_Walk_Loop_F_L_20,121,0.270661,115,16,0,0.020661,0.0,0.0304,0.2465
1404,train,Walk,loop,/Game/Characters/UEFN_Mannequin/Animations/Walk/M_Neutral_Walk_Loop_F_R_20.M_Neutral_Walk_Loop_F_R_20,121,0.270661,115,16,0,0.020661,0.0,0.0304,0.2465
1405,train,Walk,loop,/Game/Characters/UEFN_Mannequin/Animations/Walk/M_Neutral_Walk_Loop_FL.M_Neutral_Walk_Loop_FL,121,0.254132,106,17,1,0.041322,0.0,0.0251,0.2387
1406,train,Walk,loop,/Game/Characters/UEFN_Mannequin/Animations/Walk/M_Neutral_Walk_Loop_FR.M_Neutral_Walk_Loop_FR,121,0.241736,104,13,0,0.080579,0.0,0.0261,0.2389
1407,train,Walk,loop,/Game/Characters/UEFN_Mannequin/Animations/Walk/M_Neutral_Walk_Loop_LL.M_Neutral_Walk_Loop_LL,112,0.296875,116,17,1,0.091518,0.0,0.0255,0.1796
1408,train,Walk,loop,/Game/Characters/UEFN_Mannequin/Animations/Walk/M_Neutral_Walk_Loop_LR.M_Neutral_Walk_Loop_LR,120,0.239583,101,14,1,0.060417,0.0,0.0262,0.2257
1409,train,Walk,loop,/Game/Characters/UEFN_Mannequin/Animations/Walk/M_Neutral_Walk_Loop_LR_offset.M_Neutral_Walk_Loop_LR_offset,120,0.25,105,15,0,0.04375,0.0,0.0244,0.2223
1410,train,Walk,loop,/Game/Characters/UEFN_Mannequin/Animations/Walk/M_Neutral_Walk_Loop_RL.M_Neutral_Walk_Loop_RL,120,0.239583,101,14,1,0.060417,0.0,0.0262,0.2257
1411,train,Walk,loop,/Game/Characters/UEFN_Mannequin/Animations/Walk/M_Neutral_Walk_Loop_RR.M_Neutral_Walk_Loop_RR,112,0.296875,116,17,1,0.100446,0.0,0.0256,0.1796
1412,train,Walk,loop,/Game/Characters/UEFN_Mannequin/Animations/Walk/M_Neutral_Walk_Loop_RR_offset.M_Neutral_Walk_Loop_RR_offset,112,0.319196,125,18,1,0.071429,0.0,0.0231,0.1777
1413,train,Walk,pivot,/Game/Characters/UEFN_Mannequin/Animations/Walk/M_Neutral_Walk_Pivot_B_F_Lfoot.M_Neutral_Walk_Pivot_B_F_Lfoot,170,0.272059,161,24,1,0.091176,0.0,0.0244,0.2216
1414,test,Walk,pivot,/Game/Characters/UEFN_Mannequin/Animations/Walk/M_Neutral_Walk_Pivot_B_F_Rfoot.M_Neutral_Walk_Pivot_B_F_Rfoot,167,0.242515,140,22,1,0.08982,0.0,0.0257,0.222
1415,train,Walk,pivot,/Game/Characters/UEFN_Mannequin/Animations/Walk/M_Neutral_Walk_Pivot_BL_FR_Lfoot.M_Neutral_Walk_Pivot_BL_FR_Lfoot,140,0.253571,121,21,2,0.075,0.0,0.0241,0.2235
1416,train,Walk,pivot,/Game/Characters/UEFN_Mannequin/Animations/Walk/M_Neutral_Walk_Pivot_BL_FR_Rfoot.M_Neutral_Walk_Pivot_BL_FR_Rfoot,179,0.265363,165,25,1,0.094972,0.0,0.0231,0.2161
1417,train,Walk,pivot,/Game/Characters/UEFN_Mannequin/Animations/Walk/M_Neutral_Walk_Pivot_BR_FL_Lfoot.M_Neutral_Walk_Pivot_BR_FL_Lfoot,158,0.259494,142,22,1,0.093354,0.0,0.0237,0.2123
1418,test,Walk,pivot,/Game/Characters/UEFN_Mannequin/Animations/Walk/M_Neutral_Walk_Pivot_BR_FL_Rfoot.M_Neutral_Walk_Pivot_BR_FL_Rfoot,161,0.243789,136,21,0,0.108696,0.0,0.0236,0.2144
1419,train,Walk,pivot,/Game/Characters/UEFN_Mannequin/Animations/Walk/M_Neutral_Walk_Pivot_F_B_Lfoot.M_Neutral_Walk_Pivot_F_B_Lfoot,174,0.265805,159,26,3,0.081897,0.0,0.0235,0.2178
1420,validation,Walk,pivot,/Game/Characters/UEFN_Mannequin/Animations/Walk/M_Neutral_Walk_Pivot_F_B_Rfoot.M_Neutral_Walk_Pivot_F_B_Rfoot,174,0.274425,166,25,1,0.067529,0.0,0.0236,0.2211
1421,train,Walk,pivot,/Game/Characters/UEFN_Mannequin/Animations/Walk/M_Neutral_Walk_Pivot_FL_BR_Lfoot.M_Neutral_Walk_Pivot_FL_BR_Lfoot,165,0.281818,161,25,1,0.075758,0.0,0.0225,0.2116
1422,train,Walk,pivot,/Game/Characters/UEFN_Mannequin/Animations/Walk/M_Neutral_Walk_Pivot_FL_BR_Rfoot.M_Neutral_Walk_Pivot_FL_BR_Rfoot,167,0.269461,157,23,1,0.086826,0.0,0.0228,0.2197
1423,train,Walk,pivot,/Game/Characters/UEFN_Mannequin/Animations/Walk/M_Neutral_Walk_Pivot_FR_BL_Lfoot.M_Neutral_Walk_Pivot_FR_BL_Lfoot,167,0.26497,156,21,2,0.110778,0.0,0.0239,0.2221
1424,train,Walk,pivot,/Game/Characters/UEFN_Mannequin/Animations/Walk/M_Neutral_Walk_Pivot_FR_BL_Rfoot.M_Neutral_Walk_Pivot_FR_BL_Rfoot,168,0.269345,160,21,1,0.10119,0.0,0.0229,0.21
1425,test,Walk,pivot,/Game/Characters/UEFN_Mannequin/Animations/Walk/M_Neutral_Walk_Pivot_LL_RL_Lfoot.M_Neutral_Walk_Pivot_LL_RL_Lfoot,160,0.28125,158,22,0,0.059375,0.0,0.026,0.2064
1426,train,Walk,pivot,/Game/Characters/UEFN_Mannequin/Animations/Walk/M_Neutral_Walk_Pivot_LL_RL_Rfoot.M_Neutral_Walk_Pivot_LL_RL_Rfoot,156,0.275641,149,23,2,0.072115,0.0,0.0259,0.2036
1427,train,Walk,pivot,/Game/Characters/UEFN_Mannequin/Animations/Walk/M_Neutral_Walk_Pivot_LR_RR_Lfoot.M_Neutral_Walk_Pivot_LR_RR_Lfoot,161,0.246894,137,22,1,0.090062,0.0,0.0258,0.1982
1428,train,Walk,pivot,/Game/Characters/UEFN_Mannequin/Animations/Walk/M_Neutral_Walk_Pivot_LR_RR_Rfoot.M_Neutral_Walk_Pivot_LR_RR_Rfoot,162,0.262346,146,24,2,0.084877,0.0,0.0263,0.2071
1429,train,Walk,pivot,/Game/Characters/UEFN_Mannequin/Animations/Walk/M_Neutral_Walk_Pivot_RL_LL_Lfoot.M_Neutral_Walk_Pivot_RL_LL_Lfoot,165,0.265152,147,28,0,0.068182,0.0,0.0252,0.2077
1430,validation,Walk,pivot,/Game/Characters/UEFN_Mannequin/Animations/Walk/M_Neutral_Walk_Pivot_RL_LL_Rfoot.M_Neutral_Walk_Pivot_RL_LL_Rfoot,162,0.268519,151,23,0,0.07716,0.0,0.0249,0.1995
1431,train,Walk,pivot,/Game/Characters/UEFN_Mannequin/Animations/Walk/M_Neutral_Walk_Pivot_RR_LR_Lfoot.M_Neutral_Walk_Pivot_RR_LR_Lfoot,129,0.261628,113,22,1,0.065891,0.0,0.0252,0.1987
1432,train,Walk,pivot,/Game/Characters/UEFN_Mannequin/Animations/Walk/M_Neutral_Walk_Pivot_RR_LR_Rfoot.M_Neutral_Walk_Pivot_RR_LR_Rfoot,165,0.257576,145,25,0,0.068182,0.0,0.0252,0.2034
1433,train,Walk,full,/Game/Characters/UEFN_Mannequin/Animations/Walk/M_Neutral_Walk_Prism_F_FL_Lfoot.M_Neutral_Walk_Prism_F_FL_Lfoot,151,0.243377,127,20,1,0.05298,0.0,0.0261,0.2447
1434,train,Walk,full,/Game/Characters/UEFN_Mannequin/Animations/Walk/M_Neutral_Walk_Prism_F_FL_Rfoot.M_Neutral_Walk_Prism_F_FL_Rfoot,151,0.266556,140,21,0,0.048013,0.0,0.026,0.2403
1435,validation,Walk,full,/Game/Characters/UEFN_Mannequin/Animations/Walk/M_Neutral_Walk_Prism_F_FR_Lfoot.M_Neutral_Walk_Prism_F_FR_Lfoot,150,0.258333,134,21,0,0.056667,0.0,0.027,0.2304
1436,train,Walk,full,/Game/Characters/UEFN_Mannequin/Animations/Walk/M_Neutral_Walk_Prism_F_FR_Rfoot.M_Neutral_Walk_Prism_F_FR_Rfoot,151,0.246689,127,22,2,0.033113,0.0,0.0263,0.2341
1437,train,Walk,full,/Game/Characters/UEFN_Mannequin/Animations/Walk/M_Neutral_Walk_Prism_FL_F_Rfoot.M_Neutral_Walk_Prism_FL_F_Rfoot,151,0.256623,134,21,1,0.034768,0.0,0.0269,0.2443
1438,train,Walk,start,/Game/Characters/UEFN_Mannequin/Animations/Walk/M_Neutral_Walk_Reface_Start_B_L_090.M_Neutral_Walk_Reface_Start_B_L_090,151,0.36755,199,23,0,0.001656,0.0,0.0202,0.1971
1439,train,Walk,start,/Game/Characters/UEFN_Mannequin/Animations/Walk/M_Neutral_Walk_Reface_Start_B_L_180.M_Neutral_Walk_Reface_Start_B_L_180,151,0.380795,207,23,0,0.0,0.0,0.0202,0.2001
1440,train,Walk,start,/Game/Characters/UEFN_Mannequin/Animations/Walk/M_Neutral_Walk_Reface_Start_B_R_090.M_Neutral_Walk_Reface_Start_B_R_090,151,0.374172,204,22,0,0.0,0.0,0.0202,0.2007
1441,train,Walk,start,/Game/Characters/UEFN_Mannequin/Animations/Walk/M_Neutral_Walk_Reface_Start_B_R_180.M_Neutral_Walk_Reface_Start_B_R_180,151,0.379139,205,24,2,0.0,0.0,0.0202,0.1997
1442,validation,Walk,start,/Game/Characters/UEFN_Mannequin/Animations/Walk/M_Neutral_Walk_Reface_Start_F_L_090.M_Neutral_Walk_Reface_Start_F_L_090,151,0.284768,149,23,1,0.021523,0.0,0.0303,0.2397
1443,validation,Walk,start,/Game/Characters/UEFN_Mannequin/Animations/Walk/M_Neutral_Walk_Reface_Start_F_L_180.M_Neutral_Walk_Reface_Start_F_L_180,151,0.273179,142,23,1,0.016556,0.0,0.0304,0.2368
1444,train,Walk,start,/Game/Characters/UEFN_Mannequin/Animations/Walk/M_Neutral_Walk_Reface_Start_F_L_180_backstep.M_Neutral_Walk_Reface_Start_F_L_180_backstep,161,0.26087,145,23,1,0.018634,0.0,0.0304,0.2359
1445,train,Walk,start,/Game/Characters/UEFN_Mannequin/Animations/Walk/M_Neutral_Walk_Reface_Start_F_R_090.M_Neutral_Walk_Reface_Start_F_R_090,151,0.27649,144,23,1,0.018212,0.0,0.0304,0.2446
1446,train,Walk,start,/Game/Characters/UEFN_Mannequin/Animations/Walk/M_Neutral_Walk_Reface_Start_F_R_180.M_Neutral_Walk_Reface_Start_F_R_180,151,0.273179,142,23,0,0.018212,0.0,0.0305,0.2348
1447,train,Walk,start,/Game/Characters/UEFN_Mannequin/Animations/Walk/M_Neutral_Walk_Reface_Start_F_R_180_backstep.M_Neutral_Walk_Reface_Start_F_R_180_backstep,161,0.267081,149,23,1,0.021739,0.0,0.0305,0.238
1448,train,Walk,full,/Game/Characters/UEFN_Mannequin/Animations/Walk/M_Neutral_Walk_Shuffle_F_RFF_to_LFF_Lfoot.M_Neutral_Walk_Shuffle_F_RFF_to_LFF_Lfoot,138,0.23913,112,20,0,0.048913,0.0,0.0251,0.2161
1449,train,Walk,full,/Game/Characters/UEFN_Mannequin/Animations/Walk/M_Neutral_Walk_Shuffle_F_RFF_to_LFF_Rfoot.M_Neutral_Walk_Shuffle_F_RFF_to_LFF_Rfoot,127,0.238189,103,18,2,0.049213,0.0,0.0276,0.2147
1450,train,Walk,full,/Game/Characters/UEFN_Mannequin/Animations/Walk/M_Neutral_Walk_Shuffle_LR_to_LL_Lfoot.M_Neutral_Walk_Shuffle_LR_to_LL_Lfoot,129,0.255814,117,15,1,0.108527,0.0,0.026,0.2025
1451,train,Walk,full,/Game/Characters/UEFN_Mannequin/Animations/Walk/M_Neutral_Walk_Shuffle_LR_to_LL_Rfoot.M_Neutral_Walk_Shuffle_LR_to_LL_Rfoot,129,0.246124,108,19,1,0.071705,0.0,0.0257,0.192
1452,train,Walk,full,/Game/Characters/UEFN_Mannequin/Animations/Walk/M_Neutral_Walk_Shuffle_RR_to_RL_Lfoot.M_Neutral_Walk_Shuffle_RR_to_RL_Lfoot,129,0.209302,92,16,0,0.081395,0.0,0.0256,0.1965
1453,validation,Walk,full,/Game/Characters/UEFN_Mannequin/Animations/Walk/M_Neutral_Walk_Shuffle_RR_to_RL_Rfoot.M_Neutral_Walk_Shuffle_RR_to_RL_Rfoot,131,0.244275,111,17,1,0.076336,0.0,0.0257,0.2047
1454,train,Walk,spin,/Game/Characters/UEFN_Mannequin/Animations/Walk/M_Neutral_Walk_Spin_LL_to_F_Lfoot.M_Neutral_Walk_Spin_LL_to_F_Lfoot,138,0.233696,110,19,0,0.054348,0.0,0.0264,0.2179
1455,train,Walk,spin,/Game/Characters/UEFN_Mannequin/Animations/Walk/M_Neutral_Walk_Spin_LL_to_F_Rfoot.M_Neutral_Walk_Spin_LL_to_F_Rfoot,127,0.232283,102,16,1,0.057087,0.0,0.0285,0.2162
1456,train,Walk,start,/Game/Characters/UEFN_Mannequin/Animations/Walk/M_Neutral_Walk_Start_B_Lfoot.M_Neutral_Walk_Start_B_Lfoot,87,0.390805,123,13,0,0.0,0.0,0.0196,0.2046
1457,validation,Walk,start,/Game/Characters/UEFN_Mannequin/Animations/Walk/M_Neutral_Walk_Start_B_Rfoot.M_Neutral_Walk_Start_B_Rfoot,129,0.381783,179,18,0,0.003876,0.0,0.0202,0.2009
1458,test,Walk,start,/Game/Characters/UEFN_Mannequin/Animations/Walk/M_Neutral_Walk_Start_BL_Lfoot.M_Neutral_Walk_Start_BL_Lfoot,94,0.257979,85,12,0,0.109043,0.0,0.0255,0.1837
1459,train,Walk,start,/Game/Characters/UEFN_Mannequin/Animations/Walk/M_Neutral_Walk_Start_BL_Rfoot.M_Neutral_Walk_Start_BL_Rfoot,83,0.271084,77,13,0,0.123494,0.0,0.0244,0.1875
1460,validation,Walk,start,/Game/Characters/UEFN_Mannequin/Animations/Walk/M_Neutral_Walk_Start_BR_Lfoot.M_Neutral_Walk_Start_BR_Lfoot,100,0.26,91,13,0,0.1025,0.0,0.0228,0.1987
1461,train,Walk,start,/Game/Characters/UEFN_Mannequin/Animations/Walk/M_Neutral_Walk_Start_BR_Rfoot.M_Neutral_Walk_Start_BR_Rfoot,78,0.233974,61,12,3,0.102564,0.0,0.0226,0.1952
1462,test,Walk,start,/Game/Characters/UEFN_Mannequin/Animations/Walk/M_Neutral_Walk_Start_F_Lfoot.M_Neutral_Walk_Start_F_Lfoot,105,0.257143,90,18,2,0.02381,0.0,0.0314,0.2495
1463,train,Walk,start,/Game/Characters/UEFN_Mannequin/Animations/Walk/M_Neutral_Walk_Start_F_Rfoot.M_Neutral_Walk_Start_F_Rfoot,97,0.293814,98,16,0,0.020619,0.0,0.0314,0.2435
1464,train,Walk,start,/Game/Characters/UEFN_Mannequin/Animations/Walk/M_Neutral_Walk_Start_FL_Lfoot.M_Neutral_Walk_Start_FL_Lfoot,94,0.244681,78,14,1,0.06383,0.0,0.028,0.241
1465,train,Walk,start,/Game/Characters/UEFN_Mannequin/Animations/Walk/M_Neutral_Walk_Start_FL_Rfoot.M_Neutral_Walk_Start_FL_Rfoot,86,0.261628,75,15,0,0.02907,0.0,0.0269,0.2325
1466,train,Walk,start,/Game/Characters/UEFN_Mannequin/Animations/Walk/M_Neutral_Walk_Start_FR_Lfoot.M_Neutral_Walk_Start_FR_Lfoot,99,0.239899,81,14,0,0.068182,0.0,0.0279,0.2345
1467,train,Walk,start,/Game/Characters/UEFN_Mannequin/Animations/Walk/M_Neutral_Walk_Start_FR_Rfoot.M_Neutral_Walk_Start_FR_Rfoot,84,0.291667,83,15,1,0.041667,0.0,0.0264,0.2305
1468,train,Walk,start,/Game/Characters/UEFN_Mannequin/Animations/Walk/M_Neutral_Walk_Start_LL_Lfoot.M_Neutral_Walk_Start_LL_Lfoot,83,0.289157,83,13,1,0.078313,0.0,0.0276,0.1776
1469,train,Walk,start,/Game/Characters/UEFN_Mannequin/Animations/Walk/M_Neutral_Walk_Start_LL_Rfoot.M_Neutral_Walk_Start_LL_Rfoot,77,0.295455,79,12,0,0.074675,0.0,0.0275,0.1873
1470,validation,Walk,start,/Game/Characters/UEFN_Mannequin/Animations/Walk/M_Neutral_Walk_Start_LR_Lfoot.M_Neutral_Walk_Start_LR_Lfoot,78,0.285256,78,11,0,0.038462,0.0,0.0256,0.2088
1471,train,Walk,start,/Game/Characters/UEFN_Mannequin/Animations/Walk/M_Neutral_Walk_Start_LR_Rfoot.M_Neutral_Walk_Start_LR_Rfoot,69,0.253623,60,10,0,0.039855,0.0,0.027,0.216
1472,train,Walk,start,/Game/Characters/UEFN_Mannequin/Animations/Walk/M_Neutral_Walk_Start_RL_Lfoot.M_Neutral_Walk_Start_RL_Lfoot,97,0.280928,92,17,1,0.036082,0.0,0.0248,0.2164
1473,validation,Walk,start,/Game/Characters/UEFN_Mannequin/Animations/Walk/M_Neutral_Walk_Start_RL_Rfoot.M_Neutral_Walk_Start_RL_Rfoot,80,0.24375,66,12,0,0.04375,0.0,0.0264,0.2138
1474,train,Walk,start,/Game/Characters/UEFN_Mannequin/Animations/Walk/M_Neutral_Walk_Start_RR_Lfoot.M_Neutral_Walk_Start_RR_Lfoot,78,0.24359,65,11,2,0.121795,0.0,0.0282,0.1859
1475,train,Walk,start,/Game/Characters/UEFN_Mannequin/Animations/Walk/M_Neutral_Walk_Start_RR_Rfoot.M_Neutral_Walk_Start_RR_Rfoot,85,0.267647,79,12,2,0.073529,0.0,0.0273,0.1808
1476,train,Walk,stop,/Game/Characters/UEFN_Mannequin/Animations/Walk/M_Neutral_Walk_Stop_B_Lfoot.M_Neutral_Walk_Stop_B_Lfoot,86,0.555233,178,13,1,0.011628,0.0,0.025,0.1695
1477,train,Walk,stop,/Game/Characters/UEFN_Mannequin/Animations/Walk/M_Neutral_Walk_Stop_B_Rfoot.M_Neutral_Walk_Stop_B_Rfoot,91,0.60989,210,12,0,0.0,0.0,0.0229,0.1542
1478,train,Walk,stop,/Game/Characters/UEFN_Mannequin/Animations/Walk/M_Neutral_Walk_Stop_BL_Lfoot.M_Neutral_Walk_Stop_BL_Lfoot,170,0.742647,493,12,1,0.057353,0.0,0.0255,0.1246
1479,train,Walk,stop,/Game/Characters/UEFN_Mannequin/Animations/Walk/M_Neutral_Walk_Stop_BL_Rfoot.M_Neutral_Walk_Stop_BL_Rfoot,188,0.773936,570,12,0,0.042553,0.0,0.0271,0.1277
1480,train,Walk,stop,/Game/Characters/UEFN_Mannequin/Animations/Walk/M_Neutral_Walk_Stop_BR_Lfoot.M_Neutral_Walk_Stop_BR_Lfoot,159,0.701258,435,11,2,0.042453,0.0,0.0268,0.1344
1481,train,Walk,stop,/Game/Characters/UEFN_Mannequin/Animations/Walk/M_Neutral_Walk_Stop_BR_Rfoot.M_Neutral_Walk_Stop_BR_Rfoot,137,0.717153,384,9,1,0.041971,0.0,0.0262,0.1403
1482,train,Walk,stop,/Game/Characters/UEFN_Mannequin/Animations/Walk/M_Neutral_Walk_Stop_F_Lfoot.M_Neutral_Walk_Stop_F_Lfoot,90,0.552778,187,12,0,0.008333,0.0,0.0308,0.2104
1483,train,Walk,stop,/Game/Characters/UEFN_Mannequin/Animations/Walk/M_Neutral_Walk_Stop_FL_Lfoot.M_Neutral_Walk_Stop_FL_Lfoot,142,0.691901,381,12,0,0.008803,0.0,0.0272,0.1605
1484,train,Walk,stop,/Game/Characters/UEFN_Mannequin/Animations/Walk/M_Neutral_Walk_Stop_FL_Rfoot.M_Neutral_Walk_Stop_FL_Rfoot,143,0.716783,398,12,1,0.008741,0.0,0.0297,0.1616
1485,train,Walk,stop,/Game/Characters/UEFN_Mannequin/Animations/Walk/M_Neutral_Walk_Stop_FR_Lfoot.M_Neutral_Walk_Stop_FR_Lfoot,171,0.736842,492,12,0,0.017544,0.0,0.027,0.1525
1486,validation,Walk,stop,/Game/Characters/UEFN_Mannequin/Animations/Walk/M_Neutral_Walk_Stop_FR_Rfoot.M_Neutral_Walk_Stop_FR_Rfoot,154,0.711039,425,13,0,0.016234,0.0,0.0299,0.1695
1487,train,Walk,stop,/Game/Characters/UEFN_Mannequin/Animations/Walk/M_Neutral_Walk_Stop_LL_Lfoot.M_Neutral_Walk_Stop_LL_Lfoot,135,0.685185,359,11,1,0.048148,0.0,0.0283,0.1426
1488,train,Walk,stop,/Game/Characters/UEFN_Mannequin/Animations/Walk/M_Neutral_Walk_Stop_LL_Rfoot.M_Neutral_Walk_Stop_LL_Rfoot,172,0.747093,503,11,0,0.024709,0.0,0.0298,0.1429
1489,train,Walk,stop,/Game/Characters/UEFN_Mannequin/Animations/Walk/M_Neutral_Walk_Stop_LR_Lfoot.M_Neutral_Walk_Stop_LR_Lfoot,145,0.655172,368,12,0,0.02931,0.0,0.028,0.1527
1490,train,Walk,stop,/Game/Characters/UEFN_Mannequin/Animations/Walk/M_Neutral_Walk_Stop_LR_Rfoot.M_Neutral_Walk_Stop_LR_Rfoot,130,0.623077,313,11,1,0.032692,0.0,0.0281,0.1809
1491,train,Walk,stop,/Game/Characters/UEFN_Mannequin/Animations/Walk/M_Neutral_Walk_Stop_RL_Lfoot.M_Neutral_Walk_Stop_RL_Lfoot,107,0.567757,232,11,0,0.028037,0.0,0.0252,0.1863
1492,train,Walk,stop,/Game/Characters/UEFN_Mannequin/Animations/Walk/M_Neutral_Walk_Stop_RL_Rfoot.M_Neutral_Walk_Stop_RL_Rfoot,153,0.704248,420,11,0,0.01634,0.0,0.0279,0.1544
1493,train,Walk,stop,/Game/Characters/UEFN_Mannequin/Animations/Walk/M_Neutral_Walk_Stop_RR_Lfoot.M_Neutral_Walk_Stop_RR_Lfoot,153,0.705882,420,12,1,0.027778,0.0,0.0266,0.1476
1494,validation,Walk,stop,/Game/Characters/UEFN_Mannequin/Animations/Walk/M_Neutral_Walk_Stop_RR_Rfoot.M_Neutral_Walk_Stop_RR_Rfoot,112,0.555804,239,10,0,0.113839,0.0,0.028,0.1543
1495,train,Walk,turn,/Game/Characters/UEFN_Mannequin/Animations/Walk/M_Neutral_Walk_Turn_L_045_Rfoot.M_Neutral_Walk_Turn_L_045_Rfoot,151,0.271523,143,21,0,0.036424,0.0,0.0292,0.2465
1496,train,Walk,turn,/Game/Characters/UEFN_Mannequin/Animations/Walk/M_Neutral_Walk_Turn_L_090_Lfoot.M_Neutral_Walk_Turn_L_090_Lfoot,148,0.241554,124,19,1,0.035473,0.0,0.0298,0.2353
1497,validation,Walk,turn,/Game/Characters/UEFN_Mannequin/Animations/Walk/M_Neutral_Walk_Turn_L_090_Rfoot.M_Neutral_Walk_Turn_L_090_Rfoot,140,0.253571,123,19,1,0.033929,0.0,0.0295,0.2393
1498,train,Walk,turn,/Game/Characters/UEFN_Mannequin/Animations/Walk/M_Neutral_Walk_Turn_L_135_Lfoot.M_Neutral_Walk_Turn_L_135_Lfoot,151,0.253311,131,22,1,0.038079,0.0,0.0298,0.2426
1499,train,Walk,turn,/Game/Characters/UEFN_Mannequin/Animations/Walk/M_Neutral_Walk_Turn_L_135_Rfoot.M_Neutral_Walk_Turn_L_135_Rfoot,151,0.238411,125,19,1,0.039735,0.0,0.0302,0.2403
1500,train,Walk,turn,/Game/Characters/UEFN_Mannequin/Animations/Walk/M_Neutral_Walk_Turn_L_180_Lfoot.M_Neutral_Walk_Turn_L_180_Lfoot,130,0.228846,104,15,0,0.028846,0.0,0.0304,0.2374
1501,test,Walk,turn,/Game/Characters/UEFN_Mannequin/Animations/Walk/M_Neutral_Walk_Turn_R_045_Lfoot.M_Neutral_Walk_Turn_R_045_Lfoot,150,0.243333,120,26,6,0.035,0.0,0.0296,0.2482
1502,train,Walk,turn,/Game/Characters/UEFN_Mannequin/Animations/Walk/M_Neutral_Walk_Turn_R_045_Rfoot.M_Neutral_Walk_Turn_R_045_Rfoot,151,0.226821,118,19,1,0.028146,0.0,0.03,0.2454
1503,train,Walk,turn,/Game/Characters/UEFN_Mannequin/Animations/Walk/M_Neutral_Walk_Turn_R_090_Lfoot.M_Neutral_Walk_Turn_R_090_Lfoot,141,0.260638,127,20,1,0.02305,0.0,0.0292,0.2458
1504,test,Walk,turn,/Game/Characters/UEFN_Mannequin/Animations/Walk/M_Neutral_Walk_Turn_R_090_Rfoot.M_Neutral_Walk_Turn_R_090_Rfoot,142,0.248239,123,18,1,0.038732,0.0,0.03,0.2353
1505,validation,Walk,turn,/Game/Characters/UEFN_Mannequin/Animations/Walk/M_Neutral_Walk_Turn_R_135_Lfoot.M_Neutral_Walk_Turn_R_135_Lfoot,150,0.25,128,22,2,0.028333,0.0,0.0302,0.2363
1506,train,Walk,turn,/Game/Characters/UEFN_Mannequin/Animations/Walk/M_Neutral_Walk_Turn_R_135_Rfoot.M_Neutral_Walk_Turn_R_135_Rfoot,155,0.227419,122,19,0,0.041935,0.0,0.0302,0.2417
1507,train,Walk,turn,/Game/Characters/UEFN_Mannequin/Animations/Walk/M_Neutral_Walk_Turn_R_180_Lfoot.M_Neutral_Walk_Turn_R_180_Lfoot,150,0.271667,140,23,0,0.016667,0.0,0.0303,0.2373
1508,train,Walk,turn,/Game/Characters/UEFN_Mannequin/Animations/Walk/M_Neutral_Walk_Turn_R_180_Rfoot.M_Neutral_Walk_Turn_R_180_Rfoot,132,0.238636,110,16,2,0.039773,0.0,0.0304,0.2376
1509,validation,Walk,full,/Game/Characters/UEFN_Mannequin/Animations/Walk/M_Relaxed_Transition_Run_to_Walk_Lfoot.M_Relaxed_Transition_Run_to_Walk_Lfoot,152,0.194079,100,18,1,0.037829,0.0,0.0279,0.3542
1510,train,Walk,full,/Game/Characters/UEFN_Mannequin/Animations/Walk/M_Relaxed_Transition_Run_to_Walk_Rfoot.M_Relaxed_Transition_Run_to_Walk_Rfoot,153,0.196078,103,17,1,0.060458,0.0,0.0297,0.3561
1511,train,Walk,full,/Game/Characters/UEFN_Mannequin/Animations/Walk/M_Relaxed_Transition_Sprint_to_Walk_Lfoot.M_Relaxed_Transition_Sprint_to_Walk_Lfoot,147,0.185374,91,18,1,0.034014,0.0,0.0288,0.5829
1512,train,Walk,full,/Game/Characters/UEFN_Mannequin/Animations/Walk/M_Relaxed_Transition_Sprint_to_Walk_Rfoot.M_Relaxed_Transition_Sprint_to_Walk_Rfoot,151,0.167219,85,16,2,0.039735,0.0,0.0285,0.5167
1513,test,Walk,full,/Game/Characters/UEFN_Mannequin/Animations/Walk/M_Relaxed_Walk_Box_B_LL_Lfoot.M_Relaxed_Walk_Box_B_LL_Lfoot,167,0.226048,131,20,3,0.125749,0.0,0.0244,0.2029
1514,train,Walk,full,/Game/Characters/UEFN_Mannequin/Animations/Walk/M_Relaxed_Walk_Box_B_LL_Rfoot.M_Relaxed_Walk_Box_B_LL_Rfoot,165,0.224242,130,18,0,0.142424,0.0,0.0245,0.1982
1515,train,Walk,full,/Game/Characters/UEFN_Mannequin/Animations/Walk/M_Relaxed_Walk_Box_B_LR_Rfoot.M_Relaxed_Walk_Box_B_LR_Rfoot,162,0.260802,146,23,3,0.072531,0.0,0.0304,0.2182
1516,train,Walk,full,/Game/Characters/UEFN_Mannequin/Animations/Walk/M_Relaxed_Walk_Box_B_RL_Lfoot.M_Relaxed_Walk_Box_B_RL_Lfoot,178,0.219101,141,15,1,0.115169,0.0,0.0248,0.2189
1517,test,Walk,full,/Game/Characters/UEFN_Mannequin/Animations/Walk/M_Relaxed_Walk_Box_B_RL_Rfoot.M_Relaxed_Walk_Box_B_RL_Rfoot,179,0.208101,131,18,1,0.104749,0.0,0.0242,0.2248
1518,train,Walk,full,/Game/Characters/UEFN_Mannequin/Animations/Walk/M_Relaxed_Walk_Box_B_RR_Lfoot.M_Relaxed_Walk_Box_B_RR_Lfoot,162,0.234568,133,19,0,0.125,0.0,0.0274,0.209
1519,train,Walk,full,/Game/Characters/UEFN_Mannequin/Animations/Walk/M_Relaxed_Walk_Box_B_RR_Rfoot.M_Relaxed_Walk_Box_B_RR_Rfoot,167,0.232036,137,18,3,0.121257,0.0,0.0275,0.2124
1520,train,Walk,full,/Game/Characters/UEFN_Mannequin/Animations/Walk/M_Relaxed_Walk_Box_F_LL_Lfoot.M_Relaxed_Walk_Box_F_LL_Lfoot,169,0.239645,140,22,2,0.112426,0.0,0.0262,0.2317
1521,validation,Walk,full,/Game/Characters/UEFN_Mannequin/Animations/Walk/M_Relaxed_Walk_Box_F_LL_Rfoot.M_Relaxed_Walk_Box_F_LL_Rfoot,166,0.221386,128,19,2,0.090361,0.0,0.0278,0.2263
1522,train,Walk,full,/Game/Characters/UEFN_Mannequin/Animations/Walk/M_Relaxed_Walk_Box_F_LR_Lfoot.M_Relaxed_Walk_Box_F_LR_Lfoot,171,0.248538,145,25,3,0.059942,0.0,0.0238,0.2222
1523,train,Walk,full,/Game/Characters/UEFN_Mannequin/Animations/Walk/M_Relaxed_Walk_Box_F_LR_Rfoot.M_Relaxed_Walk_Box_F_LR_Rfoot,165,0.280303,160,25,2,0.054545,0.0,0.0226,0.2294
1524,train,Walk,full,/Game/Characters/UEFN_Mannequin/Animations/Walk/M_Relaxed_Walk_Box_F_RL_Lfoot.M_Relaxed_Walk_Box_F_RL_Lfoot,176,0.221591,136,20,0,0.085227,0.0,0.0268,0.2282
1525,test,Walk,full,/Game/Characters/UEFN_Mannequin/Animations/Walk/M_Relaxed_Walk_Box_F_RL_Rfoot.M_Relaxed_Walk_Box_F_RL_Rfoot,180,0.218056,136,21,3,0.094444,0.0,0.0281,0.2383
1526,train,Walk,full,/Game/Characters/UEFN_Mannequin/Animations/Walk/M_Relaxed_Walk_Box_F_RR_Lfoot.M_Relaxed_Walk_Box_F_RR_Lfoot,157,0.238854,133,17,1,0.124204,0.0,0.0285,0.2186
1527,train,Walk,full,/Game/Characters/UEFN_Mannequin/Animations/Walk/M_Relaxed_Walk_Box_F_RR_Rfoot.M_Relaxed_Walk_Box_F_RR_Rfoot,155,0.229032,123,19,1,0.103226,0.0,0.0307,0.2128
1528,train,Walk,full,/Game/Characters/UEFN_Mannequin/Animations/Walk/M_Relaxed_Walk_Box_LL_B_Lfoot.M_Relaxed_Walk_Box_LL_B_Lfoot,169,0.239645,142,20,0,0.127219,0.0,0.021,0.2079
1529,train,Walk,full,/Game/Characters/UEFN_Mannequin/Animations/Walk/M_Relaxed_Walk_Box_LL_B_Rfoot.M_Relaxed_Walk_Box_LL_B_Rfoot,166,0.245482,142,21,1,0.126506,0.0,0.0219,0.2149
1530,train,Walk,full,/Game/Characters/UEFN_Mannequin/Animations/Walk/M_Relaxed_Walk_Box_LL_F_Lfoot.M_Relaxed_Walk_Box_LL_F_Lfoot,171,0.251462,148,24,2,0.084795,0.0,0.0266,0.2372
1531,train,Walk,full,/Game/Characters/UEFN_Mannequin/Animations/Walk/M_Relaxed_Walk_Box_LL_F_Rfoot.M_Relaxed_Walk_Box_LL_F_Rfoot,168,0.223214,127,23,3,0.077381,0.0,0.029,0.2473
1532,test,Walk,full,/Game/Characters/UEFN_Mannequin/Animations/Walk/M_Relaxed_Walk_Box_LR_B_Lfoot.M_Relaxed_Walk_Box_LR_B_Lfoot,177,0.24435,150,23,1,0.105932,0.0,0.022,0.2124
1533,train,Walk,full,/Game/Characters/UEFN_Mannequin/Animations/Walk/M_Relaxed_Walk_Box_LR_B_Rfoot.M_Relaxed_Walk_Box_LR_B_Rfoot,159,0.25,138,21,3,0.121069,0.0,0.0227,0.2182
1534,train,Walk,full,/Game/Characters/UEFN_Mannequin/Animations/Walk/M_Relaxed_Walk_Box_LR_F_Lfoot.M_Relaxed_Walk_Box_LR_F_Lfoot,163,0.265337,147,26,4,0.038344,0.0,0.0268,0.2421
1535,train,Walk,full,/Game/Characters/UEFN_Mannequin/Animations/Walk/M_Relaxed_Walk_Box_LR_F_Rfoot.M_Relaxed_Walk_Box_LR_F_Rfoot,164,0.248476,137,26,4,0.070122,0.0,0.0293,0.2503
1536,train,Walk,full,/Game/Characters/UEFN_Mannequin/Animations/Walk/M_Relaxed_Walk_Box_RL_B_Lfoot.M_Relaxed_Walk_Box_RL_B_Lfoot,158,0.242089,134,19,0,0.107595,0.0,0.0206,0.2172
1537,test,Walk,full,/Game/Characters/UEFN_Mannequin/Animations/Walk/M_Relaxed_Walk_Box_RL_B_Rfoot.M_Relaxed_Walk_Box_RL_B_Rfoot,169,0.248521,147,21,3,0.136095,0.0,0.0213,0.2168
1538,validation,Walk,full,/Game/Characters/UEFN_Mannequin/Animations/Walk/M_Relaxed_Walk_Box_RL_F_Lfoot.M_Relaxed_Walk_Box_RL_F_Lfoot,171,0.255848,153,22,1,0.067251,0.0,0.0286,0.2427
1539,validation,Walk,full,/Game/Characters/UEFN_Mannequin/Animations/Walk/M_Relaxed_Walk_Box_RL_F_Rfoot.M_Relaxed_Walk_Box_RL_F_Rfoot,176,0.240057,147,22,2,0.073864,0.0,0.028,0.2454
1540,train,Walk,full,/Game/Characters/UEFN_Mannequin/Animations/Walk/M_Relaxed_Walk_Box_RR_B_Lfoot.M_Relaxed_Walk_Box_RR_B_Lfoot,160,0.221875,125,17,1,0.129688,0.0,0.0305,0.216
1541,train,Walk,full,/Game/Characters/UEFN_Mannequin/Animations/Walk/M_Relaxed_Walk_Box_RR_B_Rfoot.M_Relaxed_Walk_Box_RR_B_Rfoot,146,0.256849,130,20,1,0.106164,0.0,0.0296,0.2117
1542,train,Walk,full,/Game/Characters/UEFN_Mannequin/Animations/Walk/M_Relaxed_Walk_Box_RR_F_Lfoot.M_Relaxed_Walk_Box_RR_F_Lfoot,156,0.237179,126,22,3,0.084936,0.0,0.0297,0.2307
1543,train,Walk,full,/Game/Characters/UEFN_Mannequin/Animations/Walk/M_Relaxed_Walk_Box_RR_F_Rfoot.M_Relaxed_Walk_Box_RR_F_Rfoot,159,0.251572,136,24,3,0.069182,0.0,0.0299,0.2403
1544,validation,Walk,full,/Game/Characters/UEFN_Mannequin/Animations/Walk/M_Relaxed_Walk_Diamond_BL_BR_Rfoot.M_Relaxed_Walk_Diamond_BL_BR_Rfoot,163,0.251534,142,22,2,0.107362,0.0,0.0277,0.2121
1545,validation,Walk,full,/Game/Characters/UEFN_Mannequin/Animations/Walk/M_Relaxed_Walk_Diamond_BL_FL_Lfoot.M_Relaxed_Walk_Diamond_BL_FL_Lfoot,167,0.241018,137,24,3,0.082335,0.0,0.0313,0.2354
1546,validation,Walk,full,/Game/Characters/UEFN_Mannequin/Animations/Walk/M_Relaxed_Walk_Diamond_BL_FL_Rfoot.M_Relaxed_Walk_Diamond_BL_FL_Rfoot,169,0.233728,137,21,3,0.090237,0.0,0.031,0.2397
1547,train,Walk,full,/Game/Characters/UEFN_Mannequin/Animations/Walk/M_Relaxed_Walk_Diamond_BR_BL_Lfoot.M_Relaxed_Walk_Diamond_BR_BL_Lfoot,159,0.253145,143,18,1,0.127358,0.0,0.0309,0.2047
1548,train,Walk,full,/Game/Characters/UEFN_Mannequin/Animations/Walk/M_Relaxed_Walk_Diamond_BR_BL_Rfoot.M_Relaxed_Walk_Diamond_BR_BL_Rfoot,150,0.213333,115,13,1,0.163333,0.0,0.0318,0.2213
1549,train,Walk,full,/Game/Characters/UEFN_Mannequin/Animations/Walk/M_Relaxed_Walk_Diamond_BR_FR_Lfoot.M_Relaxed_Walk_Diamond_BR_FR_Lfoot,175,0.252857,155,22,2,0.082857,0.0,0.0286,0.2247
1550,validation,Walk,full,/Game/Characters/UEFN_Mannequin/Animations/Walk/M_Relaxed_Walk_Diamond_BR_FR_Rfoot.M_Relaxed_Walk_Diamond_BR_FR_Rfoot,165,0.259091,148,23,2,0.072727,0.0,0.0296,0.2446
1551,train,Walk,full,/Game/Characters/UEFN_Mannequin/Animations/Walk/M_Relaxed_Walk_Diamond_FL_BL_Lfoot.M_Relaxed_Walk_Diamond_FL_BL_Lfoot,158,0.240506,132,20,3,0.117089,0.0,0.0305,0.2135
1552,train,Walk,full,/Game/Characters/UEFN_Mannequin/Animations/Walk/M_Relaxed_Walk_Diamond_FL_BL_Rfoot.M_Relaxed_Walk_Diamond_FL_BL_Rfoot,158,0.231013,123,23,4,0.096519,0.0,0.0296,0.2121
1553,train,Walk,full,/Game/Characters/UEFN_Mannequin/Animations/Walk/M_Relaxed_Walk_Diamond_FL_FR_Lfoot.M_Relaxed_Walk_Diamond_FL_FR_Lfoot,178,0.217697,135,20,2,0.088483,0.0,0.0294,0.2474
1554,train,Walk,full,/Game/Characters/UEFN_Mannequin/Animations/Walk/M_Relaxed_Walk_Diamond_FL_FR_Rfoot.M_Relaxed_Walk_Diamond_FL_FR_Rfoot,160,0.215625,113,25,5,0.046875,0.0,0.03,0.2433
1555,train,Walk,full,/Game/Characters/UEFN_Mannequin/Animations/Walk/M_Relaxed_Walk_Diamond_FR_BR_Lfoot.M_Relaxed_Walk_Diamond_FR_BR_Lfoot,158,0.221519,122,18,2,0.096519,0.0,0.0291,0.2221
1556,train,Walk,full,/Game/Characters/UEFN_Mannequin/Animations/Walk/M_Relaxed_Walk_Diamond_FR_BR_Rfoot.M_Relaxed_Walk_Diamond_FR_BR_Rfoot,158,0.221519,123,17,2,0.112342,0.0,0.0297,0.218
1557,train,Walk,full,/Game/Characters/UEFN_Mannequin/Animations/Walk/M_Relaxed_Walk_Diamond_FR_FL_Rfoot.M_Relaxed_Walk_Diamond_FR_FL_Rfoot,160,0.225,122,22,4,0.073438,0.0,0.0296,0.2468
1558,train,Walk,full,/Game/Characters/UEFN_Mannequin/Animations/Walk/M_Relaxed_Walk_Hourglass_BL_RL_Lfoot.M_Relaxed_Walk_Hourglass_BL_RL_Lfoot,151,0.228477,122,16,1,0.100993,0.0,0.0298,0.212
1559,test,Walk,full,/Game/Characters/UEFN_Mannequin/Animations/Walk/M_Relaxed_Walk_Hourglass_BL_RL_Rfoot.M_Relaxed_Walk_Hourglass_BL_RL_Rfoot,158,0.253165,140,20,0,0.115506,0.0,0.0284,0.2285
1560,train,Walk,full,/Game/Characters/UEFN_Mannequin/Animations/Walk/M_Relaxed_Walk_Hourglass_BL_RR_Lfoot.M_Relaxed_Walk_Hourglass_BL_RR_Lfoot,166,0.262048,152,22,1,0.108434,0.0,0.021,0.2037
1561,train,Walk,full,/Game/Characters/UEFN_Mannequin/Animations/Walk/M_Relaxed_Walk_Hourglass_BL_RR_Rfoot.M_Relaxed_Walk_Hourglass_BL_RR_Rfoot,166,0.239458,141,18,1,0.13253,0.0,0.0271,0.2152
1562,test,Walk,full,/Game/Characters/UEFN_Mannequin/Animations/Walk/M_Relaxed_Walk_Hourglass_BR_LL_Lfoot.M_Relaxed_Walk_Hourglass_BR_LL_Lfoot,150,0.211667,109,18,3,0.121667,0.0,0.0243,0.2027
1563,train,Walk,full,/Game/Characters/UEFN_Mannequin/Animations/Walk/M_Relaxed_Walk_Hourglass_BR_LL_Rfoot.M_Relaxed_Walk_Hourglass_BR_LL_Rfoot,150,0.265,139,20,0,0.12,0.0,0.0295,0.2004
1564,validation,Walk,full,/Game/Characters/UEFN_Mannequin/Animations/Walk/M_Relaxed_Walk_Hourglass_BR_LR_Lfoot.M_Relaxed_Walk_Hourglass_BR_LR_Lfoot,157,0.251592,139,19,1,0.058917,0.0,0.029,0.2158
1565,validation,Walk,full,/Game/Characters/UEFN_Mannequin/Animations/Walk/M_Relaxed_Walk_Hourglass_BR_LR_Rfoot.M_Relaxed_Walk_Hourglass_BR_LR_Rfoot,145,0.265517,135,19,2,0.067241,0.0,0.0294,0.2221
1566,train,Walk,full,/Game/Characters/UEFN_Mannequin/Animations/Walk/M_Relaxed_Walk_Hourglass_FL_RL_Lfoot.M_Relaxed_Walk_Hourglass_FL_RL_Lfoot,146,0.217466,110,17,1,0.061644,0.0,0.0297,0.2314
1567,train,Walk,full,/Game/Characters/UEFN_Mannequin/Animations/Walk/M_Relaxed_Walk_Hourglass_FL_RL_Rfoot.M_Relaxed_Walk_Hourglass_FL_RL_Rfoot,146,0.229452,117,17,0,0.061644,0.0,0.0274,0.2317
1568,train,Walk,full,/Game/Characters/UEFN_Mannequin/Animations/Walk/M_Relaxed_Walk_Hourglass_FL_RR_Lfoot.M_Relaxed_Walk_Hourglass_FL_RR_Lfoot,137,0.233577,112,16,1,0.080292,0.0,0.0284,0.2242
1569,validation,Walk,full,/Game/Characters/UEFN_Mannequin/Animations/Walk/M_Relaxed_Walk_Hourglass_FL_RR_Rfoot.M_Relaxed_Walk_Hourglass_FL_RR_Rfoot,168,0.21875,127,20,3,0.108631,0.0,0.031,0.2201
1570,test,Walk,full,/Game/Characters/UEFN_Mannequin/Animations/Walk/M_Relaxed_Walk_Hourglass_FR_LL_Lfoot.M_Relaxed_Walk_Hourglass_FR_LL_Lfoot,168,0.236607,137,22,1,0.098214,0.0,0.0308,0.2197
1571,test,Walk,full,/Game/Characters/UEFN_Mannequin/Animations/Walk/M_Relaxed_Walk_Hourglass_FR_LL_Rfoot.M_Relaxed_Walk_Hourglass_FR_LL_Rfoot,157,0.221338,122,17,2,0.13535,0.0,0.0314,0.2095
1572,train,Walk,full,/Game/Characters/UEFN_Mannequin/Animations/Walk/M_Relaxed_Walk_Hourglass_FR_LR_Lfoot.M_Relaxed_Walk_Hourglass_FR_LR_Lfoot,174,0.258621,154,26,3,0.043103,0.0,0.0302,0.2361
1573,train,Walk,full,/Game/Characters/UEFN_Mannequin/Animations/Walk/M_Relaxed_Walk_Hourglass_LL_FR_Lfoot.M_Relaxed_Walk_Hourglass_LL_FR_Lfoot,161,0.256211,144,21,0,0.090062,0.0,0.0282,0.2341
1574,train,Walk,full,/Game/Characters/UEFN_Mannequin/Animations/Walk/M_Relaxed_Walk_Hourglass_LL_FR_Rfoot.M_Relaxed_Walk_Hourglass_LL_FR_Rfoot,161,0.234472,130,21,1,0.080745,0.0,0.029,0.2446
1575,test,Walk,full,/Game/Characters/UEFN_Mannequin/Animations/Walk/M_Relaxed_Walk_Hourglass_LR_BR_Lfoot.M_Relaxed_Walk_Hourglass_LR_BR_Lfoot,172,0.255814,154,22,1,0.101744,0.0,0.0213,0.21
1576,train,Walk,full,/Game/Characters/UEFN_Mannequin/Animations/Walk/M_Relaxed_Walk_Hourglass_LR_BR_Rfoot.M_Relaxed_Walk_Hourglass_LR_BR_Rfoot,158,0.248418,137,20,2,0.099684,0.0,0.0232,0.2146
1577,train,Walk,full,/Game/Characters/UEFN_Mannequin/Animations/Walk/M_Relaxed_Walk_Hourglass_LR_FR_Lfoot.M_Relaxed_Walk_Hourglass_LR_FR_Lfoot,175,0.238571,141,26,2,0.061429,0.0,0.03,0.2415
1578,test,Walk,full,/Game/Characters/UEFN_Mannequin/Animations/Walk/M_Relaxed_Walk_Hourglass_LR_FR_Rfoot.M_Relaxed_Walk_Hourglass_LR_FR_Rfoot,176,0.232955,140,24,2,0.06392,0.0,0.0304,0.2375
1579,train,Walk,full,/Game/Characters/UEFN_Mannequin/Animations/Walk/M_Relaxed_Walk_Hourglass_RL_BL_Lfoot.M_Relaxed_Walk_Hourglass_RL_BL_Lfoot,170,0.235294,139,21,2,0.119118,0.0,0.0306,0.2152
1580,train,Walk,full,/Game/Characters/UEFN_Mannequin/Animations/Walk/M_Relaxed_Walk_Hourglass_RL_BL_Rfoot.M_Relaxed_Walk_Hourglass_RL_BL_Rfoot,168,0.238095,144,16,0,0.126488,0.0,0.0307,0.2138
1581,test,Walk,full,/Game/Characters/UEFN_Mannequin/Animations/Walk/M_Relaxed_Walk_Hourglass_RL_FL_Lfoot.M_Relaxed_Walk_Hourglass_RL_FL_Lfoot,176,0.232955,141,23,1,0.076705,0.0,0.0314,0.2421
1582,train,Walk,full,/Game/Characters/UEFN_Mannequin/Animations/Walk/M_Relaxed_Walk_Hourglass_RL_FL_Rfoot.M_Relaxed_Walk_Hourglass_RL_FL_Rfoot,179,0.227654,143,20,1,0.092179,0.0,0.0313,0.2376
1583,train,Walk,full,/Game/Characters/UEFN_Mannequin/Animations/Walk/M_Relaxed_Walk_Hourglass_RR_BL_Lfoot.M_Relaxed_Walk_Hourglass_RR_BL_Lfoot,167,0.199102,120,13,1,0.151198,0.0,0.0316,0.209
1584,train,Walk,full,/Game/Characters/UEFN_Mannequin/Animations/Walk/M_Relaxed_Walk_Hourglass_RR_BL_Rfoot.M_Relaxed_Walk_Hourglass_RR_BL_Rfoot,165,0.236364,141,15,0,0.112121,0.0,0.0307,0.2186
1585,test,Walk,full,/Game/Characters/UEFN_Mannequin/Animations/Walk/M_Relaxed_Walk_Hourglass_RR_FL_Lfoot.M_Relaxed_Walk_Hourglass_RR_FL_Lfoot,156,0.261218,143,20,2,0.084936,0.0,0.0287,0.2366
1586,train,Walk,full,/Game/Characters/UEFN_Mannequin/Animations/Walk/M_Relaxed_Walk_Hourglass_RR_FL_Rfoot.M_Relaxed_Walk_Hourglass_RR_FL_Rfoot,152,0.240132,128,18,1,0.103618,0.0,0.0284,0.2316
1587,validation,Walk,loop,/Game/Characters/UEFN_Mannequin/Animations/Walk/M_Relaxed_Walk_Loop_B.M_Relaxed_Walk_Loop_B,116,0.256466,102,17,3,0.133621,0.0,0.0208,0.2059
1588,train,Walk,loop,/Game/Characters/UEFN_Mannequin/Animations/Walk/M_Relaxed_Walk_Loop_BL.M_Relaxed_Walk_Loop_BL,116,0.258621,102,18,4,0.12931,0.0,0.0198,0.2042
1589,train,Walk,loop,/Game/Characters/UEFN_Mannequin/Animations/Walk/M_Relaxed_Walk_Loop_BR.M_Relaxed_Walk_Loop_BR,116,0.258621,102,18,4,0.12931,0.0,0.0198,0.2042
1590,train,Walk,loop,/Game/Characters/UEFN_Mannequin/Animations/Walk/M_Relaxed_Walk_Loop_F.M_Relaxed_Walk_Loop_F,124,0.241935,103,17,2,0.0625,0.0,0.0306,0.2612
1591,train,Walk,loop,/Game/Characters/UEFN_Mannequin/Animations/Walk/M_Relaxed_Walk_Loop_FL.M_Relaxed_Walk_Loop_FL,124,0.252016,108,17,2,0.050403,0.0,0.0298,0.2589
1592,train,Walk,loop,/Game/Characters/UEFN_Mannequin/Animations/Walk/M_Relaxed_Walk_Loop_FR.M_Relaxed_Walk_Loop_FR,124,0.252016,108,17,2,0.050403,0.0,0.0298,0.2589
1593,train,Walk,loop,/Game/Characters/UEFN_Mannequin/Animations/Walk/M_Relaxed_Walk_Loop_LL.M_Relaxed_Walk_Loop_LL,117,0.254274,103,16,1,0.134615,0.0,0.024,0.1963
1594,train,Walk,loop,/Game/Characters/UEFN_Mannequin/Animations/Walk/M_Relaxed_Walk_Loop_LR_offset.M_Relaxed_Walk_Loop_LR_offset,133,0.291353,136,19,2,0.035714,0.0,0.0187,0.2313
1595,train,Walk,loop,/Game/Characters/UEFN_Mannequin/Animations/Walk/M_Relaxed_Walk_Loop_RL.M_Relaxed_Walk_Loop_RL,139,0.226619,115,11,0,0.118705,0.0,0.026,0.2437
1596,train,Walk,loop,/Game/Characters/UEFN_Mannequin/Animations/Walk/M_Relaxed_Walk_Loop_RR_offset.M_Relaxed_Walk_Loop_RR_offset,123,0.24187,106,13,0,0.140244,0.0,0.0264,0.2114
1597,train,Walk,pivot,/Game/Characters/UEFN_Mannequin/Animations/Walk/M_Relaxed_Walk_Pivot_B_F_Lfoot.M_Relaxed_Walk_Pivot_B_F_Lfoot,173,0.261561,157,24,2,0.083815,0.0,0.0246,0.2453
1598,train,Walk,pivot,/Game/Characters/UEFN_Mannequin/Animations/Walk/M_Relaxed_Walk_Pivot_B_F_Rfoot.M_Relaxed_Walk_Pivot_B_F_Rfoot,177,0.248588,154,22,2,0.105932,0.0,0.0243,0.2421
1599,validation,Walk,pivot,/Game/Characters/UEFN_Mannequin/Animations/Walk/M_Relaxed_Walk_Pivot_F_B_Lfoot.M_Relaxed_Walk_Pivot_F_B_Lfoot,169,0.263314,156,22,1,0.107988,0.0,0.0205,0.215
1600,train,Walk,pivot,/Game/Characters/UEFN_Mannequin/Animations/Walk/M_Relaxed_Walk_Pivot_F_B_Rfoot.M_Relaxed_Walk_Pivot_F_B_Rfoot,173,0.24711,149,22,1,0.112717,0.0,0.0215,0.2274
1601,test,Walk,pivot,/Game/Characters/UEFN_Mannequin/Animations/Walk/M_Relaxed_Walk_Pivot_LL_RL_Lfoot.M_Relaxed_Walk_Pivot_LL_RL_Lfoot,183,0.221311,144,18,0,0.105191,0.0,0.0249,0.2205
1602,train,Walk,pivot,/Game/Characters/UEFN_Mannequin/Animations/Walk/M_Relaxed_Walk_Pivot_LL_RL_Rfoot.M_Relaxed_Walk_Pivot_LL_RL_Rfoot,182,0.214286,137,19,1,0.083791,0.0,0.0264,0.2301
1603,train,Walk,pivot,/Game/Characters/UEFN_Mannequin/Animations/Walk/M_Relaxed_Walk_Pivot_RL_LL_Rfoot.M_Relaxed_Walk_Pivot_RL_LL_Rfoot,171,0.241228,144,21,1,0.108187,0.0,0.0254,0.2027
1604,train,Walk,full,/Game/Characters/UEFN_Mannequin/Animations/Walk/M_Relaxed_Walk_Quad_B_BL_Lfoot.M_Relaxed_Walk_Quad_B_BL_Lfoot,167,0.251497,148,20,0,0.140719,0.0,0.0204,0.2128
1605,train,Walk,full,/Game/Characters/UEFN_Mannequin/Animations/Walk/M_Relaxed_Walk_Quad_B_BL_Rfoot.M_Relaxed_Walk_Quad_B_BL_Rfoot,166,0.240964,141,19,2,0.153614,0.0,0.0216,0.2148
1606,test,Walk,full,/Game/Characters/UEFN_Mannequin/Animations/Walk/M_Relaxed_Walk_Quad_B_BR_Lfoot.M_Relaxed_Walk_Quad_B_BR_Lfoot,168,0.24256,142,21,2,0.130952,0.0,0.0205,0.2085
1607,train,Walk,full,/Game/Characters/UEFN_Mannequin/Animations/Walk/M_Relaxed_Walk_Quad_B_BR_Rfoot.M_Relaxed_Walk_Quad_B_BR_Rfoot,162,0.208333,122,13,0,0.166667,0.0,0.0301,0.2132
1608,validation,Walk,full,/Game/Characters/UEFN_Mannequin/Animations/Walk/M_Relaxed_Walk_Quad_B_FL_Lfoot.M_Relaxed_Walk_Quad_B_FL_Lfoot,163,0.245399,139,21,2,0.088957,0.0,0.0307,0.2391
1609,train,Walk,full,/Game/Characters/UEFN_Mannequin/Animations/Walk/M_Relaxed_Walk_Quad_B_FL_Rfoot.M_Relaxed_Walk_Quad_B_FL_Rfoot,161,0.234472,131,20,1,0.093168,0.0,0.0292,0.2372
1610,train,Walk,full,/Game/Characters/UEFN_Mannequin/Animations/Walk/M_Relaxed_Walk_Quad_B_FR_Lfoot.M_Relaxed_Walk_Quad_B_FR_Lfoot,164,0.237805,133,23,3,0.065549,0.0,0.0278,0.2386
1611,train,Walk,full,/Game/Characters/UEFN_Mannequin/Animations/Walk/M_Relaxed_Walk_Quad_B_FR_Rfoot.M_Relaxed_Walk_Quad_B_FR_Rfoot,161,0.226708,123,23,3,0.091615,0.0,0.029,0.2395
1612,train,Walk,full,/Game/Characters/UEFN_Mannequin/Animations/Walk/M_Relaxed_Walk_Quad_BL_B_Lfoot.M_Relaxed_Walk_Quad_BL_B_Lfoot,165,0.228788,135,16,0,0.139394,0.0,0.0248,0.2115
1613,train,Walk,full,/Game/Characters/UEFN_Mannequin/Animations/Walk/M_Relaxed_Walk_Quad_BL_B_Rfoot.M_Relaxed_Walk_Quad_BL_B_Rfoot,168,0.248512,144,23,3,0.119048,0.0,0.0236,0.2107
1614,train,Walk,full,/Game/Characters/UEFN_Mannequin/Animations/Walk/M_Relaxed_Walk_Quad_BL_F_Lfoot.M_Relaxed_Walk_Quad_BL_F_Lfoot,159,0.232704,129,19,3,0.09434,0.0,0.0282,0.2374
1615,train,Walk,full,/Game/Characters/UEFN_Mannequin/Animations/Walk/M_Relaxed_Walk_Quad_BL_F_Rfoot.M_Relaxed_Walk_Quad_BL_F_Rfoot,165,0.245455,140,22,2,0.078788,0.0,0.0281,0.2442
1616,train,Walk,full,/Game/Characters/UEFN_Mannequin/Animations/Walk/M_Relaxed_Walk_Quad_BR_B_Lfoot.M_Relaxed_Walk_Quad_BR_B_Lfoot,170,0.252941,151,21,1,0.132353,0.0,0.0203,0.2136
1617,test,Walk,full,/Game/Characters/UEFN_Mannequin/Animations/Walk/M_Relaxed_Walk_Quad_BR_B_Rfoot.M_Relaxed_Walk_Quad_BR_B_Rfoot,172,0.260174,157,22,3,0.122093,0.0,0.0218,0.2166
1618,train,Walk,full,/Game/Characters/UEFN_Mannequin/Animations/Walk/M_Relaxed_Walk_Quad_BR_F_Lfoot.M_Relaxed_Walk_Quad_BR_F_Lfoot,171,0.25,148,23,2,0.092105,0.0,0.0259,0.2472
1619,validation,Walk,full,/Game/Characters/UEFN_Mannequin/Animations/Walk/M_Relaxed_Walk_Quad_BR_F_Rfoot.M_Relaxed_Walk_Quad_BR_F_Rfoot,172,0.241279,144,22,1,0.079942,0.0,0.0255,0.25
1620,train,Walk,full,/Game/Characters/UEFN_Mannequin/Animations/Walk/M_Relaxed_Walk_Quad_F_BL_Lfoot.M_Relaxed_Walk_Quad_F_BL_Lfoot,176,0.215909,133,19,1,0.133523,0.0,0.0315,0.2247
1621,validation,Walk,full,/Game/Characters/UEFN_Mannequin/Animations/Walk/M_Relaxed_Walk_Quad_F_BL_Rfoot.M_Relaxed_Walk_Quad_F_BL_Rfoot,162,0.220679,126,17,2,0.141975,0.0,0.0315,0.2272
1622,train,Walk,full,/Game/Characters/UEFN_Mannequin/Animations/Walk/M_Relaxed_Walk_Quad_F_BR_Lfoot.M_Relaxed_Walk_Quad_F_BR_Lfoot,166,0.266566,153,24,2,0.096386,0.0,0.0238,0.2166
1623,train,Walk,full,/Game/Characters/UEFN_Mannequin/Animations/Walk/M_Relaxed_Walk_Quad_F_FL_Lfoot.M_Relaxed_Walk_Quad_F_FL_Lfoot,163,0.236196,132,22,2,0.069018,0.0,0.0304,0.2549
1624,train,Walk,full,/Game/Characters/UEFN_Mannequin/Animations/Walk/M_Relaxed_Walk_Quad_F_FL_Rfoot.M_Relaxed_Walk_Quad_F_FL_Rfoot,167,0.236527,135,23,2,0.068862,0.0,0.0296,0.249
1625,train,Walk,full,/Game/Characters/UEFN_Mannequin/Animations/Walk/M_Relaxed_Walk_Quad_F_FR_Lfoot.M_Relaxed_Walk_Quad_F_FR_Lfoot,162,0.263889,145,26,3,0.04321,0.0,0.0291,0.2295
1626,train,Walk,full,/Game/Characters/UEFN_Mannequin/Animations/Walk/M_Relaxed_Walk_Quad_F_FR_Rfoot.M_Relaxed_Walk_Quad_F_FR_Rfoot,161,0.246894,136,23,2,0.049689,0.0,0.0292,0.2445
1627,train,Walk,full,/Game/Characters/UEFN_Mannequin/Animations/Walk/M_Relaxed_Walk_Quad_FL_B_Lfoot.M_Relaxed_Walk_Quad_FL_B_Lfoot,172,0.232558,139,21,2,0.113372,0.0,0.0218,0.2148
1628,train,Walk,full,/Game/Characters/UEFN_Mannequin/Animations/Walk/M_Relaxed_Walk_Quad_FL_B_Rfoot.M_Relaxed_Walk_Quad_FL_B_Rfoot,172,0.242733,143,24,3,0.114826,0.0,0.023,0.2178
1629,train,Walk,full,/Game/Characters/UEFN_Mannequin/Animations/Walk/M_Relaxed_Walk_Quad_FL_F_Lfoot.M_Relaxed_Walk_Quad_FL_F_Lfoot,183,0.25,158,25,2,0.069672,0.0,0.0302,0.2538
1630,train,Walk,full,/Game/Characters/UEFN_Mannequin/Animations/Walk/M_Relaxed_Walk_Quad_FL_F_Rfoot.M_Relaxed_Walk_Quad_FL_F_Rfoot,179,0.236034,145,24,3,0.067039,0.0,0.03,0.2557
1631,train,Walk,full,/Game/Characters/UEFN_Mannequin/Animations/Walk/M_Relaxed_Walk_Quad_FR_B_Lfoot.M_Relaxed_Walk_Quad_FR_B_Lfoot,171,0.288012,173,24,1,0.087719,0.0,0.0276,0.2246
1632,train,Walk,full,/Game/Characters/UEFN_Mannequin/Animations/Walk/M_Relaxed_Walk_Quad_FR_B_Rfoot.M_Relaxed_Walk_Quad_FR_B_Rfoot,176,0.252841,155,23,1,0.122159,0.0,0.0208,0.2104
1633,train,Walk,full,/Game/Characters/UEFN_Mannequin/Animations/Walk/M_Relaxed_Walk_Quad_FR_F_Lfoot.M_Relaxed_Walk_Quad_FR_F_Lfoot,162,0.228395,124,24,4,0.061728,0.0,0.0305,0.2555
1634,train,Walk,full,/Game/Characters/UEFN_Mannequin/Animations/Walk/M_Relaxed_Walk_Quad_FR_F_Rfoot.M_Relaxed_Walk_Quad_FR_F_Rfoot,168,0.238095,139,21,2,0.096726,0.0,0.0318,0.2601
1635,train,Walk,start,/Game/Characters/UEFN_Mannequin/Animations/Walk/M_Relaxed_Walk_Reface_Start_090_L_Lfoot.M_Relaxed_Walk_Reface_Start_090_L_Lfoot,115,0.3,120,18,1,0.045652,0.0,0.0287,0.2414
1636,train,Walk,start,/Game/Characters/UEFN_Mannequin/Animations/Walk/M_Relaxed_Walk_Reface_Start_090_L_Rfoot.M_Relaxed_Walk_Reface_Start_090_L_Rfoot,116,0.280172,112,18,3,0.038793,0.0,0.0285,0.2265
1637,validation,Walk,start,/Game/Characters/UEFN_Mannequin/Animations/Walk/M_Relaxed_Walk_Reface_Start_090_R_Lfoot.M_Relaxed_Walk_Reface_Start_090_R_Lfoot,119,0.321429,134,19,1,0.029412,0.0,0.0299,0.2379
1638,train,Walk,start,/Game/Characters/UEFN_Mannequin/Animations/Walk/M_Relaxed_Walk_Reface_Start_090_R_Rfoot.M_Relaxed_Walk_Reface_Start_090_R_Rfoot,121,0.260331,108,18,1,0.055785,0.0,0.0315,0.2406
1639,train,Walk,start,/Game/Characters/UEFN_Mannequin/Animations/Walk/M_Relaxed_Walk_Reface_Start_180_L_Lfoot.M_Relaxed_Walk_Reface_Start_180_L_Lfoot,115,0.291304,116,18,3,0.043478,0.0,0.0294,0.2382
1640,train,Walk,start,/Game/Characters/UEFN_Mannequin/Animations/Walk/M_Relaxed_Walk_Reface_Start_180_L_Rfoot.M_Relaxed_Walk_Reface_Start_180_L_Rfoot,112,0.267857,102,18,2,0.040179,0.0,0.0293,0.2323
1641,train,Walk,start,/Game/Characters/UEFN_Mannequin/Animations/Walk/M_Relaxed_Walk_Reface_Start_180_R_Lfoot.M_Relaxed_Walk_Reface_Start_180_R_Lfoot,111,0.286036,111,16,1,0.045045,0.0,0.0289,0.2383
1642,train,Walk,start,/Game/Characters/UEFN_Mannequin/Animations/Walk/M_Relaxed_Walk_Reface_Start_180_R_Rfoot.M_Relaxed_Walk_Reface_Start_180_R_Rfoot,113,0.276549,109,16,1,0.050885,0.0,0.0286,0.2421
1643,train,Walk,start,/Game/Characters/UEFN_Mannequin/Animations/Walk/M_Relaxed_Walk_Reface_Start_B_090_L_Lfoot.M_Relaxed_Walk_Reface_Start_B_090_L_Lfoot,122,0.262295,111,17,2,0.090164,0.0,0.0208,0.2104
1644,test,Walk,start,/Game/Characters/UEFN_Mannequin/Animations/Walk/M_Relaxed_Walk_Reface_Start_B_090_L_Rfoot.M_Relaxed_Walk_Reface_Start_B_090_L_Rfoot,123,0.268293,112,20,4,0.103659,0.0,0.0203,0.2062
1645,train,Walk,start,/Game/Characters/UEFN_Mannequin/Animations/Walk/M_Relaxed_Walk_Reface_Start_B_090_R_Lfoot.M_Relaxed_Walk_Reface_Start_B_090_R_Lfoot,122,0.276639,115,20,2,0.092213,0.0,0.0207,0.2051
1646,test,Walk,start,/Game/Characters/UEFN_Mannequin/Animations/Walk/M_Relaxed_Walk_Reface_Start_B_090_R_Rfoot.M_Relaxed_Walk_Reface_Start_B_090_R_Rfoot,124,0.280242,119,20,1,0.084677,0.0,0.0201,0.2099
1647,validation,Walk,start,/Game/Characters/UEFN_Mannequin/Animations/Walk/M_Relaxed_Walk_Reface_Start_B_180_L_Lfoot.M_Relaxed_Walk_Reface_Start_B_180_L_Lfoot,135,0.301852,142,21,1,0.075926,0.0,0.0204,0.2047
1648,train,Walk,start,/Game/Characters/UEFN_Mannequin/Animations/Walk/M_Relaxed_Walk_Reface_Start_B_180_L_Rfoot.M_Relaxed_Walk_Reface_Start_B_180_L_Rfoot,134,0.300373,140,21,2,0.074627,0.0,0.021,0.2144
1649,validation,Walk,start,/Game/Characters/UEFN_Mannequin/Animations/Walk/M_Relaxed_Walk_Reface_Start_B_180_R_Lfoot.M_Relaxed_Walk_Reface_Start_B_180_R_Lfoot,134,0.281716,129,22,1,0.065299,0.0,0.0194,0.2068
1650,train,Walk,start,/Game/Characters/UEFN_Mannequin/Animations/Walk/M_Relaxed_Walk_Reface_Start_B_180_R_Rfoot.M_Relaxed_Walk_Reface_Start_B_180_R_Rfoot,134,0.281716,129,22,2,0.074627,0.0,0.0207,0.2084
1651,train,Walk,stop,/Game/Characters/UEFN_Mannequin/Animations/Walk/M_Relaxed_Walk_Reface_Stop_090_L_Lfoot.M_Relaxed_Walk_Reface_Stop_090_L_Lfoot,127,0.568898,276,13,0,0.041339,0.0,0.0289,0.1959
1652,train,Walk,stop,/Game/Characters/UEFN_Mannequin/Animations/Walk/M_Relaxed_Walk_Reface_Stop_090_L_Rfoot.M_Relaxed_Walk_Reface_Stop_090_L_Rfoot,109,0.561927,233,12,1,0.055046,0.0,0.0284,0.1818
1653,test,Walk,stop,/Game/Characters/UEFN_Mannequin/Animations/Walk/M_Relaxed_Walk_Reface_Stop_090_R_Lfoot.M_Relaxed_Walk_Reface_Stop_090_R_Lfoot,109,0.557339,233,10,0,0.059633,0.0,0.0303,0.191
1654,train,Walk,stop,/Game/Characters/UEFN_Mannequin/Animations/Walk/M_Relaxed_Walk_Reface_Stop_090_R_Rfoot.M_Relaxed_Walk_Reface_Stop_090_R_Rfoot,109,0.479358,195,14,3,0.073394,0.0,0.0297,0.2046
1655,train,Walk,stop,/Game/Characters/UEFN_Mannequin/Animations/Walk/M_Relaxed_Walk_Reface_Stop_180_L_Lfoot.M_Relaxed_Walk_Reface_Stop_180_L_Lfoot,125,0.528,250,14,1,0.046,0.0,0.0293,0.1903
1656,train,Walk,stop,/Game/Characters/UEFN_Mannequin/Animations/Walk/M_Relaxed_Walk_Reface_Stop_180_L_Rfoot.M_Relaxed_Walk_Reface_Stop_180_L_Rfoot,110,0.475,197,12,1,0.122727,0.0,0.0284,0.1747
1657,train,Walk,stop,/Game/Characters/UEFN_Mannequin/Animations/Walk/M_Relaxed_Walk_Reface_Stop_180_R_Lfoot.M_Relaxed_Walk_Reface_Stop_180_R_Lfoot,125,0.542,258,13,0,0.044,0.0,0.0278,0.1869
1658,test,Walk,stop,/Game/Characters/UEFN_Mannequin/Animations/Walk/M_Relaxed_Walk_Reface_Stop_180_R_Rfoot.M_Relaxed_Walk_Reface_Stop_180_R_Rfoot,125,0.476,223,15,1,0.03,0.0,0.0291,0.1966
1659,train,Walk,loop,/Game/Characters/UEFN_Mannequin/Animations/Walk/M_Relaxed_Walk_Slope_down_Loop_F.M_Relaxed_Walk_Slope_down_Loop_F,111,0.0,0,0,0,0.027027,0.0,0.3839,3.1466
1660,train,Walk,loop,/Game/Characters/UEFN_Mannequin/Animations/Walk/M_Relaxed_Walk_Slope_up_Loop_F.M_Relaxed_Walk_Slope_up_Loop_F,116,0.010776,3,2,0,0.053879,0.0,0.4215,3.2236
1661,train,Walk,spin,/Game/Characters/UEFN_Mannequin/Animations/Walk/M_Relaxed_Walk_Spin_B_F_L_Lfoot.M_Relaxed_Walk_Spin_B_F_L_Lfoot,166,0.23494,137,19,2,0.096386,0.0,0.0261,0.2366
1662,train,Walk,spin,/Game/Characters/UEFN_Mannequin/Animations/Walk/M_Relaxed_Walk_Spin_B_F_L_Rfoot.M_Relaxed_Walk_Spin_B_F_L_Rfoot,161,0.25,140,21,2,0.086957,0.0,0.0238,0.2277
1663,train,Walk,spin,/Game/Characters/UEFN_Mannequin/Animations/Walk/M_Relaxed_Walk_Spin_B_F_R_Lfoot.M_Relaxed_Walk_Spin_B_F_R_Lfoot,165,0.259091,150,21,2,0.068182,0.0,0.0237,0.2246
1664,train,Walk,spin,/Game/Characters/UEFN_Mannequin/Animations/Walk/M_Relaxed_Walk_Spin_B_F_R_Rfoot.M_Relaxed_Walk_Spin_B_F_R_Rfoot,165,0.269697,155,23,1,0.065152,0.0,0.0241,0.2325
1665,train,Walk,spin,/Game/Characters/UEFN_Mannequin/Animations/Walk/M_Relaxed_Walk_Spin_B_RL_Lfoot.M_Relaxed_Walk_Spin_B_RL_Lfoot,169,0.242604,145,19,2,0.112426,0.0,0.0246,0.2248
1666,train,Walk,spin,/Game/Characters/UEFN_Mannequin/Animations/Walk/M_Relaxed_Walk_Spin_B_RL_Rfoot.M_Relaxed_Walk_Spin_B_RL_Rfoot,172,0.238372,144,20,0,0.110465,0.0,0.0243,0.2269
1667,train,Walk,spin,/Game/Characters/UEFN_Mannequin/Animations/Walk/M_Relaxed_Walk_Spin_F_360_L_Lfoot.M_Relaxed_Walk_Spin_F_360_L_Lfoot,175,0.244286,148,23,3,0.065714,0.0,0.0309,0.2469
1668,train,Walk,spin,/Game/Characters/UEFN_Mannequin/Animations/Walk/M_Relaxed_Walk_Spin_F_360_L_Rfoot.M_Relaxed_Walk_Spin_F_360_L_Rfoot,172,0.212209,123,23,4,0.075581,0.0,0.0302,0.2388
1669,train,Walk,spin,/Game/Characters/UEFN_Mannequin/Animations/Walk/M_Relaxed_Walk_Spin_F_360_R_Lfoot.M_Relaxed_Walk_Spin_F_360_R_Lfoot,171,0.222222,131,21,2,0.092105,0.0,0.0305,0.244
1670,train,Walk,spin,/Game/Characters/UEFN_Mannequin/Animations/Walk/M_Relaxed_Walk_Spin_F_360_R_Rfoot.M_Relaxed_Walk_Spin_F_360_R_Rfoot,185,0.217568,136,25,4,0.077027,0.0,0.0307,0.2445
1671,train,Walk,spin,/Game/Characters/UEFN_Mannequin/Animations/Walk/M_Relaxed_Walk_Spin_F_B_L_Lfoot.M_Relaxed_Walk_Spin_F_B_L_Lfoot,161,0.25,138,23,2,0.099379,0.0,0.0225,0.2203
1672,train,Walk,spin,/Game/Characters/UEFN_Mannequin/Animations/Walk/M_Relaxed_Walk_Spin_F_B_L_Rfoot.M_Relaxed_Walk_Spin_F_B_L_Rfoot,164,0.23628,134,21,2,0.083841,0.0,0.0216,0.229
1673,train,Walk,spin,/Game/Characters/UEFN_Mannequin/Animations/Walk/M_Relaxed_Walk_Spin_F_B_R_Lfoot.M_Relaxed_Walk_Spin_F_B_R_Lfoot,163,0.26227,150,21,1,0.076687,0.0,0.0216,0.2336
1674,train,Walk,spin,/Game/Characters/UEFN_Mannequin/Animations/Walk/M_Relaxed_Walk_Spin_F_B_R_Rfoot.M_Relaxed_Walk_Spin_F_B_R_Rfoot,162,0.257716,146,21,1,0.083333,0.0,0.0206,0.2263
1675,validation,Walk,spin,/Game/Characters/UEFN_Mannequin/Animations/Walk/M_Relaxed_Walk_Spin_F_LL_Lfoot.M_Relaxed_Walk_Spin_F_LL_Lfoot,148,0.258446,135,18,0,0.097973,0.0,0.0267,0.2152
1676,train,Walk,spin,/Game/Characters/UEFN_Mannequin/Animations/Walk/M_Relaxed_Walk_Spin_F_LL_Rfoot.M_Relaxed_Walk_Spin_F_LL_Rfoot,149,0.271812,141,21,1,0.092282,0.0,0.0257,0.2304
1677,test,Walk,spin,/Game/Characters/UEFN_Mannequin/Animations/Walk/M_Relaxed_Walk_Spin_F_LR_Lfoot.M_Relaxed_Walk_Spin_F_LR_Lfoot,162,0.274691,157,21,1,0.057099,0.0,0.0223,0.229
1678,train,Walk,spin,/Game/Characters/UEFN_Mannequin/Animations/Walk/M_Relaxed_Walk_Spin_F_LR_Rfoot.M_Relaxed_Walk_Spin_F_LR_Rfoot,165,0.280303,163,22,2,0.051515,0.0,0.0207,0.2296
1679,train,Walk,spin,/Game/Characters/UEFN_Mannequin/Animations/Walk/M_Relaxed_Walk_Spin_F_RL_Lfoot.M_Relaxed_Walk_Spin_F_RL_Lfoot,164,0.234756,138,16,0,0.109756,0.0,0.0273,0.2303
1680,train,Walk,spin,/Game/Characters/UEFN_Mannequin/Animations/Walk/M_Relaxed_Walk_Spin_F_RL_Rfoot.M_Relaxed_Walk_Spin_F_RL_Rfoot,164,0.228659,132,18,4,0.102134,0.0,0.0268,0.2308
1681,test,Walk,spin,/Game/Characters/UEFN_Mannequin/Animations/Walk/M_Relaxed_Walk_Spin_F_RR_Lfoot.M_Relaxed_Walk_Spin_F_RR_Lfoot,154,0.233766,127,17,1,0.12013,0.0,0.0294,0.2237
1682,train,Walk,spin,/Game/Characters/UEFN_Mannequin/Animations/Walk/M_Relaxed_Walk_Spin_F_RR_Rfoot.M_Relaxed_Walk_Spin_F_RR_Rfoot,152,0.233553,124,18,3,0.120066,0.0,0.0282,0.2232
1683,train,Walk,spin,/Game/Characters/UEFN_Mannequin/Animations/Walk/M_Relaxed_Walk_Spin_LL_B_Lfoot.M_Relaxed_Walk_Spin_LL_B_Lfoot,148,0.233108,118,20,1,0.119932,0.0,0.0214,0.2128
1684,test,Walk,spin,/Game/Characters/UEFN_Mannequin/Animations/Walk/M_Relaxed_Walk_Spin_LL_B_Rfoot.M_Relaxed_Walk_Spin_LL_B_Rfoot,148,0.206081,105,17,1,0.113176,0.0,0.021,0.209
1685,validation,Walk,spin,/Game/Characters/UEFN_Mannequin/Animations/Walk/M_Relaxed_Walk_Spin_LL_F_Lfoot.M_Relaxed_Walk_Spin_LL_F_Lfoot,156,0.25,135,21,2,0.06891,0.0,0.0278,0.231
1686,train,Walk,spin,/Game/Characters/UEFN_Mannequin/Animations/Walk/M_Relaxed_Walk_Spin_LL_F_Rfoot.M_Relaxed_Walk_Spin_LL_F_Rfoot,147,0.244898,124,20,1,0.078231,0.0,0.0287,0.2391
1687,train,Walk,spin,/Game/Characters/UEFN_Mannequin/Animations/Walk/M_Relaxed_Walk_Spin_LR_F_LFoot.M_Relaxed_Walk_Spin_LR_F_LFoot,164,0.257622,148,21,2,0.060976,0.0,0.0282,0.2442
1688,train,Walk,spin,/Game/Characters/UEFN_Mannequin/Animations/Walk/M_Relaxed_Walk_Spin_LR_F_Rfoot.M_Relaxed_Walk_Spin_LR_F_Rfoot,158,0.264241,145,22,1,0.066456,0.0,0.0282,0.2392
1689,train,Walk,spin,/Game/Characters/UEFN_Mannequin/Animations/Walk/M_Relaxed_Walk_Spin_RL_B_Lfoot.M_Relaxed_Walk_Spin_RL_B_Lfoot,154,0.232143,125,18,1,0.089286,0.0,0.0208,0.2211
1690,test,Walk,spin,/Game/Characters/UEFN_Mannequin/Animations/Walk/M_Relaxed_Walk_Spin_RL_B_Rfoot.M_Relaxed_Walk_Spin_RL_B_Rfoot,155,0.248387,133,21,1,0.101613,0.0,0.0207,0.2152
1691,train,Walk,spin,/Game/Characters/UEFN_Mannequin/Animations/Walk/M_Relaxed_Walk_Spin_RL_F_Lfoot.M_Relaxed_Walk_Spin_RL_F_Lfoot,163,0.251534,142,22,2,0.06135,0.0,0.0262,0.2388
1692,test,Walk,spin,/Game/Characters/UEFN_Mannequin/Animations/Walk/M_Relaxed_Walk_Spin_RL_F_Rfoot.M_Relaxed_Walk_Spin_RL_F_Rfoot,164,0.27439,158,22,1,0.060976,0.0,0.0264,0.2455
1693,train,Walk,spin,/Game/Characters/UEFN_Mannequin/Animations/Walk/M_Relaxed_Walk_Spin_RR_F_Lfoot.M_Relaxed_Walk_Spin_RR_F_Lfoot,149,0.224832,116,18,2,0.068792,0.0,0.028,0.2426
1694,train,Walk,spin,/Game/Characters/UEFN_Mannequin/Animations/Walk/M_Relaxed_Walk_Spin_RR_F_Rfoot.M_Relaxed_Walk_Spin_RR_F_Rfoot,154,0.256494,137,21,1,0.076299,0.0,0.0287,0.2351
1695,train,Walk,start,/Game/Characters/UEFN_Mannequin/Animations/Walk/M_Relaxed_Walk_Start_B_Lfoot.M_Relaxed_Walk_Start_B_Lfoot,115,0.31087,126,17,2,0.078261,0.0,0.0218,0.2119
1696,train,Walk,start,/Game/Characters/UEFN_Mannequin/Animations/Walk/M_Relaxed_Walk_Start_B_Rfoot.M_Relaxed_Walk_Start_B_Rfoot,115,0.286957,114,18,3,0.080435,0.0,0.0213,0.211
1697,train,Walk,start,/Game/Characters/UEFN_Mannequin/Animations/Walk/M_Relaxed_Walk_Start_F_Lfoot.M_Relaxed_Walk_Start_F_Lfoot,106,0.275943,101,16,3,0.049528,0.0,0.0283,0.236
1698,train,Walk,start,/Game/Characters/UEFN_Mannequin/Animations/Walk/M_Relaxed_Walk_Start_F_Rfoot.M_Relaxed_Walk_Start_F_Rfoot,108,0.31713,120,17,1,0.023148,0.0,0.0294,0.2371
1699,train,Walk,start,/Game/Characters/UEFN_Mannequin/Animations/Walk/M_Relaxed_Walk_Start_LL_Lfoot.M_Relaxed_Walk_Start_LL_Lfoot,127,0.257874,116,15,0,0.114173,0.0,0.026,0.1945
1700,train,Walk,start,/Game/Characters/UEFN_Mannequin/Animations/Walk/M_Relaxed_Walk_Start_LL_Rfoot.M_Relaxed_Walk_Start_LL_Rfoot,129,0.27907,126,18,1,0.120155,0.0,0.0245,0.198
1701,validation,Walk,start,/Game/Characters/UEFN_Mannequin/Animations/Walk/M_Relaxed_Walk_Start_RL_Lfoot.M_Relaxed_Walk_Start_RL_Lfoot,147,0.25,133,14,1,0.10034,0.0,0.0251,0.2291
1702,train,Walk,start,/Game/Characters/UEFN_Mannequin/Animations/Walk/M_Relaxed_Walk_Start_RL_Rfoot.M_Relaxed_Walk_Start_RL_Rfoot,145,0.275862,144,16,1,0.077586,0.0,0.0246,0.2204
1703,train,Walk,stop,/Game/Characters/UEFN_Mannequin/Animations/Walk/M_Relaxed_Walk_Stop_B_Lfoot.M_Relaxed_Walk_Stop_B_Lfoot,110,0.629545,265,12,2,0.075,0.0,0.0246,0.1728
1704,train,Walk,stop,/Game/Characters/UEFN_Mannequin/Animations/Walk/M_Relaxed_Walk_Stop_B_Rfoot.M_Relaxed_Walk_Stop_B_Rfoot,104,0.663462,267,9,0,0.067308,0.0,0.025,0.1548
1705,train,Walk,stop,/Game/Characters/UEFN_Mannequin/Animations/Walk/M_Relaxed_Walk_Stop_F_Lfoot.M_Relaxed_Walk_Stop_F_Lfoot,112,0.506696,216,11,1,0.113839,0.0,0.0294,0.2067
1706,train,Walk,stop,/Game/Characters/UEFN_Mannequin/Animations/Walk/M_Relaxed_Walk_Stop_LL_Lfoot.M_Relaxed_Walk_Stop_LL_Lfoot,110,0.5,209,11,0,0.118182,0.0,0.0244,0.1915
1707,train,Walk,stop,/Game/Characters/UEFN_Mannequin/Animations/Walk/M_Relaxed_Walk_Stop_LL_Rfoot.M_Relaxed_Walk_Stop_LL_Rfoot,110,0.504545,211,11,0,0.127273,0.0,0.0269,0.1707
1708,train,Walk,stop,/Game/Characters/UEFN_Mannequin/Animations/Walk/M_Relaxed_Walk_Stop_RL_Lfoot.M_Relaxed_Walk_Stop_RL_Lfoot,116,0.530172,236,10,0,0.073276,0.0,0.0263,0.2001
1709,train,Walk,stop,/Game/Characters/UEFN_Mannequin/Animations/Walk/M_Relaxed_Walk_Stop_RL_Rfoot.M_Relaxed_Walk_Stop_RL_Rfoot,115,0.473913,207,11,0,0.123913,0.0,0.025,0.1842
1710,train,Walk,full,/Game/Characters/UEFN_Mannequin/Animations/Walk/M_Relaxed_Walk_Switch_LR_LL_Lfoot.M_Relaxed_Walk_Switch_LR_LL_Lfoot,156,0.230769,125,19,1,0.107372,0.0,0.026,0.2133
1711,train,Walk,full,/Game/Characters/UEFN_Mannequin/Animations/Walk/M_Relaxed_Walk_Switch_LR_LL_Rfoot.M_Relaxed_Walk_Switch_LR_LL_Rfoot,156,0.217949,118,18,1,0.107372,0.0,0.0266,0.2028
1712,test,Walk,full,/Game/Characters/UEFN_Mannequin/Animations/Walk/M_Relaxed_Walk_Switch_RR_RL_Lfoot.M_Relaxed_Walk_Switch_RR_RL_Lfoot,166,0.212349,125,16,0,0.126506,0.0,0.0256,0.2188
1713,validation,Walk,full,/Game/Characters/UEFN_Mannequin/Animations/Walk/M_Relaxed_Walk_Switch_RR_RL_Rfoot.M_Relaxed_Walk_Switch_RR_RL_Rfoot,169,0.207101,125,15,1,0.137574,0.0,0.0268,0.2113
1714,train,Walk,turn,/Game/Characters/UEFN_Mannequin/Animations/Walk/M_Relaxed_Walk_Turn_090_L_Lfoot.M_Relaxed_Walk_Turn_090_L_Lfoot,157,0.245223,131,23,3,0.050955,0.0,0.0295,0.2569
1715,train,Walk,turn,/Game/Characters/UEFN_Mannequin/Animations/Walk/M_Relaxed_Walk_Turn_090_L_Rfoot.M_Relaxed_Walk_Turn_090_L_Rfoot,153,0.22549,118,20,2,0.078431,0.0,0.0297,0.251
1716,train,Walk,turn,/Game/Characters/UEFN_Mannequin/Animations/Walk/M_Relaxed_Walk_Turn_090_R_Lfoot.M_Relaxed_Walk_Turn_090_R_Lfoot,154,0.243506,129,21,3,0.040584,0.0,0.0277,0.2443
1717,train,Walk,turn,/Game/Characters/UEFN_Mannequin/Animations/Walk/M_Relaxed_Walk_Turn_090_R_Rfoot.M_Relaxed_Walk_Turn_090_R_Rfoot,153,0.243464,127,22,2,0.047386,0.0,0.0293,0.2491
1718,train,Walk,turn,/Game/Characters/UEFN_Mannequin/Animations/Walk/M_Relaxed_Walk_Turn_180_L_Lfoot.M_Relaxed_Walk_Turn_180_L_Lfoot,165,0.265152,152,23,1,0.051515,0.0,0.0299,0.2425
1719,train,Walk,turn,/Game/Characters/UEFN_Mannequin/Animations/Walk/M_Relaxed_Walk_Turn_180_L_Rfoot.M_Relaxed_Walk_Turn_180_L_Rfoot,169,0.248521,143,25,3,0.047337,0.0,0.0291,0.2414
1720,train,Walk,turn,/Game/Characters/UEFN_Mannequin/Animations/Walk/M_Relaxed_Walk_Turn_180_R_Lfoot.M_Relaxed_Walk_Turn_180_R_Lfoot,167,0.258982,149,24,1,0.04491,0.0,0.03,0.2421
1721,train,Walk,turn,/Game/Characters/UEFN_Mannequin/Animations/Walk/M_Relaxed_Walk_Turn_180_R_Rfoot.M_Relaxed_Walk_Turn_180_R_Rfoot,164,0.243902,135,25,4,0.051829,0.0,0.0294,0.2494
